ID,MEMBER_MAPPING_ID,MEMBER_MAPPING_ROW,VARIABLE_ID,IS_SOURCE,MEMBER_ID,VALID_FROM,VALID_TO,MEMBER_HIERARCHY
19112,DPM_ei328,1,EBA_ei328,true,EBA_MC_EBA_x549,,,
19113,DPM_ei328,2,EBA_ei328,true,EBA_MC_EBA_x550,,,
19114,DPM_ei328,3,EBA_ei328,true,EBA_MC_EBA_x551,,,
19115,DPM_ei328,4,EBA_ei328,true,EBA_MC_EBA_x552,,,
19116,DPM_ei328,5,EBA_ei328,true,EBA_MC_EBA_x553,,,
19117,DPM_ei328,6,EBA_ei328,true,EBA_MC_EBA_x554,,,
19118,DPM_ei328,7,EBA_ei328,true,EBA_MC_EBA_x555,,,
19119,DPM_ei328,8,EBA_ei328,true,EBA_MC_EBA_x556,,,
19120,DPM_BAS_MCY_AE_F32.02.b,1,EBA_BAS,true,EBA_BA_EBA_x17,,,
19121,DPM_BAS_MCY_AE_F32.02.b,1,EBA_MCY,true,EBA_MC_EBA_x409,,,
19122,DPM_BAS_MCY_AE_F32.02.b,2,EBA_BAS,true,EBA_BA_EBA_x17,,,
19123,DPM_BAS_MCY_AE_F32.02.b,2,EBA_MCY,true,EBA_MC_EBA_x981,,,
19124,DPM_MCE,2,EBA_MCE,true,EBA_MC_EBA_x143,,,
19125,DPM_MCE,3,EBA_MCE,true,EBA_MC_EBA_x209,,,
19126,DPM_MCE,4,EBA_MCE,true,EBA_MC_EBA_x223,,,
19127,DPM_MCE,5,EBA_MCE,true,EBA_MC_EBA_x251,,,
19128,DPM_MCE,6,EBA_MCE,true,EBA_MC_EBA_x329,,,
19129,DPM_MCE,7,EBA_MCE,true,EBA_MC_EBA_x45,,,
19130,DPM_MCE,8,EBA_MCE,true,EBA_MC_EBA_x469,,,
19131,DPM_MCE,9,EBA_MCE,true,EBA_MC_EBA_x575,,,
19132,DPM_MCE,10,EBA_MCE,true,EBA_MC_EBA_x60,,,
19133,DPM_BAS_CPS_MCB_MCY_APL,10,EBA_BAS,true,EBA_BA_EBA_x6,,,
19134,DPM_BAS_CPS_MCB_MCY_APL,10,EBA_MCY,true,EBA_MC_EBA_x210,,,
19135,DPM_BAS_CPS_MCB_MCY_APL,10,EBA_CPS,true,EBA_CT_EBA_x0,,,
19136,DPM_BAS_CPS_MCB_MCY_APL,10,EBA_APL,true,EBA_PL_EBA_x79,,,
19137,DPM_BAS_CPS_MCB_MCY_APL,10,EBA_MCB,true,EBA_MC_EBA_x0,,,
19138,DPM_BAS_CPS_MCB_MCY_APL,11,EBA_BAS,true,EBA_BA_EBA_x6,,,
19139,DPM_BAS_CPS_MCB_MCY_APL,11,EBA_MCY,true,EBA_MC_EBA_x56,,,
19140,DPM_BAS_CPS_MCB_MCY_APL,11,EBA_CPS,true,EBA_CT_EBA_x0,,,
19141,DPM_BAS_CPS_MCB_MCY_APL,11,EBA_APL,true,EBA_PL_EBA_x79,,,
19142,DPM_BAS_CPS_MCB_MCY_APL,11,EBA_MCB,true,EBA_MC_EBA_x0,,,
19143,DPM_BAS_CPS_MCB_MCY_APL,64,EBA_MCY,true,EBA_MC_EBA_x469,,,
19144,DPM_BAS_CPS_MCB_MCY_APL,64,EBA_CPS,true,EBA_CT_EBA_x0,,,
19145,DPM_BAS_CPS_MCB_MCY_APL,64,EBA_APL,true,EBA_PL_EBA_x62,,,
19146,DPM_BAS_CPS_MCB_MCY_APL,64,EBA_MCB,true,EBA_MC_EBA_x0,,,
19147,DPM_MCF,0,EBA_MCF,true,EBA_MC_EBA_x730,,,
19148,DPM_MCF,1,EBA_MCF,true,EBA_MC_EBA_x0,,,
19149,DPM_MCF,2,EBA_MCF,true,EBA_MC_EBA_x731,,,
19150,DPM_TYH_F_20.01,0,EBA_TYH,true,EBA_MC_EBA_x681,,,
19151,DPM_TYH_F_20.01,1,EBA_TYH,true,EBA_MC_EBA_x0,,,
19152,DPM_TYH_F_20.01,2,EBA_TYH,true,EBA_MC_EBA_x678,,,
19153,DPM_TYH_F_20.01,3,EBA_TYH,true,EBA_MC_EBA_x680,,,
19154,DPM_TYH_F_20.01,4,EBA_TYH,true,EBA_MC_EBA_x679,,,
19155,DPM_TYH_F_20.01,5,EBA_TYH,true,EBA_MC_EBA_x697,,,
19156,DPM_TYH_F_20.01,6,EBA_TYH,true,EBA_MC_EBA_x692,,,
19157,DPM_MCE_APL,51,EBA_MCE,true,EBA_MC_EBA_x45,,,
19158,DPM_MCE_APL,51,EBA_APL,true,EBA_PL_EBA_x61,,,
19159,DPM_MCE_APL,52,EBA_MCE,true,EBA_MC_EBA_x45,,,
19160,DPM_MCE_APL,52,EBA_APL,true,EBA_PL_EBA_x6,,,
19161,DPM_MCE_APL,53,EBA_MCE,true,EBA_MC_EBA_x103,,,
19162,DPM_MCE_APL,53,EBA_APL,true,EBA_PL_EBA_x20,,,
19163,DPM_BAS_CPS_MCB_MCY_APL,2,EBA_BAS,true,EBA_BA_EBA_x6,,,
19164,DPM_BAS_CPS_MCB_MCY_APL,2,EBA_MCY,true,EBA_MC_EBA_x25,,,
19165,DPM_BAS_CPS_MCB_MCY_APL,2,EBA_CPS,true,EBA_CT_EBA_x0,,,
19166,DPM_BAS_CPS_MCB_MCY_APL,2,EBA_APL,true,EBA_PL_EBA_x0,,,
19167,DPM_BAS_CPS_MCB_MCY_APL,2,EBA_MCB,true,EBA_MC_EBA_x0,,,
19168,DPM_BAS_CPS_MCB_MCY_APL,3,EBA_BAS,true,EBA_BA_EBA_x6,,,
19169,DPM_BAS_CPS_MCB_MCY_APL,3,EBA_MCY,true,EBA_MC_EBA_x634,,,
19170,DPM_BAS_CPS_MCB_MCY_APL,3,EBA_CPS,true,EBA_CT_EBA_x0,,,
19171,DPM_BAS_CPS_MCB_MCY_APL,3,EBA_APL,true,EBA_PL_EBA_x0,,,
19172,DPM_BAS_CPS_MCB_MCY_APL,3,EBA_MCB,true,EBA_MC_EBA_x0,,,
19173,DPM_TPD,8,EBA_TPD,true,EBA_TI_EBA_x80,,,
19174,DPM_TPD,9,EBA_TPD,true,EBA_TI_EBA_x0,,,
19175,DPM_BAS_MCY_APL,0,EBA_MCY,true,EBA_MC_EBA_x25,,,
19176,DPM_BAS_MCY_APL,0,EBA_APL,true,EBA_PL_EBA_x0,,,
19177,DPM_BAS_MCY_APL,0,EBA_BAS,true,EBA_BA_EBA_x6,,,
19178,DPM_BAS_MCY_APL,1,EBA_MCY,true,EBA_MC_EBA_x25,,,
19179,DPM_BAS_MCY_APL,1,EBA_APL,true,EBA_PL_EBA_x13,,,
19180,DPM_BAS_MCY_APL,1,EBA_BAS,true,EBA_BA_EBA_x6,,,
19181,DPM_BAS_MCY_APL,2,EBA_MCY,true,EBA_MC_EBA_x210,,,
19182,DPM_BAS_MCY_APL,2,EBA_APL,true,EBA_PL_EBA_x79,,,
19183,DPM_BAS_MCY_APL,2,EBA_BAS,true,EBA_BA_EBA_x6,,,
19184,DPM_BAS_MCY_APL,3,EBA_MCY,true,EBA_MC_EBA_x25,,,
19185,DPM_BAS_MCY_APL,3,EBA_APL,true,EBA_PL_EBA_x79,,,
19186,DPM_BAS_MCY_APL,3,EBA_BAS,true,EBA_BA_EBA_x6,,,
19187,DPM_BAS_MCY_APL,4,EBA_MCY,true,EBA_MC_EBA_x37,,,
19188,DPM_BAS_MCY_APL,4,EBA_APL,true,EBA_PL_EBA_x79,,,
19189,DPM_BAS_MCY_APL,4,EBA_BAS,true,EBA_BA_EBA_x6,,,
19190,DPM_BAS_APL,15,EBA_APL,true,EBA_PL_EBA_x750,,,
19191,DPM_BAS_APL,15,EBA_BAS,true,EBA_BA_EBA_x17,,,
19192,DPM_BAS_APL,16,EBA_APL,true,EBA_PL_EBA_x84,,,
19193,DPM_BAS_APL,16,EBA_BAS,true,EBA_BA_EBA_x6,,,
19194,DPM_BAS_APL,17,EBA_APL,true,EBA_PL_EBA_x84,,,
19195,DPM_BAS_APL,17,EBA_BAS,true,EBA_BA_EBA_x17,,,
19196,DPM_BAS_APL,18,EBA_APL,true,EBA_PL_EBA_x741,,,
19197,DPM_BAS_APL,18,EBA_BAS,true,EBA_BA_EBA_x6,,,
19198,DPM_BAS_APL,19,EBA_APL,true,EBA_PL_EBA_x742,,,
19199,DPM_BAS_APL,19,EBA_BAS,true,EBA_BA_EBA_x7,,,
19200,DPM_BAS_APL,20,EBA_APL,true,EBA_PL_EBA_x688,,,
19201,DPM_BAS_APL,20,EBA_BAS,true,EBA_BA_EBA_x6,,,
19202,DPM_BAS_APL,28,EBA_APL,true,EBA_PL_EBA_x25,,,
19203,DPM_BAS_APL,28,EBA_BAS,true,EBA_BA_EBA_x7,,,
19204,DPM_BAS_APL,29,EBA_APL,true,EBA_PL_EBA_x63,,,
19205,DPM_BAS_APL,29,EBA_BAS,true,EBA_BA_EBA_x6,,,
19206,DPM_BAS_APL,30,EBA_APL,true,EBA_PL_EBA_x15,,,
19207,DPM_BAS_APL,30,EBA_BAS,true,EBA_BA_EBA_x7,,,
19208,DPM_BAS_APL,31,EBA_APL,true,EBA_PL_EBA_x20,,,
19209,DPM_BAS_APL,31,EBA_BAS,true,EBA_BA_EBA_x6,,,
19210,DPM_BAS_APL,25,EBA_APL,true,EBA_PL_EBA_x5,,,
19211,DPM_BAS_APL,25,EBA_BAS,true,EBA_BA_EBA_x17,,,
19212,DPM_BAS_APL,26,EBA_APL,true,EBA_PL_EBA_x14,,,
19213,DPM_BAS_APL,26,EBA_BAS,true,EBA_BA_EBA_x6,,,
19214,DPM_BAS_APL,27,EBA_APL,true,EBA_PL_EBA_x500,,,
19215,DPM_BAS_APL,27,EBA_BAS,true,EBA_BA_EBA_x6,,,
19216,DPM_BAS_APL,21,EBA_APL,true,EBA_PL_EBA_x69,,,
19217,DPM_BAS_APL,21,EBA_BAS,true,EBA_BA_EBA_x6,,,
19218,DPM_BAS_APL,22,EBA_APL,true,EBA_PL_EBA_x69,,,
19219,DPM_BAS_APL,22,EBA_BAS,true,EBA_BA_EBA_x17,,,
19220,DPM_BAS_APL,23,EBA_APL,true,EBA_PL_EBA_x5,,,
19221,DPM_BAS_APL,23,EBA_BAS,true,EBA_BA_EBA_x6,,,
19222,DPM_BAS_APL,24,EBA_APL,true,EBA_PL_EBA_x5,,,
19223,DPM_BAS_APL,24,EBA_BAS,true,EBA_BA_EBA_x7,,,
19224,DPM_BAS_APL,32,EBA_APL,true,EBA_PL_EBA_x26,,,
19225,DPM_BAS_APL,32,EBA_BAS,true,EBA_BA_EBA_x7,,,
19226,DPM_BAS_APL,33,EBA_APL,true,EBA_PL_EBA_x66,,,
19227,DPM_BAS_APL,33,EBA_BAS,true,EBA_BA_EBA_x6,,,
19228,DPM_BAS_APL,34,EBA_APL,true,EBA_PL_EBA_x68,,,
19229,DPM_BAS_APL,34,EBA_BAS,true,EBA_BA_EBA_x7,,,
19230,DPM_BAS_CPS_MCB_MCY_APL,14,EBA_BAS,true,EBA_BA_EBA_x6,,,
19231,DPM_BAS_CPS_MCB_MCY_APL,14,EBA_MCY,true,EBA_MC_EBA_x329,,,
19232,DPM_BAS_CPS_MCB_MCY_APL,14,EBA_CPS,true,EBA_CT_EBA_x0,,,
19233,DPM_BAS_CPS_MCB_MCY_APL,14,EBA_APL,true,EBA_PL_EBA_x37,,,
19234,DPM_BAS_CPS_MCB_MCY_APL,14,EBA_MCB,true,EBA_MC_EBA_x0,,,
19235,DPM_BAS_CPS_MCB_MCY_APL,15,EBA_BAS,true,EBA_BA_EBA_x6,,,
19236,DPM_BAS_CPS_MCB_MCY_APL,15,EBA_MCY,true,EBA_MC_EBA_x448,,,
19237,DPM_BAS_CPS_MCB_MCY_APL,15,EBA_CPS,true,EBA_CT_EBA_x0,,,
19238,DPM_BAS_CPS_MCB_MCY_APL,15,EBA_APL,true,EBA_PL_EBA_x79,,,
19239,DPM_BAS_CPS_MCB_MCY_APL,4,EBA_BAS,true,EBA_BA_EBA_x6,,,
19240,DPM_BAS_CPS_MCB_MCY_APL,4,EBA_MCY,true,EBA_MC_EBA_x33,,,
19241,DPM_BAS_CPS_MCB_MCY_APL,4,EBA_CPS,true,EBA_CT_EBA_x0,,,
19242,DPM_BAS_CPS_MCB_MCY_APL,4,EBA_APL,true,EBA_PL_EBA_x79,,,
19243,DPM_BAS_CPS_MCB_MCY_APL,4,EBA_MCB,true,EBA_MC_EBA_x0,,,
19244,DPM_BAS_CPS_MCB_MCY_APL,5,EBA_BAS,true,EBA_BA_EBA_x6,,,
19245,DPM_BAS_CPS_MCB_MCY_APL,5,EBA_MCY,true,EBA_MC_EBA_x691,,,
19246,DPM_BAS_CPS_MCB_MCY_APL,5,EBA_CPS,true,EBA_CT_EBA_x0,,,
19247,DPM_BAS_CPS_MCB_MCY_APL,5,EBA_APL,true,EBA_PL_EBA_x79,,,
19248,DPM_BAS_CPS_MCB_MCY_APL,5,EBA_MCB,true,EBA_MC_EBA_x0,,,
19249,DPM_BAS_CPS_MCB_MCY_APL,41,EBA_BAS,true,EBA_BA_EBA_x6,,,
19250,DPM_BAS_CPS_MCB_MCY_APL,41,EBA_MCY,true,EBA_MC_EBA_x130,,,
19251,DPM_BAS_CPS_MCB_MCY_APL,41,EBA_CPS,true,EBA_CT_EBA_x0,,,
19252,DPM_BAS_CPS_MCB_MCY_APL,41,EBA_APL,true,EBA_PL_EBA_x75,,,
19253,DPM_BAS_CPS_MCB_MCY_APL,41,EBA_MCB,true,EBA_MC_EBA_x0,,,
19254,DPM_BAS_CPS_MCB_MCY_APL,42,EBA_BAS,true,EBA_BA_EBA_x6,,,
19255,DPM_BAS_CPS_MCB_MCY_APL,42,EBA_MCY,true,EBA_MC_EBA_x130,,,
19256,DPM_BAS_CPS_MCB_MCY_APL,42,EBA_CPS,true,EBA_CT_EBA_x0,,,
19257,DPM_BAS_CPS_MCB_MCY_APL,42,EBA_APL,true,EBA_PL_EBA_x62,,,
19258,DPM_BAS_CPS_MCB_MCY_APL,42,EBA_MCB,true,EBA_MC_EBA_x0,,,
19259,DPM_BAS_CPS_MCB_MCY_APL,6,EBA_BAS,true,EBA_BA_EBA_x6,,,
19260,DPM_BAS_CPS_MCB_MCY_APL,6,EBA_MCY,true,EBA_MC_EBA_x209,,,
19261,DPM_BAS_CPS_MCB_MCY_APL,6,EBA_CPS,true,EBA_CT_EBA_x0,,,
19262,DPM_BAS_CPS_MCB_MCY_APL,6,EBA_APL,true,EBA_PL_EBA_x79,,,
19263,DPM_BAS_CPS_MCB_MCY_APL,6,EBA_MCB,true,EBA_MC_EBA_x0,,,
19264,DPM_BAS_CPS_MCB_MCY_APL,7,EBA_BAS,true,EBA_BA_EBA_x6,,,
19265,DPM_BAS_CPS_MCB_MCY_APL,7,EBA_MCY,true,EBA_MC_EBA_x329,,,
19266,DPM_BAS_CPS_MCB_MCY_APL,7,EBA_CPS,true,EBA_CT_EBA_x0,,,
19267,DPM_BAS_CPS_MCB_MCY_APL,7,EBA_APL,true,EBA_PL_EBA_x79,,,
19268,DPM_BAS_CPS_MCB_MCY_APL,7,EBA_MCB,true,EBA_MC_EBA_x0,,,
19269,DPM_BAS_MCY,60,EBA_BAS,true,EBA_BA_EBA_x6,,,
19270,DPM_BAS_MCY,60,EBA_MCY,true,EBA_MC_EBA_x223,,,
19271,DPM_BAS_MCY,61,EBA_BAS,true,EBA_BA_EBA_x17,,,
19272,DPM_BAS_MCY,61,EBA_MCY,true,EBA_MC_EBA_x423,,,
19273,DPM_BAS_MCY,62,EBA_BAS,true,EBA_BA_EBA_x1,,,
19274,DPM_BAS_MCY,62,EBA_MCY,true,EBA_MC_EBA_x705,,,
19275,DPM_BAS_MCY,63,EBA_BAS,true,EBA_BA_EBA_x6,,,
19276,DPM_BAS_MCY,63,EBA_MCY,true,EBA_MC_EBA_x104,,,
19277,DPM_BAS_MCY,64,EBA_BAS,true,EBA_BA_EBA_x10,,,
19278,DPM_BAS_MCY,64,EBA_MCY,true,EBA_MC_EBA_x246,,,
19279,DPM_MCV_F_16.08,0,EBA_MCV,true,EBA_MC_EBA_x737,,,
19280,DPM_MCV_F_16.08,1,EBA_MCV,true,EBA_MC_EBA_x738,,,
19281,DPM_BAS_ALO_IMS_APL,27,EBA_BAS,true,EBA_BA_EBA_x6,,,
19282,DPM_BAS_ALO_IMS_APL,27,EBA_APL,true,EBA_PL_EBA_x86,,,
19283,DPM_BAS_ALO_IMS_APL,27,EBA_IMS,true,EBA_IM_EBA_x0,,,
19284,DPM_BAS_ALO_IMS_APL,27,EBA_ALO,true,EBA_IM_EBA_x0,,,
19285,DPM_CPS_CPZ_MCY_TMA,0,EBA_MCY,true,EBA_MC_EBA_x130,,,
19286,DPM_CPS_CPZ_MCY_TMA,0,EBA_CPS,true,EBA_CT_EBA_x0,,,
19287,DPM_CPS_CPZ_MCY_TMA,0,EBA_CPZ,true,EBA_CT_EBA_x0,,,
19288,DPM_CPS_CPZ_MCY_TMA,0,EBA_TMA,true,EBA_MA_EBA_x0,,,
19289,DPM_CPS_CPZ_MCY_TMA,1,EBA_MCY,true,EBA_MC_EBA_x130,,,
19290,DPM_CPS_CPZ_MCY_TMA,1,EBA_CPS,true,EBA_CT_EBA_x0,,,
19291,DPM_CPS_CPZ_MCY_TMA,1,EBA_CPZ,true,EBA_CT_EBA_x0,,,
19292,DPM_CPS_CPZ_MCY_TMA,1,EBA_TMA,true,EBA_MA_EBA_x9,,,
19293,DPM_CPS_CPZ_MCY_TMA,2,EBA_MCY,true,EBA_MC_EBA_x130,,,
19294,DPM_CPS_CPZ_MCY_TMA,2,EBA_CPS,true,EBA_CT_EBA_x12,,,
19295,DPM_CPS_CPZ_MCY_TMA,2,EBA_CPZ,true,EBA_CT_EBA_x0,,,
19296,DPM_CPS_CPZ_MCY_TMA,2,EBA_TMA,true,EBA_MA_EBA_x0,,,
19297,DPM_CPS_CPZ_MCY_TMA,3,EBA_MCY,true,EBA_MC_EBA_x130,,,
19298,DPM_CPS_CPZ_MCY_TMA,3,EBA_CPS,true,EBA_CT_EBA_x20,,,
19299,DPM_CPS_CPZ_MCY_TMA,3,EBA_CPZ,true,EBA_CT_EBA_x0,,,
19300,DPM_CPS_CPZ_MCY_TMA,3,EBA_TMA,true,EBA_MA_EBA_x0,,,
19301,DPM_CPS_CPZ_MCY_TMA,4,EBA_MCY,true,EBA_MC_EBA_x130,,,
19302,DPM_CPS_CPZ_MCY_TMA,4,EBA_CPS,true,EBA_CT_EBA_x18,,,
19303,DPM_CPS_CPZ_MCY_TMA,4,EBA_CPZ,true,EBA_CT_EBA_x0,,,
19304,DPM_CPS_CPZ_MCY_TMA,4,EBA_TMA,true,EBA_MA_EBA_x0,,,
19305,DPM_CPS_CPZ_MCY_TMA,5,EBA_MCY,true,EBA_MC_EBA_x143,,,
19306,DPM_BAS_CPS_MCB_MCY_APL,43,EBA_BAS,true,EBA_BA_EBA_x6,,,
19307,DPM_BAS_CPS_MCB_MCY_APL,43,EBA_MCY,true,EBA_MC_EBA_x223,,,
19308,DPM_BAS_CPS_MCB_MCY_APL,43,EBA_CPS,true,EBA_CT_EBA_x0,,,
19309,DPM_BAS_CPS_MCB_MCY_APL,43,EBA_APL,true,EBA_PL_EBA_x75,,,
19310,DPM_BAS_CPS_MCB_MCY_APL,43,EBA_MCB,true,EBA_MC_EBA_x0,,,
19311,DPM_BAS_CPS_MCB_MCY_APL,44,EBA_BAS,true,EBA_BA_EBA_x6,,,
19312,DPM_BAS_CPS_MCB_MCY_APL,44,EBA_MCY,true,EBA_MC_EBA_x223,,,
19313,DPM_BAS_CPS_MCB_MCY_APL,44,EBA_CPS,true,EBA_CT_EBA_x0,,,
19314,DPM_BAS_CPS_MCB_MCY_APL,44,EBA_APL,true,EBA_PL_EBA_x62,,,
19315,DPM_BAS_CPS_MCB_MCY_APL,44,EBA_MCB,true,EBA_MC_EBA_x0,,,
19316,DPM_BAS_CPS_MCB_MCY_APL,51,EBA_BAS,true,EBA_BA_EBA_x6,,,
19317,DPM_BAS_CPS_MCB_MCY_APL,51,EBA_MCY,true,EBA_MC_EBA_x143,,,
19318,DPM_BAS_CPS_MCB_MCY_APL,51,EBA_CPS,true,EBA_CT_EBA_x0,,,
19319,DPM_BAS_CPS_MCB_MCY_APL,51,EBA_APL,true,EBA_PL_EBA_x75,,,
19320,DPM_BAS_CPS_MCB_MCY_APL,51,EBA_MCB,true,EBA_MC_EBA_x0,,,
19321,DPM_BAS_CPS_MCB_MCY_APL,52,EBA_BAS,true,EBA_BA_EBA_x6,,,
19322,DPM_BAS_CPS_MCB_MCY_APL,52,EBA_MCY,true,EBA_MC_EBA_x143,,,
19323,DPM_BAS_CPS_MCB_MCY_APL,52,EBA_CPS,true,EBA_CT_EBA_x0,,,
19324,DPM_BAS_CPS_MCB_MCY_APL,52,EBA_APL,true,EBA_PL_EBA_x62,,,
19325,DPM_BAS_CPS_MCB_MCY_APL,52,EBA_MCB,true,EBA_MC_EBA_x0,,,
19326,DPM_BAS_CPS_MCB_MCY_APL,58,EBA_APL,true,EBA_PL_EBA_x500,,,
19327,DPM_BAS_CPS_MCB_MCY_APL,58,EBA_MCB,true,EBA_MC_EBA_x0,,,
19328,DPM_BAS_CPS_MCB_MCY_APL,59,EBA_BAS,true,EBA_BA_EBA_x6,,,
19329,DPM_BAS_CPS_MCB_MCY_APL,59,EBA_MCY,true,EBA_MC_EBA_x469,,,
19330,DPM_BAS_CPS_MCB_MCY_APL,59,EBA_CPS,true,EBA_CT_EBA_x0,,,
19331,DPM_BAS_CPS_MCB_MCY_APL,59,EBA_APL,true,EBA_PL_EBA_x63,,,
19332,DPM_BAS_CPS_MCB_MCY_APL,59,EBA_MCB,true,EBA_MC_EBA_x0,,,
19333,DPM_BAS_CPS_MCB_MCY_APL,60,EBA_BAS,true,EBA_BA_EBA_x6,,,
19334,DPM_BAS_CPS_MCB_MCY_APL,60,EBA_MCY,true,EBA_MC_EBA_x469,,,
19335,DPM_BAS_CPS_MCB_MCY_APL,53,EBA_BAS,true,EBA_BA_EBA_x6,,,
19336,DPM_BAS_CPS_MCB_MCY_APL,53,EBA_MCY,true,EBA_MC_EBA_x104,,,
19337,DPM_BAS_CPS_MCB_MCY_APL,53,EBA_CPS,true,EBA_CT_EBA_x0,,,
19338,DPM_BAS_CPS_MCB_MCY_APL,53,EBA_APL,true,EBA_PL_EBA_x20,,,
19339,DPM_BAS_CPS_MCB_MCY_APL,53,EBA_MCB,true,EBA_MC_EBA_x0,,,
19340,DPM_BAS_CPS_MCB_MCY_APL,54,EBA_BAS,true,EBA_BA_EBA_x6,,,
19341,DPM_BAS_CPS_MCB_MCY_APL,54,EBA_MCY,true,EBA_MC_EBA_x104,,,
19342,DPM_BAS_CPS_MCB_MCY_APL,54,EBA_CPS,true,EBA_CT_EBA_x0,,,
19343,DPM_BAS_CPS_MCB_MCY_APL,54,EBA_APL,true,EBA_PL_EBA_x66,,,
19344,DPM_BAS_CPS_MCB_MCY_APL,54,EBA_MCB,true,EBA_MC_EBA_x0,,,
19345,DPM_BAS_CPS_MCB_MCY_APL,60,EBA_CPS,true,EBA_CT_EBA_x0,,,
19346,DPM_BAS_CPS_MCB_MCY_APL,60,EBA_APL,true,EBA_PL_EBA_x64,,,
19347,DPM_BAS_CPS_MCB_MCY_APL,60,EBA_MCB,true,EBA_MC_EBA_x0,,,
19348,DPM_BAS_CPS_MCB_MCY_APL,61,EBA_BAS,true,EBA_BA_EBA_x6,,,
19349,DPM_BAS_CPS_MCB_MCY_APL,61,EBA_MCY,true,EBA_MC_EBA_x469,,,
19350,DPM_BAS_CPS_MCB_MCY_APL,61,EBA_CPS,true,EBA_CT_EBA_x0,,,
19351,DPM_BAS_CPS_MCB_MCY_APL,61,EBA_APL,true,EBA_PL_EBA_x66,,,
19352,DPM_BAS_CPS_MCB_MCY_APL,61,EBA_MCB,true,EBA_MC_EBA_x0,,,
19353,DPM_BAS_CPS_MCB_MCY_APL,62,EBA_BAS,true,EBA_BA_EBA_x6,,,
19354,DPM_MCE_APL,46,EBA_MCE,true,EBA_MC_EBA_x146,,,
19355,DPM_MCE_APL,46,EBA_APL,true,EBA_PL_EBA_x6,,,
19356,DPM_MCE_APL,47,EBA_MCE,true,EBA_MC_EBA_x60,,,
19357,DPM_MCE_APL,47,EBA_APL,true,EBA_PL_EBA_x6,,,
19358,DPM_CPS_CPZ_MCC_MCG_MCY_PUR,19,EBA_MCC,true,EBA_MC_EBA_x0,,,
19359,DPM_CPS_CPZ_MCC_MCG_MCY_PUR,19,EBA_MCY,true,EBA_MC_EBA_x469,,,
19360,DPM_CPS_CPZ_MCC_MCG_MCY_PUR,19,EBA_CPS,true,EBA_CT_EBA_x20,,,
19361,DPM_CPS_CPZ_MCC_MCG_MCY_PUR,19,EBA_MCG,true,EBA_MC_EBA_x0,,,
19362,DPM_CPS_CPZ_MCC_MCG_MCY_PUR,19,EBA_PUR,true,EBA_PU_EBA_x0,,,
19363,DPM_CPS_CPZ_MCC_MCG_MCY_PUR,19,EBA_CPZ,true,EBA_CT_EBA_x23,,,
19364,DPM_CPS_CPZ_MCC_MCG_MCY_PUR,20,EBA_MCC,true,EBA_MC_EBA_x0,,,
19365,DPM_CPS_CPZ_MCC_MCG_MCY_PUR,20,EBA_MCY,true,EBA_MC_EBA_x469,,,
19366,DPM_CPS_CPZ_MCC_MCG_MCY_PUR,20,EBA_CPS,true,EBA_CT_EBA_x20,,,
19367,DPM_CPS_CPZ_MCC_MCG_MCY_PUR,20,EBA_MCG,true,EBA_MC_EBA_x293,,,
19368,DPM_CPS_CPZ_MCC_MCG_MCY_PUR,20,EBA_PUR,true,EBA_PU_EBA_x0,,,
19369,DPM_CPS_CPZ_MCC_MCG_MCY_PUR,20,EBA_CPZ,true,EBA_CT_EBA_x0,,,
19370,DPM_MCE_APL,43,EBA_MCE,true,EBA_MC_EBA_x60,,,
19371,DPM_MCE_APL,43,EBA_APL,true,EBA_PL_EBA_x14,,,
19372,DPM_MCE_APL,44,EBA_MCE,true,EBA_MC_EBA_x146,,,
19373,DPM_MCE_APL,44,EBA_APL,true,EBA_PL_EBA_x61,,,
19374,DPM_MCE_APL,45,EBA_MCE,true,EBA_MC_EBA_x60,,,
19375,DPM_MCE_APL,45,EBA_APL,true,EBA_PL_EBA_x61,,,
19376,DPM_BAS_MCE_MCY_TYA_2.9,39,EBA_MCY,true,EBA_MC_EBA_x153,,,
19377,DPM_BAS_MCE_MCY_TYA_2.9,39,EBA_BAS,true,EBA_BA_EBA_x3,,,
19378,DPM_BAS_MCE_MCY_TYA_2.9,39,EBA_MCE,true,EBA_MC_EBA_x0,,,
19379,DPM_BAS_MCE_MCY_TYA_2.9,39,EBA_TYA,true,EBA_TA_EBA_x14,,,
19380,DPM_BAS_MCE_MCY_TYA_2.9,40,EBA_MCY,true,EBA_MC_EBA_x153,,,
19381,DPM_BAS_MCE_MCY_TYA_2.9,40,EBA_BAS,true,EBA_BA_EBA_x3,,,
19382,DPM_BAS_MCE_MCY_TYA_2.9,40,EBA_MCE,true,EBA_MC_EBA_x0,,,
19383,DPM_BAS_MCE_MCY_TYA_2.9,40,EBA_TYA,true,EBA_TA_EBA_x28,,,
19384,DPM_BAS_MCE_MCY_TYA_2.9,41,EBA_MCY,true,EBA_MC_EBA_x153,,,
19385,DPM_BAS_MCE_MCY_TYA_2.9,41,EBA_BAS,true,EBA_BA_EBA_x3,,,
19386,DPM_BAS_MCE_MCY_TYA_2.9,41,EBA_MCE,true,EBA_MC_EBA_x0,,,
19387,DPM_BAS_MCE_MCY_TYA_2.9,41,EBA_TYA,true,EBA_TA_EBA_x107,,,
19388,DPM_BAS_MCE_MCY_TYA_2.9,42,EBA_MCY,true,EBA_MC_EBA_x153,,,
19389,DPM_BAS_MCE_MCY_TYA_2.9,42,EBA_BAS,true,EBA_BA_EBA_x3,,,
19390,DPM_BAS_MCE_MCY_TYA_2.9,42,EBA_MCE,true,EBA_MC_EBA_x0,,,
19391,DPM_BAS_MCE_MCY_TYA_2.9,42,EBA_TYA,true,EBA_TA_EBA_x36,,,
19392,DPM_BAS_MCE_MCY_TYA_2.9,43,EBA_MCY,true,EBA_MC_EBA_x153,,,
19393,DPM_BAS_MCE_MCY_TYA_2.9,43,EBA_BAS,true,EBA_BA_EBA_x3,,,
19394,DPM_BAS_MCE_MCY_TYA_2.9,43,EBA_MCE,true,EBA_MC_EBA_x69,,,
19395,DPM_BAS_MCE_MCY_TYA_2.9,43,EBA_TYA,true,EBA_TA_EBA_x0,,,
19396,DPM_BAS_MCE_MCY_TYA_2.9,44,EBA_MCY,true,EBA_MC_EBA_x153,,,
19397,DPM_BAS_MCE_MCY_TYA_2.9,44,EBA_BAS,true,EBA_BA_EBA_x3,,,
19398,DPM_BAS_MCE_MCY_TYA_2.9,44,EBA_MCE,true,EBA_MC_EBA_x155,,,
19399,DPM_BAS_MCE_MCY_TYA_2.9,44,EBA_TYA,true,EBA_TA_EBA_x0,,,
19400,DPM_BAS_MCE_MCY_TYA_2.9,45,EBA_MCY,true,EBA_MC_EBA_x153,,,
19401,DPM_BAS_MCE_MCY_TYA_2.9,45,EBA_BAS,true,EBA_BA_EBA_x3,,,
19402,DPM_BAS_MCE_MCY_TYA_2.9,45,EBA_MCE,true,EBA_MC_EBA_x0,,,
19403,DPM_BAS_MCE_MCY_TYA_2.9,45,EBA_TYA,true,EBA_TA_EBA_x108,,,
19404,DPM_BAS_MCE_MCY_TYA_2.9,46,EBA_MCY,true,EBA_MC_EBA_x153,,,
19405,DPM_BAS_MCE_MCY_TYA_2.9,46,EBA_BAS,true,EBA_BA_EBA_x3,,,
19406,DPM_BAS_MCE_MCY_TYA_2.9,46,EBA_MCE,true,EBA_MC_EBA_x0,,,
19407,DPM_BAS_MCE_MCY_TYA_2.9,46,EBA_TYA,true,EBA_TA_EBA_x104,,,
19408,DPM_BAS_MCE_MCY_TYA_2.9,47,EBA_MCY,true,EBA_MC_EBA_x153,,,
19409,DPM_BAS_MCE_MCY_TYA_2.9,47,EBA_BAS,true,EBA_BA_EBA_x3,,,
19410,DPM_BAS_MCE_MCY_TYA_2.9,47,EBA_MCE,true,EBA_MC_EBA_x592,,,
19411,DPM_BAS_MCE_MCY_TYA_2.9,47,EBA_TYA,true,EBA_TA_EBA_x109,,,
19412,DPM_BAS_MCV_MCY_TRE,0,EBA_BAS,true,EBA_BA_EBA_x3,,,
19413,DPM_BAS_MCV_MCY_TRE,0,EBA_MCY,true,EBA_MC_EBA_x22,,,
19414,DPM_BAS_MCV_MCY_TRE,0,EBA_MCV,true,EBA_MC_EBA_x0,,,
19415,DPM_BAS_MCV_MCY_TRE,0,EBA_TRE,true,EBA_MC_EBA_x915,,,
19416,DPM_BAS_MCV_MCY_TRE,1,EBA_BAS,true,EBA_BA_EBA_x3,,,
19417,DPM_BAS_MCV_MCY_TRE,1,EBA_MCY,true,EBA_MC_EBA_x22,,,
19418,DPM_BAS_MCV_MCY_TRE,1,EBA_MCV,true,EBA_MC_EBA_x0,,,
19419,DPM_BAS_MCV_MCY_TRE,1,EBA_TRE,true,EBA_MC_EBA_x916,,,
19420,DPM_BAS_MCV_MCY_TRE,2,EBA_BAS,true,EBA_BA_EBA_x3,,,
19421,DPM_BAS_MCV_MCY_TRE,2,EBA_MCY,true,EBA_MC_EBA_x22,,,
19422,DPM_BAS_MCV_MCY_TRE,2,EBA_MCV,true,EBA_MC_EBA_x914,,,
19423,DPM_BAS_MCV_MCY_TRE,2,EBA_TRE,true,EBA_MC_EBA_x0,,,
19424,DPM_BAS_MCV_MCY_TRE,3,EBA_BAS,true,EBA_BA_EBA_x3,,,
19425,DPM_BAS_MCV_MCY_TRE,3,EBA_MCY,true,EBA_MC_EBA_x22,,,
19426,DPM_BAS_MCV_MCY_TRE,3,EBA_MCV,true,EBA_MC_EBA_x0,,,
19427,DPM_BAS_MCV_MCY_TRE,3,EBA_TRE,true,EBA_MC_EBA_x0,,,
19428,DPM_BAS_MCV_MCY_TRE,4,EBA_BAS,true,EBA_BA_EBA_x17,,,
19429,DPM_BAS_MCV_MCY_TRE,4,EBA_MCY,true,EBA_MC_EBA_x0,,,
19430,DPM_BAS_MCV_MCY_TRE,4,EBA_MCV,true,EBA_MC_EBA_x0,,,
19431,DPM_BAS_MCV_MCY_TRE,4,EBA_TRE,true,EBA_MC_EBA_x0,,,
19432,DPM_BAS_CPS_MCB_MCY_APL,8,EBA_BAS,true,EBA_BA_EBA_x6,,,
19433,DPM_BAS_CPS_MCB_MCY_APL,8,EBA_MCY,true,EBA_MC_EBA_x332,,,
19434,DPM_BAS_CPS_MCB_MCY_APL,8,EBA_CPS,true,EBA_CT_EBA_x0,,,
19435,DPM_BAS_CPS_MCB_MCY_APL,8,EBA_APL,true,EBA_PL_EBA_x79,,,
19436,DPM_BAS_CPS_MCB_MCY_APL,8,EBA_MCB,true,EBA_MC_EBA_x0,,,
19437,DPM_BAS_CPS_MCB_MCY_APL,9,EBA_BAS,true,EBA_BA_EBA_x6,,,
19438,DPM_BAS_CPS_MCB_MCY_APL,9,EBA_MCY,true,EBA_MC_EBA_x184,,,
19439,DPM_BAS_CPS_MCB_MCY_APL,9,EBA_CPS,true,EBA_CT_EBA_x0,,,
19440,DPM_BAS_CPS_MCB_MCY_APL,9,EBA_APL,true,EBA_PL_EBA_x79,,,
19441,DPM_BAS_CPS_MCB_MCY_APL,9,EBA_MCB,true,EBA_MC_EBA_x0,,,
19442,DPM_BAS_CPS_MCB_MCY_APL,12,EBA_BAS,true,EBA_BA_EBA_x6,,,
19443,DPM_BAS_CPS_MCB_MCY_APL,12,EBA_MCY,true,EBA_MC_EBA_x76,,,
19444,DPM_BAS_CPS_MCB_MCY_APL,12,EBA_CPS,true,EBA_CT_EBA_x0,,,
19445,DPM_BAS_CPS_MCB_MCY_APL,12,EBA_APL,true,EBA_PL_EBA_x79,,,
19446,DPM_BAS_CPS_MCB_MCY_APL,12,EBA_MCB,true,EBA_MC_EBA_x0,,,
19447,DPM_BAS_CPS_MCB_MCY_APL,13,EBA_BAS,true,EBA_BA_EBA_x6,,,
19448,DPM_BAS_CPS_MCB_MCY_APL,13,EBA_MCY,true,EBA_MC_EBA_x329,,,
19449,DPM_BAS_CPS_MCB_MCY_APL,13,EBA_CPS,true,EBA_CT_EBA_x0,,,
19450,DPM_BAS_CPS_MCB_MCY_APL,13,EBA_APL,true,EBA_PL_EBA_x46,,,
19451,DPM_BAS_CPS_MCB_MCY_APL,13,EBA_MCB,true,EBA_MC_EBA_x0,,,
19452,DPM_BAS_CPS_MCB_MCY_APL,56,EBA_MCB,true,EBA_MC_EBA_x0,,,
19453,DPM_BAS_CPS_MCB_MCY_APL,57,EBA_BAS,true,EBA_BA_EBA_x6,,,
19454,DPM_BAS_CPS_MCB_MCY_APL,57,EBA_MCY,true,EBA_MC_EBA_x469,,,
19455,DPM_BAS_CPS_MCB_MCY_APL,57,EBA_CPS,true,EBA_CT_EBA_x0,,,
19456,DPM_BAS_CPS_MCB_MCY_APL,57,EBA_APL,true,EBA_PL_EBA_x20,,,
19457,DPM_BAS_CPS_MCB_MCY_APL,57,EBA_MCB,true,EBA_MC_EBA_x0,,,
19458,DPM_BAS_CPS_MCB_MCY_APL,58,EBA_BAS,true,EBA_BA_EBA_x6,,,
19459,DPM_BAS_CPS_MCB_MCY_APL,58,EBA_MCY,true,EBA_MC_EBA_x469,,,
19460,DPM_BAS_CPS_MCB_MCY_APL,58,EBA_CPS,true,EBA_CT_EBA_x0,,,
19461,DPM_BAS_CPS_MCB_MCY_APL,15,EBA_MCB,true,EBA_MC_EBA_x0,,,
19462,DPM_BAS_CPS_MCB_MCY_APL,16,EBA_BAS,true,EBA_BA_EBA_x6,,,
19463,DPM_BAS_CPS_MCB_MCY_APL,16,EBA_MCY,true,EBA_MC_EBA_x46,,,
19464,DPM_BAS_CPS_MCB_MCY_APL,16,EBA_CPS,true,EBA_CT_EBA_x0,,,
19465,DPM_BAS_CPS_MCB_MCY_APL,16,EBA_APL,true,EBA_PL_EBA_x12,,,
19466,DPM_BAS_CPS_MCB_MCY_APL,16,EBA_MCB,true,EBA_MC_EBA_x0,,,
19467,DPM_BAS_CPS_MCB_MCY_APL,17,EBA_BAS,true,EBA_BA_EBA_x6,,,
19468,DPM_BAS_CPS_MCB_MCY_APL,17,EBA_MCY,true,EBA_MC_EBA_x469,,,
19469,DPM_BAS_CPS_MCB_MCY_APL,17,EBA_CPS,true,EBA_CT_EBA_x10,,,
19470,DPM_MCE_APL,40,EBA_MCE,true,EBA_MC_EBA_x93,,,
19471,DPM_MCE_APL,40,EBA_APL,true,EBA_PL_EBA_x27,,,
19472,DPM_MCE_APL,41,EBA_MCE,true,EBA_MC_EBA_x107,,,
19473,DPM_MCE_APL,41,EBA_APL,true,EBA_PL_EBA_x26,,,
19474,DPM_MCE_APL,42,EBA_MCE,true,EBA_MC_EBA_x146,,,
19475,DPM_MCE_APL,42,EBA_APL,true,EBA_PL_EBA_x25,,,
19476,DPM_BAS_MCY,53,EBA_MCY,true,EBA_MC_EBA_x251,,,
19477,DPM_BAS_MCY,54,EBA_BAS,true,EBA_BA_EBA_x17,,,
19478,DPM_BAS_MCY,54,EBA_MCY,true,EBA_MC_EBA_x69,,,
19479,DPM_BAS_MCY,55,EBA_BAS,true,EBA_BA_EBA_x17,,,
19480,DPM_BAS_MCY,55,EBA_MCY,true,EBA_MC_EBA_x155,,,
19481,DPM_BAS_MCY,56,EBA_BAS,true,EBA_BA_EBA_x17,,,
19482,DPM_BAS_MCY,56,EBA_MCY,true,EBA_MC_EBA_x263,,,
19483,DPM_BAS_MCY,57,EBA_BAS,true,EBA_BA_EBA_x7,,,
19484,DPM_BAS_MCY,57,EBA_MCY,true,EBA_MC_EBA_x105,,,
19485,DPM_BAS_MCY,58,EBA_BAS,true,EBA_BA_EBA_x17,,,
19486,DPM_BAS_MCY,58,EBA_MCY,true,EBA_MC_EBA_x130,,,
19487,DPM_BAS_MCY,59,EBA_BAS,true,EBA_BA_EBA_x6,,,
19488,DPM_BAS_MCY,59,EBA_MCY,true,EBA_MC_EBA_x130,,,
19489,DPM_APL,17,EBA_APL,true,EBA_PL_EBA_x6,,,
19490,DPM_APL,18,EBA_APL,true,EBA_PL_EBA_x5,,,
19491,DPM_APL,19,EBA_APL,true,EBA_PL_EBA_x15,,,
19492,DPM_APL,20,EBA_APL,true,EBA_PL_EBA_x14,,,
19493,DPM_APL,21,EBA_APL,true,EBA_PL_EBA_x25,,,
19494,DPM_TSA,0,EBA_TSA,true,EBA_RF_EBA_x60,,,
19495,DPM_TSA,1,EBA_TSA,true,EBA_RF_EBA_x61,,,
19496,DPM_TSA,2,EBA_TSA,true,EBA_RF_EBA_x62,,,
19497,DPM_TSA,3,EBA_TSA,true,EBA_RF_EBA_x0,,,
19498,DPM_SUB,0,EBA_SUB,true,EBA_MC_EBA_x361,,,
19499,DPM_BAS_CPS_MCB_MCY_APL,0,EBA_BAS,true,EBA_BA_EBA_x6,,,
19500,DPM_BAS_CPS_MCB_MCY_APL,0,EBA_MCY,true,EBA_MC_EBA_x44,,,
19501,DPM_BAS_CPS_MCB_MCY_APL,0,EBA_CPS,true,EBA_CT_EBA_x0,,,
19502,DPM_BAS_CPS_MCB_MCY_APL,0,EBA_APL,true,EBA_PL_EBA_x12,,,
19503,DPM_BAS_CPS_MCB_MCY_APL,0,EBA_MCB,true,EBA_MC_EBA_x0,,,
19504,DPM_BAS_CPS_MCB_MCY_APL,1,EBA_BAS,true,EBA_BA_EBA_x6,,,
19505,DPM_BAS_CPS_MCB_MCY_APL,1,EBA_MCY,true,EBA_MC_EBA_x25,,,
19506,DPM_BAS_CPS_MCB_MCY_APL,1,EBA_CPS,true,EBA_CT_EBA_x0,,,
19507,DPM_BAS_CPS_MCB_MCY_APL,1,EBA_APL,true,EBA_PL_EBA_x13,,,
19508,DPM_BAS_CPS_MCB_MCY_APL,1,EBA_MCB,true,EBA_MC_EBA_x0,,,
19509,DPM_BAS_CPS_MCB_MCY_APL,55,EBA_BAS,true,EBA_BA_EBA_x6,,,
19510,DPM_BAS_CPS_MCB_MCY_APL,55,EBA_MCY,true,EBA_MC_EBA_x469,,,
19511,DPM_BAS_CPS_MCB_MCY_APL,55,EBA_CPS,true,EBA_CT_EBA_x0,,,
19512,DPM_BAS_CPS_MCB_MCY_APL,55,EBA_APL,true,EBA_PL_EBA_x750,,,
19513,DPM_BAS_CPS_MCB_MCY_APL,55,EBA_MCB,true,EBA_MC_EBA_x0,,,
19514,DPM_BAS_CPS_MCB_MCY_APL,56,EBA_BAS,true,EBA_BA_EBA_x6,,,
19515,DPM_BAS_CPS_MCB_MCY_APL,56,EBA_MCY,true,EBA_MC_EBA_x469,,,
19516,DPM_BAS_CPS_MCB_MCY_APL,56,EBA_CPS,true,EBA_CT_EBA_x0,,,
19517,DPM_BAS_CPS_MCB_MCY_APL,56,EBA_APL,true,EBA_PL_EBA_x14,,,
19518,DPM_BAS_CPS_MCB_MCY_APL,62,EBA_MCY,true,EBA_MC_EBA_x469,,,
19519,DPM_BAS_CPS_MCB_MCY_APL,62,EBA_CPS,true,EBA_CT_EBA_x0,,,
19520,DPM_BAS_CPS_MCB_MCY_APL,62,EBA_APL,true,EBA_PL_EBA_x69,,,
19521,DPM_BAS_CPS_MCB_MCY_APL,62,EBA_MCB,true,EBA_MC_EBA_x0,,,
19522,DPM_BAS_CPS_MCB_MCY_APL,63,EBA_BAS,true,EBA_BA_EBA_x6,,,
19523,DPM_BAS_CPS_MCB_MCY_APL,63,EBA_MCY,true,EBA_MC_EBA_x469,,,
19524,DPM_BAS_CPS_MCB_MCY_APL,63,EBA_CPS,true,EBA_CT_EBA_x0,,,
19525,DPM_BAS_CPS_MCB_MCY_APL,63,EBA_APL,true,EBA_PL_EBA_x75,,,
19526,DPM_BAS_CPS_MCB_MCY_APL,63,EBA_MCB,true,EBA_MC_EBA_x0,,,
19527,DPM_BAS_CPS_MCB_MCY_APL,64,EBA_BAS,true,EBA_BA_EBA_x6,,,
19528,DPM_BAS_MCB_MCY_APL_F_42.00,5,EBA_APL,true,EBA_PL_EBA_x39,,,
19529,DPM_BAS_MCB_MCY_APL_F_42.00,5,EBA_MCB,true,EBA_MC_EBA_x907,,,
19530,DPM_BAS_MCB_MCY_APL_F_42.00,6,EBA_BAS,true,EBA_BA_EBA_x6,,,
19531,DPM_BAS_MCB_MCY_APL_F_42.00,6,EBA_MCY,true,EBA_MC_EBA_x329,,,
19532,DPM_BAS_MCB_MCY_APL_F_42.00,6,EBA_APL,true,EBA_PL_EBA_x46,,,
19533,DPM_BAS_MCB_MCY_APL_F_42.00,6,EBA_MCB,true,EBA_MC_EBA_x0,,,
19534,DPM_BAS_MCB_MCY_APL_F_42.00,7,EBA_BAS,true,EBA_BA_EBA_x6,,,
19535,DPM_BAS_MCB_MCY_APL_F_42.00,7,EBA_MCY,true,EBA_MC_EBA_x329,,,
19536,DPM_BAS_MCB_MCY_APL_F_42.00,7,EBA_APL,true,EBA_PL_EBA_x49,,,
19537,DPM_BAS_MCB_MCY_APL_F_42.00,7,EBA_MCB,true,EBA_MC_EBA_x0,,,
19538,DPM_BAS_MCB_MCY_APL_F_42.00,8,EBA_BAS,true,EBA_BA_EBA_x6,,,
19539,DPM_BAS_MCB_MCY_APL_F_42.00,8,EBA_MCY,true,EBA_MC_EBA_x329,,,
19540,DPM_BAS_MCB_MCY_APL_F_42.00,8,EBA_APL,true,EBA_PL_EBA_x47,,,
19541,DPM_BAS_MCB_MCY_APL_F_42.00,8,EBA_MCB,true,EBA_MC_EBA_x0,,,
19542,DPM_BAS_MCB_MCY_APL_F_42.00,9,EBA_BAS,true,EBA_BA_EBA_x6,,,
19543,DPM_BAS_MCB_MCY_APL_F_42.00,9,EBA_MCY,true,EBA_MC_EBA_x329,,,
19544,DPM_BAS_MCB_MCY_APL_F_42.00,9,EBA_APL,true,EBA_PL_EBA_x46,,,
19545,DPM_BAS_MCB_MCY_APL_F_42.00,9,EBA_MCB,true,EBA_MC_EBA_x907,,,
19546,DPM_BAS_CPS_MCB_MCY_APL,45,EBA_BAS,true,EBA_BA_EBA_x6,,,
19547,DPM_BAS_CPS_MCB_MCY_APL,45,EBA_MCY,true,EBA_MC_EBA_x143,,,
19548,DPM_BAS_CPS_MCB_MCY_APL,45,EBA_CPS,true,EBA_CT_EBA_x0,,,
19549,DPM_BAS_CPS_MCB_MCY_APL,45,EBA_APL,true,EBA_PL_EBA_x750,,,
19550,DPM_BAS_CPS_MCB_MCY_APL,45,EBA_MCB,true,EBA_MC_EBA_x0,,,
19551,DPM_BAS_CPS_MCB_MCY_APL,46,EBA_BAS,true,EBA_BA_EBA_x6,,,
19552,DPM_BAS_CPS_MCB_MCY_APL,46,EBA_MCY,true,EBA_MC_EBA_x143,,,
19553,DPM_BAS_CPS_MCB_MCY_APL,46,EBA_CPS,true,EBA_CT_EBA_x0,,,
19554,DPM_BAS_CPS_MCB_MCY_APL,46,EBA_APL,true,EBA_PL_EBA_x14,,,
19555,DPM_BAS_CPS_MCB_MCY_APL,46,EBA_MCB,true,EBA_MC_EBA_x0,,,
19556,DPM_BAS_CPS_MCB_MCY_APL,47,EBA_BAS,true,EBA_BA_EBA_x6,,,
19557,DPM_BAS_CPS_MCB_MCY_APL,47,EBA_MCY,true,EBA_MC_EBA_x143,,,
19558,DPM_BAS_CPS_MCB_MCY_APL,47,EBA_CPS,true,EBA_CT_EBA_x0,,,
19559,DPM_BAS_CPS_MCB_MCY_APL,47,EBA_APL,true,EBA_PL_EBA_x500,,,
19560,DPM_BAS_CPS_MCB_MCY_APL,47,EBA_MCB,true,EBA_MC_EBA_x0,,,
19561,DPM_BAS_CPS_MCB_MCY_APL,48,EBA_BAS,true,EBA_BA_EBA_x6,,,
19562,DPM_BAS_CPS_MCB_MCY_APL,48,EBA_MCY,true,EBA_MC_EBA_x143,,,
19563,DPM_BAS_CPS_MCB_MCY_APL,48,EBA_CPS,true,EBA_CT_EBA_x0,,,
19564,DPM_BAS_CPS_MCB_MCY_APL,48,EBA_APL,true,EBA_PL_EBA_x63,,,
19565,DPM_BAS_CPS_MCB_MCY_APL,48,EBA_MCB,true,EBA_MC_EBA_x0,,,
19566,DPM_BAS_CPS_MCB_MCY_APL,49,EBA_BAS,true,EBA_BA_EBA_x6,,,
19567,DPM_BAS_CPS_MCB_MCY_APL,49,EBA_MCY,true,EBA_MC_EBA_x143,,,
19568,DPM_BAS_CPS_MCB_MCY_APL,49,EBA_CPS,true,EBA_CT_EBA_x0,,,
19569,DPM_BAS_CPS_MCB_MCY_APL,49,EBA_APL,true,EBA_PL_EBA_x64,,,
19570,DPM_BAS_CPS_MCB_MCY_APL,49,EBA_MCB,true,EBA_MC_EBA_x0,,,
19571,DPM_BAS_CPS_MCB_MCY_APL,50,EBA_BAS,true,EBA_BA_EBA_x6,,,
19572,DPM_BAS_CPS_MCB_MCY_APL,50,EBA_MCY,true,EBA_MC_EBA_x143,,,
19573,DPM_BAS_CPS_MCB_MCY_APL,50,EBA_CPS,true,EBA_CT_EBA_x0,,,
19574,DPM_BAS_CPS_MCB_MCY_APL,50,EBA_APL,true,EBA_PL_EBA_x69,,,
19575,DPM_BAS_CPS_MCB_MCY_APL,50,EBA_MCB,true,EBA_MC_EBA_x0,,,
19576,DPM_BAS_CPS_MCB_MCY_APL,39,EBA_BAS,true,EBA_BA_EBA_x6,,,
19577,DPM_BAS_CPS_MCB_MCY_APL,39,EBA_MCY,true,EBA_MC_EBA_x130,,,
19578,DPM_BAS_CPS_MCB_MCY_APL,39,EBA_CPS,true,EBA_CT_EBA_x0,,,
19579,DPM_BAS_CPS_MCB_MCY_APL,39,EBA_APL,true,EBA_PL_EBA_x41,,,
19580,DPM_BAS_CPS_MCB_MCY_APL,39,EBA_MCB,true,EBA_MC_EBA_x0,,,
19581,DPM_BAS_CPS_MCB_MCY_APL,40,EBA_BAS,true,EBA_BA_EBA_x6,,,
19582,DPM_BAS_CPS_MCB_MCY_APL,40,EBA_MCY,true,EBA_MC_EBA_x130,,,
19583,DPM_BAS_CPS_MCB_MCY_APL,40,EBA_CPS,true,EBA_CT_EBA_x0,,,
19584,DPM_BAS_CPS_MCB_MCY_APL,40,EBA_APL,true,EBA_PL_EBA_x69,,,
19585,DPM_BAS_CPS_MCB_MCY_APL,40,EBA_MCB,true,EBA_MC_EBA_x0,,,
19586,DPM_BAS_MCB_MCY_APL_F_42.00,1,EBA_BAS,true,EBA_BA_EBA_x6,,,
19587,DPM_BAS_MCB_MCY_APL_F_42.00,1,EBA_MCY,true,EBA_MC_EBA_x329,,,
19588,DPM_BAS_MCB_MCY_APL_F_42.00,1,EBA_APL,true,EBA_PL_EBA_x38,,,
19589,DPM_BAS_MCB_MCY_APL_F_42.00,1,EBA_MCB,true,EBA_MC_EBA_x0,,,
19590,DPM_BAS_MCB_MCY_APL_F_42.00,2,EBA_BAS,true,EBA_BA_EBA_x6,,,
19591,DPM_BAS_MCB_MCY_APL_F_42.00,2,EBA_MCY,true,EBA_MC_EBA_x329,,,
19592,DPM_BAS_MCB_MCY_APL_F_42.00,2,EBA_APL,true,EBA_PL_EBA_x37,,,
19593,DPM_BAS_MCB_MCY_APL_F_42.00,2,EBA_MCB,true,EBA_MC_EBA_x907,,,
19594,DPM_BAS_MCB_MCY_APL_F_42.00,3,EBA_BAS,true,EBA_BA_EBA_x6,,,
19595,DPM_BAS_MCB_MCY_APL_F_42.00,3,EBA_MCY,true,EBA_MC_EBA_x329,,,
19596,DPM_BAS_MCB_MCY_APL_F_42.00,3,EBA_APL,true,EBA_PL_EBA_x38,,,
19597,DPM_BAS_MCB_MCY_APL_F_42.00,3,EBA_MCB,true,EBA_MC_EBA_x907,,,
19598,DPM_BAS_MCB_MCY_APL_F_42.00,4,EBA_BAS,true,EBA_BA_EBA_x6,,,
19599,DPM_BAS_MCB_MCY_APL_F_42.00,4,EBA_MCY,true,EBA_MC_EBA_x329,,,
19600,DPM_BAS_MCB_MCY_APL_F_42.00,4,EBA_APL,true,EBA_PL_EBA_x39,,,
19601,DPM_BAS_MCB_MCY_APL_F_42.00,4,EBA_MCB,true,EBA_MC_EBA_x0,,,
19602,DPM_BAS_MCB_MCY_APL_F_42.00,5,EBA_BAS,true,EBA_BA_EBA_x6,,,
19603,DPM_BAS_MCB_MCY_APL_F_42.00,5,EBA_MCY,true,EBA_MC_EBA_x329,,,
19604,DPM_MCE_APL,48,EBA_MCE,true,EBA_MC_EBA_x109,,,
19605,DPM_MCE_APL,48,EBA_APL,true,EBA_PL_EBA_x67,,,
19606,DPM_MCE_APL,49,EBA_MCE,true,EBA_MC_EBA_x109,,,
19607,DPM_MCE_APL,49,EBA_APL,true,EBA_PL_EBA_x5,,,
19608,DPM_MCE_APL,50,EBA_MCE,true,EBA_MC_EBA_x45,,,
19609,DPM_MCE_APL,50,EBA_APL,true,EBA_PL_EBA_x15,,,
19610,DPM_BAS_MCF_MCH_MCY,5,EBA_MCH,true,EBA_MC_EBA_x0,,,
19611,DPM_BAS_MCF_MCH_MCY,5,EBA_MCF,true,EBA_MC_EBA_x0,,,
19612,DPM_BAS_MCF_MCH_MCY,6,EBA_BAS,true,EBA_BA_EBA_x1,,,
19613,DPM_BAS_MCF_MCH_MCY,6,EBA_MCY,true,EBA_MC_EBA_x183,,,
19614,DPM_BAS_MCF_MCH_MCY,6,EBA_MCH,true,EBA_MC_EBA_x0,,,
19615,DPM_BAS_MCF_MCH_MCY,6,EBA_MCF,true,EBA_MC_EBA_x0,,,
19616,DPM_BAS_MCF_MCH_MCY,7,EBA_BAS,true,EBA_BA_EBA_x1,,,
19617,DPM_BAS_MCF_MCH_MCY,7,EBA_MCY,true,EBA_MC_EBA_x502,,,
19618,DPM_BAS_MCF_MCH_MCY,7,EBA_MCH,true,EBA_MC_EBA_x0,,,
19619,DPM_BAS_MCF_MCH_MCY,7,EBA_MCF,true,EBA_MC_EBA_x0,,,
19620,DPM_BAS_MCF_MCH_MCY,8,EBA_BAS,true,EBA_BA_EBA_x1,,,
19621,DPM_BAS_MCF_MCH_MCY,8,EBA_MCY,true,EBA_MC_EBA_x282,,,
19622,DPM_BAS_MCF_MCH_MCY,8,EBA_MCH,true,EBA_MC_EBA_x0,,,
19623,DPM_BAS_MCF_MCH_MCY,8,EBA_MCF,true,EBA_MC_EBA_x0,,,
19624,DPM_MCA,0,EBA_MCA,true,EBA_MC_EBA_x99,,,
19625,DPM_MCA,1,EBA_MCA,true,EBA_MC_EBA_x0,,,
19626,DPM_MCE,0,EBA_MCE,true,EBA_MC_EBA_x109,,,
19627,DPM_MCE,1,EBA_MCE,true,EBA_MC_EBA_x130,,,
19628,DPM_BAS_MCF_MCH_MCY,0,EBA_BAS,true,EBA_BA_EBA_x1,,,
19629,DPM_BAS_MCF_MCH_MCY,0,EBA_MCY,true,EBA_MC_EBA_x276,,,
19630,DPM_BAS_MCF_MCH_MCY,0,EBA_MCH,true,EBA_MC_EBA_x0,,,
19631,DPM_BAS_MCF_MCH_MCY,0,EBA_MCF,true,EBA_MC_EBA_x0,,,
19632,DPM_BAS_MCF_MCH_MCY,1,EBA_BAS,true,EBA_BA_EBA_x1,,,
19633,DPM_BAS_MCF_MCH_MCY,1,EBA_MCY,true,EBA_MC_EBA_x281,,,
19634,DPM_BAS_MCF_MCH_MCY,1,EBA_MCH,true,EBA_MC_EBA_x0,,,
19635,DPM_BAS_MCF_MCH_MCY,1,EBA_MCF,true,EBA_MC_EBA_x0,,,
19636,DPM_BAS_MCF_MCH_MCY,2,EBA_BAS,true,EBA_BA_EBA_x1,,,
19637,DPM_BAS_MCF_MCH_MCY,2,EBA_MCY,true,EBA_MC_EBA_x182,,,
19638,DPM_BAS_MCF_MCH_MCY,2,EBA_MCH,true,EBA_MC_EBA_x0,,,
19639,DPM_BAS_MCF_MCH_MCY,2,EBA_MCF,true,EBA_MC_EBA_x0,,,
19640,DPM_BAS_MCF_MCH_MCY,3,EBA_BAS,true,EBA_BA_EBA_x1,,,
19641,DPM_BAS_MCF_MCH_MCY,3,EBA_MCY,true,EBA_MC_EBA_x182,,,
19642,DPM_BAS_MCF_MCH_MCY,3,EBA_MCH,true,EBA_MC_EBA_x130,,,
19643,DPM_BAS_MCF_MCH_MCY,3,EBA_MCF,true,EBA_MC_EBA_x731,,,
19644,DPM_BAS_MCF_MCH_MCY,4,EBA_BAS,true,EBA_BA_EBA_x1,,,
19645,DPM_BAS_MCF_MCH_MCY,4,EBA_MCY,true,EBA_MC_EBA_x182,,,
19646,DPM_BAS_MCF_MCH_MCY,4,EBA_MCH,true,EBA_MC_EBA_x130,,,
19647,DPM_BAS_MCF_MCH_MCY,4,EBA_MCF,true,EBA_MC_EBA_x732,,,
19648,DPM_BAS_MCF_MCH_MCY,5,EBA_BAS,true,EBA_BA_EBA_x1,,,
19649,DPM_BAS_MCF_MCH_MCY,5,EBA_MCY,true,EBA_MC_EBA_x336,,,
19650,DPM_BAS_CPS_MCB_MCY_APL,17,EBA_APL,true,EBA_PL_EBA_x12,,,
19651,DPM_BAS_CPS_MCB_MCY_APL,17,EBA_MCB,true,EBA_MC_EBA_x824,,,
19652,DPM_BAS_CPS_MCB_MCY_APL,18,EBA_BAS,true,EBA_BA_EBA_x6,,,
19653,DPM_BAS_CPS_MCB_MCY_APL,18,EBA_MCY,true,EBA_MC_EBA_x469,,,
19654,DPM_BAS_CPS_MCB_MCY_APL,18,EBA_CPS,true,EBA_CT_EBA_x12,,,
19655,DPM_BAS_CPS_MCB_MCY_APL,18,EBA_APL,true,EBA_PL_EBA_x12,,,
19656,DPM_BAS_CPS_MCB_MCY_APL,18,EBA_MCB,true,EBA_MC_EBA_x824,,,
19657,DPM_BAS_CPS_MCB_MCY_APL,19,EBA_BAS,true,EBA_BA_EBA_x6,,,
19658,DPM_BAS_CPS_MCB_MCY_APL,19,EBA_MCY,true,EBA_MC_EBA_x99,,,
19659,DPM_MCE,11,EBA_MCE,true,EBA_MC_EBA_x677,,,
19660,DPM_MCE,12,EBA_MCE,true,EBA_MC_EBA_x705,,,
19661,DPM_MCE,13,EBA_MCE,true,EBA_MC_EBA_x90,,,
19662,DPM_MCE,14,EBA_MCE,true,EBA_MC_EBA_x93,,,
19663,DPM_MCE,15,EBA_MCE,true,EBA_MC_EBA_x0,,,
19664,DPM_REC,0,EBA_REC,true,EBA_BT_EBA_x5,,,
19665,DPM_REC,1,EBA_REC,true,EBA_BT_EBA_x2,,,
19666,DPM_REC,2,EBA_REC,true,EBA_BT_EBA_x0,,,
19667,DPM_LTG,0,EBA_LTG,true,EBA_IM_EBA_x36,,,
19668,DPM_LTG,1,EBA_LTG,true,EBA_IM_EBA_x37,,,
19669,DPM_LTG,2,EBA_LTG,true,EBA_IM_EBA_x0,,,
19670,DPM_BAS_MCB_MCY_APL_F_42.00,0,EBA_BAS,true,EBA_BA_EBA_x6,,,
19671,DPM_BAS_MCB_MCY_APL_F_42.00,0,EBA_MCY,true,EBA_MC_EBA_x329,,,
19672,DPM_BAS_MCB_MCY_APL_F_42.00,0,EBA_APL,true,EBA_PL_EBA_x37,,,
19673,DPM_BAS_MCB_MCY_APL_F_42.00,0,EBA_MCB,true,EBA_MC_EBA_x0,,,
19674,DPM_BAS_MCB_MCY_APL_F_42.00,10,EBA_BAS,true,EBA_BA_EBA_x6,,,
19675,DPM_BAS_MCB_MCY_APL_F_42.00,10,EBA_MCY,true,EBA_MC_EBA_x329,,,
19676,DPM_BAS_MCB_MCY_APL_F_42.00,10,EBA_APL,true,EBA_PL_EBA_x49,,,
19677,DPM_BAS_MCB_MCY_APL_F_42.00,10,EBA_MCB,true,EBA_MC_EBA_x907,,,
19678,DPM_BAS_MCB_MCY_APL_F_42.00,11,EBA_BAS,true,EBA_BA_EBA_x6,,,
19679,DPM_BAS_MCB_MCY_APL_F_42.00,11,EBA_MCY,true,EBA_MC_EBA_x329,,,
19680,DPM_BAS_MCB_MCY_APL_F_42.00,11,EBA_APL,true,EBA_PL_EBA_x47,,,
19681,DPM_BAS_MCB_MCY_APL_F_42.00,11,EBA_MCB,true,EBA_MC_EBA_x907,,,
19682,DPM_BAS_MCB_MCY_APL_F_42.00,12,EBA_BAS,true,EBA_BA_EBA_x6,,,
19683,DPM_BAS_MCB_MCY_APL_F_42.00,12,EBA_MCY,true,EBA_MC_EBA_x210,,,
19684,DPM_BAS_MCB_MCY_APL_F_42.00,12,EBA_APL,true,EBA_PL_EBA_x79,,,
19685,DPM_BAS_MCB_MCY_APL_F_42.00,12,EBA_MCB,true,EBA_MC_EBA_x0,,,
19686,DPM_BAS_MCB_MCY_APL_F_42.00,13,EBA_BAS,true,EBA_BA_EBA_x6,,,
19687,DPM_BAS_MCB_MCY_APL_F_42.00,13,EBA_MCY,true,EBA_MC_EBA_x210,,,
19688,DPM_BAS_MCB_MCY_APL_F_42.00,13,EBA_APL,true,EBA_PL_EBA_x44,,,
19689,DPM_BAS_MCB_MCY_APL_F_42.00,13,EBA_MCB,true,EBA_MC_EBA_x0,,,
19690,DPM_BAS_MCB_MCY_APL_F_42.00,14,EBA_BAS,true,EBA_BA_EBA_x6,,,
19691,DPM_BAS_MCB_MCY_APL_F_42.00,14,EBA_MCY,true,EBA_MC_EBA_x210,,,
19692,DPM_BAS_MCB_MCY_APL_F_42.00,14,EBA_APL,true,EBA_PL_EBA_x43,,,
19693,DPM_BAS_MCB_MCY_APL_F_42.00,14,EBA_MCB,true,EBA_MC_EBA_x0,,,
19694,DPM_BAS_MCB_MCY_APL_F_42.00,15,EBA_BAS,true,EBA_BA_EBA_x6,,,
19695,DPM_BAS_MCB_MCY_APL_F_42.00,15,EBA_MCY,true,EBA_MC_EBA_x210,,,
19696,DPM_BAS_MCB_MCY_APL_F_42.00,15,EBA_APL,true,EBA_PL_EBA_x79,,,
19697,DPM_BAS_MCB_MCY_APL_F_42.00,15,EBA_MCB,true,EBA_MC_EBA_x907,,,
19698,DPM_BAS_MCB_MCY_APL_F_42.00,16,EBA_BAS,true,EBA_BA_EBA_x6,,,
19699,DPM_BAS_MCB_MCY_APL_F_42.00,16,EBA_MCY,true,EBA_MC_EBA_x210,,,
19700,DPM_BAS_MCB_MCY_APL_F_42.00,16,EBA_APL,true,EBA_PL_EBA_x44,,,
19701,DPM_BAS_MCB_MCY_APL_F_42.00,16,EBA_MCB,true,EBA_MC_EBA_x907,,,
19702,DPM_BAS_MCB_MCY_APL_F_42.00,17,EBA_BAS,true,EBA_BA_EBA_x6,,,
19703,DPM_BAS_MCB_MCY_APL_F_42.00,17,EBA_MCY,true,EBA_MC_EBA_x210,,,
19704,DPM_BAS_MCB_MCY_APL_F_42.00,17,EBA_APL,true,EBA_PL_EBA_x43,,,
19705,DPM_BAS_MCB_MCY_APL_F_42.00,17,EBA_MCB,true,EBA_MC_EBA_x907,,,
19706,DPM_CPS_MCB_MCY,0,EBA_MCY,true,EBA_MC_EBA_x469,,,
19707,DPM_CPS_MCB_MCY,0,EBA_CPS,true,EBA_CT_EBA_x0,,,
19708,DPM_CPS_MCB_MCY,0,EBA_MCB,true,EBA_MC_EBA_x824,,,
19709,DPM_CPS_MCB_MCY,1,EBA_MCY,true,EBA_MC_EBA_x469,,,
19710,DPM_CPS_MCB_MCY,1,EBA_CPS,true,EBA_CT_EBA_x0,,,
19711,DPM_CPS_MCB_MCY,1,EBA_MCB,true,EBA_MC_EBA_x828,,,
19712,DPM_CPS_MCB_MCY,2,EBA_MCY,true,EBA_MC_EBA_x469,,,
19713,DPM_CPS_MCB_MCY,2,EBA_CPS,true,EBA_CT_EBA_x0,,,
19714,DPM_CPS_MCB_MCY,2,EBA_MCB,true,EBA_MC_EBA_x823,,,
19715,DPM_CPS_MCB_MCY,3,EBA_MCY,true,EBA_MC_EBA_x469,,,
19716,DPM_CPS_MCB_MCY,3,EBA_CPS,true,EBA_CT_EBA_x0,,,
19717,DPM_CPS_MCB_MCY,3,EBA_MCB,true,EBA_MC_EBA_x825,,,
19718,DPM_CPS_MCB_MCY,4,EBA_MCY,true,EBA_MC_EBA_x469,,,
19719,DPM_CPS_MCB_MCY,4,EBA_CPS,true,EBA_CT_EBA_x0,,,
19720,DPM_CPS_MCB_MCY,4,EBA_MCB,true,EBA_MC_EBA_x829,,,
19721,DPM_CPS_MCB_MCY,5,EBA_MCY,true,EBA_MC_EBA_x469,,,
19722,DPM_CPS_MCB_MCY,5,EBA_CPS,true,EBA_CT_EBA_x0,,,
19723,DPM_CPS_MCB_MCY,5,EBA_MCB,true,EBA_MC_EBA_x826,,,
19724,DPM_CPS_MCB_MCY,6,EBA_MCY,true,EBA_MC_EBA_x60,,,
19725,DPM_CPS_MCB_MCY,6,EBA_CPS,true,EBA_CT_EBA_x0,,,
19726,DPM_CPS_MCB_MCY,6,EBA_MCB,true,EBA_MC_EBA_x0,,,
19727,DPM_CPS_MCB_MCY,7,EBA_MCY,true,EBA_MC_EBA_x60,,,
19728,DPM_CPS_MCB_MCY,7,EBA_CPS,true,EBA_CT_EBA_x10,,,
19729,DPM_CPS_MCB_MCY,7,EBA_MCB,true,EBA_MC_EBA_x0,,,
19730,DPM_CPS_MCB_MCY,8,EBA_MCY,true,EBA_MC_EBA_x60,,,
19731,DPM_CPS_MCB_MCY,8,EBA_CPS,true,EBA_CT_EBA_x1,,,
19732,DPM_CPS_MCB_MCY,8,EBA_MCB,true,EBA_MC_EBA_x0,,,
19733,DPM_CPS_MCB_MCY,9,EBA_MCY,true,EBA_MC_EBA_x60,,,
19734,DPM_CPS_MCB_MCY,9,EBA_CPS,true,EBA_CT_EBA_x12,,,
19735,DPM_CPS_MCB_MCY,9,EBA_MCB,true,EBA_MC_EBA_x0,,,
19736,DPM_CPS_MCB_MCY,10,EBA_MCY,true,EBA_MC_EBA_x60,,,
19737,DPM_CPS_MCB_MCY,10,EBA_CPS,true,EBA_CT_EBA_x18,,,
19738,DPM_CPS_MCB_MCY,10,EBA_MCB,true,EBA_MC_EBA_x0,,,
19739,DPM_CPS_MCB_MCY,11,EBA_MCY,true,EBA_MC_EBA_x60,,,
19740,DPM_CPS_MCB_MCY,11,EBA_CPS,true,EBA_CT_EBA_x20,,,
19741,DPM_CPS_MCB_MCY,11,EBA_MCB,true,EBA_MC_EBA_x0,,,
19742,DPM_CPS_MCB_MCY,12,EBA_MCY,true,EBA_MC_EBA_x223,,,
19743,DPM_CPS_MCB_MCY,12,EBA_CPS,true,EBA_CT_EBA_x0,,,
19744,DPM_CPS_MCB_MCY,12,EBA_MCB,true,EBA_MC_EBA_x0,,,
19745,DPM_CPS_MCB_MCY,13,EBA_MCY,true,EBA_MC_EBA_x469,,,
19746,DPM_CPS_MCB_MCY,13,EBA_CPS,true,EBA_CT_EBA_x0,,,
19747,DPM_CPS_MCB_MCY,13,EBA_MCB,true,EBA_MC_EBA_x827,,,
19748,DPM_CPS_MCB_MCY,14,EBA_MCY,true,EBA_MC_EBA_x469,,,
19749,DPM_CPS_MCB_MCY,14,EBA_CPS,true,EBA_CT_EBA_x0,,,
19750,DPM_CPS_MCB_MCY,14,EBA_MCB,true,EBA_MC_EBA_x0,,,
19751,DPM_CPS_MCB_MCY,15,EBA_MCY,true,EBA_MC_EBA_x469,,,
19752,DPM_CPS_MCB_MCY,15,EBA_CPS,true,EBA_CT_EBA_x10,,,
19753,DPM_CPS_MCB_MCY,15,EBA_MCB,true,EBA_MC_EBA_x0,,,
19754,DPM_CPS_MCB_MCY,16,EBA_MCY,true,EBA_MC_EBA_x469,,,
19755,DPM_CPS_MCB_MCY,16,EBA_CPS,true,EBA_CT_EBA_x1,,,
19756,DPM_CPS_MCB_MCY,16,EBA_MCB,true,EBA_MC_EBA_x0,,,
19757,DPM_CPS_MCB_MCY,17,EBA_MCY,true,EBA_MC_EBA_x469,,,
19758,DPM_CPS_MCB_MCY,17,EBA_CPS,true,EBA_CT_EBA_x12,,,
19759,DPM_CPS_MCB_MCY,17,EBA_MCB,true,EBA_MC_EBA_x0,,,
19760,DPM_CPS_MCB_MCY,18,EBA_MCY,true,EBA_MC_EBA_x469,,,
19761,DPM_CPS_MCB_MCY,18,EBA_CPS,true,EBA_CT_EBA_x18,,,
19762,DPM_CPS_MCB_MCY,18,EBA_MCB,true,EBA_MC_EBA_x0,,,
19763,DPM_CPS_MCB_MCY,19,EBA_MCY,true,EBA_MC_EBA_x469,,,
19764,DPM_CPS_MCB_MCY,19,EBA_CPS,true,EBA_CT_EBA_x20,,,
19765,DPM_CPS_MCB_MCY,19,EBA_MCB,true,EBA_MC_EBA_x0,,,
19766,DPM_CPS_MCB_MCY,20,EBA_MCY,true,EBA_MC_EBA_x469,,,
19767,DPM_CPS_MCB_MCY,20,EBA_CPS,true,EBA_CT_EBA_x5,,,
19768,DPM_CPS_MCB_MCY,20,EBA_MCB,true,EBA_MC_EBA_x0,,,
19769,DPM_CPS_MCB_MCY,21,EBA_MCY,true,EBA_MC_EBA_x469,,,
19770,DPM_CPS_MCB_MCY,21,EBA_CPS,true,EBA_CT_EBA_x0,,,
19771,DPM_CPS_MCB_MCY,21,EBA_MCB,true,EBA_MC_EBA_x360,,,
19772,DPM_IMS,0,EBA_IMS,true,EBA_IM_EBA_x0,,,
19773,DPM_IMS,1,EBA_IMS,true,EBA_IM_EBA_x33,,,
19774,DPM_IMS,2,EBA_IMS,true,EBA_IM_EBA_x34,,,
19775,DPM_IMS,3,EBA_IMS,true,EBA_IM_EBA_x35,,,
19776,DPM_IMS,4,EBA_IMS,true,EBA_IM_EBA_x6,,,
19777,DPM_IMS,5,EBA_IMS,true,EBA_IM_EBA_x4,,,
19778,DPM_TPD,0,EBA_TPD,true,EBA_TI_EBA_x123,,,
19779,DPM_TPD,1,EBA_TPD,true,EBA_TI_EBA_x2,,,
19780,DPM_TPD,2,EBA_TPD,true,EBA_TI_EBA_x23,,,
19781,DPM_TPD,3,EBA_TPD,true,EBA_TI_EBA_x32,,,
19782,DPM_TPD,4,EBA_TPD,true,EBA_TI_EBA_x33,,,
19783,DPM_TPD,5,EBA_TPD,true,EBA_TI_EBA_x5,,,
19784,DPM_TPD,6,EBA_TPD,true,EBA_TI_EBA_x640,,,
19785,DPM_TPD,7,EBA_TPD,true,EBA_TI_EBA_x79,,,
19786,DPM_MCB_MCY_MCG,14,EBA_MCY,true,EBA_MC_EBA_x469,,,
19787,DPM_MCB_MCY_MCG,14,EBA_MCG,true,EBA_MC_EBA_x292,,,
19788,DPM_MCB_MCY_MCG,14,EBA_MCB,true,EBA_MC_EBA_x0,,,
19789,DPM_PFS_TPD,0,EBA_PFS,true,EBA_IM_EBA_x17,,,
19790,DPM_PFS_TPD,0,EBA_TPD,true,EBA_TI_EBA_x0,,,
19791,DPM_PFS_TPD,1,EBA_PFS,true,EBA_IM_EBA_x16,,,
19792,DPM_PFS_TPD,1,EBA_TPD,true,EBA_TI_EBA_x0,,,
19793,DPM_PFS_TPD,2,EBA_PFS,true,EBA_IM_EBA_x16,,,
19794,DPM_PFS_TPD,2,EBA_TPD,true,EBA_TI_EBA_x33,,,
19795,DPM_PFS_TPD,3,EBA_PFS,true,EBA_IM_EBA_x16,,,
19796,DPM_PFS_TPD,3,EBA_TPD,true,EBA_TI_EBA_x5,,,
19797,DPM_PFS_TPD,4,EBA_PFS,true,EBA_IM_EBA_x16,,,
19798,DPM_PFS_TPD,4,EBA_TPD,true,EBA_TI_EBA_x2,,,
19799,DPM_PFS_TPD,5,EBA_PFS,true,EBA_IM_EBA_x16,,,
19800,DPM_PFS_TPD,5,EBA_TPD,true,EBA_TI_EBA_x640,,,
19801,DPM_PFS_TPD,6,EBA_PFS,true,EBA_IM_EBA_x16,,,
19802,DPM_PFS_TPD,6,EBA_TPD,true,EBA_TI_EBA_x23,,,
19803,DPM_PFS_TPD,7,EBA_PFS,true,EBA_IM_EBA_x0,,,
19804,DPM_PFS_TPD,7,EBA_TPD,true,EBA_TI_EBA_x0,,,
19805,DPM_PFS_TPD,8,EBA_PFS,true,EBA_IM_EBA_x17,,,
19806,DPM_PFS_TPD,8,EBA_TPD,true,EBA_TI_EBA_x79,,,
19807,DPM_PFS_TPD,9,EBA_PFS,true,EBA_IM_EBA_x16,,,
19808,DPM_PFS_TPD,9,EBA_TPD,true,EBA_TI_EBA_x80,,,
19809,DPM_PFS_TPD,10,EBA_PFS,true,EBA_IM_EBA_x16,,,
19810,DPM_PFS_TPD,10,EBA_TPD,true,EBA_TI_EBA_x27,,,
19811,DPM_PFS_TPD,11,EBA_PFS,true,EBA_IM_EBA_x16,,,
19812,DPM_PFS_TPD,11,EBA_TPD,true,EBA_TI_EBA_x29,,,
19813,DPM_PFS_TPD,12,EBA_PFS,true,EBA_IM_EBA_x16,,,
19814,DPM_PFS_TPD,12,EBA_TPD,true,EBA_TI_EBA_x125,,,
19815,DPM_PFS_TPD,13,EBA_PFS,true,EBA_IM_EBA_x16,,,
19816,DPM_PFS_TPD,13,EBA_TPD,true,EBA_TI_EBA_x126,,,
19817,DPM_FLW,0,EBA_FLW,true,EBA_MC_EBA_x725,,,
19818,DPM_FLW,1,EBA_FLW,true,EBA_MC_EBA_x726,,,
19819,DPM_FLW,2,EBA_FLW,true,EBA_MC_EBA_x896,,,
19820,DPM_FLW,3,EBA_FLW,true,EBA_MC_EBA_x0,,,
19821,DPM_FLW,4,EBA_FLW,true,EBA_MC_EBA_x898,,,
19822,DPM_CPS_CPZ_MCC_MCG_MCY_PUR,0,EBA_MCC,true,EBA_MC_EBA_x0,,,
19823,DPM_CPS_CPZ_MCC_MCG_MCY_PUR,0,EBA_MCY,true,EBA_MC_EBA_x99,,,
19824,DPM_CPS_CPZ_MCC_MCG_MCY_PUR,0,EBA_CPS,true,EBA_CT_EBA_x0,,,
19825,DPM_CPS_CPZ_MCC_MCG_MCY_PUR,0,EBA_MCG,true,EBA_MC_EBA_x0,,,
19826,DPM_CPS_CPZ_MCC_MCG_MCY_PUR,0,EBA_PUR,true,EBA_PU_EBA_x0,,,
19827,DPM_CPS_CPZ_MCC_MCG_MCY_PUR,0,EBA_CPZ,true,EBA_CT_EBA_x0,,,
19828,DPM_CPS_CPZ_MCC_MCG_MCY_PUR,1,EBA_MCC,true,EBA_MC_EBA_x0,,,
19829,DPM_CPS_CPZ_MCC_MCG_MCY_PUR,1,EBA_MCY,true,EBA_MC_EBA_x99,,,
19830,DPM_CPS_CPZ_MCC_MCG_MCY_PUR,1,EBA_CPS,true,EBA_CT_EBA_x12,,,
19831,DPM_CPS_CPZ_MCC_MCG_MCY_PUR,1,EBA_MCG,true,EBA_MC_EBA_x0,,,
19832,DPM_CPS_CPZ_MCC_MCG_MCY_PUR,1,EBA_PUR,true,EBA_PU_EBA_x0,,,
19833,DPM_CPS_CPZ_MCC_MCG_MCY_PUR,1,EBA_CPZ,true,EBA_CT_EBA_x0,,,
19834,DPM_CPS_CPZ_MCC_MCG_MCY_PUR,2,EBA_MCC,true,EBA_MC_EBA_x0,,,
19835,DPM_CPS_CPZ_MCC_MCG_MCY_PUR,2,EBA_MCY,true,EBA_MC_EBA_x99,,,
19836,DPM_CPS_CPZ_MCC_MCG_MCY_PUR,2,EBA_CPS,true,EBA_CT_EBA_x18,,,
19837,DPM_CPS_CPZ_MCC_MCG_MCY_PUR,2,EBA_MCG,true,EBA_MC_EBA_x0,,,
19838,DPM_CPS_CPZ_MCC_MCG_MCY_PUR,2,EBA_PUR,true,EBA_PU_EBA_x0,,,
19839,DPM_CPS_CPZ_MCC_MCG_MCY_PUR,2,EBA_CPZ,true,EBA_CT_EBA_x0,,,
19840,DPM_CPS_CPZ_MCC_MCG_MCY_PUR,3,EBA_MCC,true,EBA_MC_EBA_x0,,,
19841,DPM_CPS_CPZ_MCC_MCG_MCY_PUR,3,EBA_MCY,true,EBA_MC_EBA_x130,,,
19842,DPM_CPS_CPZ_MCC_MCG_MCY_PUR,3,EBA_CPS,true,EBA_CT_EBA_x0,,,
19843,DPM_CPS_CPZ_MCC_MCG_MCY_PUR,3,EBA_MCG,true,EBA_MC_EBA_x0,,,
19844,DPM_CPS_CPZ_MCC_MCG_MCY_PUR,3,EBA_PUR,true,EBA_PU_EBA_x0,,,
19845,DPM_CPS_CPZ_MCC_MCG_MCY_PUR,3,EBA_CPZ,true,EBA_CT_EBA_x0,,,
19846,DPM_CPS_CPZ_MCC_MCG_MCY_PUR,4,EBA_MCC,true,EBA_MC_EBA_x0,,,
19847,DPM_CPS_CPZ_MCC_MCG_MCY_PUR,4,EBA_MCY,true,EBA_MC_EBA_x130,,,
19848,DPM_CPS_CPZ_MCC_MCG_MCY_PUR,4,EBA_CPS,true,EBA_CT_EBA_x12,,,
19849,DPM_CPS_CPZ_MCC_MCG_MCY_PUR,4,EBA_MCG,true,EBA_MC_EBA_x0,,,
19850,DPM_CPS_CPZ_MCC_MCG_MCY_PUR,4,EBA_PUR,true,EBA_PU_EBA_x0,,,
19851,DPM_CPS_CPZ_MCC_MCG_MCY_PUR,4,EBA_CPZ,true,EBA_CT_EBA_x0,,,
19852,DPM_CPS_CPZ_MCC_MCG_MCY_PUR,5,EBA_MCC,true,EBA_MC_EBA_x0,,,
19853,DPM_CPS_CPZ_MCC_MCG_MCY_PUR,5,EBA_MCY,true,EBA_MC_EBA_x130,,,
19854,DPM_CPS_CPZ_MCC_MCG_MCY_PUR,5,EBA_CPS,true,EBA_CT_EBA_x18,,,
19855,DPM_CPS_CPZ_MCC_MCG_MCY_PUR,5,EBA_MCG,true,EBA_MC_EBA_x0,,,
19856,DPM_CPS_CPZ_MCC_MCG_MCY_PUR,5,EBA_PUR,true,EBA_PU_EBA_x0,,,
19857,DPM_CPS_CPZ_MCC_MCG_MCY_PUR,5,EBA_CPZ,true,EBA_CT_EBA_x0,,,
19858,DPM_CPS_CPZ_MCC_MCG_MCY_PUR,6,EBA_MCC,true,EBA_MC_EBA_x0,,,
19859,DPM_CPS_CPZ_MCC_MCG_MCY_PUR,6,EBA_MCY,true,EBA_MC_EBA_x130,,,
19860,DPM_CPS_CPZ_MCC_MCG_MCY_PUR,6,EBA_CPS,true,EBA_CT_EBA_x20,,,
19861,DPM_CPS_CPZ_MCC_MCG_MCY_PUR,6,EBA_MCG,true,EBA_MC_EBA_x0,,,
19862,DPM_CPS_CPZ_MCC_MCG_MCY_PUR,6,EBA_PUR,true,EBA_PU_EBA_x0,,,
19863,DPM_CPS_CPZ_MCC_MCG_MCY_PUR,6,EBA_CPZ,true,EBA_CT_EBA_x0,,,
19864,DPM_CPS_CPZ_MCC_MCG_MCY_PUR,7,EBA_MCC,true,EBA_MC_EBA_x0,,,
19865,DPM_CPS_CPZ_MCC_MCG_MCY_PUR,7,EBA_MCY,true,EBA_MC_EBA_x60,,,
19866,DPM_CPS_CPZ_MCC_MCG_MCY_PUR,7,EBA_CPS,true,EBA_CT_EBA_x0,,,
19867,DPM_CPS_CPZ_MCC_MCG_MCY_PUR,7,EBA_MCG,true,EBA_MC_EBA_x0,,,
19868,DPM_CPS_CPZ_MCC_MCG_MCY_PUR,7,EBA_PUR,true,EBA_PU_EBA_x0,,,
19869,DPM_CPS_CPZ_MCC_MCG_MCY_PUR,7,EBA_CPZ,true,EBA_CT_EBA_x0,,,
19870,DPM_CPS_CPZ_MCC_MCG_MCY_PUR,8,EBA_MCC,true,EBA_MC_EBA_x0,,,
19871,DPM_CPS_CPZ_MCC_MCG_MCY_PUR,8,EBA_MCY,true,EBA_MC_EBA_x60,,,
19872,DPM_CPS_CPZ_MCC_MCG_MCY_PUR,8,EBA_CPS,true,EBA_CT_EBA_x10,,,
19873,DPM_CPS_CPZ_MCC_MCG_MCY_PUR,8,EBA_MCG,true,EBA_MC_EBA_x0,,,
19874,DPM_CPS_CPZ_MCC_MCG_MCY_PUR,8,EBA_PUR,true,EBA_PU_EBA_x0,,,
19875,DPM_CPS_CPZ_MCC_MCG_MCY_PUR,8,EBA_CPZ,true,EBA_CT_EBA_x0,,,
19876,DPM_CPS_CPZ_MCC_MCG_MCY_PUR,9,EBA_MCC,true,EBA_MC_EBA_x0,,,
19877,DPM_CPS_CPZ_MCC_MCG_MCY_PUR,9,EBA_MCY,true,EBA_MC_EBA_x60,,,
19878,DPM_CPS_CPZ_MCC_MCG_MCY_PUR,9,EBA_CPS,true,EBA_CT_EBA_x1,,,
19879,DPM_CPS_CPZ_MCC_MCG_MCY_PUR,9,EBA_MCG,true,EBA_MC_EBA_x0,,,
19880,DPM_CPS_CPZ_MCC_MCG_MCY_PUR,9,EBA_PUR,true,EBA_PU_EBA_x0,,,
19881,DPM_CPS_CPZ_MCC_MCG_MCY_PUR,9,EBA_CPZ,true,EBA_CT_EBA_x0,,,
19882,DPM_CPS_CPZ_MCC_MCG_MCY_PUR,10,EBA_MCC,true,EBA_MC_EBA_x0,,,
19883,DPM_CPS_CPZ_MCC_MCG_MCY_PUR,10,EBA_MCY,true,EBA_MC_EBA_x60,,,
19884,DPM_CPS_CPZ_MCC_MCG_MCY_PUR,10,EBA_CPS,true,EBA_CT_EBA_x12,,,
19885,DPM_CPS_CPZ_MCC_MCG_MCY_PUR,10,EBA_MCG,true,EBA_MC_EBA_x0,,,
19886,DPM_CPS_CPZ_MCC_MCG_MCY_PUR,10,EBA_PUR,true,EBA_PU_EBA_x0,,,
19887,DPM_CPS_CPZ_MCC_MCG_MCY_PUR,10,EBA_CPZ,true,EBA_CT_EBA_x0,,,
19888,DPM_CPS_CPZ_MCC_MCG_MCY_PUR,11,EBA_MCC,true,EBA_MC_EBA_x0,,,
19889,DPM_CPS_CPZ_MCC_MCG_MCY_PUR,11,EBA_MCY,true,EBA_MC_EBA_x60,,,
19890,DPM_CPS_CPZ_MCC_MCG_MCY_PUR,11,EBA_CPS,true,EBA_CT_EBA_x18,,,
19891,DPM_CPS_CPZ_MCC_MCG_MCY_PUR,11,EBA_MCG,true,EBA_MC_EBA_x0,,,
19892,DPM_CPS_CPZ_MCC_MCG_MCY_PUR,11,EBA_PUR,true,EBA_PU_EBA_x0,,,
19893,DPM_CPS_CPZ_MCC_MCG_MCY_PUR,11,EBA_CPZ,true,EBA_CT_EBA_x0,,,
19894,DPM_CPS_CPZ_MCC_MCG_MCY_PUR,12,EBA_MCC,true,EBA_MC_EBA_x0,,,
19895,DPM_CPS_CPZ_MCC_MCG_MCY_PUR,12,EBA_MCY,true,EBA_MC_EBA_x60,,,
19896,DPM_CPS_CPZ_MCC_MCG_MCY_PUR,12,EBA_CPS,true,EBA_CT_EBA_x20,,,
19897,DPM_CPS_CPZ_MCC_MCG_MCY_PUR,12,EBA_MCG,true,EBA_MC_EBA_x0,,,
19898,DPM_CPS_CPZ_MCC_MCG_MCY_PUR,12,EBA_PUR,true,EBA_PU_EBA_x0,,,
19899,DPM_CPS_CPZ_MCC_MCG_MCY_PUR,12,EBA_CPZ,true,EBA_CT_EBA_x0,,,
19900,DPM_CPS_CPZ_MCC_MCG_MCY_PUR,13,EBA_MCC,true,EBA_MC_EBA_x0,,,
19901,DPM_CPS_CPZ_MCC_MCG_MCY_PUR,13,EBA_MCY,true,EBA_MC_EBA_x469,,,
19902,DPM_CPS_CPZ_MCC_MCG_MCY_PUR,13,EBA_CPS,true,EBA_CT_EBA_x0,,,
19903,DPM_CPS_CPZ_MCC_MCG_MCY_PUR,13,EBA_MCG,true,EBA_MC_EBA_x0,,,
19904,DPM_CPS_CPZ_MCC_MCG_MCY_PUR,13,EBA_PUR,true,EBA_PU_EBA_x0,,,
19905,DPM_CPS_CPZ_MCC_MCG_MCY_PUR,13,EBA_CPZ,true,EBA_CT_EBA_x0,,,
19906,DPM_CPS_CPZ_MCC_MCG_MCY_PUR,14,EBA_MCC,true,EBA_MC_EBA_x0,,,
19907,DPM_CPS_CPZ_MCC_MCG_MCY_PUR,14,EBA_MCY,true,EBA_MC_EBA_x469,,,
19908,DPM_CPS_CPZ_MCC_MCG_MCY_PUR,14,EBA_CPS,true,EBA_CT_EBA_x10,,,
19909,DPM_CPS_CPZ_MCC_MCG_MCY_PUR,14,EBA_MCG,true,EBA_MC_EBA_x0,,,
19910,DPM_CPS_CPZ_MCC_MCG_MCY_PUR,14,EBA_PUR,true,EBA_PU_EBA_x0,,,
19911,DPM_CPS_CPZ_MCC_MCG_MCY_PUR,14,EBA_CPZ,true,EBA_CT_EBA_x0,,,
19912,DPM_CPS_CPZ_MCC_MCG_MCY_PUR,15,EBA_MCC,true,EBA_MC_EBA_x0,,,
19913,DPM_CPS_CPZ_MCC_MCG_MCY_PUR,15,EBA_MCY,true,EBA_MC_EBA_x469,,,
19914,DPM_CPS_CPZ_MCC_MCG_MCY_PUR,15,EBA_CPS,true,EBA_CT_EBA_x1,,,
19915,DPM_CPS_CPZ_MCC_MCG_MCY_PUR,15,EBA_MCG,true,EBA_MC_EBA_x0,,,
19916,DPM_CPS_CPZ_MCC_MCG_MCY_PUR,15,EBA_PUR,true,EBA_PU_EBA_x0,,,
19917,DPM_CPS_CPZ_MCC_MCG_MCY_PUR,15,EBA_CPZ,true,EBA_CT_EBA_x0,,,
19918,DPM_CPS_CPZ_MCC_MCG_MCY_PUR,16,EBA_MCC,true,EBA_MC_EBA_x0,,,
19919,DPM_CPS_CPZ_MCC_MCG_MCY_PUR,16,EBA_MCY,true,EBA_MC_EBA_x469,,,
19920,DPM_CPS_CPZ_MCC_MCG_MCY_PUR,16,EBA_CPS,true,EBA_CT_EBA_x12,,,
19921,DPM_CPS_CPZ_MCC_MCG_MCY_PUR,16,EBA_MCG,true,EBA_MC_EBA_x0,,,
19922,DPM_CPS_CPZ_MCC_MCG_MCY_PUR,16,EBA_PUR,true,EBA_PU_EBA_x0,,,
19923,DPM_CPS_CPZ_MCC_MCG_MCY_PUR,16,EBA_CPZ,true,EBA_CT_EBA_x0,,,
19924,DPM_CPS_CPZ_MCC_MCG_MCY_PUR,17,EBA_MCC,true,EBA_MC_EBA_x0,,,
19925,DPM_CPS_CPZ_MCC_MCG_MCY_PUR,17,EBA_MCY,true,EBA_MC_EBA_x469,,,
19926,DPM_CPS_CPZ_MCC_MCG_MCY_PUR,17,EBA_CPS,true,EBA_CT_EBA_x18,,,
19927,DPM_CPS_CPZ_MCC_MCG_MCY_PUR,17,EBA_MCG,true,EBA_MC_EBA_x0,,,
19928,DPM_CPS_CPZ_MCC_MCG_MCY_PUR,17,EBA_PUR,true,EBA_PU_EBA_x0,,,
19929,DPM_CPS_CPZ_MCC_MCG_MCY_PUR,17,EBA_CPZ,true,EBA_CT_EBA_x0,,,
19930,DPM_CPS_CPZ_MCC_MCG_MCY_PUR,18,EBA_MCC,true,EBA_MC_EBA_x0,,,
19931,DPM_CPS_CPZ_MCC_MCG_MCY_PUR,18,EBA_MCY,true,EBA_MC_EBA_x469,,,
19932,DPM_CPS_CPZ_MCC_MCG_MCY_PUR,18,EBA_CPS,true,EBA_CT_EBA_x20,,,
19933,DPM_CPS_CPZ_MCC_MCG_MCY_PUR,18,EBA_MCG,true,EBA_MC_EBA_x0,,,
19934,DPM_CPS_CPZ_MCC_MCG_MCY_PUR,18,EBA_PUR,true,EBA_PU_EBA_x0,,,
19935,DPM_CPS_CPZ_MCC_MCG_MCY_PUR,18,EBA_CPZ,true,EBA_CT_EBA_x0,,,
19936,DPM_CPS_CPZ_MCC_MCG_MCY_PUR,21,EBA_MCC,true,EBA_MC_EBA_x0,,,
19937,DPM_CPS_CPZ_MCC_MCG_MCY_PUR,21,EBA_MCY,true,EBA_MC_EBA_x469,,,
19938,DPM_CPS_CPZ_MCC_MCG_MCY_PUR,21,EBA_CPS,true,EBA_CT_EBA_x5,,,
19939,DPM_CPS_CPZ_MCC_MCG_MCY_PUR,21,EBA_MCG,true,EBA_MC_EBA_x0,,,
19940,DPM_CPS_CPZ_MCC_MCG_MCY_PUR,21,EBA_PUR,true,EBA_PU_EBA_x0,,,
19941,DPM_CPS_CPZ_MCC_MCG_MCY_PUR,21,EBA_CPZ,true,EBA_CT_EBA_x0,,,
19942,DPM_CPS_CPZ_MCC_MCG_MCY_PUR,22,EBA_MCC,true,EBA_MC_EBA_x294,,,
19943,DPM_CPS_CPZ_MCC_MCG_MCY_PUR,22,EBA_MCY,true,EBA_MC_EBA_x469,,,
19944,DPM_CPS_CPZ_MCC_MCG_MCY_PUR,22,EBA_CPS,true,EBA_CT_EBA_x5,,,
19945,DPM_CPS_CPZ_MCC_MCG_MCY_PUR,22,EBA_MCG,true,EBA_MC_EBA_x0,,,
19946,DPM_CPS_CPZ_MCC_MCG_MCY_PUR,22,EBA_PUR,true,EBA_PU_EBA_x0,,,
19947,DPM_CPS_CPZ_MCC_MCG_MCY_PUR,22,EBA_CPZ,true,EBA_CT_EBA_x0,,,
19948,DPM_CPS_CPZ_MCC_MCG_MCY_PUR,23,EBA_MCC,true,EBA_MC_EBA_x0,,,
19949,DPM_CPS_CPZ_MCC_MCG_MCY_PUR,23,EBA_MCY,true,EBA_MC_EBA_x469,,,
19950,DPM_CPS_CPZ_MCC_MCG_MCY_PUR,23,EBA_CPS,true,EBA_CT_EBA_x5,,,
19951,DPM_CPS_CPZ_MCC_MCG_MCY_PUR,23,EBA_MCG,true,EBA_MC_EBA_x0,,,
19952,DPM_CPS_CPZ_MCC_MCG_MCY_PUR,23,EBA_PUR,true,EBA_PU_EBA_x1,,,
19953,DPM_CPS_CPZ_MCC_MCG_MCY_PUR,23,EBA_CPZ,true,EBA_CT_EBA_x0,,,
19954,DPM_BAS_MCY,0,EBA_BAS,true,EBA_BA_EBA_x1,,,
19955,DPM_BAS_MCY,0,EBA_MCY,true,EBA_MC_EBA_x690,,,
19956,DPM_BAS_MCY,1,EBA_BAS,true,EBA_BA_EBA_x3,,,
19957,DPM_BAS_MCY,1,EBA_MCY,true,EBA_MC_EBA_x20,,,
19958,DPM_BAS_MCY,2,EBA_BAS,true,EBA_BA_EBA_x3,,,
19959,DPM_BAS_MCY,2,EBA_MCY,true,EBA_MC_EBA_x21,,,
19960,DPM_BAS_MCY,3,EBA_BAS,true,EBA_BA_EBA_x3,,,
19961,DPM_BAS_MCY,3,EBA_MCY,true,EBA_MC_EBA_x22,,,
19962,DPM_BAS_MCY,4,EBA_BAS,true,EBA_BA_EBA_x3,,,
19963,DPM_BAS_MCY,4,EBA_MCY,true,EBA_MC_EBA_x23,,,
19964,DPM_BAS_MCY,5,EBA_BAS,true,EBA_BA_EBA_x3,,,
19965,DPM_BAS_MCY,5,EBA_MCY,true,EBA_MC_EBA_x24,,,
19966,DPM_BAS_MCY,6,EBA_BAS,true,EBA_BA_EBA_x17,,,
19967,DPM_BAS_MCY,6,EBA_MCY,true,EBA_MC_EBA_x32,,,
19968,DPM_BAS_MCY,7,EBA_BAS,true,EBA_BA_EBA_x7,,,
19969,DPM_BAS_MCY,7,EBA_MCY,true,EBA_MC_EBA_x86,,,
19970,DPM_BAS_MCY,8,EBA_BAS,true,EBA_BA_EBA_x3,,,
19971,DPM_BAS_MCY,8,EBA_MCY,true,EBA_MC_EBA_x98,,,
19972,DPM_BAS_MCY,9,EBA_BAS,true,EBA_BA_EBA_x5,,,
19973,DPM_BAS_MCY,9,EBA_MCY,true,EBA_MC_EBA_x125,,,
19974,DPM_BAS_MCY,10,EBA_BAS,true,EBA_BA_EBA_x1,,,
19975,DPM_BAS_MCY,10,EBA_MCY,true,EBA_MC_EBA_x150,,,
19976,DPM_BAS_MCY,11,EBA_BAS,true,EBA_BA_EBA_x3,,,
19977,DPM_BAS_MCY,11,EBA_MCY,true,EBA_MC_EBA_x151,,,
19978,DPM_BAS_MCY,12,EBA_BAS,true,EBA_BA_EBA_x3,,,
19979,DPM_BAS_MCY,12,EBA_MCY,true,EBA_MC_EBA_x153,,,
19980,DPM_BAS_MCY,13,EBA_BAS,true,EBA_BA_EBA_x5,,,
19981,DPM_BAS_MCY,13,EBA_MCY,true,EBA_MC_EBA_x153,,,
19982,DPM_BAS_MCY,14,EBA_BAS,true,EBA_BA_EBA_x7,,,
19983,DPM_BAS_MCY,14,EBA_MCY,true,EBA_MC_EBA_x107,,,
19984,DPM_BAS_MCY,15,EBA_BAS,true,EBA_BA_EBA_x1,,,
19985,DPM_BAS_MCY,15,EBA_MCY,true,EBA_MC_EBA_x4,,,
19986,DPM_BAS_MCY,16,EBA_BAS,true,EBA_BA_EBA_x1,,,
19987,DPM_BAS_MCY,16,EBA_MCY,true,EBA_MC_EBA_x512,,,
19988,DPM_BAS_MCY,17,EBA_BAS,true,EBA_BA_EBA_x1,,,
19989,DPM_BAS_MCY,17,EBA_MCY,true,EBA_MC_EBA_x180,,,
19990,DPM_BAS_MCY,18,EBA_BAS,true,EBA_BA_EBA_x1,,,
19991,DPM_BAS_MCY,18,EBA_MCY,true,EBA_MC_EBA_x181,,,
19992,DPM_BAS_MCY,19,EBA_BAS,true,EBA_BA_EBA_x1,,,
19993,DPM_BAS_MCY,19,EBA_MCY,true,EBA_MC_EBA_x187,,,
19994,DPM_BAS_MCY,20,EBA_BAS,true,EBA_BA_EBA_x1,,,
19995,DPM_BAS_MCY,20,EBA_MCY,true,EBA_MC_EBA_x333,,,
19996,DPM_BAS_MCY,21,EBA_BAS,true,EBA_BA_EBA_x1,,,
19997,DPM_BAS_MCY,21,EBA_MCY,true,EBA_MC_EBA_x334,,,
19998,DPM_BAS_MCY,22,EBA_BAS,true,EBA_BA_EBA_x1,,,
19999,DPM_BAS_MCY,22,EBA_MCY,true,EBA_MC_EBA_x500,,,
20000,DPM_BAS_MCY,23,EBA_BAS,true,EBA_BA_EBA_x5,,,
20001,DPM_BAS_MCY,23,EBA_MCY,true,EBA_MC_EBA_x240,,,
20002,DPM_BAS_MCY,24,EBA_BAS,true,EBA_BA_EBA_x3,,,
20003,DPM_BAS_MCY,24,EBA_MCY,true,EBA_MC_EBA_x212,,,
20004,DPM_BAS_MCY,25,EBA_BAS,true,EBA_BA_EBA_x5,,,
20005,DPM_BAS_MCY,25,EBA_MCY,true,EBA_MC_EBA_x212,,,
20006,DPM_BAS_MCY,26,EBA_BAS,true,EBA_BA_EBA_x3,,,
20007,DPM_BAS_MCY,26,EBA_MCY,true,EBA_MC_EBA_x235,,,
20008,DPM_BAS_MCY,27,EBA_BAS,true,EBA_BA_EBA_x1,,,
20009,DPM_BAS_MCY,27,EBA_MCY,true,EBA_MC_EBA_x644,,,
20010,DPM_BAS_MCY,28,EBA_BAS,true,EBA_BA_EBA_x0,,,
20011,DPM_BAS_MCY,28,EBA_MCY,true,EBA_MC_EBA_x130,,,
20012,DPM_BAS_MCY,29,EBA_BAS,true,EBA_BA_EBA_x0,,,
20013,DPM_BAS_MCY,29,EBA_MCY,true,EBA_MC_EBA_x0,,,
20014,DPM_BAS_MCY,30,EBA_BAS,true,EBA_BA_EBA_x3,,,
20015,DPM_BAS_MCY,30,EBA_MCY,true,EBA_MC_EBA_x265,,,
20016,DPM_BAS_MCY,31,EBA_BAS,true,EBA_BA_EBA_x5,,,
20017,DPM_BAS_MCY,31,EBA_MCY,true,EBA_MC_EBA_x265,,,
20018,DPM_BAS_MCY,32,EBA_BAS,true,EBA_BA_EBA_x1,,,
20019,DPM_BAS_MCY,32,EBA_MCY,true,EBA_MC_EBA_x276,,,
20020,DPM_BAS_MCY,33,EBA_BAS,true,EBA_BA_EBA_x1,,,
20021,DPM_BAS_MCY,33,EBA_MCY,true,EBA_MC_EBA_x499,,,
20022,DPM_BAS_MCY,34,EBA_BAS,true,EBA_BA_EBA_x1,,,
20023,DPM_BAS_MCY,34,EBA_MCY,true,EBA_MC_EBA_x277,,,
20024,DPM_BAS_MCY,35,EBA_BAS,true,EBA_BA_EBA_x1,,,
20025,DPM_BAS_MCY,35,EBA_MCY,true,EBA_MC_EBA_x278,,,
20026,DPM_BAS_MCY,36,EBA_BAS,true,EBA_BA_EBA_x1,,,
20027,DPM_BAS_MCY,36,EBA_MCY,true,EBA_MC_EBA_x498,,,
20028,DPM_BAS_MCY,37,EBA_BAS,true,EBA_BA_EBA_x1,,,
20029,DPM_BAS_MCY,37,EBA_MCY,true,EBA_MC_EBA_x279,,,
20030,DPM_BAS_MCY,38,EBA_BAS,true,EBA_BA_EBA_x1,,,
20031,DPM_BAS_MCY,38,EBA_MCY,true,EBA_MC_EBA_x280,,,
20032,DPM_BAS_MCY,39,EBA_BAS,true,EBA_BA_EBA_x3,,,
20033,DPM_BAS_MCY,39,EBA_MCY,true,EBA_MC_EBA_x283,,,
20034,DPM_BAS_MCY,40,EBA_BAS,true,EBA_BA_EBA_x5,,,
20035,DPM_BAS_MCY,40,EBA_MCY,true,EBA_MC_EBA_x283,,,
20036,DPM_BAS_MCY,41,EBA_BAS,true,EBA_BA_EBA_x7,,,
20037,DPM_BAS_MCY,41,EBA_MCY,true,EBA_MC_EBA_x283,,,
20038,DPM_BAS_MCY,42,EBA_BAS,true,EBA_BA_EBA_x10,,,
20039,DPM_BAS_MCY,42,EBA_MCY,true,EBA_MC_EBA_x221,,,
20040,DPM_BAS_MCY,43,EBA_BAS,true,EBA_BA_EBA_x10,,,
20041,DPM_BAS_MCY,43,EBA_MCY,true,EBA_MC_EBA_x154,,,
20042,DPM_BAS_MCY,44,EBA_BAS,true,EBA_BA_EBA_x1,,,
20043,DPM_BAS_MCY,44,EBA_MCY,true,EBA_MC_EBA_x321,,,
20044,DPM_BAS_MCY,45,EBA_BAS,true,EBA_BA_EBA_x6,,,
20045,DPM_BAS_MCY,45,EBA_MCY,true,EBA_MC_EBA_x539,,,
20046,DPM_BAS_MCY,46,EBA_BAS,true,EBA_BA_EBA_x1,,,
20047,DPM_BAS_MCY,46,EBA_MCY,true,EBA_MC_EBA_x501,,,
20048,DPM_BAS_MCY,47,EBA_BAS,true,EBA_BA_EBA_x3,,,
20049,DPM_BAS_MCY,47,EBA_MCY,true,EBA_MC_EBA_x943,,,
20050,DPM_BAS_MCY,48,EBA_BAS,true,EBA_BA_EBA_x17,,,
20051,DPM_BAS_MCY,48,EBA_MCY,true,EBA_MC_EBA_x44,,,
20052,DPM_BAS_MCY,49,EBA_BAS,true,EBA_BA_EBA_x10,,,
20053,DPM_BAS_MCY,49,EBA_MCY,true,EBA_MC_EBA_x52,,,
20054,DPM_BAS_MCY,50,EBA_BAS,true,EBA_BA_EBA_x17,,,
20055,DPM_BAS_MCY,50,EBA_MCY,true,EBA_MC_EBA_x221,,,
20056,DPM_BAS_MCY,51,EBA_BAS,true,EBA_BA_EBA_x17,,,
20057,DPM_BAS_MCY,51,EBA_MCY,true,EBA_MC_EBA_x154,,,
20058,DPM_BAS_MCY,52,EBA_BAS,true,EBA_BA_EBA_x17,,,
20059,DPM_BAS_MCY,52,EBA_MCY,true,EBA_MC_EBA_x52,,,
20060,DPM_BAS_MCY,53,EBA_BAS,true,EBA_BA_EBA_x10,,,
20061,DPM_BAS_CPS_MCB_MCY_APL,19,EBA_CPS,true,EBA_CT_EBA_x0,,,
20062,DPM_BAS_CPS_MCB_MCY_APL,19,EBA_APL,true,EBA_PL_EBA_x28,,,
20063,DPM_BAS_CPS_MCB_MCY_APL,19,EBA_MCB,true,EBA_MC_EBA_x0,,,
20064,DPM_BAS_CPS_MCB_MCY_APL,20,EBA_BAS,true,EBA_BA_EBA_x6,,,
20065,DPM_BAS_CPS_MCB_MCY_APL,20,EBA_MCY,true,EBA_MC_EBA_x99,,,
20066,DPM_BAS_CPS_MCB_MCY_APL,20,EBA_CPS,true,EBA_CT_EBA_x0,,,
20067,DPM_BAS_CPS_MCB_MCY_APL,20,EBA_APL,true,EBA_PL_EBA_x20,,,
20068,DPM_BAS_CPS_MCB_MCY_APL,20,EBA_MCB,true,EBA_MC_EBA_x0,,,
20069,DPM_BAS_CPS_MCB_MCY_APL,21,EBA_BAS,true,EBA_BA_EBA_x6,,,
20070,DPM_BAS_CPS_MCB_MCY_APL,21,EBA_MCY,true,EBA_MC_EBA_x99,,,
20071,DPM_BAS_CPS_MCB_MCY_APL,21,EBA_CPS,true,EBA_CT_EBA_x0,,,
20072,DPM_BAS_CPS_MCB_MCY_APL,21,EBA_APL,true,EBA_PL_EBA_x66,,,
20073,DPM_BAS_CPS_MCB_MCY_APL,21,EBA_MCB,true,EBA_MC_EBA_x0,,,
20074,DPM_BAS_CPS_MCB_MCY_APL,22,EBA_BAS,true,EBA_BA_EBA_x6,,,
20075,DPM_BAS_CPS_MCB_MCY_APL,22,EBA_MCY,true,EBA_MC_EBA_x60,,,
20076,DPM_BAS_CPS_MCB_MCY_APL,22,EBA_CPS,true,EBA_CT_EBA_x0,,,
20077,DPM_BAS_CPS_MCB_MCY_APL,22,EBA_APL,true,EBA_PL_EBA_x750,,,
20078,DPM_BAS_CPS_MCB_MCY_APL,22,EBA_MCB,true,EBA_MC_EBA_x0,,,
20079,DPM_BAS_CPS_MCB_MCY_APL,23,EBA_BAS,true,EBA_BA_EBA_x6,,,
20080,DPM_BAS_CPS_MCB_MCY_APL,23,EBA_MCY,true,EBA_MC_EBA_x60,,,
20081,DPM_BAS_CPS_MCB_MCY_APL,23,EBA_CPS,true,EBA_CT_EBA_x0,,,
20082,DPM_BAS_CPS_MCB_MCY_APL,23,EBA_APL,true,EBA_PL_EBA_x14,,,
20083,DPM_BAS_CPS_MCB_MCY_APL,23,EBA_MCB,true,EBA_MC_EBA_x0,,,
20084,DPM_BAS_CPS_MCB_MCY_APL,24,EBA_BAS,true,EBA_BA_EBA_x6,,,
20085,DPM_BAS_CPS_MCB_MCY_APL,24,EBA_MCY,true,EBA_MC_EBA_x60,,,
20086,DPM_BAS_CPS_MCB_MCY_APL,24,EBA_CPS,true,EBA_CT_EBA_x0,,,
20087,DPM_BAS_CPS_MCB_MCY_APL,24,EBA_APL,true,EBA_PL_EBA_x20,,,
20088,DPM_BAS_CPS_MCB_MCY_APL,24,EBA_MCB,true,EBA_MC_EBA_x0,,,
20089,DPM_BAS_CPS_MCB_MCY_APL,25,EBA_BAS,true,EBA_BA_EBA_x6,,,
20090,DPM_BAS_CPS_MCB_MCY_APL,25,EBA_MCY,true,EBA_MC_EBA_x60,,,
20091,DPM_BAS_CPS_MCB_MCY_APL,25,EBA_CPS,true,EBA_CT_EBA_x0,,,
20092,DPM_BAS_CPS_MCB_MCY_APL,25,EBA_APL,true,EBA_PL_EBA_x500,,,
20093,DPM_BAS_CPS_MCB_MCY_APL,25,EBA_MCB,true,EBA_MC_EBA_x0,,,
20094,DPM_BAS_CPS_MCB_MCY_APL,26,EBA_BAS,true,EBA_BA_EBA_x6,,,
20095,DPM_BAS_CPS_MCB_MCY_APL,26,EBA_MCY,true,EBA_MC_EBA_x60,,,
20096,DPM_BAS_CPS_MCB_MCY_APL,26,EBA_CPS,true,EBA_CT_EBA_x0,,,
20097,DPM_BAS_CPS_MCB_MCY_APL,26,EBA_APL,true,EBA_PL_EBA_x63,,,
20098,DPM_BAS_CPS_MCB_MCY_APL,26,EBA_MCB,true,EBA_MC_EBA_x0,,,
20099,DPM_BAS_CPS_MCB_MCY_APL,27,EBA_BAS,true,EBA_BA_EBA_x6,,,
20100,DPM_BAS_CPS_MCB_MCY_APL,27,EBA_MCY,true,EBA_MC_EBA_x60,,,
20101,DPM_BAS_CPS_MCB_MCY_APL,27,EBA_CPS,true,EBA_CT_EBA_x0,,,
20102,DPM_BAS_CPS_MCB_MCY_APL,27,EBA_APL,true,EBA_PL_EBA_x64,,,
20103,DPM_BAS_CPS_MCB_MCY_APL,27,EBA_MCB,true,EBA_MC_EBA_x0,,,
20104,DPM_BAS_CPS_MCB_MCY_APL,28,EBA_BAS,true,EBA_BA_EBA_x6,,,
20105,DPM_BAS_CPS_MCB_MCY_APL,28,EBA_MCY,true,EBA_MC_EBA_x60,,,
20106,DPM_BAS_CPS_MCB_MCY_APL,28,EBA_CPS,true,EBA_CT_EBA_x0,,,
20107,DPM_BAS_CPS_MCB_MCY_APL,28,EBA_APL,true,EBA_PL_EBA_x66,,,
20108,DPM_BAS_CPS_MCB_MCY_APL,28,EBA_MCB,true,EBA_MC_EBA_x0,,,
20109,DPM_BAS_CPS_MCB_MCY_APL,29,EBA_BAS,true,EBA_BA_EBA_x6,,,
20110,DPM_BAS_CPS_MCB_MCY_APL,29,EBA_MCY,true,EBA_MC_EBA_x60,,,
20111,DPM_BAS_CPS_MCB_MCY_APL,29,EBA_CPS,true,EBA_CT_EBA_x0,,,
20112,DPM_BAS_CPS_MCB_MCY_APL,29,EBA_APL,true,EBA_PL_EBA_x69,,,
20113,DPM_BAS_CPS_MCB_MCY_APL,29,EBA_MCB,true,EBA_MC_EBA_x0,,,
20114,DPM_BAS_CPS_MCB_MCY_APL,30,EBA_BAS,true,EBA_BA_EBA_x6,,,
20115,DPM_BAS_CPS_MCB_MCY_APL,30,EBA_MCY,true,EBA_MC_EBA_x60,,,
20116,DPM_BAS_CPS_MCB_MCY_APL,30,EBA_CPS,true,EBA_CT_EBA_x0,,,
20117,DPM_BAS_CPS_MCB_MCY_APL,30,EBA_APL,true,EBA_PL_EBA_x75,,,
20118,DPM_BAS_CPS_MCB_MCY_APL,30,EBA_MCB,true,EBA_MC_EBA_x0,,,
20119,DPM_BAS_CPS_MCB_MCY_APL,31,EBA_BAS,true,EBA_BA_EBA_x6,,,
20120,DPM_BAS_CPS_MCB_MCY_APL,31,EBA_MCY,true,EBA_MC_EBA_x60,,,
20121,DPM_BAS_CPS_MCB_MCY_APL,31,EBA_CPS,true,EBA_CT_EBA_x0,,,
20122,DPM_BAS_CPS_MCB_MCY_APL,31,EBA_APL,true,EBA_PL_EBA_x62,,,
20123,DPM_BAS_CPS_MCB_MCY_APL,31,EBA_MCB,true,EBA_MC_EBA_x0,,,
20124,DPM_BAS_CPS_MCB_MCY_APL,32,EBA_BAS,true,EBA_BA_EBA_x6,,,
20125,DPM_BAS_CPS_MCB_MCY_APL,32,EBA_MCY,true,EBA_MC_EBA_x130,,,
20126,DPM_BAS_CPS_MCB_MCY_APL,32,EBA_CPS,true,EBA_CT_EBA_x0,,,
20127,DPM_BAS_CPS_MCB_MCY_APL,32,EBA_APL,true,EBA_PL_EBA_x750,,,
20128,DPM_BAS_CPS_MCB_MCY_APL,32,EBA_MCB,true,EBA_MC_EBA_x0,,,
20129,DPM_BAS_CPS_MCB_MCY_APL,33,EBA_BAS,true,EBA_BA_EBA_x6,,,
20130,DPM_BAS_CPS_MCB_MCY_APL,33,EBA_MCY,true,EBA_MC_EBA_x130,,,
20131,DPM_BAS_CPS_MCB_MCY_APL,33,EBA_CPS,true,EBA_CT_EBA_x0,,,
20132,DPM_BAS_CPS_MCB_MCY_APL,33,EBA_APL,true,EBA_PL_EBA_x14,,,
20133,DPM_BAS_CPS_MCB_MCY_APL,33,EBA_MCB,true,EBA_MC_EBA_x0,,,
20134,DPM_BAS_CPS_MCB_MCY_APL,34,EBA_BAS,true,EBA_BA_EBA_x6,,,
20135,DPM_BAS_CPS_MCB_MCY_APL,34,EBA_MCY,true,EBA_MC_EBA_x130,,,
20136,DPM_BAS_CPS_MCB_MCY_APL,34,EBA_CPS,true,EBA_CT_EBA_x0,,,
20137,DPM_BAS_CPS_MCB_MCY_APL,34,EBA_APL,true,EBA_PL_EBA_x20,,,
20138,DPM_BAS_CPS_MCB_MCY_APL,34,EBA_MCB,true,EBA_MC_EBA_x0,,,
20139,DPM_BAS_CPS_MCB_MCY_APL,35,EBA_BAS,true,EBA_BA_EBA_x6,,,
20140,DPM_BAS_CPS_MCB_MCY_APL,35,EBA_MCY,true,EBA_MC_EBA_x130,,,
20141,DPM_BAS_CPS_MCB_MCY_APL,35,EBA_CPS,true,EBA_CT_EBA_x0,,,
20142,DPM_BAS_CPS_MCB_MCY_APL,35,EBA_APL,true,EBA_PL_EBA_x500,,,
20143,DPM_BAS_CPS_MCB_MCY_APL,35,EBA_MCB,true,EBA_MC_EBA_x0,,,
20144,DPM_BAS_CPS_MCB_MCY_APL,36,EBA_BAS,true,EBA_BA_EBA_x6,,,
20145,DPM_BAS_CPS_MCB_MCY_APL,36,EBA_MCY,true,EBA_MC_EBA_x130,,,
20146,DPM_BAS_CPS_MCB_MCY_APL,36,EBA_CPS,true,EBA_CT_EBA_x0,,,
20147,DPM_BAS_CPS_MCB_MCY_APL,36,EBA_APL,true,EBA_PL_EBA_x63,,,
20148,DPM_BAS_CPS_MCB_MCY_APL,36,EBA_MCB,true,EBA_MC_EBA_x0,,,
20149,DPM_BAS_CPS_MCB_MCY_APL,37,EBA_BAS,true,EBA_BA_EBA_x6,,,
20150,DPM_BAS_CPS_MCB_MCY_APL,37,EBA_MCY,true,EBA_MC_EBA_x130,,,
20151,DPM_BAS_CPS_MCB_MCY_APL,37,EBA_CPS,true,EBA_CT_EBA_x0,,,
20152,DPM_BAS_CPS_MCB_MCY_APL,37,EBA_APL,true,EBA_PL_EBA_x64,,,
20153,DPM_BAS_CPS_MCB_MCY_APL,37,EBA_MCB,true,EBA_MC_EBA_x0,,,
20154,DPM_BAS_CPS_MCB_MCY_APL,38,EBA_BAS,true,EBA_BA_EBA_x6,,,
20155,DPM_BAS_CPS_MCB_MCY_APL,38,EBA_MCY,true,EBA_MC_EBA_x130,,,
20156,DPM_BAS_CPS_MCB_MCY_APL,38,EBA_CPS,true,EBA_CT_EBA_x0,,,
20157,DPM_BAS_CPS_MCB_MCY_APL,38,EBA_APL,true,EBA_PL_EBA_x66,,,
20158,DPM_BAS_CPS_MCB_MCY_APL,38,EBA_MCB,true,EBA_MC_EBA_x0,,,
20159,DPM_MCE_APL,54,EBA_MCE,true,EBA_MC_EBA_x130,,,
20160,DPM_MCE_APL,54,EBA_APL,true,EBA_PL_EBA_x14,,,
20161,DPM_MCE_APL,55,EBA_MCE,true,EBA_MC_EBA_x130,,,
20162,DPM_MCE_APL,55,EBA_APL,true,EBA_PL_EBA_x41,,,
20163,DPM_MCE_APL,56,EBA_MCE,true,EBA_MC_EBA_x130,,,
20164,DPM_MCE_APL,56,EBA_APL,true,EBA_PL_EBA_x750,,,
20165,DPM_MCE_APL,57,EBA_MCE,true,EBA_MC_EBA_x130,,,
20166,DPM_MCE_APL,57,EBA_APL,true,EBA_PL_EBA_x0,,,
20167,DPM_MCE_APL,58,EBA_MCE,true,EBA_MC_EBA_x130,,,
20168,DPM_MCE_APL,58,EBA_APL,true,EBA_PL_EBA_x751,,,
20169,DPM_MCE_APL,59,EBA_MCE,true,EBA_MC_EBA_x130,,,
20170,DPM_MCE_APL,59,EBA_APL,true,EBA_PL_EBA_x752,,,
20171,DPM_MCE_APL,60,EBA_MCE,true,EBA_MC_EBA_x130,,,
20172,DPM_MCE_APL,60,EBA_APL,true,EBA_PL_EBA_x61,,,
20173,DPM_MCE_APL,61,EBA_MCE,true,EBA_MC_EBA_x130,,,
20174,DPM_MCE_APL,61,EBA_APL,true,EBA_PL_EBA_x500,,,
20175,DPM_MCE_APL,62,EBA_MCE,true,EBA_MC_EBA_x130,,,
20176,DPM_MCE_APL,62,EBA_APL,true,EBA_PL_EBA_x20,,,
20177,DPM_MCE_APL,63,EBA_MCE,true,EBA_MC_EBA_x130,,,
20178,DPM_MCE_APL,63,EBA_APL,true,EBA_PL_EBA_x6,,,
20179,DPM_MCE_APL,64,EBA_MCE,true,EBA_MC_EBA_x223,,,
20180,DPM_MCE_APL,64,EBA_APL,true,EBA_PL_EBA_x750,,,
20181,DPM_MCE_APL,65,EBA_MCE,true,EBA_MC_EBA_x223,,,
20182,DPM_MCE_APL,65,EBA_APL,true,EBA_PL_EBA_x14,,,
20183,DPM_MCE_APL,66,EBA_MCE,true,EBA_MC_EBA_x223,,,
20184,DPM_MCE_APL,66,EBA_APL,true,EBA_PL_EBA_x75,,,
20185,DPM_MCE_APL,67,EBA_MCE,true,EBA_MC_EBA_x223,,,
20186,DPM_MCE_APL,67,EBA_APL,true,EBA_PL_EBA_x4,,,
20187,DPM_MCE_APL,68,EBA_MCE,true,EBA_MC_EBA_x223,,,
20188,DPM_MCE_APL,68,EBA_APL,true,EBA_PL_EBA_x500,,,
20189,DPM_MCE_APL,69,EBA_MCE,true,EBA_MC_EBA_x143,,,
20190,DPM_MCE_APL,69,EBA_APL,true,EBA_PL_EBA_x500,,,
20191,DPM_MCE_APL,70,EBA_MCE,true,EBA_MC_EBA_x143,,,
20192,DPM_MCE_APL,70,EBA_APL,true,EBA_PL_EBA_x4,,,
20193,DPM_MCE_APL,71,EBA_MCE,true,EBA_MC_EBA_x104,,,
20194,DPM_MCE_APL,71,EBA_APL,true,EBA_PL_EBA_x4,,,
20195,DPM_MCE_APL,72,EBA_MCE,true,EBA_MC_EBA_x469,,,
20196,DPM_MCE_APL,72,EBA_APL,true,EBA_PL_EBA_x14,,,
20197,DPM_MCE_APL,73,EBA_MCE,true,EBA_MC_EBA_x469,,,
20198,DPM_MCE_APL,73,EBA_APL,true,EBA_PL_EBA_x61,,,
20199,DPM_MCE_APL,74,EBA_MCE,true,EBA_MC_EBA_x469,,,
20200,DPM_MCE_APL,74,EBA_APL,true,EBA_PL_EBA_x6,,,
20201,DPM_CTL_MCG,0,EBA_CTL,true,EBA_CG_EBA_x0,,,
20202,DPM_CTL_MCG,0,EBA_MCG,true,EBA_MC_EBA_x0,,,
20203,DPM_CTL_MCG,1,EBA_CTL,true,EBA_CG_EBA_x0,,,
20204,DPM_CTL_MCG,1,EBA_MCG,true,EBA_MC_EBA_x294,,,
20205,DPM_CTL_MCG,2,EBA_CTL,true,EBA_CG_EBA_x18,,,
20206,DPM_CTL_MCG,2,EBA_MCG,true,EBA_MC_EBA_x0,,,
20207,DPM_FLT_FLW,0,EBA_FLW,true,EBA_MC_EBA_x939,,,
20208,DPM_FLT_FLW,0,EBA_FLT,true,EBA_MC_EBA_x0,,,
20209,DPM_FLT_FLW,1,EBA_FLW,true,EBA_MC_EBA_x939,,,
20210,DPM_FLT_FLW,1,EBA_FLT,true,EBA_MC_EBA_x940,,,
20211,DPM_FLT_FLW,2,EBA_FLW,true,EBA_MC_EBA_x939,,,
20212,DPM_FLT_FLW,2,EBA_FLT,true,EBA_MC_EBA_x941,,,
20213,DPM_FLT_FLW,3,EBA_FLW,true,EBA_MC_EBA_x897,,,
20214,DPM_FLT_FLW,3,EBA_FLT,true,EBA_MC_EBA_x0,,,
20215,DPM_FLT_FLW,4,EBA_FLW,true,EBA_MC_EBA_x897,,,
20216,DPM_FLT_FLW,4,EBA_FLT,true,EBA_MC_EBA_x942,,,
20217,DPM_FLT_FLW,5,EBA_FLW,true,EBA_MC_EBA_x897,,,
20218,DPM_FLT_FLW,5,EBA_FLT,true,EBA_MC_EBA_x906,,,
20219,DPM_FLT_FLW,6,EBA_FLW,true,EBA_MC_EBA_x897,,,
20220,DPM_FLT_FLW,6,EBA_FLT,true,EBA_MC_EBA_x941,,,
20221,DPM_FLT_FLW,7,EBA_FLW,true,EBA_MC_EBA_x0,,,
20222,DPM_FLT_FLW,7,EBA_FLT,true,EBA_MC_EBA_x0,,,
20223,DPM_FLT_FLW,8,EBA_FLW,true,EBA_MC_EBA_x898,,,
20224,DPM_FLT_FLW,8,EBA_FLT,true,EBA_MC_EBA_x940,,,
20225,DPM_FLT_FLW,9,EBA_FLW,true,EBA_MC_EBA_x898,,,
20226,DPM_FLT_FLW,9,EBA_FLT,true,EBA_MC_EBA_x941,,,
20227,DPM_FLT_FLW,10,EBA_FLW,true,EBA_MC_EBA_x898,,,
20228,DPM_FLT_FLW,10,EBA_FLT,true,EBA_MC_EBA_x942,,,
20229,DPM_FLT_FLW,11,EBA_FLW,true,EBA_MC_EBA_x725,,,
20230,DPM_FLT_FLW,11,EBA_FLT,true,EBA_MC_EBA_x0,,,
20231,DPM_FLT_FLW,12,EBA_FLW,true,EBA_MC_EBA_x725,,,
20232,DPM_FLT_FLW,12,EBA_FLT,true,EBA_MC_EBA_x749,,,
20233,DPM_FLT_FLW,13,EBA_FLW,true,EBA_MC_EBA_x725,,,
20234,DPM_FLT_FLW,13,EBA_FLT,true,EBA_MC_EBA_x750,,,
20235,DPM_FLT_FLW,14,EBA_FLW,true,EBA_MC_EBA_x725,,,
20236,DPM_FLT_FLW,14,EBA_FLT,true,EBA_MC_EBA_x751,,,
20237,DPM_MCV_F_16.08,2,EBA_MCV,true,EBA_MC_EBA_x739,,,
20238,DPM_MCV_F_16.08,3,EBA_MCV,true,EBA_MC_EBA_x740,,,
20239,DPM_MCV_F_16.08,4,EBA_MCV,true,EBA_MC_EBA_x741,,,
20240,DPM_MCV_F_16.08,5,EBA_MCV,true,EBA_MC_EBA_x742,,,
20241,DPM_MCV_F_16.08,6,EBA_MCV,true,EBA_MC_EBA_x743,,,
20242,DPM_MCV_F_16.08,7,EBA_MCV,true,EBA_MC_EBA_x744,,,
20243,DPM_MCV_F_16.08,8,EBA_MCV,true,EBA_MC_EBA_x745,,,
20244,DPM_MCV_F_16.08,9,EBA_MCV,true,EBA_MC_EBA_x746,,,
20245,DPM_MCV_F_16.08,10,EBA_MCV,true,EBA_MC_EBA_x747,,,
20246,DPM_MCV_F_16.08,11,EBA_MCV,true,EBA_MC_EBA_x0,,,
20247,DPM_BAS_ALO_IMS_APL,0,EBA_BAS,true,EBA_BA_EBA_x6,,,
20248,DPM_BAS_ALO_IMS_APL,0,EBA_APL,true,EBA_PL_EBA_x685,,,
20249,DPM_BAS_ALO_IMS_APL,0,EBA_IMS,true,EBA_IM_EBA_x0,,,
20250,DPM_BAS_ALO_IMS_APL,0,EBA_ALO,true,EBA_IM_EBA_x0,,,
20251,DPM_BAS_ALO_IMS_APL,1,EBA_BAS,true,EBA_BA_EBA_x6,,,
20252,DPM_BAS_ALO_IMS_APL,1,EBA_APL,true,EBA_PL_EBA_x684,,,
20253,DPM_BAS_ALO_IMS_APL,1,EBA_IMS,true,EBA_IM_EBA_x0,,,
20254,DPM_BAS_ALO_IMS_APL,1,EBA_ALO,true,EBA_IM_EBA_x0,,,
20255,DPM_BAS_ALO_IMS_APL,2,EBA_BAS,true,EBA_BA_EBA_x6,,,
20256,DPM_BAS_ALO_IMS_APL,2,EBA_APL,true,EBA_PL_EBA_x684,,,
20257,DPM_BAS_ALO_IMS_APL,2,EBA_IMS,true,EBA_IM_EBA_x6,,,
20258,DPM_BAS_ALO_IMS_APL,2,EBA_ALO,true,EBA_IM_EBA_x0,,,
20259,DPM_BAS_ALO_IMS_APL,3,EBA_BAS,true,EBA_BA_EBA_x6,,,
20260,DPM_BAS_ALO_IMS_APL,3,EBA_APL,true,EBA_PL_EBA_x684,,,
20261,DPM_BAS_ALO_IMS_APL,3,EBA_IMS,true,EBA_IM_EBA_x4,,,
20262,DPM_BAS_ALO_IMS_APL,3,EBA_ALO,true,EBA_IM_EBA_x0,,,
20263,DPM_BAS_ALO_IMS_APL,4,EBA_BAS,true,EBA_BA_EBA_x6,,,
20264,DPM_BAS_ALO_IMS_APL,4,EBA_APL,true,EBA_PL_EBA_x684,,,
20265,DPM_BAS_ALO_IMS_APL,4,EBA_IMS,true,EBA_IM_EBA_x0,,,
20266,DPM_BAS_ALO_IMS_APL,4,EBA_ALO,true,EBA_IM_EBA_x22,,,
20267,DPM_BAS_ALO_IMS_APL,5,EBA_BAS,true,EBA_BA_EBA_x6,,,
20268,DPM_BAS_ALO_IMS_APL,5,EBA_APL,true,EBA_PL_EBA_x684,,,
20269,DPM_BAS_ALO_IMS_APL,5,EBA_IMS,true,EBA_IM_EBA_x0,,,
20270,DPM_BAS_ALO_IMS_APL,5,EBA_ALO,true,EBA_IM_EBA_x230,,,
20271,DPM_BAS_ALO_IMS_APL,6,EBA_BAS,true,EBA_BA_EBA_x6,,,
20272,DPM_BAS_ALO_IMS_APL,6,EBA_APL,true,EBA_PL_EBA_x684,,,
20273,DPM_BAS_ALO_IMS_APL,6,EBA_IMS,true,EBA_IM_EBA_x0,,,
20274,DPM_BAS_ALO_IMS_APL,6,EBA_ALO,true,EBA_IM_EBA_x240,,,
20275,DPM_BAS_ALO_IMS_APL,7,EBA_BAS,true,EBA_BA_EBA_x17,,,
20276,DPM_BAS_ALO_IMS_APL,7,EBA_APL,true,EBA_PL_EBA_x684,,,
20277,DPM_BAS_ALO_IMS_APL,7,EBA_IMS,true,EBA_IM_EBA_x0,,,
20278,DPM_BAS_ALO_IMS_APL,7,EBA_ALO,true,EBA_IM_EBA_x0,,,
20279,DPM_BAS_ALO_IMS_APL,8,EBA_BAS,true,EBA_BA_EBA_x6,,,
20280,DPM_BAS_ALO_IMS_APL,8,EBA_APL,true,EBA_PL_EBA_x69,,,
20281,DPM_BAS_ALO_IMS_APL,8,EBA_IMS,true,EBA_IM_EBA_x6,,,
20282,DPM_BAS_ALO_IMS_APL,8,EBA_ALO,true,EBA_IM_EBA_x0,,,
20283,DPM_BAS_ALO_IMS_APL,9,EBA_BAS,true,EBA_BA_EBA_x6,,,
20284,DPM_BAS_ALO_IMS_APL,9,EBA_APL,true,EBA_PL_EBA_x69,,,
20285,DPM_BAS_ALO_IMS_APL,9,EBA_IMS,true,EBA_IM_EBA_x4,,,
20286,DPM_BAS_ALO_IMS_APL,9,EBA_ALO,true,EBA_IM_EBA_x0,,,
20287,DPM_BAS_ALO_IMS_APL,10,EBA_BAS,true,EBA_BA_EBA_x6,,,
20288,DPM_BAS_ALO_IMS_APL,10,EBA_APL,true,EBA_PL_EBA_x69,,,
20289,DPM_BAS_ALO_IMS_APL,10,EBA_IMS,true,EBA_IM_EBA_x0,,,
20290,DPM_BAS_ALO_IMS_APL,10,EBA_ALO,true,EBA_IM_EBA_x22,,,
20291,DPM_BAS_ALO_IMS_APL,11,EBA_BAS,true,EBA_BA_EBA_x6,,,
20292,DPM_BAS_ALO_IMS_APL,11,EBA_APL,true,EBA_PL_EBA_x69,,,
20293,DPM_BAS_ALO_IMS_APL,11,EBA_IMS,true,EBA_IM_EBA_x0,,,
20294,DPM_BAS_ALO_IMS_APL,11,EBA_ALO,true,EBA_IM_EBA_x230,,,
20295,DPM_BAS_ALO_IMS_APL,12,EBA_BAS,true,EBA_BA_EBA_x6,,,
20296,DPM_BAS_ALO_IMS_APL,12,EBA_APL,true,EBA_PL_EBA_x69,,,
20297,DPM_BAS_ALO_IMS_APL,12,EBA_IMS,true,EBA_IM_EBA_x0,,,
20298,DPM_BAS_ALO_IMS_APL,12,EBA_ALO,true,EBA_IM_EBA_x240,,,
20299,DPM_BAS_ALO_IMS_APL,13,EBA_BAS,true,EBA_BA_EBA_x6,,,
20300,DPM_BAS_ALO_IMS_APL,13,EBA_APL,true,EBA_PL_EBA_x69,,,
20301,DPM_BAS_ALO_IMS_APL,13,EBA_IMS,true,EBA_IM_EBA_x0,,,
20302,DPM_BAS_ALO_IMS_APL,13,EBA_ALO,true,EBA_IM_EBA_x0,,,
20303,DPM_BAS_ALO_IMS_APL,14,EBA_BAS,true,EBA_BA_EBA_x17,,,
20304,DPM_BAS_ALO_IMS_APL,14,EBA_APL,true,EBA_PL_EBA_x69,,,
20305,DPM_BAS_ALO_IMS_APL,14,EBA_IMS,true,EBA_IM_EBA_x0,,,
20306,DPM_BAS_ALO_IMS_APL,14,EBA_ALO,true,EBA_IM_EBA_x0,,,
20307,DPM_BAS_ALO_IMS_APL,15,EBA_BAS,true,EBA_BA_EBA_x6,,,
20308,DPM_BAS_ALO_IMS_APL,15,EBA_APL,true,EBA_PL_EBA_x62,,,
20309,DPM_BAS_ALO_IMS_APL,15,EBA_IMS,true,EBA_IM_EBA_x6,,,
20310,DPM_BAS_ALO_IMS_APL,15,EBA_ALO,true,EBA_IM_EBA_x0,,,
20311,DPM_BAS_ALO_IMS_APL,16,EBA_BAS,true,EBA_BA_EBA_x6,,,
20312,DPM_BAS_ALO_IMS_APL,16,EBA_APL,true,EBA_PL_EBA_x62,,,
20313,DPM_BAS_ALO_IMS_APL,16,EBA_IMS,true,EBA_IM_EBA_x4,,,
20314,DPM_BAS_ALO_IMS_APL,16,EBA_ALO,true,EBA_IM_EBA_x0,,,
20315,DPM_BAS_ALO_IMS_APL,17,EBA_BAS,true,EBA_BA_EBA_x6,,,
20316,DPM_BAS_ALO_IMS_APL,17,EBA_APL,true,EBA_PL_EBA_x62,,,
20317,DPM_BAS_ALO_IMS_APL,17,EBA_IMS,true,EBA_IM_EBA_x0,,,
20318,DPM_BAS_ALO_IMS_APL,17,EBA_ALO,true,EBA_IM_EBA_x22,,,
20319,DPM_BAS_ALO_IMS_APL,18,EBA_BAS,true,EBA_BA_EBA_x6,,,
20320,DPM_BAS_ALO_IMS_APL,18,EBA_APL,true,EBA_PL_EBA_x62,,,
20321,DPM_BAS_ALO_IMS_APL,18,EBA_IMS,true,EBA_IM_EBA_x0,,,
20322,DPM_BAS_ALO_IMS_APL,18,EBA_ALO,true,EBA_IM_EBA_x230,,,
20323,DPM_BAS_ALO_IMS_APL,19,EBA_BAS,true,EBA_BA_EBA_x6,,,
20324,DPM_BAS_ALO_IMS_APL,19,EBA_APL,true,EBA_PL_EBA_x62,,,
20325,DPM_BAS_ALO_IMS_APL,19,EBA_IMS,true,EBA_IM_EBA_x0,,,
20326,DPM_BAS_ALO_IMS_APL,19,EBA_ALO,true,EBA_IM_EBA_x240,,,
20327,DPM_BAS_ALO_IMS_APL,20,EBA_BAS,true,EBA_BA_EBA_x6,,,
20328,DPM_BAS_ALO_IMS_APL,20,EBA_APL,true,EBA_PL_EBA_x62,,,
20329,DPM_BAS_ALO_IMS_APL,20,EBA_IMS,true,EBA_IM_EBA_x0,,,
20330,DPM_BAS_ALO_IMS_APL,20,EBA_ALO,true,EBA_IM_EBA_x0,,,
20331,DPM_BAS_ALO_IMS_APL,21,EBA_BAS,true,EBA_BA_EBA_x17,,,
20332,DPM_BAS_ALO_IMS_APL,21,EBA_APL,true,EBA_PL_EBA_x62,,,
20333,DPM_BAS_ALO_IMS_APL,21,EBA_IMS,true,EBA_IM_EBA_x0,,,
20334,DPM_BAS_ALO_IMS_APL,21,EBA_ALO,true,EBA_IM_EBA_x0,,,
20335,DPM_BAS_ALO_IMS_APL,22,EBA_BAS,true,EBA_BA_EBA_x6,,,
20336,DPM_BAS_ALO_IMS_APL,22,EBA_APL,true,EBA_PL_EBA_x85,,,
20337,DPM_BAS_ALO_IMS_APL,22,EBA_IMS,true,EBA_IM_EBA_x6,,,
20338,DPM_BAS_ALO_IMS_APL,22,EBA_ALO,true,EBA_IM_EBA_x0,,,
20339,DPM_BAS_ALO_IMS_APL,23,EBA_BAS,true,EBA_BA_EBA_x6,,,
20340,DPM_BAS_ALO_IMS_APL,23,EBA_APL,true,EBA_PL_EBA_x85,,,
20341,DPM_BAS_ALO_IMS_APL,23,EBA_IMS,true,EBA_IM_EBA_x4,,,
20342,DPM_BAS_ALO_IMS_APL,23,EBA_ALO,true,EBA_IM_EBA_x0,,,
20343,DPM_BAS_ALO_IMS_APL,24,EBA_BAS,true,EBA_BA_EBA_x6,,,
20344,DPM_BAS_ALO_IMS_APL,24,EBA_APL,true,EBA_PL_EBA_x85,,,
20345,DPM_BAS_ALO_IMS_APL,24,EBA_IMS,true,EBA_IM_EBA_x0,,,
20346,DPM_BAS_ALO_IMS_APL,24,EBA_ALO,true,EBA_IM_EBA_x0,,,
20347,DPM_BAS_ALO_IMS_APL,25,EBA_BAS,true,EBA_BA_EBA_x6,,,
20348,DPM_BAS_ALO_IMS_APL,25,EBA_APL,true,EBA_PL_EBA_x86,,,
20349,DPM_BAS_ALO_IMS_APL,25,EBA_IMS,true,EBA_IM_EBA_x6,,,
20350,DPM_BAS_ALO_IMS_APL,25,EBA_ALO,true,EBA_IM_EBA_x0,,,
20351,DPM_BAS_ALO_IMS_APL,26,EBA_BAS,true,EBA_BA_EBA_x6,,,
20352,DPM_BAS_ALO_IMS_APL,26,EBA_APL,true,EBA_PL_EBA_x86,,,
20353,DPM_BAS_ALO_IMS_APL,26,EBA_IMS,true,EBA_IM_EBA_x4,,,
20354,DPM_BAS_ALO_IMS_APL,26,EBA_ALO,true,EBA_IM_EBA_x0,,,
20355,DPM_FLT_FLW,15,EBA_FLW,true,EBA_MC_EBA_x725,,,
20356,DPM_FLT_FLW,15,EBA_FLT,true,EBA_MC_EBA_x752,,,
20357,DPM_FLT_FLW,16,EBA_FLW,true,EBA_MC_EBA_x725,,,
20358,DPM_FLT_FLW,16,EBA_FLT,true,EBA_MC_EBA_x753,,,
20359,DPM_FLT_FLW,17,EBA_FLW,true,EBA_MC_EBA_x726,,,
20360,DPM_FLT_FLW,17,EBA_FLT,true,EBA_MC_EBA_x0,,,
20361,DPM_FLT_FLW,18,EBA_FLW,true,EBA_MC_EBA_x726,,,
20362,DPM_FLT_FLW,18,EBA_FLT,true,EBA_MC_EBA_x749,,,
20363,DPM_FLT_FLW,19,EBA_FLW,true,EBA_MC_EBA_x726,,,
20364,DPM_FLT_FLW,19,EBA_FLT,true,EBA_MC_EBA_x750,,,
20365,DPM_FLT_FLW,20,EBA_FLW,true,EBA_MC_EBA_x726,,,
20366,DPM_FLT_FLW,20,EBA_FLT,true,EBA_MC_EBA_x776,,,
20367,DPM_FLT_FLW,21,EBA_FLW,true,EBA_MC_EBA_x726,,,
20368,DPM_FLT_FLW,21,EBA_FLT,true,EBA_MC_EBA_x777,,,
20369,DPM_FLT_FLW,22,EBA_FLW,true,EBA_MC_EBA_x726,,,
20370,DPM_FLT_FLW,22,EBA_FLT,true,EBA_MC_EBA_x778,,,
20371,DPM_FLT_FLW,23,EBA_FLW,true,EBA_MC_EBA_x726,,,
20372,DPM_FLT_FLW,23,EBA_FLT,true,EBA_MC_EBA_x779,,,
20373,DPM_FLT_FLW,24,EBA_FLW,true,EBA_MC_EBA_x726,,,
20374,DPM_FLT_FLW,24,EBA_FLT,true,EBA_MC_EBA_x780,,,
20375,DPM_FLT_FLW,25,EBA_FLW,true,EBA_MC_EBA_x726,,,
20376,DPM_FLT_FLW,25,EBA_FLT,true,EBA_MC_EBA_x751,,,
20377,DPM_FLT_FLW,26,EBA_FLW,true,EBA_MC_EBA_x726,,,
20378,DPM_FLT_FLW,26,EBA_FLT,true,EBA_MC_EBA_x781,,,
20379,DPM_FLT_FLW,27,EBA_FLW,true,EBA_MC_EBA_x726,,,
20380,DPM_FLT_FLW,27,EBA_FLT,true,EBA_MC_EBA_x795,,,
20381,DPM_FLT_FLW,28,EBA_FLW,true,EBA_MC_EBA_x726,,,
20382,DPM_FLT_FLW,28,EBA_FLT,true,EBA_MC_EBA_x811,,,
20383,DPM_FLT_FLW,29,EBA_FLW,true,EBA_MC_EBA_x726,,,
20384,DPM_FLT_FLW,29,EBA_FLT,true,EBA_MC_EBA_x818,,,
20385,DPM_FLT_FLW,30,EBA_FLW,true,EBA_MC_EBA_x726,,,
20386,DPM_FLT_FLW,30,EBA_FLT,true,EBA_MC_EBA_x194,,,
20387,DPM_FLT_FLW,31,EBA_FLW,true,EBA_MC_EBA_x726,,,
20388,DPM_FLT_FLW,31,EBA_FLT,true,EBA_MC_EBA_x753,,,
20389,DPM_NPE,0,EBA_NPE,true,EBA_IM_EBA_x0,,,
20390,DPM_NPE,1,EBA_NPE,true,EBA_IM_EBA_x39,,,
20391,DPM_NPE,2,EBA_NPE,true,EBA_IM_EBA_x40,,,
20392,DPM_NPE,3,EBA_NPE,true,EBA_IM_EBA_x41,,,
20393,DPM_PIR,0,EBA_PIR,true,EBA_RF_EBA_x52,,,
20394,DPM_PIR,1,EBA_PIR,true,EBA_RF_EBA_x0,,,
20395,DPM_POV,0,EBA_POV,true,EBA_RF_EBA_x57,,,
20396,DPM_POV,1,EBA_POV,true,EBA_RF_EBA_x0,,,
20397,DPM_POV,2,EBA_POV,true,EBA_RF_EBA_x58,,,
20398,DPM_TIE,0,EBA_TIE,true,EBA_TI_EBA_x0,,,
20399,DPM_TIE,1,EBA_TIE,true,EBA_TI_EBA_x118,,,
20400,DPM_TIE,2,EBA_TIE,true,EBA_TI_EBA_x29,,,
20401,DPM_TIE,3,EBA_TIE,true,EBA_TI_EBA_x23,,,
20402,DPM_TIE,4,EBA_TIE,true,EBA_TI_EBA_x127,,,
20403,DPM_TYA_F_24.01,0,EBA_TYA,true,EBA_TA_EBA_x110,,,
20404,DPM_TYA_F_24.01,1,EBA_TYA,true,EBA_TA_EBA_x111,,,
20405,DPM_TYA_F_24.01,2,EBA_TYA,true,EBA_TA_EBA_x112,,,
20406,DPM_TYA_F_24.01,3,EBA_TYA,true,EBA_TA_EBA_x0,,,
20407,DPM_TYA_F_24.01,4,EBA_TYA,true,EBA_TA_EBA_x113,,,
20408,DPM_CNO,0,EBA_CNO,true,EBA_BT_EBA_x4,,,
20409,DPM_CNO,1,EBA_CNO,true,EBA_BT_EBA_x3,,,
20410,DPM_CNO,2,EBA_CNO,true,EBA_BT_EBA_x0,,,
20411,DPM_TRI_F_02.00,0,EBA_TRI,true,EBA_TR_EBA_x0,,,
20412,DPM_TRI_F_02.00,1,EBA_TRI,true,EBA_TR_EBA_x9,,,
20413,DPM_IMS_F_06.01,0,EBA_IMS,true,EBA_IM_EBA_x3,,,
20414,DPM_IMS_F_06.01,1,EBA_IMS,true,EBA_IM_EBA_x0,,,
20415,DPM_MCY,0,EBA_MCY,true,EBA_MC_EBA_x60,,,
20416,DPM_MCY,1,EBA_MCY,true,EBA_MC_EBA_x223,,,
20417,DPM_MCY,2,EBA_MCY,true,EBA_MC_EBA_x135,,,
20418,DPM_MCY,3,EBA_MCY,true,EBA_MC_EBA_x92,,,
20419,DPM_MCY,4,EBA_MCY,true,EBA_MC_EBA_x93,,,
20420,DPM_MCY,5,EBA_MCY,true,EBA_MC_EBA_x99,,,
20421,DPM_MCY,6,EBA_MCY,true,EBA_MC_EBA_x104,,,
20422,DPM_MCY,7,EBA_MCY,true,EBA_MC_EBA_x111,,,
20423,DPM_MCY,8,EBA_MCY,true,EBA_MC_EBA_x130,,,
20424,DPM_MCY,9,EBA_MCY,true,EBA_MC_EBA_x143,,,
20425,DPM_MCY,10,EBA_MCY,true,EBA_MC_EBA_x154,,,
20426,DPM_MCY,11,EBA_MCY,true,EBA_MC_EBA_x221,,,
20427,DPM_MCY,12,EBA_MCY,true,EBA_MC_EBA_x469,,,
20428,DPM_MCY,13,EBA_MCY,true,EBA_MC_EBA_x251,,,
20429,DPM_MCY,14,EBA_MCY,true,EBA_MC_EBA_x52,,,
20430,DPM_MCY,15,EBA_MCY,true,EBA_MC_EBA_x264,,,
20431,DPM_MCY,16,EBA_MCY,true,EBA_MC_EBA_x146,,,
20432,DPM_MCY,17,EBA_MCY,true,EBA_MC_EBA_x323,,,
20433,DPM_MCY,18,EBA_MCY,true,EBA_MC_EBA_x423,,,
20434,DPM_NAC,0,EBA_NAC,true,EBA_NC_EBA_A,,,
20435,DPM_NAC,1,EBA_NAC,true,EBA_NC_EBA_B,,,
20436,DPM_NAC,2,EBA_NAC,true,EBA_NC_EBA_C,,,
20437,DPM_NAC,3,EBA_NAC,true,EBA_NC_EBA_D,,,
20438,DPM_NAC,4,EBA_NAC,true,EBA_NC_EBA_E,,,
20439,DPM_NAC,5,EBA_NAC,true,EBA_NC_EBA_F,,,
20440,DPM_NAC,6,EBA_NAC,true,EBA_NC_EBA_G,,,
20441,DPM_NAC,7,EBA_NAC,true,EBA_NC_EBA_H,,,
20442,DPM_NAC,8,EBA_NAC,true,EBA_NC_EBA_I,,,
20443,DPM_NAC,9,EBA_NAC,true,EBA_NC_EBA_J,,,
20444,DPM_NAC,10,EBA_NAC,true,EBA_NC_EBA_K,,,
20445,DPM_NAC,11,EBA_NAC,true,EBA_NC_EBA_L,,,
20446,DPM_NAC,12,EBA_NAC,true,EBA_NC_EBA_M,,,
20447,DPM_NAC,13,EBA_NAC,true,EBA_NC_EBA_N,,,
20448,DPM_NAC,14,EBA_NAC,true,EBA_NC_EBA_O,,,
20449,DPM_NAC,15,EBA_NAC,true,EBA_NC_EBA_P,,,
20450,DPM_NAC,16,EBA_NAC,true,EBA_NC_EBA_Q,,,
20451,DPM_NAC,17,EBA_NAC,true,EBA_NC_EBA_R,,,
20452,DPM_NAC,18,EBA_NAC,true,EBA_NC_EBA_S,,,
20453,DPM_NAC,19,EBA_NAC,true,EBA_NC_EBA_x0,,,
20454,DPM_APL,0,EBA_APL,true,EBA_PL_EBA_x0,,,
20455,DPM_APL,1,EBA_APL,true,EBA_PL_EBA_x13,,,
20456,DPM_APL,2,EBA_APL,true,EBA_PL_EBA_x79,,,
20457,DPM_APL,3,EBA_APL,true,EBA_PL_EBA_x491,,,
20458,DPM_APL,4,EBA_APL,true,EBA_PL_EBA_x12,,,
20459,DPM_APL,5,EBA_APL,true,EBA_PL_EBA_x28,,,
20460,DPM_APL,6,EBA_APL,true,EBA_PL_EBA_x687,,,
20461,DPM_APL,7,EBA_APL,true,EBA_PL_EBA_x750,,,
20462,DPM_APL,8,EBA_APL,true,EBA_PL_EBA_x84,,,
20463,DPM_APL,9,EBA_APL,true,EBA_PL_EBA_x684,,,
20464,DPM_APL,10,EBA_APL,true,EBA_PL_EBA_x685,,,
20465,DPM_APL,11,EBA_APL,true,EBA_PL_EBA_x64,,,
20466,DPM_APL,12,EBA_APL,true,EBA_PL_EBA_x41,,,
20467,DPM_APL,13,EBA_APL,true,EBA_PL_EBA_x741,,,
20468,DPM_APL,14,EBA_APL,true,EBA_PL_EBA_x742,,,
20469,DPM_APL,15,EBA_APL,true,EBA_PL_EBA_x688,,,
20470,DPM_APL,16,EBA_APL,true,EBA_PL_EBA_x69,,,
20471,DPM_CPS_CPZ_MCY_TMA,5,EBA_CPS,true,EBA_CT_EBA_x0,,,
20472,DPM_CPS_CPZ_MCY_TMA,5,EBA_CPZ,true,EBA_CT_EBA_x0,,,
20473,DPM_CPS_CPZ_MCY_TMA,5,EBA_TMA,true,EBA_MA_EBA_x0,,,
20474,DPM_CPS_CPZ_MCY_TMA,6,EBA_MCY,true,EBA_MC_EBA_x469,,,
20475,DPM_CPS_CPZ_MCY_TMA,6,EBA_CPS,true,EBA_CT_EBA_x0,,,
20476,DPM_CPS_CPZ_MCY_TMA,6,EBA_CPZ,true,EBA_CT_EBA_x0,,,
20477,DPM_CPS_CPZ_MCY_TMA,6,EBA_TMA,true,EBA_MA_EBA_x0,,,
20478,DPM_CPS_CPZ_MCY_TMA,7,EBA_MCY,true,EBA_MC_EBA_x469,,,
20479,DPM_CPS_CPZ_MCY_TMA,7,EBA_CPS,true,EBA_CT_EBA_x5,,,
20480,DPM_CPS_CPZ_MCY_TMA,7,EBA_CPZ,true,EBA_CT_EBA_x0,,,
20481,DPM_CPS_CPZ_MCY_TMA,7,EBA_TMA,true,EBA_MA_EBA_x0,,,
20482,DPM_CPS_CPZ_MCY_TMA,8,EBA_MCY,true,EBA_MC_EBA_x469,,,
20483,DPM_CPS_CPZ_MCY_TMA,8,EBA_CPS,true,EBA_CT_EBA_x12,,,
20484,DPM_CPS_CPZ_MCY_TMA,8,EBA_CPZ,true,EBA_CT_EBA_x0,,,
20485,DPM_CPS_CPZ_MCY_TMA,8,EBA_TMA,true,EBA_MA_EBA_x0,,,
20486,DPM_CPS_CPZ_MCY_TMA,9,EBA_MCY,true,EBA_MC_EBA_x469,,,
20487,DPM_CPS_CPZ_MCY_TMA,9,EBA_CPS,true,EBA_CT_EBA_x20,,,
20488,DPM_CPS_CPZ_MCY_TMA,9,EBA_CPZ,true,EBA_CT_EBA_x0,,,
20489,DPM_CPS_CPZ_MCY_TMA,9,EBA_TMA,true,EBA_MA_EBA_x0,,,
20490,DPM_CPS_CPZ_MCY_TMA,10,EBA_MCY,true,EBA_MC_EBA_x469,,,
20491,DPM_CPS_CPZ_MCY_TMA,10,EBA_CPS,true,EBA_CT_EBA_x20,,,
20492,DPM_CPS_CPZ_MCY_TMA,10,EBA_CPZ,true,EBA_CT_EBA_x23,,,
20493,DPM_CPS_CPZ_MCY_TMA,10,EBA_TMA,true,EBA_MA_EBA_x0,,,
20494,DPM_CPS_CPZ_MCY_TMA,11,EBA_MCY,true,EBA_MC_EBA_x469,,,
20495,DPM_CPS_CPZ_MCY_TMA,11,EBA_CPS,true,EBA_CT_EBA_x18,,,
20496,DPM_CPS_CPZ_MCY_TMA,11,EBA_CPZ,true,EBA_CT_EBA_x0,,,
20497,DPM_CPS_CPZ_MCY_TMA,11,EBA_TMA,true,EBA_MA_EBA_x0,,,
20498,DPM_CPS_CPZ_MCY_TMA,12,EBA_MCY,true,EBA_MC_EBA_x469,,,
20499,DPM_CPS_CPZ_MCY_TMA,12,EBA_CPS,true,EBA_CT_EBA_x10,,,
20500,DPM_CPS_CPZ_MCY_TMA,12,EBA_CPZ,true,EBA_CT_EBA_x0,,,
20501,DPM_CPS_CPZ_MCY_TMA,12,EBA_TMA,true,EBA_MA_EBA_x0,,,
20502,DPM_CPS_CPZ_MCY_TMA,13,EBA_MCY,true,EBA_MC_EBA_x469,,,
20503,DPM_CPS_CPZ_MCY_TMA,13,EBA_CPS,true,EBA_CT_EBA_x1,,,
20504,DPM_CPS_CPZ_MCY_TMA,13,EBA_CPZ,true,EBA_CT_EBA_x0,,,
20505,DPM_CPS_CPZ_MCY_TMA,13,EBA_TMA,true,EBA_MA_EBA_x0,,,
20506,DPM_CPS_CPZ_MCY_TMA,14,EBA_MCY,true,EBA_MC_EBA_x60,,,
20507,DPM_CPS_CPZ_MCY_TMA,14,EBA_CPS,true,EBA_CT_EBA_x0,,,
20508,DPM_CPS_CPZ_MCY_TMA,14,EBA_CPZ,true,EBA_CT_EBA_x0,,,
20509,DPM_CPS_CPZ_MCY_TMA,14,EBA_TMA,true,EBA_MA_EBA_x0,,,
20510,DPM_CPS_CPZ_MCY_TMA,15,EBA_MCY,true,EBA_MC_EBA_x60,,,
20511,DPM_CPS_CPZ_MCY_TMA,15,EBA_CPS,true,EBA_CT_EBA_x12,,,
20512,DPM_CPS_CPZ_MCY_TMA,15,EBA_CPZ,true,EBA_CT_EBA_x0,,,
20513,DPM_CPS_CPZ_MCY_TMA,15,EBA_TMA,true,EBA_MA_EBA_x0,,,
20514,DPM_CPS_CPZ_MCY_TMA,16,EBA_MCY,true,EBA_MC_EBA_x60,,,
20515,DPM_CPS_CPZ_MCY_TMA,16,EBA_CPS,true,EBA_CT_EBA_x20,,,
20516,DPM_CPS_CPZ_MCY_TMA,16,EBA_CPZ,true,EBA_CT_EBA_x0,,,
20517,DPM_CPS_CPZ_MCY_TMA,16,EBA_TMA,true,EBA_MA_EBA_x0,,,
20518,DPM_CPS_CPZ_MCY_TMA,17,EBA_MCY,true,EBA_MC_EBA_x60,,,
20519,DPM_CPS_CPZ_MCY_TMA,17,EBA_CPS,true,EBA_CT_EBA_x18,,,
20520,DPM_CPS_CPZ_MCY_TMA,17,EBA_CPZ,true,EBA_CT_EBA_x0,,,
20521,DPM_CPS_CPZ_MCY_TMA,17,EBA_TMA,true,EBA_MA_EBA_x0,,,
20522,DPM_CPS_CPZ_MCY_TMA,18,EBA_MCY,true,EBA_MC_EBA_x60,,,
20523,DPM_CPS_CPZ_MCY_TMA,18,EBA_CPS,true,EBA_CT_EBA_x10,,,
20524,DPM_CPS_CPZ_MCY_TMA,18,EBA_CPZ,true,EBA_CT_EBA_x0,,,
20525,DPM_CPS_CPZ_MCY_TMA,18,EBA_TMA,true,EBA_MA_EBA_x0,,,
20526,DPM_CPS_CPZ_MCY_TMA,19,EBA_MCY,true,EBA_MC_EBA_x60,,,
20527,DPM_CPS_CPZ_MCY_TMA,19,EBA_CPS,true,EBA_CT_EBA_x1,,,
20528,DPM_CPS_CPZ_MCY_TMA,19,EBA_CPZ,true,EBA_CT_EBA_x0,,,
20529,DPM_CPS_CPZ_MCY_TMA,19,EBA_TMA,true,EBA_MA_EBA_x0,,,
20530,DPM_LAC,0,EBA_LAC,true,EBA_BT_EBA_x6,,,
20531,DPM_LAC,1,EBA_LAC,true,EBA_BT_EBA_x7,,,
20532,DPM_MCE_APL,0,EBA_MCE,true,EBA_MC_EBA_x329,,,
20533,DPM_MCE_APL,0,EBA_APL,true,EBA_PL_EBA_x37,,,
20534,DPM_MCE_APL,1,EBA_MCE,true,EBA_MC_EBA_x329,,,
20535,DPM_MCE_APL,1,EBA_APL,true,EBA_PL_EBA_x46,,,
20536,DPM_MCE_APL,2,EBA_MCE,true,EBA_MC_EBA_x0,,,
20537,DPM_MCE_APL,2,EBA_APL,true,EBA_PL_EBA_x41,,,
20538,DPM_MCE_APL,3,EBA_MCE,true,EBA_MC_EBA_x0,,,
20539,DPM_MCE_APL,3,EBA_APL,true,EBA_PL_EBA_x13,,,
20540,DPM_MCE_APL,4,EBA_MCE,true,EBA_MC_EBA_x210,,,
20541,DPM_MCE_APL,4,EBA_APL,true,EBA_PL_EBA_x43,,,
20542,DPM_MCE_APL,5,EBA_MCE,true,EBA_MC_EBA_x210,,,
20543,DPM_MCE_APL,5,EBA_APL,true,EBA_PL_EBA_x0,,,
20544,DPM_MCE_APL,6,EBA_MCE,true,EBA_MC_EBA_x219,,,
20545,DPM_MCE_APL,6,EBA_APL,true,EBA_PL_EBA_x0,,,
20546,DPM_MCE_APL,7,EBA_MCE,true,EBA_MC_EBA_x25,,,
20547,DPM_MCE_APL,7,EBA_APL,true,EBA_PL_EBA_x0,,,
20548,DPM_MCE_APL,8,EBA_MCE,true,EBA_MC_EBA_x283,,,
20549,DPM_MCE_APL,8,EBA_APL,true,EBA_PL_EBA_x0,,,
20550,DPM_MCE_APL,9,EBA_MCE,true,EBA_MC_EBA_x287,,,
20551,DPM_MCE_APL,9,EBA_APL,true,EBA_PL_EBA_x0,,,
20552,DPM_MCE_APL,10,EBA_MCE,true,EBA_MC_EBA_x31,,,
20553,DPM_MCE_APL,10,EBA_APL,true,EBA_PL_EBA_x0,,,
20554,DPM_MCE_APL,11,EBA_MCE,true,EBA_MC_EBA_x320,,,
20555,DPM_MCE_APL,11,EBA_APL,true,EBA_PL_EBA_x0,,,
20556,DPM_MCE_APL,12,EBA_MCE,true,EBA_MC_EBA_x34,,,
20557,DPM_MCE_APL,12,EBA_APL,true,EBA_PL_EBA_x79,,,
20558,DPM_MCE_APL,13,EBA_MCE,true,EBA_MC_EBA_x329,,,
20559,DPM_MCE_APL,13,EBA_APL,true,EBA_PL_EBA_x38,,,
20560,DPM_MCE_APL,14,EBA_MCE,true,EBA_MC_EBA_x329,,,
20561,DPM_MCE_APL,14,EBA_APL,true,EBA_PL_EBA_x47,,,
20562,DPM_MCE_APL,15,EBA_MCE,true,EBA_MC_EBA_x184,,,
20563,DPM_MCE_APL,15,EBA_APL,true,EBA_PL_EBA_x79,,,
20564,DPM_MCE_APL,16,EBA_MCE,true,EBA_MC_EBA_x37,,,
20565,DPM_MCE_APL,16,EBA_APL,true,EBA_PL_EBA_x79,,,
20566,DPM_MCE_APL,17,EBA_MCE,true,EBA_MC_EBA_x576,,,
20567,DPM_MCE_APL,17,EBA_APL,true,EBA_PL_EBA_x0,,,
20568,DPM_MCE_APL,18,EBA_MCE,true,EBA_MC_EBA_x677,,,
20569,DPM_MCE_APL,18,EBA_APL,true,EBA_PL_EBA_x0,,,
20570,DPM_MCE_APL,19,EBA_MCE,true,EBA_MC_EBA_x944,,,
20571,DPM_MCE_APL,19,EBA_APL,true,EBA_PL_EBA_x0,,,
20572,DPM_MCE_APL,20,EBA_MCE,true,EBA_MC_EBA_x25,,,
20573,DPM_MCE_APL,20,EBA_APL,true,EBA_PL_EBA_x491,,,
20574,DPM_MCE_APL,21,EBA_MCE,true,EBA_MC_EBA_x179,,,
20575,DPM_MCE_APL,21,EBA_APL,true,EBA_PL_EBA_x0,,,
20576,DPM_MCE_APL,22,EBA_MCE,true,EBA_MC_EBA_x184,,,
20577,DPM_MCE_APL,22,EBA_APL,true,EBA_PL_EBA_x0,,,
20578,DPM_MCE_APL,23,EBA_MCE,true,EBA_MC_EBA_x209,,,
20579,DPM_MCE_APL,23,EBA_APL,true,EBA_PL_EBA_x79,,,
20580,DPM_MCE_APL,24,EBA_MCE,true,EBA_MC_EBA_x36,,,
20581,DPM_MCE_APL,24,EBA_APL,true,EBA_PL_EBA_x0,,,
20582,DPM_MCE_APL,25,EBA_MCE,true,EBA_MC_EBA_x575,,,
20583,DPM_MCE_APL,25,EBA_APL,true,EBA_PL_EBA_x79,,,
20584,DPM_MCE_APL,26,EBA_MCE,true,EBA_MC_EBA_x0,,,
20585,DPM_MCE_APL,26,EBA_APL,true,EBA_PL_EBA_x28,,,
20586,DPM_MCE_APL,27,EBA_MCE,true,EBA_MC_EBA_x330,,,
20587,DPM_MCE_APL,27,EBA_APL,true,EBA_PL_EBA_x0,,,
20588,DPM_MCE_APL,28,EBA_MCE,true,EBA_MC_EBA_x0,,,
20589,DPM_MCE_APL,28,EBA_APL,true,EBA_PL_EBA_x0,,,
20590,DPM_MCE_APL,29,EBA_MCE,true,EBA_MC_EBA_x920,,,
20591,DPM_MCE_APL,29,EBA_APL,true,EBA_PL_EBA_x0,,,
20592,DPM_MCE_APL,30,EBA_MCE,true,EBA_MC_EBA_x0,,,
20593,DPM_MCE_APL,30,EBA_APL,true,EBA_PL_EBA_x61,,,
20594,DPM_MCE_APL,31,EBA_MCE,true,EBA_MC_EBA_x46,,,
20595,DPM_MCE_APL,31,EBA_APL,true,EBA_PL_EBA_x12,,,
20596,DPM_MCE_APL,32,EBA_MCE,true,EBA_MC_EBA_x99,,,
20597,DPM_MCE_APL,32,EBA_APL,true,EBA_PL_EBA_x28,,,
20598,DPM_MCE_APL,33,EBA_MCE,true,EBA_MC_EBA_x135,,,
20599,DPM_MCE_APL,33,EBA_APL,true,EBA_PL_EBA_x61,,,
20600,DPM_MCE_APL,34,EBA_MCE,true,EBA_MC_EBA_x135,,,
20601,DPM_MCE_APL,34,EBA_APL,true,EBA_PL_EBA_x6,,,
20602,DPM_MCE_APL,35,EBA_MCE,true,EBA_MC_EBA_x135,,,
20603,DPM_MCE_APL,35,EBA_APL,true,EBA_PL_EBA_x25,,,
20604,DPM_MCE_APL,36,EBA_MCE,true,EBA_MC_EBA_x264,,,
20605,DPM_MCE_APL,36,EBA_APL,true,EBA_PL_EBA_x6,,,
20606,DPM_MCE_APL,37,EBA_MCE,true,EBA_MC_EBA_x264,,,
20607,DPM_MCE_APL,37,EBA_APL,true,EBA_PL_EBA_x61,,,
20608,DPM_MCE_APL,38,EBA_MCE,true,EBA_MC_EBA_x264,,,
20609,DPM_MCE_APL,38,EBA_APL,true,EBA_PL_EBA_x25,,,
20610,DPM_MCE_APL,39,EBA_MCE,true,EBA_MC_EBA_x93,,,
20611,DPM_MCE_APL,39,EBA_APL,true,EBA_PL_EBA_x25,,,
20612,DPM_RPR,0,EBA_RPR,true,EBA_RP_EBA_x12,,,
20613,DPM_RPR,1,EBA_RPR,true,EBA_RP_EBA_x8,,,
20614,DPM_RPR,2,EBA_RPR,true,EBA_RP_EBA_x1,,,
20615,DPM_RPR,3,EBA_RPR,true,EBA_RP_EBA_x4,,,
20616,DPM_RPR,4,EBA_RPR,true,EBA_RP_EBA_x5,,,
20617,DPM_RPR,5,EBA_RPR,true,EBA_RP_EBA_x10,,,
20618,DPM_TYR,0,EBA_TYR,true,EBA_TA_EBA_x3,,,
20619,DPM_TYR,1,EBA_TYR,true,EBA_TA_EBA_x35,,,
20620,DPM_TYR,2,EBA_TYR,true,EBA_TA_EBA_x36,,,
20621,DPM_TYR,3,EBA_TYR,true,EBA_TA_EBA_x5,,,
20622,DPM_TYR,4,EBA_TYR,true,EBA_TA_EBA_x0,,,
20623,DPM_BAS_MCE_MCY_TYA_2.9,0,EBA_MCY,true,EBA_MC_EBA_x153,,,
20624,DPM_BAS_MCE_MCY_TYA_2.9,0,EBA_BAS,true,EBA_BA_EBA_x5,,,
20625,DPM_BAS_MCE_MCY_TYA_2.9,0,EBA_MCE,true,EBA_MC_EBA_x0,,,
20626,DPM_BAS_MCE_MCY_TYA_2.9,0,EBA_TYA,true,EBA_TA_EBA_x0,,,
20627,DPM_BAS_MCE_MCY_TYA_2.9,1,EBA_MCY,true,EBA_MC_EBA_x153,,,
20628,DPM_BAS_MCE_MCY_TYA_2.9,1,EBA_BAS,true,EBA_BA_EBA_x5,,,
20629,DPM_BAS_MCE_MCY_TYA_2.9,1,EBA_MCE,true,EBA_MC_EBA_x0,,,
20630,DPM_BAS_MCE_MCY_TYA_2.9,1,EBA_TYA,true,EBA_TA_EBA_x31,,,
20631,DPM_BAS_MCE_MCY_TYA_2.9,2,EBA_MCY,true,EBA_MC_EBA_x153,,,
20632,DPM_BAS_MCE_MCY_TYA_2.9,2,EBA_BAS,true,EBA_BA_EBA_x5,,,
20633,DPM_BAS_MCE_MCY_TYA_2.9,2,EBA_MCE,true,EBA_MC_EBA_x0,,,
20634,DPM_BAS_MCE_MCY_TYA_2.9,2,EBA_TYA,true,EBA_TA_EBA_x32,,,
20635,DPM_BAS_MCE_MCY_TYA_2.9,3,EBA_MCY,true,EBA_MC_EBA_x153,,,
20636,DPM_BAS_MCE_MCY_TYA_2.9,3,EBA_BAS,true,EBA_BA_EBA_x5,,,
20637,DPM_BAS_MCE_MCY_TYA_2.9,3,EBA_MCE,true,EBA_MC_EBA_x0,,,
20638,DPM_BAS_MCE_MCY_TYA_2.9,3,EBA_TYA,true,EBA_TA_EBA_x34,,,
20639,DPM_BAS_MCE_MCY_TYA_2.9,4,EBA_MCY,true,EBA_MC_EBA_x153,,,
20640,DPM_BAS_MCE_MCY_TYA_2.9,4,EBA_BAS,true,EBA_BA_EBA_x5,,,
20641,DPM_BAS_MCE_MCY_TYA_2.9,4,EBA_MCE,true,EBA_MC_EBA_x0,,,
20642,DPM_BAS_MCE_MCY_TYA_2.9,4,EBA_TYA,true,EBA_TA_EBA_x33,,,
20643,DPM_BAS_MCE_MCY_TYA_2.9,5,EBA_MCY,true,EBA_MC_EBA_x153,,,
20644,DPM_BAS_MCE_MCY_TYA_2.9,5,EBA_BAS,true,EBA_BA_EBA_x5,,,
20645,DPM_BAS_MCE_MCY_TYA_2.9,5,EBA_MCE,true,EBA_MC_EBA_x0,,,
20646,DPM_BAS_MCE_MCY_TYA_2.9,5,EBA_TYA,true,EBA_TA_EBA_x93,,,
20647,DPM_BAS_MCE_MCY_TYA_2.9,6,EBA_MCY,true,EBA_MC_EBA_x153,,,
20648,DPM_BAS_MCE_MCY_TYA_2.9,6,EBA_BAS,true,EBA_BA_EBA_x5,,,
20649,DPM_BAS_MCE_MCY_TYA_2.9,6,EBA_MCE,true,EBA_MC_EBA_x0,,,
20650,DPM_BAS_MCE_MCY_TYA_2.9,6,EBA_TYA,true,EBA_TA_EBA_x94,,,
20651,DPM_BAS_MCE_MCY_TYA_2.9,7,EBA_MCY,true,EBA_MC_EBA_x153,,,
20652,DPM_BAS_MCE_MCY_TYA_2.9,7,EBA_BAS,true,EBA_BA_EBA_x5,,,
20653,DPM_BAS_MCE_MCY_TYA_2.9,7,EBA_MCE,true,EBA_MC_EBA_x0,,,
20654,DPM_BAS_MCE_MCY_TYA_2.9,7,EBA_TYA,true,EBA_TA_EBA_x95,,,
20655,DPM_BAS_MCE_MCY_TYA_2.9,8,EBA_MCY,true,EBA_MC_EBA_x153,,,
20656,DPM_BAS_MCE_MCY_TYA_2.9,8,EBA_BAS,true,EBA_BA_EBA_x5,,,
20657,DPM_BAS_MCE_MCY_TYA_2.9,8,EBA_MCE,true,EBA_MC_EBA_x0,,,
20658,DPM_BAS_MCE_MCY_TYA_2.9,8,EBA_TYA,true,EBA_TA_EBA_x96,,,
20659,DPM_BAS_MCE_MCY_TYA_2.9,9,EBA_MCY,true,EBA_MC_EBA_x153,,,
20660,DPM_BAS_MCE_MCY_TYA_2.9,9,EBA_BAS,true,EBA_BA_EBA_x5,,,
20661,DPM_BAS_MCE_MCY_TYA_2.9,9,EBA_MCE,true,EBA_MC_EBA_x0,,,
20662,DPM_BAS_MCE_MCY_TYA_2.9,9,EBA_TYA,true,EBA_TA_EBA_x97,,,
20663,DPM_BAS_MCE_MCY_TYA_2.9,10,EBA_MCY,true,EBA_MC_EBA_x153,,,
20664,DPM_BAS_MCE_MCY_TYA_2.9,10,EBA_BAS,true,EBA_BA_EBA_x5,,,
20665,DPM_BAS_MCE_MCY_TYA_2.9,10,EBA_MCE,true,EBA_MC_EBA_x0,,,
20666,DPM_BAS_MCE_MCY_TYA_2.9,10,EBA_TYA,true,EBA_TA_EBA_x10,,,
20667,DPM_BAS_MCE_MCY_TYA_2.9,11,EBA_MCY,true,EBA_MC_EBA_x153,,,
20668,DPM_BAS_MCE_MCY_TYA_2.9,11,EBA_BAS,true,EBA_BA_EBA_x5,,,
20669,DPM_BAS_MCE_MCY_TYA_2.9,11,EBA_MCE,true,EBA_MC_EBA_x0,,,
20670,DPM_BAS_MCE_MCY_TYA_2.9,11,EBA_TYA,true,EBA_TA_EBA_x5,,,
20671,DPM_BAS_MCE_MCY_TYA_2.9,12,EBA_MCY,true,EBA_MC_EBA_x153,,,
20672,DPM_BAS_MCE_MCY_TYA_2.9,12,EBA_BAS,true,EBA_BA_EBA_x5,,,
20673,DPM_BAS_MCE_MCY_TYA_2.9,12,EBA_MCE,true,EBA_MC_EBA_x0,,,
20674,DPM_BAS_MCE_MCY_TYA_2.9,12,EBA_TYA,true,EBA_TA_EBA_x14,,,
20675,DPM_BAS_MCE_MCY_TYA_2.9,13,EBA_MCY,true,EBA_MC_EBA_x153,,,
20676,DPM_BAS_MCE_MCY_TYA_2.9,13,EBA_BAS,true,EBA_BA_EBA_x5,,,
20677,DPM_BAS_MCE_MCY_TYA_2.9,13,EBA_MCE,true,EBA_MC_EBA_x0,,,
20678,DPM_BAS_MCE_MCY_TYA_2.9,13,EBA_TYA,true,EBA_TA_EBA_x15,,,
20679,DPM_BAS_MCE_MCY_TYA_2.9,14,EBA_MCY,true,EBA_MC_EBA_x153,,,
20680,DPM_BAS_MCE_MCY_TYA_2.9,14,EBA_BAS,true,EBA_BA_EBA_x5,,,
20681,DPM_BAS_MCE_MCY_TYA_2.9,14,EBA_MCE,true,EBA_MC_EBA_x0,,,
20682,DPM_BAS_MCE_MCY_TYA_2.9,14,EBA_TYA,true,EBA_TA_EBA_x16,,,
20683,DPM_BAS_MCE_MCY_TYA_2.9,15,EBA_MCY,true,EBA_MC_EBA_x153,,,
20684,DPM_BAS_MCE_MCY_TYA_2.9,15,EBA_BAS,true,EBA_BA_EBA_x5,,,
20685,DPM_BAS_MCE_MCY_TYA_2.9,15,EBA_MCE,true,EBA_MC_EBA_x0,,,
20686,DPM_BAS_MCE_MCY_TYA_2.9,15,EBA_TYA,true,EBA_TA_EBA_x9,,,
20687,DPM_BAS_MCE_MCY_TYA_2.9,16,EBA_MCY,true,EBA_MC_EBA_x153,,,
20688,DPM_BAS_MCE_MCY_TYA_2.9,16,EBA_BAS,true,EBA_BA_EBA_x5,,,
20689,DPM_BAS_MCE_MCY_TYA_2.9,16,EBA_MCE,true,EBA_MC_EBA_x0,,,
20690,DPM_BAS_MCE_MCY_TYA_2.9,16,EBA_TYA,true,EBA_TA_EBA_x22,,,
20691,DPM_BAS_MCE_MCY_TYA_2.9,17,EBA_MCY,true,EBA_MC_EBA_x153,,,
20692,DPM_BAS_MCE_MCY_TYA_2.9,17,EBA_BAS,true,EBA_BA_EBA_x5,,,
20693,DPM_BAS_MCE_MCY_TYA_2.9,17,EBA_MCE,true,EBA_MC_EBA_x0,,,
20694,DPM_BAS_MCE_MCY_TYA_2.9,17,EBA_TYA,true,EBA_TA_EBA_x28,,,
20695,DPM_BAS_MCE_MCY_TYA_2.9,18,EBA_MCY,true,EBA_MC_EBA_x153,,,
20696,DPM_BAS_MCE_MCY_TYA_2.9,18,EBA_BAS,true,EBA_BA_EBA_x5,,,
20697,DPM_BAS_MCE_MCY_TYA_2.9,18,EBA_MCE,true,EBA_MC_EBA_x0,,,
20698,DPM_BAS_MCE_MCY_TYA_2.9,18,EBA_TYA,true,EBA_TA_EBA_x98,,,
20699,DPM_BAS_MCE_MCY_TYA_2.9,19,EBA_MCY,true,EBA_MC_EBA_x153,,,
20700,DPM_BAS_MCE_MCY_TYA_2.9,19,EBA_BAS,true,EBA_BA_EBA_x5,,,
20701,DPM_BAS_MCE_MCY_TYA_2.9,19,EBA_MCE,true,EBA_MC_EBA_x0,,,
20702,DPM_BAS_MCE_MCY_TYA_2.9,19,EBA_TYA,true,EBA_TA_EBA_x99,,,
20703,DPM_BAS_MCE_MCY_TYA_2.9,20,EBA_MCY,true,EBA_MC_EBA_x153,,,
20704,DPM_BAS_MCE_MCY_TYA_2.9,20,EBA_BAS,true,EBA_BA_EBA_x5,,,
20705,DPM_BAS_MCE_MCY_TYA_2.9,20,EBA_MCE,true,EBA_MC_EBA_x0,,,
20706,DPM_BAS_MCE_MCY_TYA_2.9,20,EBA_TYA,true,EBA_TA_EBA_x100,,,
20707,DPM_BAS_MCE_MCY_TYA_2.9,21,EBA_MCY,true,EBA_MC_EBA_x153,,,
20708,DPM_BAS_MCE_MCY_TYA_2.9,21,EBA_BAS,true,EBA_BA_EBA_x5,,,
20709,DPM_BAS_MCE_MCY_TYA_2.9,21,EBA_MCE,true,EBA_MC_EBA_x0,,,
20710,DPM_BAS_MCE_MCY_TYA_2.9,21,EBA_TYA,true,EBA_TA_EBA_x101,,,
20711,DPM_BAS_MCE_MCY_TYA_2.9,22,EBA_MCY,true,EBA_MC_EBA_x153,,,
20712,DPM_BAS_MCE_MCY_TYA_2.9,22,EBA_BAS,true,EBA_BA_EBA_x5,,,
20713,DPM_BAS_MCE_MCY_TYA_2.9,22,EBA_MCE,true,EBA_MC_EBA_x0,,,
20714,DPM_BAS_MCE_MCY_TYA_2.9,22,EBA_TYA,true,EBA_TA_EBA_x102,,,
20715,DPM_BAS_MCE_MCY_TYA_2.9,23,EBA_MCY,true,EBA_MC_EBA_x153,,,
20716,DPM_BAS_MCE_MCY_TYA_2.9,23,EBA_BAS,true,EBA_BA_EBA_x5,,,
20717,DPM_BAS_MCE_MCY_TYA_2.9,23,EBA_MCE,true,EBA_MC_EBA_x0,,,
20718,DPM_BAS_MCE_MCY_TYA_2.9,23,EBA_TYA,true,EBA_TA_EBA_x18,,,
20719,DPM_BAS_MCE_MCY_TYA_2.9,24,EBA_MCY,true,EBA_MC_EBA_x153,,,
20720,DPM_BAS_MCE_MCY_TYA_2.9,24,EBA_BAS,true,EBA_BA_EBA_x5,,,
20721,DPM_BAS_MCE_MCY_TYA_2.9,24,EBA_MCE,true,EBA_MC_EBA_x0,,,
20722,DPM_BAS_MCE_MCY_TYA_2.9,24,EBA_TYA,true,EBA_TA_EBA_x19,,,
20723,DPM_BAS_MCE_MCY_TYA_2.9,25,EBA_MCY,true,EBA_MC_EBA_x153,,,
20724,DPM_BAS_MCE_MCY_TYA_2.9,25,EBA_BAS,true,EBA_BA_EBA_x5,,,
20725,DPM_BAS_MCE_MCY_TYA_2.9,25,EBA_MCE,true,EBA_MC_EBA_x0,,,
20726,DPM_BAS_MCE_MCY_TYA_2.9,25,EBA_TYA,true,EBA_TA_EBA_x20,,,
20727,DPM_BAS_MCE_MCY_TYA_2.9,26,EBA_MCY,true,EBA_MC_EBA_x153,,,
20728,DPM_BAS_MCE_MCY_TYA_2.9,26,EBA_BAS,true,EBA_BA_EBA_x5,,,
20729,DPM_BAS_MCE_MCY_TYA_2.9,26,EBA_MCE,true,EBA_MC_EBA_x0,,,
20730,DPM_BAS_MCE_MCY_TYA_2.9,26,EBA_TYA,true,EBA_TA_EBA_x21,,,
20731,DPM_BAS_MCE_MCY_TYA_2.9,27,EBA_MCY,true,EBA_MC_EBA_x153,,,
20732,DPM_BAS_MCE_MCY_TYA_2.9,27,EBA_BAS,true,EBA_BA_EBA_x5,,,
20733,DPM_BAS_MCE_MCY_TYA_2.9,27,EBA_MCE,true,EBA_MC_EBA_x0,,,
20734,DPM_BAS_MCE_MCY_TYA_2.9,27,EBA_TYA,true,EBA_TA_EBA_x37,,,
20735,DPM_BAS_MCE_MCY_TYA_2.9,28,EBA_MCY,true,EBA_MC_EBA_x153,,,
20736,DPM_BAS_MCE_MCY_TYA_2.9,28,EBA_BAS,true,EBA_BA_EBA_x5,,,
20737,DPM_BAS_MCE_MCY_TYA_2.9,28,EBA_MCE,true,EBA_MC_EBA_x0,,,
20738,DPM_BAS_MCE_MCY_TYA_2.9,28,EBA_TYA,true,EBA_TA_EBA_x36,,,
20739,DPM_BAS_MCE_MCY_TYA_2.9,29,EBA_MCY,true,EBA_MC_EBA_x153,,,
20740,DPM_BAS_MCE_MCY_TYA_2.9,29,EBA_BAS,true,EBA_BA_EBA_x5,,,
20741,DPM_BAS_MCE_MCY_TYA_2.9,29,EBA_MCE,true,EBA_MC_EBA_x221,,,
20742,DPM_BAS_MCE_MCY_TYA_2.9,29,EBA_TYA,true,EBA_TA_EBA_x0,,,
20743,DPM_BAS_MCE_MCY_TYA_2.9,30,EBA_MCY,true,EBA_MC_EBA_x153,,,
20744,DPM_BAS_MCE_MCY_TYA_2.9,30,EBA_BAS,true,EBA_BA_EBA_x5,,,
20745,DPM_BAS_MCE_MCY_TYA_2.9,30,EBA_MCE,true,EBA_MC_EBA_x154,,,
20746,DPM_BAS_MCE_MCY_TYA_2.9,30,EBA_TYA,true,EBA_TA_EBA_x0,,,
20747,DPM_BAS_MCE_MCY_TYA_2.9,31,EBA_MCY,true,EBA_MC_EBA_x153,,,
20748,DPM_BAS_MCE_MCY_TYA_2.9,31,EBA_BAS,true,EBA_BA_EBA_x5,,,
20749,DPM_BAS_MCE_MCY_TYA_2.9,31,EBA_MCE,true,EBA_MC_EBA_x469,,,
20750,DPM_BAS_MCE_MCY_TYA_2.9,31,EBA_TYA,true,EBA_TA_EBA_x0,,,
20751,DPM_BAS_MCE_MCY_TYA_2.9,32,EBA_MCY,true,EBA_MC_EBA_x153,,,
20752,DPM_BAS_MCE_MCY_TYA_2.9,32,EBA_BAS,true,EBA_BA_EBA_x5,,,
20753,DPM_BAS_MCE_MCY_TYA_2.9,32,EBA_MCE,true,EBA_MC_EBA_x0,,,
20754,DPM_BAS_MCE_MCY_TYA_2.9,32,EBA_TYA,true,EBA_TA_EBA_x104,,,
20755,DPM_BAS_MCE_MCY_TYA_2.9,33,EBA_MCY,true,EBA_MC_EBA_x153,,,
20756,DPM_BAS_MCE_MCY_TYA_2.9,33,EBA_BAS,true,EBA_BA_EBA_x5,,,
20757,DPM_BAS_MCE_MCY_TYA_2.9,33,EBA_MCE,true,EBA_MC_EBA_x0,,,
20758,DPM_BAS_MCE_MCY_TYA_2.9,33,EBA_TYA,true,EBA_TA_EBA_x105,,,
20759,DPM_BAS_MCE_MCY_TYA_2.9,34,EBA_MCY,true,EBA_MC_EBA_x153,,,
20760,DPM_BAS_MCE_MCY_TYA_2.9,34,EBA_BAS,true,EBA_BA_EBA_x5,,,
20761,DPM_BAS_MCE_MCY_TYA_2.9,34,EBA_MCE,true,EBA_MC_EBA_x591,,,
20762,DPM_BAS_MCE_MCY_TYA_2.9,34,EBA_TYA,true,EBA_TA_EBA_x106,,,
20763,DPM_BAS_MCE_MCY_TYA_2.9,35,EBA_MCY,true,EBA_MC_EBA_x153,,,
20764,DPM_BAS_MCE_MCY_TYA_2.9,35,EBA_BAS,true,EBA_BA_EBA_x3,,,
20765,DPM_BAS_MCE_MCY_TYA_2.9,35,EBA_MCE,true,EBA_MC_EBA_x0,,,
20766,DPM_BAS_MCE_MCY_TYA_2.9,35,EBA_TYA,true,EBA_TA_EBA_x0,,,
20767,DPM_BAS_MCE_MCY_TYA_2.9,36,EBA_MCY,true,EBA_MC_EBA_x153,,,
20768,DPM_BAS_MCE_MCY_TYA_2.9,36,EBA_BAS,true,EBA_BA_EBA_x3,,,
20769,DPM_BAS_MCE_MCY_TYA_2.9,36,EBA_MCE,true,EBA_MC_EBA_x0,,,
20770,DPM_BAS_MCE_MCY_TYA_2.9,36,EBA_TYA,true,EBA_TA_EBA_x31,,,
20771,DPM_BAS_MCE_MCY_TYA_2.9,37,EBA_MCY,true,EBA_MC_EBA_x153,,,
20772,DPM_BAS_MCE_MCY_TYA_2.9,37,EBA_BAS,true,EBA_BA_EBA_x3,,,
20773,DPM_BAS_MCE_MCY_TYA_2.9,37,EBA_MCE,true,EBA_MC_EBA_x0,,,
20774,DPM_BAS_MCE_MCY_TYA_2.9,37,EBA_TYA,true,EBA_TA_EBA_x10,,,
20775,DPM_BAS_MCE_MCY_TYA_2.9,38,EBA_MCY,true,EBA_MC_EBA_x153,,,
20776,DPM_BAS_MCE_MCY_TYA_2.9,38,EBA_BAS,true,EBA_BA_EBA_x3,,,
20777,DPM_BAS_MCE_MCY_TYA_2.9,38,EBA_MCE,true,EBA_MC_EBA_x0,,,
20778,DPM_BAS_MCE_MCY_TYA_2.9,38,EBA_TYA,true,EBA_TA_EBA_x5,,,
20779,DPM_CPS,1,EBA_CPS,true,EBA_CT_EBA_x12,,,
20780,DPM_CPS,2,EBA_CPS,true,EBA_CT_EBA_x18,,,
20781,DPM_CPS,3,EBA_CPS,true,EBA_CT_EBA_x1,,,
20782,DPM_CPS,4,EBA_CPS,true,EBA_CT_EBA_x20,,,
20783,DPM_CPS,5,EBA_CPS,true,EBA_CT_EBA_x10,,,
20784,DPM_CPS,6,EBA_CPS,true,EBA_CT_EBA_x47,,,
20785,DPM_CPS,7,EBA_CPS,true,EBA_CT_EBA_x9,,,
20786,DPM_CPS,8,EBA_CPS,true,EBA_CT_EBA_x4,,,
20787,DPM_CPS,9,EBA_CPS,true,EBA_CT_EBA_x0,,,
20788,DPM_MCB_MCY,0,EBA_MCY,true,EBA_MC_EBA_x469,,,
20789,DPM_MCB_MCY,0,EBA_MCB,true,EBA_MC_EBA_x824,,,
20790,DPM_MCB_MCY,1,EBA_MCY,true,EBA_MC_EBA_x469,,,
20791,DPM_MCB_MCY,1,EBA_MCB,true,EBA_MC_EBA_x825,,,
20792,DPM_MCB_MCY,2,EBA_MCY,true,EBA_MC_EBA_x469,,,
20793,DPM_MCB_MCY,2,EBA_MCB,true,EBA_MC_EBA_x829,,,
20794,DPM_MCB_MCY,3,EBA_MCY,true,EBA_MC_EBA_x469,,,
20795,DPM_MCB_MCY,3,EBA_MCB,true,EBA_MC_EBA_x826,,,
20796,DPM_MCB_MCY,4,EBA_MCY,true,EBA_MC_EBA_x469,,,
20797,DPM_MCB_MCY,4,EBA_MCB,true,EBA_MC_EBA_x828,,,
20798,DPM_MCB_MCY,5,EBA_MCY,true,EBA_MC_EBA_x469,,,
20799,DPM_MCB_MCY,5,EBA_MCB,true,EBA_MC_EBA_x827,,,
20800,DPM_MCB_MCY,6,EBA_MCY,true,EBA_MC_EBA_x469,,,
20801,DPM_MCB_MCY,6,EBA_MCB,true,EBA_MC_EBA_x823,,,
20802,DPM_MCB_MCY,7,EBA_MCY,true,EBA_MC_EBA_x469,,,
20803,DPM_MCB_MCY,7,EBA_MCB,true,EBA_MC_EBA_x360,,,
20804,DPM_MCB_MCY,8,EBA_MCY,true,EBA_MC_EBA_x469,,,
20805,DPM_MCB_MCY,8,EBA_MCB,true,EBA_MC_EBA_x0,,,
20806,DPM_MCG,0,EBA_MCG,true,EBA_MC_EBA_x409,,,
20807,DPM_MCG,1,EBA_MCG,true,EBA_MC_EBA_x918,,,
20808,DPM_MCG,2,EBA_MCG,true,EBA_MC_EBA_x919,,,
20809,DPM_MCG,3,EBA_MCG,true,EBA_MC_EBA_x92,,,
20810,DPM_MCG,4,EBA_MCG,true,EBA_MC_EBA_x318,,,
20811,DPM_MCG,5,EBA_MCG,true,EBA_MC_EBA_x420,,,
20812,DPM_MCG,6,EBA_MCG,true,EBA_MC_EBA_x155,,,
20813,DPM_MCG,7,EBA_MCG,true,EBA_MC_EBA_x484,,,
20814,DPM_MCG,8,EBA_MCG,true,EBA_MC_EBA_x485,,,
20815,DPM_MCG,9,EBA_MCG,true,EBA_MC_EBA_x736,,,
20816,DPM_MCG,10,EBA_MCG,true,EBA_MC_EBA_x0,,,
20817,DPM_MCG,11,EBA_MCG,true,EBA_MC_EBA_x262,,,
20818,DPM_MCG,12,EBA_MCG,true,EBA_MC_EBA_x51,,,
20819,DPM_MCG,13,EBA_MCG,true,EBA_MC_EBA_x735,,,
20820,DPM_MCG,14,EBA_MCG,true,EBA_MC_EBA_x292,,,
20821,DPM_MCG,15,EBA_MCG,true,EBA_MC_EBA_x293,,,
20822,DPM_MCG,16,EBA_MCG,true,EBA_MC_EBA_x294,,,
20823,DPM_PUR,0,EBA_PUR,true,EBA_PU_EBA_x1,,,
20824,DPM_PUR,1,EBA_PUR,true,EBA_PU_EBA_x3,,,
20825,DPM_PUR,2,EBA_PUR,true,EBA_PU_EBA_x0,,,
20826,DPM_CPS_CPZ,0,EBA_CPS,true,EBA_CT_EBA_x5,,,
20827,DPM_CPS_CPZ,0,EBA_CPZ,true,EBA_CT_EBA_x0,,,
20828,DPM_CPS_CPZ,1,EBA_CPS,true,EBA_CT_EBA_x12,,,
20829,DPM_CPS_CPZ,1,EBA_CPZ,true,EBA_CT_EBA_x0,,,
20830,DPM_CPS_CPZ,2,EBA_CPS,true,EBA_CT_EBA_x18,,,
20831,DPM_CPS_CPZ,2,EBA_CPZ,true,EBA_CT_EBA_x0,,,
20832,DPM_CPS_CPZ,3,EBA_CPS,true,EBA_CT_EBA_x1,,,
20833,DPM_CPS_CPZ,3,EBA_CPZ,true,EBA_CT_EBA_x0,,,
20834,DPM_CPS_CPZ,4,EBA_CPS,true,EBA_CT_EBA_x20,,,
20835,DPM_CPS_CPZ,4,EBA_CPZ,true,EBA_CT_EBA_x0,,,
20836,DPM_CPS_CPZ,5,EBA_CPS,true,EBA_CT_EBA_x20,,,
20837,DPM_CPS_CPZ,5,EBA_CPZ,true,EBA_CT_EBA_x23,,,
20838,DPM_CPS_CPZ,6,EBA_CPS,true,EBA_CT_EBA_x20,,,
20839,DPM_CPS_CPZ,6,EBA_CPZ,true,EBA_CT_EBA_x11,,,
20840,DPM_CPS_CPZ,7,EBA_CPS,true,EBA_CT_EBA_x10,,,
20841,DPM_CPS_CPZ,7,EBA_CPZ,true,EBA_CT_EBA_x0,,,
20842,DPM_CPS_CPZ,8,EBA_CPS,true,EBA_CT_EBA_x0,,,
20843,DPM_CPS_CPZ,8,EBA_CPZ,true,EBA_CT_EBA_x0,,,
20844,DPM_CPS_CPZ,9,EBA_CPS,true,EBA_CT_EBA_x99,,,
20845,DPM_CPS_CPZ,9,EBA_CPZ,true,EBA_CT_EBA_x0,,,
20846,DPM_MCB_MCY_2.9,0,EBA_MCY,true,EBA_MC_EBA_x469,,,
20847,DPM_MCB_MCY_2.9,0,EBA_MCB,true,EBA_MC_EBA_x727,,,
20848,DPM_MCB_MCY_2.9,1,EBA_MCY,true,EBA_MC_EBA_x469,,,
20849,DPM_MCB_MCY_2.9,1,EBA_MCB,true,EBA_MC_EBA_x0,,,
20850,DPM_PFS,0,EBA_PFS,true,EBA_IM_EBA_x16,,,
20851,DPM_PFS,1,EBA_PFS,true,EBA_IM_EBA_x0,,,
20852,DPM_PFS,2,EBA_PFS,true,EBA_IM_EBA_x17,,,
20853,DPM_REF,0,EBA_REF,true,EBA_RF_EBA_x4,,,
20854,DPM_REF,1,EBA_REF,true,EBA_RF_EBA_x0,,,
20855,DPM_FBS,0,EBA_FBS,true,EBA_IM_EBA_x12,,,
20856,DPM_FBS,1,EBA_FBS,true,EBA_IM_EBA_x0,,,
20857,DPM_FBS,2,EBA_FBS,true,EBA_IM_EBA_x14,,,
20858,DPM_FBS,3,EBA_FBS,true,EBA_IM_EBA_x15,,,
20859,DPM_FBS,4,EBA_FBS,true,EBA_IM_EBA_x42,,,
20860,DPM_FBS,5,EBA_FBS,true,EBA_IM_EBA_x43,,,
20861,DPM_FBS,6,EBA_FBS,true,EBA_IM_EBA_x44,,,
20862,DPM_MCB_MCY_MCG,0,EBA_MCY,true,EBA_MC_EBA_x469,,,
20863,DPM_MCB_MCY_MCG,0,EBA_MCG,true,EBA_MC_EBA_x918,,,
20864,DPM_MCB_MCY_MCG,0,EBA_MCB,true,EBA_MC_EBA_x0,,,
20865,DPM_MCB_MCY_MCG,1,EBA_MCY,true,EBA_MC_EBA_x469,,,
20866,DPM_MCB_MCY_MCG,1,EBA_MCG,true,EBA_MC_EBA_x293,,,
20867,DPM_MCB_MCY_MCG,1,EBA_MCB,true,EBA_MC_EBA_x727,,,
20868,DPM_MCB_MCY_MCG,2,EBA_MCY,true,EBA_MC_EBA_x469,,,
20869,DPM_MCB_MCY_MCG,2,EBA_MCG,true,EBA_MC_EBA_x293,,,
20870,DPM_MCB_MCY_MCG,2,EBA_MCB,true,EBA_MC_EBA_x0,,,
20871,DPM_MCB_MCY_MCG,3,EBA_MCY,true,EBA_MC_EBA_x469,,,
20872,DPM_MCB_MCY_MCG,3,EBA_MCG,true,EBA_MC_EBA_x484,,,
20873,DPM_MCB_MCY_MCG,3,EBA_MCB,true,EBA_MC_EBA_x0,,,
20874,DPM_MCB_MCY_MCG,4,EBA_MCY,true,EBA_MC_EBA_x469,,,
20875,DPM_MCB_MCY_MCG,4,EBA_MCG,true,EBA_MC_EBA_x485,,,
20876,DPM_MCB_MCY_MCG,4,EBA_MCB,true,EBA_MC_EBA_x0,,,
20877,DPM_MCB_MCY_MCG,5,EBA_MCY,true,EBA_MC_EBA_x409,,,
20878,DPM_MCB_MCY_MCG,5,EBA_MCG,true,EBA_MC_EBA_x0,,,
20879,DPM_MCB_MCY_MCG,5,EBA_MCB,true,EBA_MC_EBA_x0,,,
20880,DPM_MCB_MCY_MCG,6,EBA_MCY,true,EBA_MC_EBA_x469,,,
20881,DPM_MCB_MCY_MCG,6,EBA_MCG,true,EBA_MC_EBA_x409,,,
20882,DPM_MCB_MCY_MCG,6,EBA_MCB,true,EBA_MC_EBA_x727,,,
20883,DPM_MCB_MCY_MCG,7,EBA_MCY,true,EBA_MC_EBA_x469,,,
20884,DPM_MCB_MCY_MCG,7,EBA_MCG,true,EBA_MC_EBA_x409,,,
20885,DPM_MCB_MCY_MCG,7,EBA_MCB,true,EBA_MC_EBA_x0,,,
20886,DPM_MCB_MCY_MCG,8,EBA_MCY,true,EBA_MC_EBA_x469,,,
20887,DPM_MCB_MCY_MCG,8,EBA_MCG,true,EBA_MC_EBA_x155,,,
20888,DPM_MCB_MCY_MCG,8,EBA_MCB,true,EBA_MC_EBA_x727,,,
20889,DPM_MCB_MCY_MCG,9,EBA_MCY,true,EBA_MC_EBA_x469,,,
20890,DPM_MCB_MCY_MCG,9,EBA_MCG,true,EBA_MC_EBA_x155,,,
20891,DPM_MCB_MCY_MCG,9,EBA_MCB,true,EBA_MC_EBA_x0,,,
20892,DPM_MCB_MCY_MCG,10,EBA_MCY,true,EBA_MC_EBA_x469,,,
20893,DPM_MCB_MCY_MCG,10,EBA_MCG,true,EBA_MC_EBA_x919,,,
20894,DPM_MCB_MCY_MCG,10,EBA_MCB,true,EBA_MC_EBA_x0,,,
20895,DPM_MCB_MCY_MCG,11,EBA_MCY,true,EBA_MC_EBA_x469,,,
20896,DPM_MCB_MCY_MCG,11,EBA_MCG,true,EBA_MC_EBA_x294,,,
20897,DPM_MCB_MCY_MCG,11,EBA_MCB,true,EBA_MC_EBA_x0,,,
20898,DPM_MCB_MCY_MCG,12,EBA_MCY,true,EBA_MC_EBA_x409,,,
20899,DPM_MCB_MCY_MCG,12,EBA_MCG,true,EBA_MC_EBA_x292,,,
20900,DPM_MCB_MCY_MCG,12,EBA_MCB,true,EBA_MC_EBA_x0,,,
20901,DPM_MCB_MCY_MCG,13,EBA_MCY,true,EBA_MC_EBA_x469,,,
20902,DPM_MCB_MCY_MCG,13,EBA_MCG,true,EBA_MC_EBA_x292,,,
20903,DPM_MCB_MCY_MCG,13,EBA_MCB,true,EBA_MC_EBA_x727,,,
20904,DPM_ei218,23,EBA_ei218,true,EBA_NC_EBA_A3,,,
20905,DPM_ei218,24,EBA_ei218,true,EBA_NC_EBA_B5,,,
20906,DPM_ei218,25,EBA_ei218,true,EBA_NC_EBA_B6,,,
20907,DPM_ei218,26,EBA_ei218,true,EBA_NC_EBA_B7,,,
20908,DPM_ei218,27,EBA_ei218,true,EBA_NC_EBA_B8,,,
20909,DPM_ei218,28,EBA_ei218,true,EBA_NC_EBA_B9,,,
20910,DPM_ei218,29,EBA_ei218,true,EBA_NC_EBA_C10,,,
20911,DPM_ei218,30,EBA_ei218,true,EBA_NC_EBA_C11,,,
20912,DPM_ei218,31,EBA_ei218,true,EBA_NC_EBA_C12,,,
20913,DPM_ei218,32,EBA_ei218,true,EBA_NC_EBA_C13,,,
20914,DPM_ei218,33,EBA_ei218,true,EBA_NC_EBA_C14,,,
20915,DPM_ei218,34,EBA_ei218,true,EBA_NC_EBA_C15,,,
20916,DPM_ei218,35,EBA_ei218,true,EBA_NC_EBA_C16,,,
20917,DPM_ei218,36,EBA_ei218,true,EBA_NC_EBA_C17,,,
20918,DPM_ei218,37,EBA_ei218,true,EBA_NC_EBA_C18,,,
20919,DPM_ei218,38,EBA_ei218,true,EBA_NC_EBA_C19,,,
20920,DPM_ei218,39,EBA_ei218,true,EBA_NC_EBA_C20,,,
20921,DPM_ei218,40,EBA_ei218,true,EBA_NC_EBA_C21,,,
20922,DPM_ei218,41,EBA_ei218,true,EBA_NC_EBA_C22,,,
20923,DPM_ei218,42,EBA_ei218,true,EBA_NC_EBA_C23,,,
20924,DPM_ei218,43,EBA_ei218,true,EBA_NC_EBA_C24,,,
20925,DPM_ei218,44,EBA_ei218,true,EBA_NC_EBA_C25,,,
20926,DPM_ei218,45,EBA_ei218,true,EBA_NC_EBA_C26,,,
20927,DPM_ei218,46,EBA_ei218,true,EBA_NC_EBA_C27,,,
20928,DPM_ei218,47,EBA_ei218,true,EBA_NC_EBA_C28,,,
20929,DPM_ei218,48,EBA_ei218,true,EBA_NC_EBA_C29,,,
20930,DPM_ei218,49,EBA_ei218,true,EBA_NC_EBA_C30,,,
20931,DPM_ei218,50,EBA_ei218,true,EBA_NC_EBA_C31,,,
20932,DPM_ei218,51,EBA_ei218,true,EBA_NC_EBA_C32,,,
20933,DPM_ei218,52,EBA_ei218,true,EBA_NC_EBA_C33,,,
20934,DPM_ei218,53,EBA_ei218,true,EBA_NC_EBA_D35,,,
20935,DPM_ei218,54,EBA_ei218,true,EBA_NC_EBA_E36,,,
20936,DPM_ei218,55,EBA_ei218,true,EBA_NC_EBA_E37,,,
20937,DPM_ei218,56,EBA_ei218,true,EBA_NC_EBA_E38,,,
20938,DPM_ei218,57,EBA_ei218,true,EBA_NC_EBA_E39,,,
20939,DPM_ei218,58,EBA_ei218,true,EBA_NC_EBA_F41,,,
20940,DPM_ei218,59,EBA_ei218,true,EBA_NC_EBA_F42,,,
20941,DPM_ei218,60,EBA_ei218,true,EBA_NC_EBA_F43,,,
20942,DPM_ei218,61,EBA_ei218,true,EBA_NC_EBA_G45,,,
20943,DPM_ei218,62,EBA_ei218,true,EBA_NC_EBA_G46,,,
20944,DPM_ei218,63,EBA_ei218,true,EBA_NC_EBA_G47,,,
20945,DPM_ei218,64,EBA_ei218,true,EBA_NC_EBA_H49,,,
20946,DPM_ei218,65,EBA_ei218,true,EBA_NC_EBA_H50,,,
20947,DPM_ei218,66,EBA_ei218,true,EBA_NC_EBA_H51,,,
20948,DPM_ei218,67,EBA_ei218,true,EBA_NC_EBA_H52,,,
20949,DPM_ei218,68,EBA_ei218,true,EBA_NC_EBA_H53,,,
20950,DPM_ei218,69,EBA_ei218,true,EBA_NC_EBA_I55,,,
20951,DPM_ei218,70,EBA_ei218,true,EBA_NC_EBA_I56,,,
20952,DPM_ei218,71,EBA_ei218,true,EBA_NC_EBA_J58,,,
20953,DPM_ei218,72,EBA_ei218,true,EBA_NC_EBA_J59,,,
20954,DPM_ei218,73,EBA_ei218,true,EBA_NC_EBA_J60,,,
20955,DPM_ei218,74,EBA_ei218,true,EBA_NC_EBA_J61,,,
20956,DPM_ei218,75,EBA_ei218,true,EBA_NC_EBA_J62,,,
20957,DPM_ei218,76,EBA_ei218,true,EBA_NC_EBA_J63,,,
20958,DPM_ei218,77,EBA_ei218,true,EBA_NC_EBA_K64,,,
20959,DPM_ei218,78,EBA_ei218,true,EBA_NC_EBA_K65,,,
20960,DPM_ei218,79,EBA_ei218,true,EBA_NC_EBA_K66,,,
20961,DPM_ei218,80,EBA_ei218,true,EBA_NC_EBA_L68,,,
20962,DPM_ei218,81,EBA_ei218,true,EBA_NC_EBA_M69,,,
20963,DPM_ei218,82,EBA_ei218,true,EBA_NC_EBA_M70,,,
20964,DPM_ei218,83,EBA_ei218,true,EBA_NC_EBA_M71,,,
20965,DPM_ei218,84,EBA_ei218,true,EBA_NC_EBA_M72,,,
20966,DPM_ei218,85,EBA_ei218,true,EBA_NC_EBA_M73,,,
20967,DPM_ei218,86,EBA_ei218,true,EBA_NC_EBA_M74,,,
20968,DPM_ei218,87,EBA_ei218,true,EBA_NC_EBA_M75,,,
20969,DPM_ei218,88,EBA_ei218,true,EBA_NC_EBA_N77,,,
20970,DPM_ei218,89,EBA_ei218,true,EBA_NC_EBA_N78,,,
20971,DPM_ei218,90,EBA_ei218,true,EBA_NC_EBA_N79,,,
20972,DPM_ei218,91,EBA_ei218,true,EBA_NC_EBA_N80,,,
20973,DPM_ei218,92,EBA_ei218,true,EBA_NC_EBA_N81,,,
20974,DPM_ei218,93,EBA_ei218,true,EBA_NC_EBA_N82,,,
20975,DPM_ei218,94,EBA_ei218,true,EBA_NC_EBA_O84,,,
20976,DPM_ei218,95,EBA_ei218,true,EBA_NC_EBA_P85,,,
20977,DPM_ei218,96,EBA_ei218,true,EBA_NC_EBA_Q86,,,
20978,DPM_ei218,97,EBA_ei218,true,EBA_NC_EBA_Q87,,,
20979,DPM_ei218,98,EBA_ei218,true,EBA_NC_EBA_Q88,,,
20980,DPM_ei218,99,EBA_ei218,true,EBA_NC_EBA_R90,,,
20981,DPM_ei218,100,EBA_ei218,true,EBA_NC_EBA_R91,,,
20982,DPM_ei218,101,EBA_ei218,true,EBA_NC_EBA_R92,,,
20983,DPM_ei218,102,EBA_ei218,true,EBA_NC_EBA_R93,,,
20984,DPM_ei218,103,EBA_ei218,true,EBA_NC_EBA_S94,,,
20985,DPM_ei218,104,EBA_ei218,true,EBA_NC_EBA_S95,,,
20986,DPM_ei218,105,EBA_ei218,true,EBA_NC_EBA_S96,,,
20987,DPM_ei218,106,EBA_ei218,true,EBA_NC_EBA_T97,,,
20988,DPM_ei218,107,EBA_ei218,true,EBA_NC_EBA_T98,,,
20989,DPM_ei218,108,EBA_ei218,true,EBA_NC_EBA_U99,,,
20990,DPM_ei219,0,EBA_ei219,true,EBA_CT_EBA_x5,,,
20991,DPM_ei219,1,EBA_ei219,true,EBA_CT_EBA_x12,,,
20992,DPM_ei219,2,EBA_ei219,true,EBA_CT_EBA_x18,,,
20993,DPM_ei219,3,EBA_ei219,true,EBA_CT_EBA_x1,,,
20994,DPM_ei219,4,EBA_ei219,true,EBA_CT_EBA_x20,,,
20995,DPM_ei219,5,EBA_ei219,true,EBA_CT_EBA_x10,,,
20996,DPM_ei219,6,EBA_ei219,true,EBA_CT_EBA_x598,,,
20997,DPM_ei219,7,EBA_ei219,true,EBA_CT_EBA_x599,,,
20998,DPM_ei364,0,EBA_ei364,true,EBA_ZZ_EBA_x29,,,
20999,DPM_ei364,1,EBA_ei364,true,EBA_ZZ_EBA_x30,,,
21000,DPM_ei364,2,EBA_ei364,true,EBA_ZZ_EBA_x31,,,
21001,DPM_ei364,3,EBA_ei364,true,EBA_ZZ_EBA_x32,,,
21002,DPM_ei365,0,EBA_ei365,true,EBA_ZZ_EBA_x29,,,
21003,DPM_ei365,1,EBA_ei365,true,EBA_ZZ_EBA_x30,,,
21004,DPM_ei365,2,EBA_ei365,true,EBA_ZZ_EBA_x31,,,
21005,DPM_ei365,3,EBA_ei365,true,EBA_ZZ_EBA_x32,,,
21006,DPM_ei4,0,EBA_ei4,true,EBA_AS_EBA_x1,,,
21007,DPM_ei4,1,EBA_ei4,true,EBA_AS_EBA_x2,,,
21008,DPM_BAS,0,EBA_BAS,true,EBA_BA_EBA_x17,,,
21009,DPM_BAS,1,EBA_BAS,true,EBA_BA_EBA_x10,,,
21010,DPM_BAS,2,EBA_BAS,true,EBA_BA_EBA_x6,,,
21011,DPM_BAS_APL,0,EBA_APL,true,EBA_PL_EBA_x0,,,
21012,DPM_BAS_APL,0,EBA_BAS,true,EBA_BA_EBA_x7,,,
21013,DPM_BAS_APL,1,EBA_APL,true,EBA_PL_EBA_x0,,,
21014,DPM_BAS_APL,1,EBA_BAS,true,EBA_BA_EBA_x10,,,
21015,DPM_BAS_APL,2,EBA_APL,true,EBA_PL_EBA_x13,,,
21016,DPM_BAS_APL,2,EBA_BAS,true,EBA_BA_EBA_x6,,,
21017,DPM_BAS_APL,3,EBA_APL,true,EBA_PL_EBA_x28,,,
21018,DPM_BAS_APL,3,EBA_BAS,true,EBA_BA_EBA_x6,,,
21019,DPM_BAS_APL,4,EBA_APL,true,EBA_PL_EBA_x28,,,
21020,DPM_BAS_APL,4,EBA_BAS,true,EBA_BA_EBA_x7,,,
21021,DPM_BAS_APL,5,EBA_APL,true,EBA_PL_EBA_x28,,,
21022,DPM_BAS_APL,5,EBA_BAS,true,EBA_BA_EBA_x17,,,
21023,DPM_BAS_APL,6,EBA_APL,true,EBA_PL_EBA_x12,,,
21024,DPM_BAS_APL,6,EBA_BAS,true,EBA_BA_EBA_x6,,,
21025,DPM_BAS_APL,7,EBA_APL,true,EBA_PL_EBA_x13,,,
21026,DPM_BAS_APL,7,EBA_BAS,true,EBA_BA_EBA_x17,,,
21027,DPM_BAS_APL,8,EBA_APL,true,EBA_PL_EBA_x491,,,
21028,DPM_BAS_APL,8,EBA_BAS,true,EBA_BA_EBA_x17,,,
21029,DPM_BAS_APL,9,EBA_APL,true,EBA_PL_EBA_x64,,,
21030,DPM_BAS_APL,9,EBA_BAS,true,EBA_BA_EBA_x6,,,
21031,DPM_BAS_APL,10,EBA_APL,true,EBA_PL_EBA_x684,,,
21032,DPM_BAS_APL,10,EBA_BAS,true,EBA_BA_EBA_x6,,,
21033,DPM_BAS_APL,11,EBA_APL,true,EBA_PL_EBA_x685,,,
21034,DPM_BAS_APL,11,EBA_BAS,true,EBA_BA_EBA_x6,,,
21035,DPM_BAS_APL,12,EBA_APL,true,EBA_PL_EBA_x684,,,
21036,DPM_BAS_APL,12,EBA_BAS,true,EBA_BA_EBA_x17,,,
21037,DPM_BAS_APL,13,EBA_APL,true,EBA_PL_EBA_x687,,,
21038,DPM_BAS_APL,13,EBA_BAS,true,EBA_BA_EBA_x6,,,
21039,DPM_BAS_APL,14,EBA_APL,true,EBA_PL_EBA_x750,,,
21040,DPM_BAS_APL,14,EBA_BAS,true,EBA_BA_EBA_x6,,,
21041,DPM_ei152,200,EBA_ei152,true,EBA_GA_EBA_IM,,,
21042,DPM_ei152,212,EBA_ei152,true,EBA_GA_EBA_IN,,,
21043,DPM_ei152,213,EBA_ei152,true,EBA_GA_EBA_IO,,,
21044,DPM_ei152,214,EBA_ei152,true,EBA_GA_EBA_IQ,,,
21045,DPM_ei152,215,EBA_ei152,true,EBA_GA_EBA_IR,,,
21046,DPM_ei152,216,EBA_ei152,true,EBA_GA_EBA_IS,,,
21047,DPM_ei152,217,EBA_ei152,true,EBA_GA_EBA_IT,,,
21048,DPM_ei152,218,EBA_ei152,true,EBA_GA_EBA_JE,,,
21049,DPM_ei152,219,EBA_ei152,true,EBA_GA_EBA_JM,,,
21050,DPM_ei152,220,EBA_ei152,true,EBA_GA_EBA_JO,,,
21051,DPM_ei152,221,EBA_ei152,true,EBA_GA_EBA_JP,,,
21052,DPM_ei152,222,EBA_ei152,true,EBA_GA_EBA_KE,,,
21053,DPM_ei152,223,EBA_ei152,true,EBA_GA_EBA_KG,,,
21054,DPM_ei152,224,EBA_ei152,true,EBA_GA_EBA_KH,,,
21055,DPM_ei152,225,EBA_ei152,true,EBA_GA_EBA_KI,,,
21056,DPM_ei152,226,EBA_ei152,true,EBA_GA_EBA_KM,,,
21057,DPM_ei152,227,EBA_ei152,true,EBA_GA_EBA_KN,,,
21058,DPM_ei152,228,EBA_ei152,true,EBA_GA_EBA_KP,,,
21059,DPM_ei152,229,EBA_ei152,true,EBA_GA_EBA_KR,,,
21060,DPM_ei152,230,EBA_ei152,true,EBA_GA_EBA_KW,,,
21061,DPM_ei152,231,EBA_ei152,true,EBA_GA_EBA_KY,,,
21062,DPM_ei152,232,EBA_ei152,true,EBA_GA_EBA_KZ,,,
21063,DPM_ei152,233,EBA_ei152,true,EBA_GA_EBA_LA,,,
21064,DPM_ei152,234,EBA_ei152,true,EBA_GA_EBA_LB,,,
21065,DPM_ei152,235,EBA_ei152,true,EBA_GA_EBA_LC,,,
21066,DPM_ei152,236,EBA_ei152,true,EBA_GA_EBA_LI,,,
21067,DPM_ei152,237,EBA_ei152,true,EBA_GA_EBA_LK,,,
21068,DPM_ei152,238,EBA_ei152,true,EBA_GA_EBA_LR,,,
21069,DPM_ei152,239,EBA_ei152,true,EBA_GA_EBA_LS,,,
21070,DPM_ei152,240,EBA_ei152,true,EBA_GA_EBA_LT,,,
21071,DPM_ei152,241,EBA_ei152,true,EBA_GA_EBA_LU,,,
21072,DPM_ei152,242,EBA_ei152,true,EBA_GA_EBA_LV,,,
21073,DPM_ei152,243,EBA_ei152,true,EBA_GA_EBA_LY,,,
21074,DPM_ei152,244,EBA_ei152,true,EBA_GA_EBA_MA,,,
21075,DPM_ei152,245,EBA_ei152,true,EBA_GA_EBA_MC,,,
21076,DPM_ei152,246,EBA_ei152,true,EBA_GA_EBA_MD,,,
21077,DPM_ei152,247,EBA_ei152,true,EBA_GA_EBA_ME,,,
21078,DPM_ei152,248,EBA_ei152,true,EBA_GA_EBA_MF,,,
21079,DPM_ei152,249,EBA_ei152,true,EBA_GA_EBA_MG,,,
21080,DPM_ei152,250,EBA_ei152,true,EBA_GA_EBA_MH,,,
21081,DPM_ei152,251,EBA_ei152,true,EBA_GA_EBA_MK,,,
21082,DPM_ei152,252,EBA_ei152,true,EBA_GA_EBA_ML,,,
21083,DPM_ei152,253,EBA_ei152,true,EBA_GA_EBA_MM,,,
21084,DPM_ei152,254,EBA_ei152,true,EBA_GA_EBA_MN,,,
21085,DPM_ei152,255,EBA_ei152,true,EBA_GA_EBA_MO,,,
21086,DPM_ei152,256,EBA_ei152,true,EBA_GA_EBA_MP,,,
21087,DPM_ei152,257,EBA_ei152,true,EBA_GA_EBA_MQ,,,
21088,DPM_ei152,258,EBA_ei152,true,EBA_GA_EBA_MR,,,
21089,DPM_ei152,259,EBA_ei152,true,EBA_GA_EBA_MS,,,
21090,DPM_ei152,260,EBA_ei152,true,EBA_GA_EBA_MT,,,
21091,DPM_ei152,261,EBA_ei152,true,EBA_GA_EBA_MU,,,
21092,DPM_ei152,262,EBA_ei152,true,EBA_GA_EBA_MV,,,
21093,DPM_ei152,263,EBA_ei152,true,EBA_GA_EBA_MW,,,
21094,DPM_ei152,264,EBA_ei152,true,EBA_GA_EBA_MX,,,
21095,DPM_ei152,265,EBA_ei152,true,EBA_GA_EBA_MY,,,
21096,DPM_ei152,266,EBA_ei152,true,EBA_GA_EBA_MZ,,,
21097,DPM_ei152,267,EBA_ei152,true,EBA_GA_EBA_NA,,,
21098,DPM_ei152,268,EBA_ei152,true,EBA_GA_EBA_NC,,,
21099,DPM_ei152,269,EBA_ei152,true,EBA_GA_EBA_NE,,,
21100,DPM_ei152,270,EBA_ei152,true,EBA_GA_EBA_NF,,,
21101,DPM_ei152,271,EBA_ei152,true,EBA_GA_EBA_NG,,,
21102,DPM_ei152,272,EBA_ei152,true,EBA_GA_EBA_NI,,,
21103,DPM_ei152,273,EBA_ei152,true,EBA_GA_EBA_NL,,,
21104,DPM_ei152,274,EBA_ei152,true,EBA_GA_EBA_NO,,,
21105,DPM_ei152,275,EBA_ei152,true,EBA_GA_EBA_NP,,,
21106,DPM_ei152,276,EBA_ei152,true,EBA_GA_EBA_NR,,,
21107,DPM_ei152,277,EBA_ei152,true,EBA_GA_EBA_NU,,,
21108,DPM_ei152,278,EBA_ei152,true,EBA_GA_EBA_NZ,,,
21109,DPM_ei152,279,EBA_ei152,true,EBA_GA_EBA_OM,,,
21110,DPM_ei152,280,EBA_ei152,true,EBA_GA_EBA_PA,,,
21111,DPM_ei152,281,EBA_ei152,true,EBA_GA_EBA_PE,,,
21112,DPM_ei152,282,EBA_ei152,true,EBA_GA_EBA_PF,,,
21113,DPM_ei152,283,EBA_ei152,true,EBA_GA_EBA_PG,,,
21114,DPM_ei152,284,EBA_ei152,true,EBA_GA_EBA_PH,,,
21115,DPM_ei152,285,EBA_ei152,true,EBA_GA_EBA_PK,,,
21116,DPM_ei152,286,EBA_ei152,true,EBA_GA_EBA_PL,,,
21117,DPM_ei152,287,EBA_ei152,true,EBA_GA_EBA_PM,,,
21118,DPM_ei152,288,EBA_ei152,true,EBA_GA_EBA_PN,,,
21119,DPM_ei152,289,EBA_ei152,true,EBA_GA_EBA_PR,,,
21120,DPM_ei152,290,EBA_ei152,true,EBA_GA_EBA_PS,,,
21121,DPM_ei152,291,EBA_ei152,true,EBA_GA_EBA_PT,,,
21122,DPM_ei152,292,EBA_ei152,true,EBA_GA_EBA_PW,,,
21123,DPM_ei152,293,EBA_ei152,true,EBA_GA_EBA_PY,,,
21124,DPM_ei152,294,EBA_ei152,true,EBA_GA_EBA_QA,,,
21125,DPM_ei152,295,EBA_ei152,true,EBA_GA_EBA_RE,,,
21126,DPM_ei152,296,EBA_ei152,true,EBA_GA_EBA_RO,,,
21127,DPM_ei152,297,EBA_ei152,true,EBA_GA_EBA_RS,,,
21128,DPM_ei152,298,EBA_ei152,true,EBA_GA_EBA_RU,,,
21129,DPM_ei152,299,EBA_ei152,true,EBA_GA_EBA_RW,,,
21130,DPM_ei152,300,EBA_ei152,true,EBA_GA_EBA_SA,,,
21131,DPM_ei152,301,EBA_ei152,true,EBA_GA_EBA_SB,,,
21132,DPM_ei152,302,EBA_ei152,true,EBA_GA_EBA_SC,,,
21133,DPM_ei152,303,EBA_ei152,true,EBA_GA_EBA_SD,,,
21134,DPM_ei152,304,EBA_ei152,true,EBA_GA_EBA_SE,,,
21135,DPM_ei152,305,EBA_ei152,true,EBA_GA_EBA_SG,,,
21136,DPM_ei152,306,EBA_ei152,true,EBA_GA_EBA_SH,,,
21137,DPM_ei152,307,EBA_ei152,true,EBA_GA_EBA_SI,,,
21138,DPM_ei152,308,EBA_ei152,true,EBA_GA_EBA_SJ,,,
21139,DPM_ei152,309,EBA_ei152,true,EBA_GA_EBA_SK,,,
21140,DPM_ei152,310,EBA_ei152,true,EBA_GA_EBA_SL,,,
21141,DPM_ei152,311,EBA_ei152,true,EBA_GA_EBA_SM,,,
21142,DPM_ei152,312,EBA_ei152,true,EBA_GA_EBA_SN,,,
21143,DPM_ei152,313,EBA_ei152,true,EBA_GA_EBA_SO,,,
21144,DPM_ei152,314,EBA_ei152,true,EBA_GA_EBA_SR,,,
21145,DPM_ei152,315,EBA_ei152,true,EBA_GA_EBA_SS,,,
21146,DPM_ei152,316,EBA_ei152,true,EBA_GA_EBA_ST,,,
21147,DPM_ei152,317,EBA_ei152,true,EBA_GA_EBA_SV,,,
21148,DPM_ei152,318,EBA_ei152,true,EBA_GA_EBA_SX,,,
21149,DPM_ei152,319,EBA_ei152,true,EBA_GA_EBA_SY,,,
21150,DPM_ei152,320,EBA_ei152,true,EBA_GA_EBA_SZ,,,
21151,DPM_ei152,321,EBA_ei152,true,EBA_GA_EBA_TC,,,
21152,DPM_ei152,322,EBA_ei152,true,EBA_GA_EBA_TD,,,
21153,DPM_ei152,323,EBA_ei152,true,EBA_GA_EBA_TF,,,
21154,DPM_ei152,324,EBA_ei152,true,EBA_GA_EBA_TG,,,
21155,DPM_ei152,325,EBA_ei152,true,EBA_GA_EBA_TH,,,
21156,DPM_ei152,326,EBA_ei152,true,EBA_GA_EBA_TJ,,,
21157,DPM_ei152,327,EBA_ei152,true,EBA_GA_EBA_TK,,,
21158,DPM_ei152,328,EBA_ei152,true,EBA_GA_EBA_TL,,,
21159,DPM_ei152,329,EBA_ei152,true,EBA_GA_EBA_TM,,,
21160,DPM_ei152,330,EBA_ei152,true,EBA_GA_EBA_TN,,,
21161,DPM_ei152,331,EBA_ei152,true,EBA_GA_EBA_TO,,,
21162,DPM_ei152,332,EBA_ei152,true,EBA_GA_EBA_TR,,,
21163,DPM_ei152,333,EBA_ei152,true,EBA_GA_EBA_TT,,,
21164,DPM_ei152,334,EBA_ei152,true,EBA_GA_EBA_TV,,,
21165,DPM_ei152,335,EBA_ei152,true,EBA_GA_EBA_TW,,,
21166,DPM_ei152,336,EBA_ei152,true,EBA_GA_EBA_TZ,,,
21167,DPM_ei152,337,EBA_ei152,true,EBA_GA_EBA_UA,,,
21168,DPM_ei152,338,EBA_ei152,true,EBA_GA_EBA_UG,,,
21169,DPM_ei152,339,EBA_ei152,true,EBA_GA_EBA_UM,,,
21170,DPM_ei152,340,EBA_ei152,true,EBA_GA_EBA_US,,,
21171,DPM_ei152,341,EBA_ei152,true,EBA_GA_EBA_UY,,,
21172,DPM_ei152,342,EBA_ei152,true,EBA_GA_EBA_UZ,,,
21173,DPM_ei152,343,EBA_ei152,true,EBA_GA_EBA_VA,,,
21174,DPM_ei152,344,EBA_ei152,true,EBA_GA_EBA_VC,,,
21175,DPM_ei152,345,EBA_ei152,true,EBA_GA_EBA_VE,,,
21176,DPM_ei152,346,EBA_ei152,true,EBA_GA_EBA_VG,,,
21177,DPM_ei152,347,EBA_ei152,true,EBA_GA_EBA_VI,,,
21178,DPM_ei152,348,EBA_ei152,true,EBA_GA_EBA_VN,,,
21179,DPM_ei152,349,EBA_ei152,true,EBA_GA_EBA_VU,,,
21180,DPM_ei152,350,EBA_ei152,true,EBA_GA_EBA_WF,,,
21181,DPM_ei152,351,EBA_ei152,true,EBA_GA_EBA_WS,,,
21182,DPM_ei152,352,EBA_ei152,true,EBA_GA_EBA_x28,,,
21183,DPM_ei152,353,EBA_ei152,true,EBA_GA_EBA_XK,,,
21184,DPM_ei152,354,EBA_ei152,true,EBA_GA_EBA_YE,,,
21185,DPM_ei152,355,EBA_ei152,true,EBA_GA_EBA_YT,,,
21186,DPM_ei152,356,EBA_ei152,true,EBA_GA_EBA_ZA,,,
21187,DPM_ei152,357,EBA_ei152,true,EBA_GA_EBA_ZM,,,
21188,DPM_ei152,358,EBA_ei152,true,EBA_GA_EBA_ZW,,,
21189,DPM_ei207,0,EBA_ei207,true,EBA_SC_EBA_x10,,,
21190,DPM_ei207,1,EBA_ei207,true,EBA_SC_EBA_x6,,,
21191,DPM_ei207,2,EBA_ei207,true,EBA_SC_EBA_x7,,,
21192,DPM_ei207,3,EBA_ei207,true,EBA_SC_EBA_x9,,,
21193,DPM_ei218,0,EBA_ei218,true,EBA_NC_EBA_A,,,
21194,DPM_ei218,1,EBA_ei218,true,EBA_NC_EBA_B,,,
21195,DPM_ei218,2,EBA_ei218,true,EBA_NC_EBA_C,,,
21196,DPM_ei218,3,EBA_ei218,true,EBA_NC_EBA_D,,,
21197,DPM_ei218,4,EBA_ei218,true,EBA_NC_EBA_E,,,
21198,DPM_ei218,5,EBA_ei218,true,EBA_NC_EBA_F,,,
21199,DPM_ei218,6,EBA_ei218,true,EBA_NC_EBA_G,,,
21200,DPM_ei218,7,EBA_ei218,true,EBA_NC_EBA_H,,,
21201,DPM_ei218,8,EBA_ei218,true,EBA_NC_EBA_I,,,
21202,DPM_ei218,9,EBA_ei218,true,EBA_NC_EBA_J,,,
21203,DPM_ei218,10,EBA_ei218,true,EBA_NC_EBA_K,,,
21204,DPM_ei218,11,EBA_ei218,true,EBA_NC_EBA_L,,,
21205,DPM_ei218,12,EBA_ei218,true,EBA_NC_EBA_M,,,
21206,DPM_ei218,13,EBA_ei218,true,EBA_NC_EBA_N,,,
21207,DPM_ei218,14,EBA_ei218,true,EBA_NC_EBA_O,,,
21208,DPM_ei218,15,EBA_ei218,true,EBA_NC_EBA_P,,,
21209,DPM_ei218,16,EBA_ei218,true,EBA_NC_EBA_Q,,,
21210,DPM_ei218,17,EBA_ei218,true,EBA_NC_EBA_R,,,
21211,DPM_ei218,18,EBA_ei218,true,EBA_NC_EBA_S,,,
21212,DPM_ei218,19,EBA_ei218,true,EBA_NC_EBA_T,,,
21213,DPM_ei218,20,EBA_ei218,true,EBA_NC_EBA_U,,,
21214,DPM_ei218,21,EBA_ei218,true,EBA_NC_EBA_A1,,,
21215,DPM_ei218,22,EBA_ei218,true,EBA_NC_EBA_A2,,,
21216,DPM_BAS_APL,35,EBA_APL,true,EBA_PL_EBA_x66,,,
21217,DPM_BAS_APL,35,EBA_BAS,true,EBA_BA_EBA_x17,,,
21218,DPM_BAS_APL,36,EBA_APL,true,EBA_PL_EBA_x68,,,
21219,DPM_BAS_APL,36,EBA_BAS,true,EBA_BA_EBA_x17,,,
21220,DPM_BAS_APL,37,EBA_APL,true,EBA_PL_EBA_x76,,,
21221,DPM_BAS_APL,37,EBA_BAS,true,EBA_BA_EBA_x6,,,
21222,DPM_BAS_APL,38,EBA_APL,true,EBA_PL_EBA_x75,,,
21223,DPM_BAS_APL,38,EBA_BAS,true,EBA_BA_EBA_x6,,,
21224,DPM_BAS_APL,39,EBA_APL,true,EBA_PL_EBA_x27,,,
21225,DPM_BAS_APL,39,EBA_BAS,true,EBA_BA_EBA_x7,,,
21226,DPM_BAS_APL,40,EBA_APL,true,EBA_PL_EBA_x75,,,
21227,DPM_BAS_APL,40,EBA_BAS,true,EBA_BA_EBA_x17,,,
21228,DPM_BAS_APL,41,EBA_APL,true,EBA_PL_EBA_x83,,,
21229,DPM_BAS_APL,41,EBA_BAS,true,EBA_BA_EBA_x6,,,
21230,DPM_BAS_APL,42,EBA_APL,true,EBA_PL_EBA_x83,,,
21231,DPM_BAS_APL,42,EBA_BAS,true,EBA_BA_EBA_x17,,,
21232,DPM_BAS_APL,43,EBA_APL,true,EBA_PL_EBA_x62,,,
21233,DPM_BAS_APL,43,EBA_BAS,true,EBA_BA_EBA_x6,,,
21234,DPM_BAS_APL,44,EBA_APL,true,EBA_PL_EBA_x62,,,
21235,DPM_BAS_APL,44,EBA_BAS,true,EBA_BA_EBA_x17,,,
21236,DPM_BAS_APL,45,EBA_APL,true,EBA_PL_EBA_x65,,,
21237,DPM_BAS_APL,45,EBA_BAS,true,EBA_BA_EBA_x7,,,
21238,DPM_BAS_APL,46,EBA_APL,true,EBA_PL_EBA_x686,,,
21239,DPM_BAS_APL,46,EBA_BAS,true,EBA_BA_EBA_x6,,,
21240,DPM_BAS_APL,47,EBA_APL,true,EBA_PL_EBA_x87,,,
21241,DPM_BAS_APL,47,EBA_BAS,true,EBA_BA_EBA_x6,,,
21242,DPM_BAS_APL,48,EBA_APL,true,EBA_PL_EBA_x87,,,
21243,DPM_BAS_APL,48,EBA_BAS,true,EBA_BA_EBA_x7,,,
21244,DPM_BAS_APL,49,EBA_APL,true,EBA_PL_EBA_x89,,,
21245,DPM_BAS_APL,49,EBA_BAS,true,EBA_BA_EBA_x6,,,
21246,DPM_BAS_APL,50,EBA_APL,true,EBA_PL_EBA_x89,,,
21247,DPM_BAS_APL,50,EBA_BAS,true,EBA_BA_EBA_x7,,,
21248,DPM_BAS_APL,51,EBA_APL,true,EBA_PL_EBA_x89,,,
21249,DPM_BAS_APL,51,EBA_BAS,true,EBA_BA_EBA_x17,,,
21250,DPM_BAS_APL,52,EBA_APL,true,EBA_PL_EBA_x103,,,
21251,DPM_BAS_APL,52,EBA_BAS,true,EBA_BA_EBA_x6,,,
21252,DPM_BAS_APL,53,EBA_APL,true,EBA_PL_EBA_x1,,,
21253,DPM_BAS_APL,53,EBA_BAS,true,EBA_BA_EBA_x6,,,
21254,DPM_BAS_APL,54,EBA_APL,true,EBA_PL_EBA_x4,,,
21255,DPM_BAS_APL,54,EBA_BAS,true,EBA_BA_EBA_x6,,,
21256,DPM_BAS_APL,55,EBA_APL,true,EBA_PL_EBA_x743,,,
21257,DPM_BAS_APL,55,EBA_BAS,true,EBA_BA_EBA_x6,,,
21258,DPM_BAS_APL,56,EBA_APL,true,EBA_PL_EBA_x744,,,
21259,DPM_BAS_APL,56,EBA_BAS,true,EBA_BA_EBA_x7,,,
21260,DPM_BAS_APL,57,EBA_APL,true,EBA_PL_EBA_x73,,,
21261,DPM_BAS_APL,57,EBA_BAS,true,EBA_BA_EBA_x6,,,
21262,DPM_BAS_APL,58,EBA_APL,true,EBA_PL_EBA_x74,,,
21263,DPM_BAS_APL,58,EBA_BAS,true,EBA_BA_EBA_x7,,,
21264,DPM_BAS_APL,59,EBA_APL,true,EBA_PL_EBA_x77,,,
21265,DPM_BAS_APL,59,EBA_BAS,true,EBA_BA_EBA_x6,,,
21266,DPM_BAS_APL,60,EBA_APL,true,EBA_PL_EBA_x0,,,
21267,DPM_BAS_APL,60,EBA_BAS,true,EBA_BA_EBA_x6,,,
21268,DPM_BAS_APL,61,EBA_APL,true,EBA_PL_EBA_x104,,,
21269,DPM_BAS_APL,61,EBA_BAS,true,EBA_BA_EBA_x17,,,
21270,DPM_BAS_APL,62,EBA_APL,true,EBA_PL_EBA_x77,,,
21271,DPM_BAS_APL,62,EBA_BAS,true,EBA_BA_EBA_x17,,,
21272,DPM_BAS_APL,63,EBA_APL,true,EBA_PL_EBA_x493,,,
21273,DPM_BAS_APL,63,EBA_BAS,true,EBA_BA_EBA_x17,,,
21274,DPM_BAS_APL,64,EBA_APL,true,EBA_PL_EBA_x104,,,
21275,DPM_BAS_APL,64,EBA_BAS,true,EBA_BA_EBA_x6,,,
21276,DPM_BAS_APL,65,EBA_APL,true,EBA_PL_EBA_x754,,,
21277,DPM_BAS_APL,65,EBA_BAS,true,EBA_BA_EBA_x6,,,
21278,DPM_BAS_APL,66,EBA_APL,true,EBA_PL_EBA_x85,,,
21279,DPM_BAS_APL,66,EBA_BAS,true,EBA_BA_EBA_x6,,,
21280,DPM_BAS_APL,67,EBA_APL,true,EBA_PL_EBA_x86,,,
21281,DPM_BAS_APL,67,EBA_BAS,true,EBA_BA_EBA_x6,,,
21282,DPM_CPS,0,EBA_CPS,true,EBA_CT_EBA_x5,,,
21283,DPM_APL,22,EBA_APL,true,EBA_PL_EBA_x500,,,
21284,DPM_APL,23,EBA_APL,true,EBA_PL_EBA_x63,,,
21285,DPM_APL,24,EBA_APL,true,EBA_PL_EBA_x20,,,
21286,DPM_APL,25,EBA_APL,true,EBA_PL_EBA_x26,,,
21287,DPM_APL,26,EBA_APL,true,EBA_PL_EBA_x66,,,
21288,DPM_APL,27,EBA_APL,true,EBA_PL_EBA_x68,,,
21289,DPM_APL,28,EBA_APL,true,EBA_PL_EBA_x67,,,
21290,DPM_APL,29,EBA_APL,true,EBA_PL_EBA_x76,,,
21291,DPM_APL,30,EBA_APL,true,EBA_PL_EBA_x27,,,
21292,DPM_APL,31,EBA_APL,true,EBA_PL_EBA_x75,,,
21293,DPM_APL,32,EBA_APL,true,EBA_PL_EBA_x83,,,
21294,DPM_APL,33,EBA_APL,true,EBA_PL_EBA_x62,,,
21295,DPM_APL,34,EBA_APL,true,EBA_PL_EBA_x65,,,
21296,DPM_APL,35,EBA_APL,true,EBA_PL_EBA_x686,,,
21297,DPM_APL,36,EBA_APL,true,EBA_PL_EBA_x103,,,
21298,DPM_APL,37,EBA_APL,true,EBA_PL_EBA_x89,,,
21299,DPM_APL,38,EBA_APL,true,EBA_PL_EBA_x87,,,
21300,DPM_APL,39,EBA_APL,true,EBA_PL_EBA_x1,,,
21301,DPM_APL,40,EBA_APL,true,EBA_PL_EBA_x754,,,
21302,DPM_APL,41,EBA_APL,true,EBA_PL_EBA_x743,,,
21303,DPM_APL,42,EBA_APL,true,EBA_PL_EBA_x4,,,
21304,DPM_APL,43,EBA_APL,true,EBA_PL_EBA_x77,,,
21305,DPM_APL,44,EBA_APL,true,EBA_PL_EBA_x73,,,
21306,DPM_APL,45,EBA_APL,true,EBA_PL_EBA_x104,,,
21307,DPM_APL,46,EBA_APL,true,EBA_PL_EBA_x493,,,
21308,DPM_APL,47,EBA_APL,true,EBA_PL_EBA_x74,,,
21309,DPM_APL,48,EBA_APL,true,EBA_PL_EBA_x744,,,
21310,DPM_APL,49,EBA_APL,true,EBA_PL_EBA_x86,,,
21311,DPM_APL,50,EBA_APL,true,EBA_PL_EBA_x85,,,
21312,DPM_BAS_MCY_PFS,0,EBA_BAS,true,EBA_BA_EBA_x7,,,
21313,DPM_BAS_MCY_PFS,0,EBA_MCY,true,EBA_MC_EBA_x283,,,
21314,DPM_BAS_MCY_PFS,0,EBA_PFS,true,EBA_IM_EBA_x16,,,
21315,DPM_BAS_MCY_PFS,1,EBA_BAS,true,EBA_BA_EBA_x6,,,
21316,DPM_BAS_MCY_PFS,1,EBA_MCY,true,EBA_MC_EBA_x99,,,
21317,DPM_BAS_MCY_PFS,1,EBA_PFS,true,EBA_IM_EBA_x0,,,
21318,DPM_BAS_MCY_PFS,2,EBA_BAS,true,EBA_BA_EBA_x7,,,
21319,DPM_BAS_MCY_PFS,2,EBA_MCY,true,EBA_MC_EBA_x99,,,
21320,DPM_BAS_MCY_PFS,2,EBA_PFS,true,EBA_IM_EBA_x0,,,
21321,DPM_BAS_MCY_PFS,3,EBA_BAS,true,EBA_BA_EBA_x17,,,
21322,DPM_BAS_MCY_PFS,3,EBA_MCY,true,EBA_MC_EBA_x99,,,
21323,DPM_BAS_MCY_PFS,3,EBA_PFS,true,EBA_IM_EBA_x0,,,
21324,DPM_BAS_MCY_PFS,4,EBA_BAS,true,EBA_BA_EBA_x7,,,
21325,DPM_BAS_MCY_PFS,4,EBA_MCY,true,EBA_MC_EBA_x135,,,
21326,DPM_BAS_MCY_PFS,4,EBA_PFS,true,EBA_IM_EBA_x0,,,
21327,DPM_BAS_MCY_PFS,5,EBA_BAS,true,EBA_BA_EBA_x10,,,
21328,DPM_BAS_MCY_PFS,5,EBA_MCY,true,EBA_MC_EBA_x251,,,
21329,DPM_BAS_MCY_PFS,5,EBA_PFS,true,EBA_IM_EBA_x0,,,
21330,DPM_BAS_MCY_PFS,6,EBA_BAS,true,EBA_BA_EBA_x10,,,
21331,DPM_BAS_MCY_PFS,6,EBA_MCY,true,EBA_MC_EBA_x251,,,
21332,DPM_BAS_MCY_PFS,6,EBA_PFS,true,EBA_IM_EBA_x16,,,
21333,DPM_BAS_MCY_PFS,7,EBA_BAS,true,EBA_BA_EBA_x17,,,
21334,DPM_BAS_MCY_PFS,7,EBA_MCY,true,EBA_MC_EBA_x224,,,
21335,DPM_BAS_MCY_PFS,7,EBA_PFS,true,EBA_IM_EBA_x0,,,
21336,DPM_BAS_MCY_PFS,8,EBA_BAS,true,EBA_BA_EBA_x7,,,
21337,DPM_BAS_MCY_PFS,8,EBA_MCY,true,EBA_MC_EBA_x92,,,
21338,DPM_BAS_MCY_PFS,8,EBA_PFS,true,EBA_IM_EBA_x0,,,
21339,DPM_BAS_MCY_PFS,9,EBA_BAS,true,EBA_BA_EBA_x8,,,
21340,DPM_BAS_MCY_PFS,9,EBA_MCY,true,EBA_MC_EBA_x106,,,
21341,DPM_BAS_MCY_PFS,9,EBA_PFS,true,EBA_IM_EBA_x0,,,
21342,DPM_BAS_MCY_PFS,10,EBA_BAS,true,EBA_BA_EBA_x6,,,
21343,DPM_BAS_MCY_PFS,10,EBA_MCY,true,EBA_MC_EBA_x60,,,
21344,DPM_BAS_MCY_PFS,10,EBA_PFS,true,EBA_IM_EBA_x0,,,
21345,DPM_BAS_MCY_PFS,11,EBA_BAS,true,EBA_BA_EBA_x7,,,
21346,DPM_BAS_MCY_PFS,11,EBA_MCY,true,EBA_MC_EBA_x146,,,
21347,DPM_BAS_MCY_PFS,11,EBA_PFS,true,EBA_IM_EBA_x0,,,
21348,DPM_BAS_MCY_PFS,12,EBA_BAS,true,EBA_BA_EBA_x6,,,
21349,DPM_BAS_MCY_PFS,12,EBA_MCY,true,EBA_MC_EBA_x130,,,
21350,DPM_BAS_MCY_PFS,12,EBA_PFS,true,EBA_IM_EBA_x0,,,
21351,DPM_BAS_MCY_PFS,13,EBA_BAS,true,EBA_BA_EBA_x2,,,
21352,DPM_BAS_MCY_PFS,13,EBA_MCY,true,EBA_MC_EBA_x132,,,
21353,DPM_BAS_MCY_PFS,13,EBA_PFS,true,EBA_IM_EBA_x0,,,
21354,DPM_BAS_MCY_PFS,14,EBA_BAS,true,EBA_BA_EBA_x6,,,
21355,DPM_BAS_MCY_PFS,14,EBA_MCY,true,EBA_MC_EBA_x423,,,
21356,DPM_BAS_MCY_PFS,14,EBA_PFS,true,EBA_IM_EBA_x16,,,
21357,DPM_BAS_MCY_PFS,15,EBA_BAS,true,EBA_BA_EBA_x6,,,
21358,DPM_BAS_MCY_PFS,15,EBA_MCY,true,EBA_MC_EBA_x143,,,
21359,DPM_BAS_MCY_PFS,15,EBA_PFS,true,EBA_IM_EBA_x0,,,
21360,DPM_BAS_MCY_PFS,16,EBA_BAS,true,EBA_BA_EBA_x6,,,
21361,DPM_BAS_MCY_PFS,16,EBA_MCY,true,EBA_MC_EBA_x104,,,
21362,DPM_BAS_MCY_PFS,16,EBA_PFS,true,EBA_IM_EBA_x0,,,
21363,DPM_BAS_MCY_PFS,17,EBA_BAS,true,EBA_BA_EBA_x6,,,
21364,DPM_BAS_MCY_PFS,17,EBA_MCY,true,EBA_MC_EBA_x104,,,
21365,DPM_BAS_MCY_PFS,17,EBA_PFS,true,EBA_IM_EBA_x16,,,
21366,DPM_BAS_MCY_PFS,18,EBA_BAS,true,EBA_BA_EBA_x6,,,
21367,DPM_BAS_MCY_PFS,18,EBA_MCY,true,EBA_MC_EBA_x469,,,
21368,DPM_BAS_MCY_PFS,18,EBA_PFS,true,EBA_IM_EBA_x0,,,
21369,DPM_ei138,0,EBA_ei138,true,EBA_RP_EBA_x1,,,
21370,DPM_ei138,1,EBA_ei138,true,EBA_RP_EBA_x11,,,
21371,DPM_ei138,2,EBA_ei138,true,EBA_RP_EBA_x3,,,
21372,DPM_ei152,0,EBA_ei152,true,EBA_GA_EBA__1A,,,
21373,DPM_ei152,1,EBA_ei152,true,EBA_GA_EBA__1B,,,
21374,DPM_ei152,2,EBA_ei152,true,EBA_GA_EBA__1C,,,
21375,DPM_ei152,3,EBA_ei152,true,EBA_GA_EBA__1D,,,
21376,DPM_ei152,4,EBA_ei152,true,EBA_GA_EBA__1E,,,
21377,DPM_ei152,5,EBA_ei152,true,EBA_GA_EBA__1F,,,
21378,DPM_ei152,6,EBA_ei152,true,EBA_GA_EBA__1G,,,
21379,DPM_ei152,7,EBA_ei152,true,EBA_GA_EBA__1H,,,
21380,DPM_ei152,8,EBA_ei152,true,EBA_GA_EBA__1J,,,
21381,DPM_ei152,9,EBA_ei152,true,EBA_GA_EBA__1K,,,
21382,DPM_ei152,10,EBA_ei152,true,EBA_GA_EBA__1L,,,
21383,DPM_ei152,11,EBA_ei152,true,EBA_GA_EBA__1M,,,
21384,DPM_ei152,12,EBA_ei152,true,EBA_GA_EBA__1N,,,
21385,DPM_ei152,13,EBA_ei152,true,EBA_GA_EBA__1O,,,
21386,DPM_ei152,14,EBA_ei152,true,EBA_GA_EBA__1P,,,
21387,DPM_ei152,15,EBA_ei152,true,EBA_GA_EBA__1Q,,,
21388,DPM_ei152,16,EBA_ei152,true,EBA_GA_EBA__1R,,,
21389,DPM_ei152,17,EBA_ei152,true,EBA_GA_EBA__1S,,,
21390,DPM_ei152,18,EBA_ei152,true,EBA_GA_EBA__1T,,,
21391,DPM_ei152,19,EBA_ei152,true,EBA_GA_EBA__1Z,,,
21392,DPM_ei152,20,EBA_ei152,true,EBA_GA_EBA__4A,,,
21393,DPM_ei152,21,EBA_ei152,true,EBA_GA_EBA__4B,,,
21394,DPM_ei152,22,EBA_ei152,true,EBA_GA_EBA__4C,,,
21395,DPM_ei152,23,EBA_ei152,true,EBA_GA_EBA__4D,,,
21396,DPM_ei152,24,EBA_ei152,true,EBA_GA_EBA__4E,,,
21397,DPM_ei152,25,EBA_ei152,true,EBA_GA_EBA__4F,,,
21398,DPM_ei152,26,EBA_ei152,true,EBA_GA_EBA__4G,,,
21399,DPM_ei152,27,EBA_ei152,true,EBA_GA_EBA__4H,,,
21400,DPM_ei152,28,EBA_ei152,true,EBA_GA_EBA__4I,,,
21401,DPM_ei152,29,EBA_ei152,true,EBA_GA_EBA__4J,,,
21402,DPM_ei152,30,EBA_ei152,true,EBA_GA_EBA__4K,,,
21403,DPM_ei152,31,EBA_ei152,true,EBA_GA_EBA__4L,,,
21404,DPM_ei152,32,EBA_ei152,true,EBA_GA_EBA__4M,,,
21405,DPM_ei152,33,EBA_ei152,true,EBA_GA_EBA__4N,,,
21406,DPM_ei152,34,EBA_ei152,true,EBA_GA_EBA__4O,,,
21407,DPM_ei152,35,EBA_ei152,true,EBA_GA_EBA__4P,,,
21408,DPM_ei152,36,EBA_ei152,true,EBA_GA_EBA__4Q,,,
21409,DPM_ei152,37,EBA_ei152,true,EBA_GA_EBA__4R,,,
21410,DPM_ei152,38,EBA_ei152,true,EBA_GA_EBA__4S,,,
21411,DPM_ei152,39,EBA_ei152,true,EBA_GA_EBA__4T,,,
21412,DPM_ei152,40,EBA_ei152,true,EBA_GA_EBA__4V,,,
21413,DPM_ei152,41,EBA_ei152,true,EBA_GA_EBA__4W,,,
21414,DPM_ei152,42,EBA_ei152,true,EBA_GA_EBA__4X,,,
21415,DPM_ei152,43,EBA_ei152,true,EBA_GA_EBA__4Y,,,
21416,DPM_ei152,44,EBA_ei152,true,EBA_GA_EBA__4Z,,,
21417,DPM_ei152,45,EBA_ei152,true,EBA_GA_EBA__5A,,,
21418,DPM_ei152,46,EBA_ei152,true,EBA_GA_EBA__5B,,,
21419,DPM_ei152,47,EBA_ei152,true,EBA_GA_EBA__5C,,,
21420,DPM_ei152,48,EBA_ei152,true,EBA_GA_EBA__5D,,,
21421,DPM_ei152,49,EBA_ei152,true,EBA_GA_EBA__5E,,,
21422,DPM_ei152,50,EBA_ei152,true,EBA_GA_EBA__5F,,,
21423,DPM_ei152,51,EBA_ei152,true,EBA_GA_EBA__5G,,,
21424,DPM_ei152,52,EBA_ei152,true,EBA_GA_EBA__5H,,,
21425,DPM_ei152,53,EBA_ei152,true,EBA_GA_EBA__5I,,,
21426,DPM_ei152,54,EBA_ei152,true,EBA_GA_EBA__5J,,,
21427,DPM_ei152,55,EBA_ei152,true,EBA_GA_EBA__5K,,,
21428,DPM_ei152,56,EBA_ei152,true,EBA_GA_EBA__5L,,,
21429,DPM_ei152,57,EBA_ei152,true,EBA_GA_EBA__5M,,,
21430,DPM_ei152,58,EBA_ei152,true,EBA_GA_EBA__5N,,,
21431,DPM_ei152,59,EBA_ei152,true,EBA_GA_EBA__5O,,,
21432,DPM_ei152,60,EBA_ei152,true,EBA_GA_EBA__5P,,,
21433,DPM_ei152,61,EBA_ei152,true,EBA_GA_EBA__5Q,,,
21434,DPM_ei152,62,EBA_ei152,true,EBA_GA_EBA__5R,,,
21435,DPM_ei152,63,EBA_ei152,true,EBA_GA_EBA__5S,,,
21436,DPM_ei152,64,EBA_ei152,true,EBA_GA_EBA__5T,,,
21437,DPM_ei152,65,EBA_ei152,true,EBA_GA_EBA__5U,,,
21438,DPM_ei152,66,EBA_ei152,true,EBA_GA_EBA__5V,,,
21439,DPM_ei152,67,EBA_ei152,true,EBA_GA_EBA__5W,,,
21440,DPM_ei152,68,EBA_ei152,true,EBA_GA_EBA__5X,,,
21441,DPM_ei152,69,EBA_ei152,true,EBA_GA_EBA__5Y,,,
21442,DPM_ei152,70,EBA_ei152,true,EBA_GA_EBA__5Z,,,
21443,DPM_ei152,71,EBA_ei152,true,EBA_GA_EBA__6A,,,
21444,DPM_ei152,72,EBA_ei152,true,EBA_GA_EBA__6B,,,
21445,DPM_ei152,73,EBA_ei152,true,EBA_GA_EBA__6C,,,
21446,DPM_ei152,74,EBA_ei152,true,EBA_GA_EBA__6D,,,
21447,DPM_ei152,75,EBA_ei152,true,EBA_GA_EBA__6E,,,
21448,DPM_ei152,76,EBA_ei152,true,EBA_GA_EBA__6F,,,
21449,DPM_ei152,77,EBA_ei152,true,EBA_GA_EBA__6G,,,
21450,DPM_ei152,78,EBA_ei152,true,EBA_GA_EBA__6H,,,
21451,DPM_ei152,79,EBA_ei152,true,EBA_GA_EBA__6I,,,
21452,DPM_ei152,80,EBA_ei152,true,EBA_GA_EBA__6J,,,
21453,DPM_ei152,81,EBA_ei152,true,EBA_GA_EBA__6K,,,
21454,DPM_ei152,82,EBA_ei152,true,EBA_GA_EBA__6L,,,
21455,DPM_ei152,83,EBA_ei152,true,EBA_GA_EBA__6M,,,
21456,DPM_ei152,84,EBA_ei152,true,EBA_GA_EBA__6N,,,
21457,DPM_ei152,85,EBA_ei152,true,EBA_GA_EBA__6O,,,
21458,DPM_ei152,86,EBA_ei152,true,EBA_GA_EBA__6P,,,
21459,DPM_ei152,87,EBA_ei152,true,EBA_GA_EBA__6Q,,,
21460,DPM_ei152,88,EBA_ei152,true,EBA_GA_EBA__6R,,,
21461,DPM_ei152,89,EBA_ei152,true,EBA_GA_EBA__6S,,,
21462,DPM_ei152,90,EBA_ei152,true,EBA_GA_EBA__6T,,,
21463,DPM_ei152,91,EBA_ei152,true,EBA_GA_EBA__6U,,,
21464,DPM_ei152,92,EBA_ei152,true,EBA_GA_EBA__6Z,,,
21465,DPM_ei152,93,EBA_ei152,true,EBA_GA_EBA__7Y,,,
21466,DPM_ei152,94,EBA_ei152,true,EBA_GA_EBA__7Z,,,
21467,DPM_ei152,95,EBA_ei152,true,EBA_GA_EBA__8A,,,
21468,DPM_ei152,96,EBA_ei152,true,EBA_GA_EBA__9B,,,
21469,DPM_ei152,97,EBA_ei152,true,EBA_GA_EBA_AD,,,
21470,DPM_ei152,98,EBA_ei152,true,EBA_GA_EBA_AE,,,
21471,DPM_ei152,99,EBA_ei152,true,EBA_GA_EBA_AF,,,
21472,DPM_ei152,100,EBA_ei152,true,EBA_GA_EBA_AG,,,
21473,DPM_ei152,101,EBA_ei152,true,EBA_GA_EBA_AI,,,
21474,DPM_ei152,102,EBA_ei152,true,EBA_GA_EBA_AL,,,
21475,DPM_ei152,103,EBA_ei152,true,EBA_GA_EBA_AM,,,
21476,DPM_ei152,104,EBA_ei152,true,EBA_GA_EBA_AO,,,
21477,DPM_ei152,105,EBA_ei152,true,EBA_GA_EBA_AQ,,,
21478,DPM_ei152,106,EBA_ei152,true,EBA_GA_EBA_AR,,,
21479,DPM_ei152,107,EBA_ei152,true,EBA_GA_EBA_AS,,,
21480,DPM_ei152,108,EBA_ei152,true,EBA_GA_EBA_AT,,,
21481,DPM_ei152,109,EBA_ei152,true,EBA_GA_EBA_AU,,,
21482,DPM_ei152,110,EBA_ei152,true,EBA_GA_EBA_AW,,,
21483,DPM_ei152,111,EBA_ei152,true,EBA_GA_EBA_AX,,,
21484,DPM_ei152,112,EBA_ei152,true,EBA_GA_EBA_AZ,,,
21485,DPM_ei152,113,EBA_ei152,true,EBA_GA_EBA_BA,,,
21486,DPM_ei152,114,EBA_ei152,true,EBA_GA_EBA_BB,,,
21487,DPM_ei152,115,EBA_ei152,true,EBA_GA_EBA_BD,,,
21488,DPM_ei152,116,EBA_ei152,true,EBA_GA_EBA_BE,,,
21489,DPM_ei152,117,EBA_ei152,true,EBA_GA_EBA_BF,,,
21490,DPM_ei152,118,EBA_ei152,true,EBA_GA_EBA_BG,,,
21491,DPM_ei152,119,EBA_ei152,true,EBA_GA_EBA_BH,,,
21492,DPM_ei152,120,EBA_ei152,true,EBA_GA_EBA_BI,,,
21493,DPM_ei152,121,EBA_ei152,true,EBA_GA_EBA_BJ,,,
21494,DPM_ei152,122,EBA_ei152,true,EBA_GA_EBA_BL,,,
21495,DPM_ei152,123,EBA_ei152,true,EBA_GA_EBA_BM,,,
21496,DPM_ei152,124,EBA_ei152,true,EBA_GA_EBA_BN,,,
21497,DPM_ei152,125,EBA_ei152,true,EBA_GA_EBA_BO,,,
21498,DPM_ei152,126,EBA_ei152,true,EBA_GA_EBA_BQ,,,
21499,DPM_ei152,127,EBA_ei152,true,EBA_GA_EBA_BR,,,
21500,DPM_ei152,128,EBA_ei152,true,EBA_GA_EBA_BS,,,
21501,DPM_ei152,129,EBA_ei152,true,EBA_GA_EBA_BT,,,
21502,DPM_ei152,130,EBA_ei152,true,EBA_GA_EBA_BV,,,
21503,DPM_ei152,131,EBA_ei152,true,EBA_GA_EBA_BW,,,
21504,DPM_ei152,132,EBA_ei152,true,EBA_GA_EBA_BY,,,
21505,DPM_ei152,133,EBA_ei152,true,EBA_GA_EBA_BZ,,,
21506,DPM_ei152,134,EBA_ei152,true,EBA_GA_EBA_CA,,,
21507,DPM_ei152,135,EBA_ei152,true,EBA_GA_EBA_CC,,,
21508,DPM_ei152,136,EBA_ei152,true,EBA_GA_EBA_CD,,,
21509,DPM_ei152,137,EBA_ei152,true,EBA_GA_EBA_CF,,,
21510,DPM_ei152,138,EBA_ei152,true,EBA_GA_EBA_CG,,,
21511,DPM_ei152,139,EBA_ei152,true,EBA_GA_EBA_CH,,,
21512,DPM_ei152,140,EBA_ei152,true,EBA_GA_EBA_CI,,,
21513,DPM_ei152,141,EBA_ei152,true,EBA_GA_EBA_CK,,,
21514,DPM_ei152,142,EBA_ei152,true,EBA_GA_EBA_CL,,,
21515,DPM_ei152,143,EBA_ei152,true,EBA_GA_EBA_CM,,,
21516,DPM_ei152,144,EBA_ei152,true,EBA_GA_EBA_CN,,,
21517,DPM_ei152,145,EBA_ei152,true,EBA_GA_EBA_CO,,,
21518,DPM_ei152,146,EBA_ei152,true,EBA_GA_EBA_CR,,,
21519,DPM_ei152,147,EBA_ei152,true,EBA_GA_EBA_CU,,,
21520,DPM_ei152,148,EBA_ei152,true,EBA_GA_EBA_CV,,,
21521,DPM_ei152,149,EBA_ei152,true,EBA_GA_EBA_CW,,,
21522,DPM_ei152,150,EBA_ei152,true,EBA_GA_EBA_CX,,,
21523,DPM_ei152,151,EBA_ei152,true,EBA_GA_EBA_CY,,,
21524,DPM_ei152,152,EBA_ei152,true,EBA_GA_EBA_CZ,,,
21525,DPM_ei152,153,EBA_ei152,true,EBA_GA_EBA_DE,,,
21526,DPM_ei152,154,EBA_ei152,true,EBA_GA_EBA_DJ,,,
21527,DPM_ei152,155,EBA_ei152,true,EBA_GA_EBA_DK,,,
21528,DPM_ei152,156,EBA_ei152,true,EBA_GA_EBA_DM,,,
21529,DPM_ei152,157,EBA_ei152,true,EBA_GA_EBA_DO,,,
21530,DPM_ei152,158,EBA_ei152,true,EBA_GA_EBA_DZ,,,
21531,DPM_ei152,159,EBA_ei152,true,EBA_GA_EBA_EC,,,
21532,DPM_ei152,160,EBA_ei152,true,EBA_GA_EBA_EE,,,
21533,DPM_ei152,161,EBA_ei152,true,EBA_GA_EBA_EG,,,
21534,DPM_ei152,162,EBA_ei152,true,EBA_GA_EBA_EH,,,
21535,DPM_ei152,163,EBA_ei152,true,EBA_GA_EBA_ER,,,
21536,DPM_ei152,164,EBA_ei152,true,EBA_GA_EBA_ES,,,
21537,DPM_ei152,165,EBA_ei152,true,EBA_GA_EBA_ET,,,
21538,DPM_ei152,166,EBA_ei152,true,EBA_GA_EBA_FI,,,
21539,DPM_ei152,167,EBA_ei152,true,EBA_GA_EBA_FJ,,,
21540,DPM_ei152,168,EBA_ei152,true,EBA_GA_EBA_FK,,,
21541,DPM_ei152,169,EBA_ei152,true,EBA_GA_EBA_FM,,,
21542,DPM_ei152,170,EBA_ei152,true,EBA_GA_EBA_FO,,,
21543,DPM_ei152,171,EBA_ei152,true,EBA_GA_EBA_FR,,,
21544,DPM_ei152,172,EBA_ei152,true,EBA_GA_EBA_GA,,,
21545,DPM_ei152,173,EBA_ei152,true,EBA_GA_EBA_GB,,,
21546,DPM_ei152,174,EBA_ei152,true,EBA_GA_EBA_GD,,,
21547,DPM_ei152,175,EBA_ei152,true,EBA_GA_EBA_GE,,,
21548,DPM_ei152,176,EBA_ei152,true,EBA_GA_EBA_GF,,,
21549,DPM_ei152,177,EBA_ei152,true,EBA_GA_EBA_GG,,,
21550,DPM_ei152,178,EBA_ei152,true,EBA_GA_EBA_GH,,,
21551,DPM_ei152,179,EBA_ei152,true,EBA_GA_EBA_GI,,,
21552,DPM_ei152,180,EBA_ei152,true,EBA_GA_EBA_GL,,,
21553,DPM_ei152,181,EBA_ei152,true,EBA_GA_EBA_GM,,,
21554,DPM_ei152,182,EBA_ei152,true,EBA_GA_EBA_GN,,,
21555,DPM_ei152,183,EBA_ei152,true,EBA_GA_EBA_GP,,,
21556,DPM_ei152,184,EBA_ei152,true,EBA_GA_EBA_GQ,,,
21557,DPM_ei152,185,EBA_ei152,true,EBA_GA_EBA_GR,,,
21558,DPM_ei152,186,EBA_ei152,true,EBA_GA_EBA_GS,,,
21559,DPM_ei152,187,EBA_ei152,true,EBA_GA_EBA_GT,,,
21560,DPM_ei152,188,EBA_ei152,true,EBA_GA_EBA_GU,,,
21561,DPM_ei152,189,EBA_ei152,true,EBA_GA_EBA_GW,,,
21562,DPM_ei152,190,EBA_ei152,true,EBA_GA_EBA_GY,,,
21563,DPM_ei152,191,EBA_ei152,true,EBA_GA_EBA_HK,,,
21564,DPM_ei152,192,EBA_ei152,true,EBA_GA_EBA_HM,,,
21565,DPM_ei152,193,EBA_ei152,true,EBA_GA_EBA_HN,,,
21566,DPM_ei152,194,EBA_ei152,true,EBA_GA_EBA_HR,,,
21567,DPM_ei152,195,EBA_ei152,true,EBA_GA_EBA_HT,,,
21568,DPM_ei152,196,EBA_ei152,true,EBA_GA_EBA_HU,,,
21569,DPM_ei152,197,EBA_ei152,true,EBA_GA_EBA_ID,,,
21570,DPM_ei152,198,EBA_ei152,true,EBA_GA_EBA_IE,,,
21571,DPM_ei152,199,EBA_ei152,true,EBA_GA_EBA_IL,,,
21572,DPM_BAS_MCY_APL,5,EBA_MCY,true,EBA_MC_EBA_x184,,,
21573,DPM_BAS_MCY_APL,5,EBA_APL,true,EBA_PL_EBA_x79,,,
21574,DPM_BAS_MCY_APL,5,EBA_BAS,true,EBA_BA_EBA_x6,,,
21575,DPM_BAS_MCY_APL,6,EBA_MCY,true,EBA_MC_EBA_x329,,,
21576,DPM_BAS_MCY_APL,6,EBA_APL,true,EBA_PL_EBA_x37,,,
21577,DPM_BAS_MCY_APL,6,EBA_BAS,true,EBA_BA_EBA_x6,,,
21578,DPM_BAS_MCY_APL,7,EBA_MCY,true,EBA_MC_EBA_x329,,,
21579,DPM_BAS_MCY_APL,7,EBA_APL,true,EBA_PL_EBA_x39,,,
21580,DPM_BAS_MCY_APL,7,EBA_BAS,true,EBA_BA_EBA_x6,,,
21581,DPM_BAS_MCY_APL,8,EBA_MCY,true,EBA_MC_EBA_x266,,,
21582,DPM_BAS_MCY_APL,8,EBA_APL,true,EBA_PL_EBA_x40,,,
21583,DPM_BAS_MCY_APL,8,EBA_BAS,true,EBA_BA_EBA_x3,,,
21584,DPM_BAS_MCY_APL,9,EBA_MCY,true,EBA_MC_EBA_x267,,,
21585,DPM_BAS_MCY_APL,9,EBA_APL,true,EBA_PL_EBA_x37,,,
21586,DPM_BAS_MCY_APL,9,EBA_BAS,true,EBA_BA_EBA_x3,,,
21587,DPM_BAS_MCY_APL,10,EBA_MCY,true,EBA_MC_EBA_x267,,,
21588,DPM_BAS_MCY_APL,10,EBA_APL,true,EBA_PL_EBA_x46,,,
21589,DPM_BAS_MCY_APL,10,EBA_BAS,true,EBA_BA_EBA_x3,,,
21590,DPM_BAS_MCY_APL,11,EBA_MCY,true,EBA_MC_EBA_x268,,,
21591,DPM_BAS_MCY_APL,11,EBA_APL,true,EBA_PL_EBA_x0,,,
21592,DPM_BAS_MCY_APL,11,EBA_BAS,true,EBA_BA_EBA_x3,,,
21593,DPM_BAS_MCY_APL,12,EBA_MCY,true,EBA_MC_EBA_x265,,,
21594,DPM_BAS_MCY_APL,12,EBA_APL,true,EBA_PL_EBA_x0,,,
21595,DPM_BAS_MCY_APL,12,EBA_BAS,true,EBA_BA_EBA_x3,,,
21596,DPM_BAS_MCY_APL,13,EBA_MCY,true,EBA_MC_EBA_x266,,,
21597,DPM_BAS_MCY_APL,13,EBA_APL,true,EBA_PL_EBA_x40,,,
21598,DPM_BAS_MCY_APL,13,EBA_BAS,true,EBA_BA_EBA_x5,,,
21599,DPM_BAS_MCY_APL,14,EBA_MCY,true,EBA_MC_EBA_x267,,,
21600,DPM_BAS_MCY_APL,14,EBA_APL,true,EBA_PL_EBA_x37,,,
21601,DPM_BAS_MCY_APL,14,EBA_BAS,true,EBA_BA_EBA_x5,,,
21602,DPM_BAS_MCY_APL,15,EBA_MCY,true,EBA_MC_EBA_x267,,,
21603,DPM_BAS_MCY_APL,15,EBA_APL,true,EBA_PL_EBA_x46,,,
21604,DPM_BAS_MCY_APL,15,EBA_BAS,true,EBA_BA_EBA_x5,,,
21605,DPM_BAS_MCY_APL,16,EBA_MCY,true,EBA_MC_EBA_x268,,,
21606,DPM_BAS_MCY_APL,16,EBA_APL,true,EBA_PL_EBA_x0,,,
21607,DPM_BAS_MCY_APL,16,EBA_BAS,true,EBA_BA_EBA_x5,,,
21608,DPM_BAS_MCY_APL,17,EBA_MCY,true,EBA_MC_EBA_x265,,,
21609,DPM_BAS_MCY_APL,17,EBA_APL,true,EBA_PL_EBA_x0,,,
21610,DPM_BAS_MCY_APL,17,EBA_BAS,true,EBA_BA_EBA_x5,,,
21611,DPM_BAS_MCY_APL,18,EBA_MCY,true,EBA_MC_EBA_x31,,,
21612,DPM_BAS_MCY_APL,18,EBA_APL,true,EBA_PL_EBA_x0,,,
21613,DPM_BAS_MCY_APL,18,EBA_BAS,true,EBA_BA_EBA_x7,,,
21614,DPM_BAS_MCY_APL,19,EBA_MCY,true,EBA_MC_EBA_x31,,,
21615,DPM_BAS_MCY_APL,19,EBA_APL,true,EBA_PL_EBA_x13,,,
21616,DPM_BAS_MCY_APL,19,EBA_BAS,true,EBA_BA_EBA_x7,,,
21617,DPM_BAS_MCY_APL,20,EBA_MCY,true,EBA_MC_EBA_x691,,,
21618,DPM_BAS_MCY_APL,20,EBA_APL,true,EBA_PL_EBA_x79,,,
21619,DPM_BAS_MCY_APL,20,EBA_BAS,true,EBA_BA_EBA_x7,,,
21620,DPM_BAS_MCY_APL,21,EBA_MCY,true,EBA_MC_EBA_x635,,,
21621,DPM_BAS_MCY_APL,21,EBA_APL,true,EBA_PL_EBA_x0,,,
21622,DPM_BAS_MCY_APL,21,EBA_BAS,true,EBA_BA_EBA_x7,,,
21623,DPM_BAS_MCY_APL,22,EBA_MCY,true,EBA_MC_EBA_x220,,,
21624,DPM_BAS_MCY_APL,22,EBA_APL,true,EBA_PL_EBA_x79,,,
21625,DPM_BAS_MCY_APL,22,EBA_BAS,true,EBA_BA_EBA_x7,,,
21626,DPM_BAS_MCY_APL,23,EBA_MCY,true,EBA_MC_EBA_x283,,,
21627,DPM_BAS_MCY_APL,23,EBA_APL,true,EBA_PL_EBA_x0,,,
21628,DPM_BAS_MCY_APL,23,EBA_BAS,true,EBA_BA_EBA_x7,,,
21629,DPM_BAS_MCY_APL,24,EBA_MCY,true,EBA_MC_EBA_x283,,,
21630,DPM_BAS_MCY_APL,24,EBA_APL,true,EBA_PL_EBA_x79,,,
21631,DPM_BAS_MCY_APL,24,EBA_BAS,true,EBA_BA_EBA_x7,,,
21632,DPM_BAS_MCY_APL,25,EBA_MCY,true,EBA_MC_EBA_x320,,,
21633,DPM_BAS_MCY_APL,25,EBA_APL,true,EBA_PL_EBA_x79,,,
21634,DPM_BAS_MCY_APL,25,EBA_BAS,true,EBA_BA_EBA_x7,,,
21635,DPM_BAS_MCY_APL,26,EBA_MCY,true,EBA_MC_EBA_x335,,,
21636,DPM_BAS_MCY_APL,26,EBA_APL,true,EBA_PL_EBA_x79,,,
21637,DPM_BAS_MCY_APL,26,EBA_BAS,true,EBA_BA_EBA_x7,,,
21638,DPM_BAS_MCY_APL,27,EBA_MCY,true,EBA_MC_EBA_x329,,,
21639,DPM_BAS_MCY_APL,27,EBA_APL,true,EBA_PL_EBA_x46,,,
21640,DPM_BAS_MCY_APL,27,EBA_BAS,true,EBA_BA_EBA_x6,,,
21641,DPM_BAS_MCY_APL,28,EBA_MCY,true,EBA_MC_EBA_x25,,,
21642,DPM_BAS_MCY_APL,28,EBA_APL,true,EBA_PL_EBA_x491,,,
21643,DPM_BAS_MCY_APL,28,EBA_BAS,true,EBA_BA_EBA_x6,,,
21644,DPM_BAS_MCY_APL,29,EBA_MCY,true,EBA_MC_EBA_x25,,,
21645,DPM_BAS_MCY_APL,29,EBA_APL,true,EBA_PL_EBA_x492,,,
21646,DPM_BAS_MCY_APL,29,EBA_BAS,true,EBA_BA_EBA_x6,,,
21647,DPM_BAS_MCY_APL,30,EBA_MCY,true,EBA_MC_EBA_x25,,,
21648,DPM_BAS_MCY_APL,30,EBA_APL,true,EBA_PL_EBA_x491,,,
21649,DPM_BAS_MCY_APL,30,EBA_BAS,true,EBA_BA_EBA_x17,,,
21650,DPM_BAS_MCY_APL,31,EBA_MCY,true,EBA_MC_EBA_x25,,,
21651,DPM_BAS_MCY_APL,31,EBA_APL,true,EBA_PL_EBA_x492,,,
21652,DPM_BAS_MCY_APL,31,EBA_BAS,true,EBA_BA_EBA_x17,,,
21653,DPM_BAS_MCY_APL,32,EBA_MCY,true,EBA_MC_EBA_x329,,,
21654,DPM_BAS_MCY_APL,32,EBA_APL,true,EBA_PL_EBA_x491,,,
21655,DPM_BAS_MCY_APL,32,EBA_BAS,true,EBA_BA_EBA_x6,,,
21656,DPM_BAS_MCY_APL,33,EBA_MCY,true,EBA_MC_EBA_x938,,,
21657,DPM_BAS_MCY_APL,33,EBA_APL,true,EBA_PL_EBA_x491,,,
21658,DPM_BAS_MCY_APL,33,EBA_BAS,true,EBA_BA_EBA_x6,,,
21659,DPM_BAS_MCY_APL,34,EBA_MCY,true,EBA_MC_EBA_x329,,,
21660,DPM_BAS_MCY_APL,34,EBA_APL,true,EBA_PL_EBA_x491,,,
21661,DPM_BAS_MCY_APL,34,EBA_BAS,true,EBA_BA_EBA_x17,,,
21662,DPM_BAS_MCY_APL,35,EBA_MCY,true,EBA_MC_EBA_x938,,,
21663,DPM_BAS_MCY_APL,35,EBA_APL,true,EBA_PL_EBA_x491,,,
21664,DPM_BAS_MCY_APL,35,EBA_BAS,true,EBA_BA_EBA_x17,,,
21665,DPM_BAS_MCY_APL,36,EBA_MCY,true,EBA_MC_EBA_x329,,,
21666,DPM_BAS_MCY_APL,36,EBA_APL,true,EBA_PL_EBA_x492,,,
21667,DPM_BAS_MCY_APL,36,EBA_BAS,true,EBA_BA_EBA_x6,,,
21668,DPM_BAS_MCY_APL,37,EBA_MCY,true,EBA_MC_EBA_x39,,,
21669,DPM_BAS_MCY_APL,37,EBA_APL,true,EBA_PL_EBA_x492,,,
21670,DPM_BAS_MCY_APL,37,EBA_BAS,true,EBA_BA_EBA_x6,,,
21671,DPM_BAS_MCY_APL,38,EBA_MCY,true,EBA_MC_EBA_x329,,,
21672,DPM_BAS_MCY_APL,38,EBA_APL,true,EBA_PL_EBA_x46,,,
21673,DPM_BAS_MCY_APL,38,EBA_BAS,true,EBA_BA_EBA_x17,,,
21674,DPM_BAS_MCY_APL,39,EBA_MCY,true,EBA_MC_EBA_x329,,,
21675,DPM_BAS_MCY_APL,39,EBA_APL,true,EBA_PL_EBA_x49,,,
21676,DPM_BAS_MCY_APL,39,EBA_BAS,true,EBA_BA_EBA_x6,,,
21677,DPM_BAS_MCY_APL,40,EBA_MCY,true,EBA_MC_EBA_x210,,,
21678,DPM_BAS_MCY_APL,40,EBA_APL,true,EBA_PL_EBA_x44,,,
21679,DPM_BAS_MCY_APL,40,EBA_BAS,true,EBA_BA_EBA_x6,,,
21680,DPM_BAS_MCY_APL,41,EBA_MCY,true,EBA_MC_EBA_x329,,,
21681,DPM_BAS_MCY_APL,41,EBA_APL,true,EBA_PL_EBA_x38,,,
21682,DPM_BAS_MCY_APL,41,EBA_BAS,true,EBA_BA_EBA_x6,,,
21683,DPM_BAS_MCY_APL,42,EBA_MCY,true,EBA_MC_EBA_x329,,,
21684,DPM_BAS_MCY_APL,42,EBA_APL,true,EBA_PL_EBA_x47,,,
21685,DPM_BAS_MCY_APL,42,EBA_BAS,true,EBA_BA_EBA_x6,,,
21686,DPM_BAS_MCY_APL,43,EBA_MCY,true,EBA_MC_EBA_x210,,,
21687,DPM_BAS_MCY_APL,43,EBA_APL,true,EBA_PL_EBA_x43,,,
21688,DPM_BAS_MCY_APL,43,EBA_BAS,true,EBA_BA_EBA_x6,,,
21689,DPM_BAS_MCY_APL,44,EBA_MCY,true,EBA_MC_EBA_x39,,,
21690,DPM_BAS_MCY_APL,44,EBA_APL,true,EBA_PL_EBA_x73,,,
21691,DPM_BAS_MCY_APL,44,EBA_BAS,true,EBA_BA_EBA_x6,,,
21692,DPM_BAS_MCY_APL,45,EBA_MCY,true,EBA_MC_EBA_x99,,,
21693,DPM_BAS_MCY_APL,45,EBA_APL,true,EBA_PL_EBA_x28,,,
21694,DPM_BAS_MCY_APL,45,EBA_BAS,true,EBA_BA_EBA_x6,,,
21695,DPM_BAS_MCY_APL,46,EBA_MCY,true,EBA_MC_EBA_x99,,,
21696,DPM_BAS_MCY_APL,46,EBA_APL,true,EBA_PL_EBA_x28,,,
21697,DPM_BAS_MCY_APL,46,EBA_BAS,true,EBA_BA_EBA_x7,,,
21698,DPM_BAS_MCY_APL,47,EBA_MCY,true,EBA_MC_EBA_x99,,,
21699,DPM_BAS_MCY_APL,47,EBA_APL,true,EBA_PL_EBA_x14,,,
21700,DPM_BAS_MCY_APL,47,EBA_BAS,true,EBA_BA_EBA_x6,,,
21701,DPM_BAS_MCY_APL,48,EBA_MCY,true,EBA_MC_EBA_x99,,,
21702,DPM_BAS_MCY_APL,48,EBA_APL,true,EBA_PL_EBA_x20,,,
21703,DPM_BAS_MCY_APL,48,EBA_BAS,true,EBA_BA_EBA_x6,,,
21704,DPM_BAS_MCY_APL,49,EBA_MCY,true,EBA_MC_EBA_x99,,,
21705,DPM_BAS_MCY_APL,49,EBA_APL,true,EBA_PL_EBA_x66,,,
21706,DPM_BAS_MCY_APL,49,EBA_BAS,true,EBA_BA_EBA_x6,,,
21707,DPM_BAS_MCY_APL,50,EBA_MCY,true,EBA_MC_EBA_x99,,,
21708,DPM_BAS_MCY_APL,50,EBA_APL,true,EBA_PL_EBA_x26,,,
21709,DPM_BAS_MCY_APL,50,EBA_BAS,true,EBA_BA_EBA_x7,,,
21710,DPM_BAS_MCY_APL,51,EBA_MCY,true,EBA_MC_EBA_x99,,,
21711,DPM_BAS_MCY_APL,51,EBA_APL,true,EBA_PL_EBA_x68,,,
21712,DPM_BAS_MCY_APL,51,EBA_BAS,true,EBA_BA_EBA_x7,,,
21713,DPM_BAS_MCY_APL,52,EBA_MCY,true,EBA_MC_EBA_x135,,,
21714,DPM_BAS_MCY_APL,52,EBA_APL,true,EBA_PL_EBA_x25,,,
21715,DPM_BAS_MCY_APL,52,EBA_BAS,true,EBA_BA_EBA_x7,,,
21716,DPM_BAS_MCY_APL,53,EBA_MCY,true,EBA_MC_EBA_x135,,,
21717,DPM_BAS_MCY_APL,53,EBA_APL,true,EBA_PL_EBA_x26,,,
21718,DPM_BAS_MCY_APL,53,EBA_BAS,true,EBA_BA_EBA_x7,,,
21719,DPM_BAS_MCY_APL,54,EBA_MCY,true,EBA_MC_EBA_x135,,,
21720,DPM_BAS_MCY_APL,54,EBA_APL,true,EBA_PL_EBA_x68,,,
21721,DPM_BAS_MCY_APL,54,EBA_BAS,true,EBA_BA_EBA_x7,,,
21722,DPM_BAS_MCY_APL,55,EBA_MCY,true,EBA_MC_EBA_x135,,,
21723,DPM_BAS_MCY_APL,55,EBA_APL,true,EBA_PL_EBA_x27,,,
21724,DPM_BAS_MCY_APL,55,EBA_BAS,true,EBA_BA_EBA_x7,,,
21725,DPM_BAS_MCY_APL,56,EBA_MCY,true,EBA_MC_EBA_x135,,,
21726,DPM_BAS_MCY_APL,56,EBA_APL,true,EBA_PL_EBA_x65,,,
21727,DPM_BAS_MCY_APL,56,EBA_BAS,true,EBA_BA_EBA_x7,,,
21728,DPM_BAS_MCY_APL,57,EBA_MCY,true,EBA_MC_EBA_x264,,,
21729,DPM_BAS_MCY_APL,57,EBA_APL,true,EBA_PL_EBA_x25,,,
21730,DPM_BAS_MCY_APL,57,EBA_BAS,true,EBA_BA_EBA_x7,,,
21731,DPM_BAS_MCY_APL,58,EBA_MCY,true,EBA_MC_EBA_x264,,,
21732,DPM_BAS_MCY_APL,58,EBA_APL,true,EBA_PL_EBA_x26,,,
21733,DPM_BAS_MCY_APL,58,EBA_BAS,true,EBA_BA_EBA_x7,,,
21734,DPM_BAS_MCY_APL,59,EBA_MCY,true,EBA_MC_EBA_x264,,,
21735,DPM_BAS_MCY_APL,59,EBA_APL,true,EBA_PL_EBA_x68,,,
21736,DPM_BAS_MCY_APL,59,EBA_BAS,true,EBA_BA_EBA_x7,,,
21737,DPM_BAS_MCY_APL,60,EBA_MCY,true,EBA_MC_EBA_x264,,,
21738,DPM_BAS_MCY_APL,60,EBA_APL,true,EBA_PL_EBA_x27,,,
21739,DPM_BAS_MCY_APL,60,EBA_BAS,true,EBA_BA_EBA_x7,,,
21740,DPM_BAS_MCY_APL,61,EBA_MCY,true,EBA_MC_EBA_x264,,,
21741,DPM_BAS_MCY_APL,61,EBA_APL,true,EBA_PL_EBA_x65,,,
21742,DPM_BAS_MCY_APL,61,EBA_BAS,true,EBA_BA_EBA_x7,,,
21743,DPM_BAS_MCY_APL,62,EBA_MCY,true,EBA_MC_EBA_x93,,,
21744,DPM_BAS_MCY_APL,62,EBA_APL,true,EBA_PL_EBA_x25,,,
21745,DPM_BAS_MCY_APL,62,EBA_BAS,true,EBA_BA_EBA_x7,,,
21746,DPM_BAS_MCY_APL,63,EBA_MCY,true,EBA_MC_EBA_x93,,,
21747,DPM_BAS_MCY_APL,63,EBA_APL,true,EBA_PL_EBA_x27,,,
21748,DPM_BAS_MCY_APL,63,EBA_BAS,true,EBA_BA_EBA_x7,,,
21749,DPM_BAS_MCY_APL,64,EBA_MCY,true,EBA_MC_EBA_x93,,,
21750,DPM_BAS_MCY_APL,64,EBA_APL,true,EBA_PL_EBA_x65,,,
21751,DPM_BAS_MCY_APL,64,EBA_BAS,true,EBA_BA_EBA_x7,,,
21752,DPM_BAS_MCY_APL,65,EBA_MCY,true,EBA_MC_EBA_x60,,,
21753,DPM_BAS_MCY_APL,65,EBA_APL,true,EBA_PL_EBA_x687,,,
21754,DPM_BAS_MCY_APL,65,EBA_BAS,true,EBA_BA_EBA_x6,,,
21755,DPM_BAS_MCY_APL,66,EBA_MCY,true,EBA_MC_EBA_x60,,,
21756,DPM_BAS_MCY_APL,66,EBA_APL,true,EBA_PL_EBA_x750,,,
21757,DPM_BAS_MCY_APL,66,EBA_BAS,true,EBA_BA_EBA_x6,,,
21758,DPM_BAS_MCY_APL,67,EBA_MCY,true,EBA_MC_EBA_x60,,,
21759,DPM_BAS_MCY_APL,67,EBA_APL,true,EBA_PL_EBA_x64,,,
21760,DPM_BAS_MCY_APL,67,EBA_BAS,true,EBA_BA_EBA_x6,,,
21761,DPM_BAS_MCY_APL,68,EBA_MCY,true,EBA_MC_EBA_x60,,,
21762,DPM_BAS_MCY_APL,68,EBA_APL,true,EBA_PL_EBA_x688,,,
21763,DPM_BAS_MCY_APL,68,EBA_BAS,true,EBA_BA_EBA_x6,,,
21764,DPM_BAS_MCY_APL,69,EBA_MCY,true,EBA_MC_EBA_x60,,,
21765,DPM_BAS_MCY_APL,69,EBA_APL,true,EBA_PL_EBA_x69,,,
21766,DPM_BAS_MCY_APL,69,EBA_BAS,true,EBA_BA_EBA_x6,,,
21767,DPM_BAS_MCY_APL,70,EBA_MCY,true,EBA_MC_EBA_x60,,,
21768,DPM_BAS_MCY_APL,70,EBA_APL,true,EBA_PL_EBA_x14,,,
21769,DPM_BAS_MCY_APL,70,EBA_BAS,true,EBA_BA_EBA_x6,,,
21770,DPM_BAS_MCY_APL,71,EBA_MCY,true,EBA_MC_EBA_x60,,,
21771,DPM_BAS_MCY_APL,71,EBA_APL,true,EBA_PL_EBA_x500,,,
21772,DPM_BAS_MCY_APL,71,EBA_BAS,true,EBA_BA_EBA_x6,,,
21773,DPM_BAS_MCY_APL,72,EBA_MCY,true,EBA_MC_EBA_x60,,,
21774,DPM_BAS_MCY_APL,72,EBA_APL,true,EBA_PL_EBA_x63,,,
21775,DPM_BAS_MCY_APL,72,EBA_BAS,true,EBA_BA_EBA_x6,,,
21776,DPM_BAS_MCY_APL,73,EBA_MCY,true,EBA_MC_EBA_x60,,,
21777,DPM_BAS_MCY_APL,73,EBA_APL,true,EBA_PL_EBA_x20,,,
21778,DPM_BAS_MCY_APL,73,EBA_BAS,true,EBA_BA_EBA_x6,,,
21779,DPM_BAS_MCY_APL,74,EBA_MCY,true,EBA_MC_EBA_x60,,,
21780,DPM_BAS_MCY_APL,74,EBA_APL,true,EBA_PL_EBA_x66,,,
21781,DPM_BAS_MCY_APL,74,EBA_BAS,true,EBA_BA_EBA_x6,,,
21782,DPM_BAS_MCY_APL,75,EBA_MCY,true,EBA_MC_EBA_x60,,,
21783,DPM_BAS_MCY_APL,75,EBA_APL,true,EBA_PL_EBA_x75,,,
21784,DPM_BAS_MCY_APL,75,EBA_BAS,true,EBA_BA_EBA_x6,,,
21785,DPM_BAS_MCY_APL,76,EBA_MCY,true,EBA_MC_EBA_x60,,,
21786,DPM_BAS_MCY_APL,76,EBA_APL,true,EBA_PL_EBA_x686,,,
21787,DPM_BAS_MCY_APL,76,EBA_BAS,true,EBA_BA_EBA_x6,,,
21788,DPM_BAS_MCY_APL,77,EBA_MCY,true,EBA_MC_EBA_x60,,,
21789,DPM_BAS_MCY_APL,77,EBA_APL,true,EBA_PL_EBA_x62,,,
21790,DPM_BAS_MCY_APL,77,EBA_BAS,true,EBA_BA_EBA_x6,,,
21791,DPM_BAS_MCY_APL,78,EBA_MCY,true,EBA_MC_EBA_x146,,,
21792,DPM_BAS_MCY_APL,78,EBA_APL,true,EBA_PL_EBA_x25,,,
21793,DPM_BAS_MCY_APL,78,EBA_BAS,true,EBA_BA_EBA_x7,,,
21794,DPM_BAS_MCY_APL,79,EBA_MCY,true,EBA_MC_EBA_x146,,,
21795,DPM_BAS_MCY_APL,79,EBA_APL,true,EBA_PL_EBA_x26,,,
21796,DPM_BAS_MCY_APL,79,EBA_BAS,true,EBA_BA_EBA_x7,,,
21797,DPM_BAS_MCY_APL,80,EBA_MCY,true,EBA_MC_EBA_x146,,,
21798,DPM_BAS_MCY_APL,80,EBA_APL,true,EBA_PL_EBA_x68,,,
21799,DPM_BAS_MCY_APL,80,EBA_BAS,true,EBA_BA_EBA_x7,,,
21800,DPM_BAS_MCY_APL,81,EBA_MCY,true,EBA_MC_EBA_x146,,,
21801,DPM_BAS_MCY_APL,81,EBA_APL,true,EBA_PL_EBA_x27,,,
21802,DPM_BAS_MCY_APL,81,EBA_BAS,true,EBA_BA_EBA_x7,,,
21803,DPM_BAS_MCY_APL,82,EBA_MCY,true,EBA_MC_EBA_x146,,,
21804,DPM_BAS_MCY_APL,82,EBA_APL,true,EBA_PL_EBA_x65,,,
21805,DPM_BAS_MCY_APL,82,EBA_BAS,true,EBA_BA_EBA_x7,,,
21806,DPM_BAS_MCY_APL,83,EBA_MCY,true,EBA_MC_EBA_x111,,,
21807,DPM_BAS_MCY_APL,83,EBA_APL,true,EBA_PL_EBA_x26,,,
21808,DPM_BAS_MCY_APL,83,EBA_BAS,true,EBA_BA_EBA_x7,,,
21809,DPM_BAS_MCY_APL,84,EBA_MCY,true,EBA_MC_EBA_x111,,,
21810,DPM_BAS_MCY_APL,84,EBA_APL,true,EBA_PL_EBA_x68,,,
21811,DPM_BAS_MCY_APL,84,EBA_BAS,true,EBA_BA_EBA_x7,,,
21812,DPM_BAS_MCY_APL,85,EBA_MCY,true,EBA_MC_EBA_x420,,,
21813,DPM_BAS_MCY_APL,85,EBA_APL,true,EBA_PL_EBA_x0,,,
21814,DPM_BAS_MCY_APL,85,EBA_BAS,true,EBA_BA_EBA_x6,,,
21815,DPM_BAS_MCY_APL,86,EBA_MCY,true,EBA_MC_EBA_x420,,,
21816,DPM_BAS_MCY_APL,86,EBA_APL,true,EBA_PL_EBA_x0,,,
21817,DPM_BAS_MCY_APL,86,EBA_BAS,true,EBA_BA_EBA_x17,,,
21818,DPM_BAS_MCY_APL,87,EBA_MCY,true,EBA_MC_EBA_x323,,,
21819,DPM_BAS_MCY_APL,87,EBA_APL,true,EBA_PL_EBA_x26,,,
21820,DPM_BAS_MCY_APL,87,EBA_BAS,true,EBA_BA_EBA_x7,,,
21821,DPM_BAS_MCY_APL,88,EBA_MCY,true,EBA_MC_EBA_x323,,,
21822,DPM_BAS_MCY_APL,88,EBA_APL,true,EBA_PL_EBA_x68,,,
21823,DPM_BAS_MCY_APL,88,EBA_BAS,true,EBA_BA_EBA_x7,,,
21824,DPM_BAS_MCY_APL,89,EBA_MCY,true,EBA_MC_EBA_x575,,,
21825,DPM_BAS_MCY_APL,89,EBA_APL,true,EBA_PL_EBA_x79,,,
21826,DPM_BAS_MCY_APL,89,EBA_BAS,true,EBA_BA_EBA_x6,,,
21827,DPM_BAS_MCY_APL,90,EBA_MCY,true,EBA_MC_EBA_x130,,,
21828,DPM_BAS_MCY_APL,90,EBA_APL,true,EBA_PL_EBA_x750,,,
21829,DPM_BAS_MCY_APL,90,EBA_BAS,true,EBA_BA_EBA_x6,,,
21830,DPM_BAS_MCY_APL,91,EBA_MCY,true,EBA_MC_EBA_x130,,,
21831,DPM_BAS_MCY_APL,91,EBA_APL,true,EBA_PL_EBA_x64,,,
21832,DPM_BAS_MCY_APL,91,EBA_BAS,true,EBA_BA_EBA_x6,,,
21833,DPM_BAS_MCY_APL,92,EBA_MCY,true,EBA_MC_EBA_x130,,,
21834,DPM_BAS_MCY_APL,92,EBA_APL,true,EBA_PL_EBA_x41,,,
21835,DPM_BAS_MCY_APL,92,EBA_BAS,true,EBA_BA_EBA_x6,,,
21836,DPM_BAS_MCY_APL,93,EBA_MCY,true,EBA_MC_EBA_x130,,,
21837,DPM_BAS_MCY_APL,93,EBA_APL,true,EBA_PL_EBA_x69,,,
21838,DPM_BAS_MCY_APL,93,EBA_BAS,true,EBA_BA_EBA_x6,,,
21839,DPM_BAS_MCY_APL,94,EBA_MCY,true,EBA_MC_EBA_x130,,,
21840,DPM_BAS_MCY_APL,94,EBA_APL,true,EBA_PL_EBA_x14,,,
21841,DPM_BAS_MCY_APL,94,EBA_BAS,true,EBA_BA_EBA_x6,,,
21842,DPM_BAS_MCY_APL,95,EBA_MCY,true,EBA_MC_EBA_x130,,,
21843,DPM_BAS_MCY_APL,95,EBA_APL,true,EBA_PL_EBA_x500,,,
21844,DPM_BAS_MCY_APL,95,EBA_BAS,true,EBA_BA_EBA_x6,,,
21845,DPM_BAS_MCY_APL,96,EBA_MCY,true,EBA_MC_EBA_x130,,,
21846,DPM_BAS_MCY_APL,96,EBA_APL,true,EBA_PL_EBA_x63,,,
21847,DPM_BAS_MCY_APL,96,EBA_BAS,true,EBA_BA_EBA_x6,,,
21848,DPM_BAS_MCY_APL,97,EBA_MCY,true,EBA_MC_EBA_x130,,,
21849,DPM_BAS_MCY_APL,97,EBA_APL,true,EBA_PL_EBA_x20,,,
21850,DPM_BAS_MCY_APL,97,EBA_BAS,true,EBA_BA_EBA_x6,,,
21851,DPM_BAS_MCY_APL,98,EBA_MCY,true,EBA_MC_EBA_x130,,,
21852,DPM_BAS_MCY_APL,98,EBA_APL,true,EBA_PL_EBA_x66,,,
21853,DPM_BAS_MCY_APL,98,EBA_BAS,true,EBA_BA_EBA_x6,,,
21854,DPM_BAS_MCY_APL,99,EBA_MCY,true,EBA_MC_EBA_x130,,,
21855,DPM_BAS_MCY_APL,99,EBA_APL,true,EBA_PL_EBA_x62,,,
21856,DPM_BAS_MCY_APL,99,EBA_BAS,true,EBA_BA_EBA_x6,,,
21857,DPM_BAS_MCY_APL,100,EBA_MCY,true,EBA_MC_EBA_x223,,,
21858,DPM_BAS_MCY_APL,100,EBA_APL,true,EBA_PL_EBA_x13,,,
21859,DPM_BAS_MCY_APL,100,EBA_BAS,true,EBA_BA_EBA_x6,,,
21860,DPM_BAS_MCY_APL,101,EBA_MCY,true,EBA_MC_EBA_x223,,,
21861,DPM_BAS_MCY_APL,101,EBA_APL,true,EBA_PL_EBA_x687,,,
21862,DPM_BAS_MCY_APL,101,EBA_BAS,true,EBA_BA_EBA_x6,,,
21863,DPM_BAS_MCY_APL,102,EBA_MCY,true,EBA_MC_EBA_x223,,,
21864,DPM_BAS_MCY_APL,102,EBA_APL,true,EBA_PL_EBA_x688,,,
21865,DPM_BAS_MCY_APL,102,EBA_BAS,true,EBA_BA_EBA_x6,,,
21866,DPM_BAS_MCY_APL,103,EBA_MCY,true,EBA_MC_EBA_x223,,,
21867,DPM_BAS_MCY_APL,103,EBA_APL,true,EBA_PL_EBA_x75,,,
21868,DPM_BAS_MCY_APL,103,EBA_BAS,true,EBA_BA_EBA_x6,,,
21869,DPM_BAS_MCY_APL,104,EBA_MCY,true,EBA_MC_EBA_x223,,,
21870,DPM_BAS_MCY_APL,104,EBA_APL,true,EBA_PL_EBA_x686,,,
21871,DPM_BAS_MCY_APL,104,EBA_BAS,true,EBA_BA_EBA_x6,,,
21872,DPM_BAS_MCY_APL,105,EBA_MCY,true,EBA_MC_EBA_x223,,,
21873,DPM_BAS_MCY_APL,105,EBA_APL,true,EBA_PL_EBA_x77,,,
21874,DPM_BAS_MCY_APL,105,EBA_BAS,true,EBA_BA_EBA_x6,,,
21875,DPM_BAS_MCY_APL,106,EBA_MCY,true,EBA_MC_EBA_x143,,,
21876,DPM_BAS_MCY_APL,106,EBA_APL,true,EBA_PL_EBA_x73,,,
21877,DPM_BAS_MCY_APL,106,EBA_BAS,true,EBA_BA_EBA_x6,,,
21878,DPM_BAS_MCY_APL,107,EBA_MCY,true,EBA_MC_EBA_x143,,,
21879,DPM_BAS_MCY_APL,107,EBA_APL,true,EBA_PL_EBA_x0,,,
21880,DPM_BAS_MCY_APL,107,EBA_BAS,true,EBA_BA_EBA_x17,,,
21881,DPM_BAS_MCY_APL,108,EBA_MCY,true,EBA_MC_EBA_x143,,,
21882,DPM_BAS_MCY_APL,108,EBA_APL,true,EBA_PL_EBA_x13,,,
21883,DPM_BAS_MCY_APL,108,EBA_BAS,true,EBA_BA_EBA_x6,,,
21884,DPM_BAS_MCY_APL,109,EBA_MCY,true,EBA_MC_EBA_x143,,,
21885,DPM_BAS_MCY_APL,109,EBA_APL,true,EBA_PL_EBA_x750,,,
21886,DPM_BAS_MCY_APL,109,EBA_BAS,true,EBA_BA_EBA_x6,,,
21887,DPM_BAS_MCY_APL,110,EBA_MCY,true,EBA_MC_EBA_x143,,,
21888,DPM_BAS_MCY_APL,110,EBA_APL,true,EBA_PL_EBA_x64,,,
21889,DPM_BAS_MCY_APL,110,EBA_BAS,true,EBA_BA_EBA_x6,,,
21890,DPM_BAS_MCY_APL,111,EBA_MCY,true,EBA_MC_EBA_x143,,,
21891,DPM_BAS_MCY_APL,111,EBA_APL,true,EBA_PL_EBA_x69,,,
21892,DPM_BAS_MCY_APL,111,EBA_BAS,true,EBA_BA_EBA_x6,,,
21893,DPM_BAS_MCY_APL,112,EBA_MCY,true,EBA_MC_EBA_x143,,,
21894,DPM_BAS_MCY_APL,112,EBA_APL,true,EBA_PL_EBA_x14,,,
21895,DPM_BAS_MCY_APL,112,EBA_BAS,true,EBA_BA_EBA_x6,,,
21896,DPM_BAS_MCY_APL,113,EBA_MCY,true,EBA_MC_EBA_x143,,,
21897,DPM_BAS_MCY_APL,113,EBA_APL,true,EBA_PL_EBA_x500,,,
21898,DPM_BAS_MCY_APL,113,EBA_BAS,true,EBA_BA_EBA_x6,,,
21899,DPM_BAS_MCY_APL,114,EBA_MCY,true,EBA_MC_EBA_x143,,,
21900,DPM_BAS_MCY_APL,114,EBA_APL,true,EBA_PL_EBA_x63,,,
21901,DPM_BAS_MCY_APL,114,EBA_BAS,true,EBA_BA_EBA_x6,,,
21902,DPM_BAS_MCY_APL,115,EBA_MCY,true,EBA_MC_EBA_x143,,,
21903,DPM_BAS_MCY_APL,115,EBA_APL,true,EBA_PL_EBA_x20,,,
21904,DPM_BAS_MCY_APL,115,EBA_BAS,true,EBA_BA_EBA_x6,,,
21905,DPM_BAS_MCY_APL,116,EBA_MCY,true,EBA_MC_EBA_x143,,,
21906,DPM_BAS_MCY_APL,116,EBA_APL,true,EBA_PL_EBA_x66,,,
21907,DPM_BAS_MCY_APL,116,EBA_BAS,true,EBA_BA_EBA_x6,,,
21908,DPM_BAS_MCY_APL,117,EBA_MCY,true,EBA_MC_EBA_x143,,,
21909,DPM_BAS_MCY_APL,117,EBA_APL,true,EBA_PL_EBA_x62,,,
21910,DPM_BAS_MCY_APL,117,EBA_BAS,true,EBA_BA_EBA_x6,,,
21911,DPM_BAS_MCY_APL,118,EBA_MCY,true,EBA_MC_EBA_x143,,,
21912,DPM_BAS_MCY_APL,118,EBA_APL,true,EBA_PL_EBA_x0,,,
21913,DPM_BAS_MCY_APL,118,EBA_BAS,true,EBA_BA_EBA_x6,,,
21914,DPM_BAS_MCY_APL,119,EBA_MCY,true,EBA_MC_EBA_x104,,,
21915,DPM_BAS_MCY_APL,119,EBA_APL,true,EBA_PL_EBA_x20,,,
21916,DPM_BAS_MCY_APL,119,EBA_BAS,true,EBA_BA_EBA_x6,,,
21917,DPM_BAS_MCY_APL,120,EBA_MCY,true,EBA_MC_EBA_x104,,,
21918,DPM_BAS_MCY_APL,120,EBA_APL,true,EBA_PL_EBA_x66,,,
21919,DPM_BAS_MCY_APL,120,EBA_BAS,true,EBA_BA_EBA_x6,,,
21920,DPM_BAS_MCY_APL,121,EBA_MCY,true,EBA_MC_EBA_x469,,,
21921,DPM_BAS_MCY_APL,121,EBA_APL,true,EBA_PL_EBA_x687,,,
21922,DPM_BAS_MCY_APL,121,EBA_BAS,true,EBA_BA_EBA_x6,,,
21923,DPM_BAS_MCY_APL,122,EBA_MCY,true,EBA_MC_EBA_x469,,,
21924,DPM_BAS_MCY_APL,122,EBA_APL,true,EBA_PL_EBA_x750,,,
21925,DPM_BAS_MCY_APL,122,EBA_BAS,true,EBA_BA_EBA_x6,,,
21926,DPM_BAS_MCY_APL,123,EBA_MCY,true,EBA_MC_EBA_x469,,,
21927,DPM_BAS_MCY_APL,123,EBA_APL,true,EBA_PL_EBA_x64,,,
21928,DPM_BAS_MCY_APL,123,EBA_BAS,true,EBA_BA_EBA_x6,,,
21929,DPM_BAS_MCY_APL,124,EBA_MCY,true,EBA_MC_EBA_x469,,,
21930,DPM_BAS_MCY_APL,124,EBA_APL,true,EBA_PL_EBA_x688,,,
21931,DPM_BAS_MCY_APL,124,EBA_BAS,true,EBA_BA_EBA_x6,,,
21932,DPM_BAS_MCY_APL,125,EBA_MCY,true,EBA_MC_EBA_x469,,,
21933,DPM_BAS_MCY_APL,125,EBA_APL,true,EBA_PL_EBA_x69,,,
21934,DPM_BAS_MCY_APL,125,EBA_BAS,true,EBA_BA_EBA_x6,,,
21935,DPM_BAS_MCY_APL,126,EBA_MCY,true,EBA_MC_EBA_x469,,,
21936,DPM_BAS_MCY_APL,126,EBA_APL,true,EBA_PL_EBA_x14,,,
21937,DPM_BAS_MCY_APL,126,EBA_BAS,true,EBA_BA_EBA_x6,,,
21938,DPM_BAS_MCY_APL,127,EBA_MCY,true,EBA_MC_EBA_x469,,,
21939,DPM_BAS_MCY_APL,127,EBA_APL,true,EBA_PL_EBA_x500,,,
21940,DPM_BAS_MCY_APL,127,EBA_BAS,true,EBA_BA_EBA_x6,,,
21941,DPM_BAS_MCY_APL,128,EBA_MCY,true,EBA_MC_EBA_x469,,,
21942,DPM_BAS_MCY_APL,128,EBA_APL,true,EBA_PL_EBA_x63,,,
21943,DPM_BAS_MCY_APL,128,EBA_BAS,true,EBA_BA_EBA_x6,,,
21944,DPM_BAS_MCY_APL,129,EBA_MCY,true,EBA_MC_EBA_x469,,,
21945,DPM_BAS_MCY_APL,129,EBA_APL,true,EBA_PL_EBA_x20,,,
21946,DPM_BAS_MCY_APL,129,EBA_BAS,true,EBA_BA_EBA_x6,,,
21947,DPM_BAS_MCY_APL,130,EBA_MCY,true,EBA_MC_EBA_x469,,,
21948,DPM_BAS_MCY_APL,130,EBA_APL,true,EBA_PL_EBA_x66,,,
21949,DPM_BAS_MCY_APL,130,EBA_BAS,true,EBA_BA_EBA_x6,,,
21950,DPM_BAS_MCY_APL,131,EBA_MCY,true,EBA_MC_EBA_x469,,,
21951,DPM_BAS_MCY_APL,131,EBA_APL,true,EBA_PL_EBA_x75,,,
21952,DPM_BAS_MCY_APL,131,EBA_BAS,true,EBA_BA_EBA_x6,,,
21953,DPM_BAS_MCY_APL,132,EBA_MCY,true,EBA_MC_EBA_x469,,,
21954,DPM_BAS_MCY_APL,132,EBA_APL,true,EBA_PL_EBA_x686,,,
21955,DPM_BAS_MCY_APL,132,EBA_BAS,true,EBA_BA_EBA_x6,,,
21956,DPM_BAS_MCY_APL,133,EBA_MCY,true,EBA_MC_EBA_x469,,,
21957,DPM_BAS_MCY_APL,133,EBA_APL,true,EBA_PL_EBA_x62,,,
21958,DPM_BAS_MCY_APL,133,EBA_BAS,true,EBA_BA_EBA_x6,,,
21959,DPM_MCV_F_44.03,0,EBA_MCV,true,EBA_MC_EBA_x908,,,
21960,DPM_MCV_F_44.03,1,EBA_MCV,true,EBA_MC_EBA_x909,,,
21961,DPM_MCV_F_44.03,2,EBA_MCV,true,EBA_MC_EBA_x910,,,
21962,DPM_MCV_F_44.03,3,EBA_MCV,true,EBA_MC_EBA_x911,,,
21963,DPM_MCV_F_44.03,4,EBA_MCV,true,EBA_MC_EBA_x912,,,
21964,DPM_MCV_F_44.03,5,EBA_MCV,true,EBA_MC_EBA_x913,,,
21965,DPM_MCV_F_44.03,6,EBA_MCV,true,EBA_MC_EBA_x0,,,
21966,DPM_CPS_CPZ_MCY,0,EBA_MCY,true,EBA_MC_EBA_x60,,,
21967,DPM_CPS_CPZ_MCY,0,EBA_CPS,true,EBA_CT_EBA_x0,,,
21968,DPM_CPS_CPZ_MCY,0,EBA_CPZ,true,EBA_CT_EBA_x0,,,
21969,DPM_CPS_CPZ_MCY,1,EBA_MCY,true,EBA_MC_EBA_x60,,,
21970,DPM_CPS_CPZ_MCY,1,EBA_CPS,true,EBA_CT_EBA_x12,,,
21971,DPM_CPS_CPZ_MCY,1,EBA_CPZ,true,EBA_CT_EBA_x0,,,
21972,DPM_CPS_CPZ_MCY,2,EBA_MCY,true,EBA_MC_EBA_x60,,,
21973,DPM_CPS_CPZ_MCY,2,EBA_CPS,true,EBA_CT_EBA_x20,,,
21974,DPM_CPS_CPZ_MCY,2,EBA_CPZ,true,EBA_CT_EBA_x0,,,
21975,DPM_CPS_CPZ_MCY,3,EBA_MCY,true,EBA_MC_EBA_x60,,,
21976,DPM_CPS_CPZ_MCY,3,EBA_CPS,true,EBA_CT_EBA_x18,,,
21977,DPM_CPS_CPZ_MCY,3,EBA_CPZ,true,EBA_CT_EBA_x0,,,
21978,DPM_CPS_CPZ_MCY,4,EBA_MCY,true,EBA_MC_EBA_x60,,,
21979,DPM_CPS_CPZ_MCY,4,EBA_CPS,true,EBA_CT_EBA_x10,,,
21980,DPM_CPS_CPZ_MCY,4,EBA_CPZ,true,EBA_CT_EBA_x0,,,
21981,DPM_CPS_CPZ_MCY,5,EBA_MCY,true,EBA_MC_EBA_x60,,,
21982,DPM_CPS_CPZ_MCY,5,EBA_CPS,true,EBA_CT_EBA_x1,,,
21983,DPM_CPS_CPZ_MCY,5,EBA_CPZ,true,EBA_CT_EBA_x0,,,
21984,DPM_CPS_CPZ_MCY,6,EBA_MCY,true,EBA_MC_EBA_x223,,,
21985,DPM_CPS_CPZ_MCY,6,EBA_CPS,true,EBA_CT_EBA_x0,,,
21986,DPM_CPS_CPZ_MCY,6,EBA_CPZ,true,EBA_CT_EBA_x0,,,
21987,DPM_CPS_CPZ_MCY,7,EBA_MCY,true,EBA_MC_EBA_x130,,,
21988,DPM_CPS_CPZ_MCY,7,EBA_CPS,true,EBA_CT_EBA_x0,,,
21989,DPM_CPS_CPZ_MCY,7,EBA_CPZ,true,EBA_CT_EBA_x0,,,
21990,DPM_CPS_CPZ_MCY,8,EBA_MCY,true,EBA_MC_EBA_x130,,,
21991,DPM_CPS_CPZ_MCY,8,EBA_CPS,true,EBA_CT_EBA_x12,,,
21992,DPM_CPS_CPZ_MCY,8,EBA_CPZ,true,EBA_CT_EBA_x0,,,
21993,DPM_CPS_CPZ_MCY,9,EBA_MCY,true,EBA_MC_EBA_x130,,,
21994,DPM_CPS_CPZ_MCY,9,EBA_CPS,true,EBA_CT_EBA_x20,,,
21995,DPM_CPS_CPZ_MCY,9,EBA_CPZ,true,EBA_CT_EBA_x0,,,
21996,DPM_CPS_CPZ_MCY,10,EBA_MCY,true,EBA_MC_EBA_x130,,,
21997,DPM_CPS_CPZ_MCY,10,EBA_CPS,true,EBA_CT_EBA_x18,,,
21998,DPM_CPS_CPZ_MCY,10,EBA_CPZ,true,EBA_CT_EBA_x0,,,
21999,DPM_CPS_CPZ_MCY,11,EBA_MCY,true,EBA_MC_EBA_x143,,,
22000,DPM_CPS_CPZ_MCY,11,EBA_CPS,true,EBA_CT_EBA_x0,,,
22001,DPM_CPS_CPZ_MCY,11,EBA_CPZ,true,EBA_CT_EBA_x0,,,
22002,DPM_CPS_CPZ_MCY,12,EBA_MCY,true,EBA_MC_EBA_x469,,,
22003,DPM_CPS_CPZ_MCY,12,EBA_CPS,true,EBA_CT_EBA_x0,,,
22004,DPM_CPS_CPZ_MCY,12,EBA_CPZ,true,EBA_CT_EBA_x0,,,
22005,DPM_CPS_CPZ_MCY,13,EBA_MCY,true,EBA_MC_EBA_x469,,,
22006,DPM_CPS_CPZ_MCY,13,EBA_CPS,true,EBA_CT_EBA_x5,,,
22007,DPM_CPS_CPZ_MCY,13,EBA_CPZ,true,EBA_CT_EBA_x0,,,
22008,DPM_CPS_CPZ_MCY,14,EBA_MCY,true,EBA_MC_EBA_x469,,,
22009,DPM_CPS_CPZ_MCY,14,EBA_CPS,true,EBA_CT_EBA_x12,,,
22010,DPM_CPS_CPZ_MCY,14,EBA_CPZ,true,EBA_CT_EBA_x0,,,
22011,DPM_CPS_CPZ_MCY,15,EBA_MCY,true,EBA_MC_EBA_x469,,,
22012,DPM_CPS_CPZ_MCY,15,EBA_CPS,true,EBA_CT_EBA_x20,,,
22013,DPM_CPS_CPZ_MCY,15,EBA_CPZ,true,EBA_CT_EBA_x0,,,
22014,DPM_CPS_CPZ_MCY,16,EBA_MCY,true,EBA_MC_EBA_x469,,,
22015,DPM_CPS_CPZ_MCY,16,EBA_CPS,true,EBA_CT_EBA_x20,,,
22016,DPM_CPS_CPZ_MCY,16,EBA_CPZ,true,EBA_CT_EBA_x23,,,
22017,DPM_CPS_CPZ_MCY,17,EBA_MCY,true,EBA_MC_EBA_x469,,,
22018,DPM_CPS_CPZ_MCY,17,EBA_CPS,true,EBA_CT_EBA_x18,,,
22019,DPM_CPS_CPZ_MCY,17,EBA_CPZ,true,EBA_CT_EBA_x0,,,
22020,DPM_CPS_CPZ_MCY,18,EBA_MCY,true,EBA_MC_EBA_x469,,,
22021,DPM_CPS_CPZ_MCY,18,EBA_CPS,true,EBA_CT_EBA_x10,,,
22022,DPM_CPS_CPZ_MCY,18,EBA_CPZ,true,EBA_CT_EBA_x0,,,
22023,DPM_CPS_CPZ_MCY,19,EBA_MCY,true,EBA_MC_EBA_x469,,,
22024,DPM_CPS_CPZ_MCY,19,EBA_CPS,true,EBA_CT_EBA_x1,,,
22025,DPM_CPS_CPZ_MCY,19,EBA_CPZ,true,EBA_CT_EBA_x0,,,
22026,DPM_TRI_F_04.03.1,0,EBA_TRI,true,EBA_TR_EBA_x678,,,
22027,DPM_TRI_F_04.03.1,1,EBA_TRI,true,EBA_TR_EBA_x0,,,
22028,DPM_BAS_CPS_MCY,0,EBA_BAS,true,EBA_BA_EBA_x10,,,
22029,DPM_BAS_CPS_MCY,0,EBA_MCY,true,EBA_MC_EBA_x421,,,
22030,DPM_BAS_CPS_MCY,0,EBA_CPS,true,EBA_CT_EBA_x0,,,
22031,DPM_BAS_CPS_MCY,1,EBA_BAS,true,EBA_BA_EBA_x6,,,
22032,DPM_BAS_CPS_MCY,1,EBA_MCY,true,EBA_MC_EBA_x60,,,
22033,DPM_BAS_CPS_MCY,1,EBA_CPS,true,EBA_CT_EBA_x0,,,
22034,DPM_BAS_CPS_MCY,2,EBA_BAS,true,EBA_BA_EBA_x6,,,
22035,DPM_BAS_CPS_MCY,2,EBA_MCY,true,EBA_MC_EBA_x60,,,
22036,DPM_BAS_CPS_MCY,2,EBA_CPS,true,EBA_CT_EBA_x10,,,
22037,DPM_BAS_CPS_MCY,3,EBA_BAS,true,EBA_BA_EBA_x6,,,
22038,DPM_BAS_CPS_MCY,3,EBA_MCY,true,EBA_MC_EBA_x60,,,
22039,DPM_BAS_CPS_MCY,3,EBA_CPS,true,EBA_CT_EBA_x1,,,
22040,DPM_BAS_CPS_MCY,4,EBA_BAS,true,EBA_BA_EBA_x6,,,
22041,DPM_BAS_CPS_MCY,4,EBA_MCY,true,EBA_MC_EBA_x60,,,
22042,DPM_BAS_CPS_MCY,4,EBA_CPS,true,EBA_CT_EBA_x12,,,
22043,DPM_BAS_CPS_MCY,5,EBA_BAS,true,EBA_BA_EBA_x6,,,
22044,DPM_BAS_CPS_MCY,5,EBA_MCY,true,EBA_MC_EBA_x60,,,
22045,DPM_BAS_CPS_MCY,5,EBA_CPS,true,EBA_CT_EBA_x18,,,
22046,DPM_BAS_CPS_MCY,6,EBA_BAS,true,EBA_BA_EBA_x6,,,
22047,DPM_BAS_CPS_MCY,6,EBA_MCY,true,EBA_MC_EBA_x60,,,
22048,DPM_BAS_CPS_MCY,6,EBA_CPS,true,EBA_CT_EBA_x20,,,
22049,DPM_BAS_CPS_MCY,7,EBA_BAS,true,EBA_BA_EBA_x3,,,
22050,DPM_BAS_CPS_MCY,7,EBA_MCY,true,EBA_MC_EBA_x60,,,
22051,DPM_BAS_CPS_MCY,7,EBA_CPS,true,EBA_CT_EBA_x0,,,
22052,DPM_BAS_CPS_MCY,8,EBA_BAS,true,EBA_BA_EBA_x3,,,
22053,DPM_BAS_CPS_MCY,8,EBA_MCY,true,EBA_MC_EBA_x60,,,
22054,DPM_BAS_CPS_MCY,8,EBA_CPS,true,EBA_CT_EBA_x10,,,
22055,DPM_BAS_CPS_MCY,9,EBA_BAS,true,EBA_BA_EBA_x3,,,
22056,DPM_BAS_CPS_MCY,9,EBA_MCY,true,EBA_MC_EBA_x60,,,
22057,DPM_BAS_CPS_MCY,9,EBA_CPS,true,EBA_CT_EBA_x1,,,
22058,DPM_BAS_CPS_MCY,10,EBA_BAS,true,EBA_BA_EBA_x3,,,
22059,DPM_BAS_CPS_MCY,10,EBA_MCY,true,EBA_MC_EBA_x60,,,
22060,DPM_BAS_CPS_MCY,10,EBA_CPS,true,EBA_CT_EBA_x12,,,
22061,DPM_BAS_CPS_MCY,11,EBA_BAS,true,EBA_BA_EBA_x3,,,
22062,DPM_BAS_CPS_MCY,11,EBA_MCY,true,EBA_MC_EBA_x60,,,
22063,DPM_BAS_CPS_MCY,11,EBA_CPS,true,EBA_CT_EBA_x18,,,
22064,DPM_BAS_CPS_MCY,12,EBA_BAS,true,EBA_BA_EBA_x3,,,
22065,DPM_BAS_CPS_MCY,12,EBA_MCY,true,EBA_MC_EBA_x60,,,
22066,DPM_BAS_CPS_MCY,12,EBA_CPS,true,EBA_CT_EBA_x20,,,
22067,DPM_BAS_CPS_MCY,13,EBA_BAS,true,EBA_BA_EBA_x5,,,
22068,DPM_BAS_CPS_MCY,13,EBA_MCY,true,EBA_MC_EBA_x60,,,
22069,DPM_BAS_CPS_MCY,13,EBA_CPS,true,EBA_CT_EBA_x0,,,
22070,DPM_BAS_CPS_MCY,14,EBA_BAS,true,EBA_BA_EBA_x5,,,
22071,DPM_BAS_CPS_MCY,14,EBA_MCY,true,EBA_MC_EBA_x60,,,
22072,DPM_BAS_CPS_MCY,14,EBA_CPS,true,EBA_CT_EBA_x10,,,
22073,DPM_BAS_CPS_MCY,15,EBA_BAS,true,EBA_BA_EBA_x5,,,
22074,DPM_BAS_CPS_MCY,15,EBA_MCY,true,EBA_MC_EBA_x60,,,
22075,DPM_BAS_CPS_MCY,15,EBA_CPS,true,EBA_CT_EBA_x1,,,
22076,DPM_BAS_CPS_MCY,16,EBA_BAS,true,EBA_BA_EBA_x5,,,
22077,DPM_BAS_CPS_MCY,16,EBA_MCY,true,EBA_MC_EBA_x60,,,
22078,DPM_BAS_CPS_MCY,16,EBA_CPS,true,EBA_CT_EBA_x12,,,
22079,DPM_BAS_CPS_MCY,17,EBA_BAS,true,EBA_BA_EBA_x5,,,
22080,DPM_BAS_CPS_MCY,17,EBA_MCY,true,EBA_MC_EBA_x60,,,
22081,DPM_BAS_CPS_MCY,17,EBA_CPS,true,EBA_CT_EBA_x18,,,
22082,DPM_BAS_CPS_MCY,18,EBA_BAS,true,EBA_BA_EBA_x5,,,
22083,DPM_BAS_CPS_MCY,18,EBA_MCY,true,EBA_MC_EBA_x60,,,
22084,DPM_BAS_CPS_MCY,18,EBA_CPS,true,EBA_CT_EBA_x20,,,
22085,DPM_BAS_CPS_MCY,19,EBA_BAS,true,EBA_BA_EBA_x1,,,
22086,DPM_BAS_CPS_MCY,19,EBA_MCY,true,EBA_MC_EBA_x60,,,
22087,DPM_BAS_CPS_MCY,19,EBA_CPS,true,EBA_CT_EBA_x0,,,
22088,DPM_BAS_CPS_MCY,20,EBA_BAS,true,EBA_BA_EBA_x1,,,
22089,DPM_BAS_CPS_MCY,20,EBA_MCY,true,EBA_MC_EBA_x60,,,
22090,DPM_BAS_CPS_MCY,20,EBA_CPS,true,EBA_CT_EBA_x10,,,
22091,DPM_BAS_CPS_MCY,21,EBA_BAS,true,EBA_BA_EBA_x1,,,
22092,DPM_BAS_CPS_MCY,21,EBA_MCY,true,EBA_MC_EBA_x60,,,
22093,DPM_BAS_CPS_MCY,21,EBA_CPS,true,EBA_CT_EBA_x1,,,
22094,DPM_BAS_CPS_MCY,22,EBA_BAS,true,EBA_BA_EBA_x1,,,
22095,DPM_BAS_CPS_MCY,22,EBA_MCY,true,EBA_MC_EBA_x60,,,
22096,DPM_BAS_CPS_MCY,22,EBA_CPS,true,EBA_CT_EBA_x12,,,
22097,DPM_BAS_CPS_MCY,23,EBA_BAS,true,EBA_BA_EBA_x1,,,
22098,DPM_BAS_CPS_MCY,23,EBA_MCY,true,EBA_MC_EBA_x60,,,
22099,DPM_BAS_CPS_MCY,23,EBA_CPS,true,EBA_CT_EBA_x18,,,
22100,DPM_BAS_CPS_MCY,24,EBA_BAS,true,EBA_BA_EBA_x1,,,
22101,DPM_BAS_CPS_MCY,24,EBA_MCY,true,EBA_MC_EBA_x60,,,
22102,DPM_BAS_CPS_MCY,24,EBA_CPS,true,EBA_CT_EBA_x20,,,
22103,DPM_BAS_CPS_MCY,25,EBA_BAS,true,EBA_BA_EBA_x6,,,
22104,DPM_BAS_CPS_MCY,25,EBA_MCY,true,EBA_MC_EBA_x130,,,
22105,DPM_BAS_CPS_MCY,25,EBA_CPS,true,EBA_CT_EBA_x0,,,
22106,DPM_BAS_CPS_MCY,26,EBA_BAS,true,EBA_BA_EBA_x3,,,
22107,DPM_BAS_CPS_MCY,26,EBA_MCY,true,EBA_MC_EBA_x130,,,
22108,DPM_BAS_CPS_MCY,26,EBA_CPS,true,EBA_CT_EBA_x0,,,
22109,DPM_BAS_CPS_MCY,27,EBA_BAS,true,EBA_BA_EBA_x5,,,
22110,DPM_BAS_CPS_MCY,27,EBA_MCY,true,EBA_MC_EBA_x130,,,
22111,DPM_BAS_CPS_MCY,27,EBA_CPS,true,EBA_CT_EBA_x0,,,
22112,DPM_BAS_CPS_MCY,28,EBA_BAS,true,EBA_BA_EBA_x1,,,
22113,DPM_BAS_CPS_MCY,28,EBA_MCY,true,EBA_MC_EBA_x130,,,
22114,DPM_BAS_CPS_MCY,28,EBA_CPS,true,EBA_CT_EBA_x0,,,
22115,DPM_BAS_CPS_MCY,29,EBA_BAS,true,EBA_BA_EBA_x6,,,
22116,DPM_BAS_CPS_MCY,29,EBA_MCY,true,EBA_MC_EBA_x223,,,
22117,DPM_BAS_CPS_MCY,29,EBA_CPS,true,EBA_CT_EBA_x0,,,
22118,DPM_BAS_CPS_MCY,30,EBA_BAS,true,EBA_BA_EBA_x6,,,
22119,DPM_BAS_CPS_MCY,30,EBA_MCY,true,EBA_MC_EBA_x423,,,
22120,DPM_BAS_CPS_MCY,30,EBA_CPS,true,EBA_CT_EBA_x0,,,
22121,DPM_BAS_CPS_MCY,31,EBA_BAS,true,EBA_BA_EBA_x3,,,
22122,DPM_BAS_CPS_MCY,31,EBA_MCY,true,EBA_MC_EBA_x223,,,
22123,DPM_BAS_CPS_MCY,31,EBA_CPS,true,EBA_CT_EBA_x0,,,
22124,DPM_BAS_CPS_MCY,32,EBA_BAS,true,EBA_BA_EBA_x5,,,
22125,DPM_BAS_CPS_MCY,32,EBA_MCY,true,EBA_MC_EBA_x223,,,
22126,DPM_BAS_CPS_MCY,32,EBA_CPS,true,EBA_CT_EBA_x0,,,
22127,DPM_BAS_CPS_MCY,33,EBA_BAS,true,EBA_BA_EBA_x1,,,
22128,DPM_BAS_CPS_MCY,33,EBA_MCY,true,EBA_MC_EBA_x223,,,
22129,DPM_BAS_CPS_MCY,33,EBA_CPS,true,EBA_CT_EBA_x0,,,
22130,DPM_BAS_CPS_MCY,34,EBA_BAS,true,EBA_BA_EBA_x6,,,
22131,DPM_BAS_CPS_MCY,34,EBA_MCY,true,EBA_MC_EBA_x143,,,
22132,DPM_BAS_CPS_MCY,34,EBA_CPS,true,EBA_CT_EBA_x0,,,
22133,DPM_BAS_CPS_MCY,35,EBA_BAS,true,EBA_BA_EBA_x3,,,
22134,DPM_BAS_CPS_MCY,35,EBA_MCY,true,EBA_MC_EBA_x143,,,
22135,DPM_BAS_CPS_MCY,35,EBA_CPS,true,EBA_CT_EBA_x0,,,
22136,DPM_BAS_CPS_MCY,36,EBA_BAS,true,EBA_BA_EBA_x5,,,
22137,DPM_BAS_CPS_MCY,36,EBA_MCY,true,EBA_MC_EBA_x143,,,
22138,DPM_BAS_CPS_MCY,36,EBA_CPS,true,EBA_CT_EBA_x0,,,
22139,DPM_BAS_CPS_MCY,37,EBA_BAS,true,EBA_BA_EBA_x1,,,
22140,DPM_BAS_CPS_MCY,37,EBA_MCY,true,EBA_MC_EBA_x143,,,
22141,DPM_BAS_CPS_MCY,37,EBA_CPS,true,EBA_CT_EBA_x0,,,
22142,DPM_BAS_CPS_MCY,38,EBA_BAS,true,EBA_BA_EBA_x6,,,
22143,DPM_BAS_CPS_MCY,38,EBA_MCY,true,EBA_MC_EBA_x469,,,
22144,DPM_BAS_CPS_MCY,38,EBA_CPS,true,EBA_CT_EBA_x0,,,
22145,DPM_BAS_CPS_MCY,39,EBA_BAS,true,EBA_BA_EBA_x6,,,
22146,DPM_BAS_CPS_MCY,39,EBA_MCY,true,EBA_MC_EBA_x469,,,
22147,DPM_BAS_CPS_MCY,39,EBA_CPS,true,EBA_CT_EBA_x10,,,
22148,DPM_BAS_CPS_MCY,40,EBA_BAS,true,EBA_BA_EBA_x6,,,
22149,DPM_BAS_CPS_MCY,40,EBA_MCY,true,EBA_MC_EBA_x469,,,
22150,DPM_BAS_CPS_MCY,40,EBA_CPS,true,EBA_CT_EBA_x1,,,
22151,DPM_BAS_CPS_MCY,41,EBA_BAS,true,EBA_BA_EBA_x6,,,
22152,DPM_BAS_CPS_MCY,41,EBA_MCY,true,EBA_MC_EBA_x469,,,
22153,DPM_BAS_CPS_MCY,41,EBA_CPS,true,EBA_CT_EBA_x12,,,
22154,DPM_BAS_CPS_MCY,42,EBA_BAS,true,EBA_BA_EBA_x6,,,
22155,DPM_BAS_CPS_MCY,42,EBA_MCY,true,EBA_MC_EBA_x469,,,
22156,DPM_BAS_CPS_MCY,42,EBA_CPS,true,EBA_CT_EBA_x18,,,
22157,DPM_BAS_CPS_MCY,43,EBA_BAS,true,EBA_BA_EBA_x6,,,
22158,DPM_BAS_CPS_MCY,43,EBA_MCY,true,EBA_MC_EBA_x469,,,
22159,DPM_BAS_CPS_MCY,43,EBA_CPS,true,EBA_CT_EBA_x20,,,
22160,DPM_BAS_CPS_MCY,44,EBA_BAS,true,EBA_BA_EBA_x6,,,
22161,DPM_BAS_CPS_MCY,44,EBA_MCY,true,EBA_MC_EBA_x469,,,
22162,DPM_BAS_CPS_MCY,44,EBA_CPS,true,EBA_CT_EBA_x5,,,
22163,DPM_BAS_CPS_MCY,45,EBA_BAS,true,EBA_BA_EBA_x3,,,
22164,DPM_BAS_CPS_MCY,45,EBA_MCY,true,EBA_MC_EBA_x469,,,
22165,DPM_BAS_CPS_MCY,45,EBA_CPS,true,EBA_CT_EBA_x0,,,
22166,DPM_BAS_CPS_MCY,46,EBA_BAS,true,EBA_BA_EBA_x3,,,
22167,DPM_BAS_CPS_MCY,46,EBA_MCY,true,EBA_MC_EBA_x469,,,
22168,DPM_BAS_CPS_MCY,46,EBA_CPS,true,EBA_CT_EBA_x10,,,
22169,DPM_BAS_CPS_MCY,47,EBA_BAS,true,EBA_BA_EBA_x3,,,
22170,DPM_BAS_CPS_MCY,47,EBA_MCY,true,EBA_MC_EBA_x469,,,
22171,DPM_BAS_CPS_MCY,47,EBA_CPS,true,EBA_CT_EBA_x1,,,
22172,DPM_BAS_CPS_MCY,48,EBA_BAS,true,EBA_BA_EBA_x3,,,
22173,DPM_BAS_CPS_MCY,48,EBA_MCY,true,EBA_MC_EBA_x469,,,
22174,DPM_BAS_CPS_MCY,48,EBA_CPS,true,EBA_CT_EBA_x12,,,
22175,DPM_BAS_CPS_MCY,49,EBA_BAS,true,EBA_BA_EBA_x3,,,
22176,DPM_BAS_CPS_MCY,49,EBA_MCY,true,EBA_MC_EBA_x469,,,
22177,DPM_BAS_CPS_MCY,49,EBA_CPS,true,EBA_CT_EBA_x18,,,
22178,DPM_BAS_CPS_MCY,50,EBA_BAS,true,EBA_BA_EBA_x3,,,
22179,DPM_BAS_CPS_MCY,50,EBA_MCY,true,EBA_MC_EBA_x469,,,
22180,DPM_BAS_CPS_MCY,50,EBA_CPS,true,EBA_CT_EBA_x20,,,
22181,DPM_BAS_CPS_MCY,51,EBA_BAS,true,EBA_BA_EBA_x3,,,
22182,DPM_BAS_CPS_MCY,51,EBA_MCY,true,EBA_MC_EBA_x469,,,
22183,DPM_BAS_CPS_MCY,51,EBA_CPS,true,EBA_CT_EBA_x5,,,
22184,DPM_BAS_CPS_MCY,52,EBA_BAS,true,EBA_BA_EBA_x5,,,
22185,DPM_BAS_CPS_MCY,52,EBA_MCY,true,EBA_MC_EBA_x469,,,
22186,DPM_BAS_CPS_MCY,52,EBA_CPS,true,EBA_CT_EBA_x0,,,
22187,DPM_BAS_CPS_MCY,53,EBA_BAS,true,EBA_BA_EBA_x5,,,
22188,DPM_BAS_CPS_MCY,53,EBA_MCY,true,EBA_MC_EBA_x469,,,
22189,DPM_BAS_CPS_MCY,53,EBA_CPS,true,EBA_CT_EBA_x10,,,
22190,DPM_BAS_CPS_MCY,54,EBA_BAS,true,EBA_BA_EBA_x5,,,
22191,DPM_BAS_CPS_MCY,54,EBA_MCY,true,EBA_MC_EBA_x469,,,
22192,DPM_BAS_CPS_MCY,54,EBA_CPS,true,EBA_CT_EBA_x1,,,
22193,DPM_BAS_CPS_MCY,55,EBA_BAS,true,EBA_BA_EBA_x5,,,
22194,DPM_BAS_CPS_MCY,55,EBA_MCY,true,EBA_MC_EBA_x469,,,
22195,DPM_BAS_CPS_MCY,55,EBA_CPS,true,EBA_CT_EBA_x12,,,
22196,DPM_BAS_CPS_MCY,56,EBA_BAS,true,EBA_BA_EBA_x5,,,
22197,DPM_BAS_CPS_MCY,56,EBA_MCY,true,EBA_MC_EBA_x469,,,
22198,DPM_BAS_CPS_MCY,56,EBA_CPS,true,EBA_CT_EBA_x18,,,
22199,DPM_BAS_CPS_MCY,57,EBA_BAS,true,EBA_BA_EBA_x5,,,
22200,DPM_BAS_CPS_MCY,57,EBA_MCY,true,EBA_MC_EBA_x469,,,
22201,DPM_BAS_CPS_MCY,57,EBA_CPS,true,EBA_CT_EBA_x20,,,
22202,DPM_BAS_CPS_MCY,58,EBA_BAS,true,EBA_BA_EBA_x5,,,
22203,DPM_BAS_CPS_MCY,58,EBA_MCY,true,EBA_MC_EBA_x469,,,
22204,DPM_BAS_CPS_MCY,58,EBA_CPS,true,EBA_CT_EBA_x5,,,
22205,DPM_BAS_CPS_MCY,59,EBA_BAS,true,EBA_BA_EBA_x1,,,
22206,DPM_BAS_CPS_MCY,59,EBA_MCY,true,EBA_MC_EBA_x469,,,
22207,DPM_BAS_CPS_MCY,59,EBA_CPS,true,EBA_CT_EBA_x0,,,
22208,DPM_BAS_CPS_MCY,60,EBA_BAS,true,EBA_BA_EBA_x1,,,
22209,DPM_BAS_CPS_MCY,60,EBA_MCY,true,EBA_MC_EBA_x469,,,
22210,DPM_BAS_CPS_MCY,60,EBA_CPS,true,EBA_CT_EBA_x10,,,
22211,DPM_BAS_CPS_MCY,61,EBA_BAS,true,EBA_BA_EBA_x1,,,
22212,DPM_BAS_CPS_MCY,61,EBA_MCY,true,EBA_MC_EBA_x469,,,
22213,DPM_BAS_CPS_MCY,61,EBA_CPS,true,EBA_CT_EBA_x1,,,
22214,DPM_BAS_CPS_MCY,62,EBA_BAS,true,EBA_BA_EBA_x1,,,
22215,DPM_BAS_CPS_MCY,62,EBA_MCY,true,EBA_MC_EBA_x469,,,
22216,DPM_BAS_CPS_MCY,62,EBA_CPS,true,EBA_CT_EBA_x12,,,
22217,DPM_BAS_CPS_MCY,63,EBA_BAS,true,EBA_BA_EBA_x1,,,
22218,DPM_BAS_CPS_MCY,63,EBA_MCY,true,EBA_MC_EBA_x469,,,
22219,DPM_BAS_CPS_MCY,63,EBA_CPS,true,EBA_CT_EBA_x18,,,
22220,DPM_BAS_CPS_MCY,64,EBA_BAS,true,EBA_BA_EBA_x1,,,
22221,DPM_BAS_CPS_MCY,64,EBA_MCY,true,EBA_MC_EBA_x469,,,
22222,DPM_BAS_CPS_MCY,64,EBA_CPS,true,EBA_CT_EBA_x20,,,
22223,DPM_BAS_CPS_MCY,65,EBA_BAS,true,EBA_BA_EBA_x1,,,
22224,DPM_BAS_CPS_MCY,65,EBA_MCY,true,EBA_MC_EBA_x469,,,
22225,DPM_BAS_CPS_MCY,65,EBA_CPS,true,EBA_CT_EBA_x5,,,
22226,DPM_BAS_CPS_MCY,66,EBA_BAS,true,EBA_BA_EBA_x10,,,
22227,DPM_BAS_CPS_MCY,66,EBA_MCY,true,EBA_MC_EBA_x221,,,
22228,DPM_BAS_CPS_MCY,66,EBA_CPS,true,EBA_CT_EBA_x0,,,
22229,DPM_BAS_CPS_MCY,67,EBA_BAS,true,EBA_BA_EBA_x10,,,
22230,DPM_BAS_CPS_MCY,67,EBA_MCY,true,EBA_MC_EBA_x221,,,
22231,DPM_BAS_CPS_MCY,67,EBA_CPS,true,EBA_CT_EBA_x10,,,
22232,DPM_BAS_CPS_MCY,68,EBA_BAS,true,EBA_BA_EBA_x10,,,
22233,DPM_BAS_CPS_MCY,68,EBA_MCY,true,EBA_MC_EBA_x221,,,
22234,DPM_BAS_CPS_MCY,68,EBA_CPS,true,EBA_CT_EBA_x1,,,
22235,DPM_BAS_CPS_MCY,69,EBA_BAS,true,EBA_BA_EBA_x10,,,
22236,DPM_BAS_CPS_MCY,69,EBA_MCY,true,EBA_MC_EBA_x221,,,
22237,DPM_BAS_CPS_MCY,69,EBA_CPS,true,EBA_CT_EBA_x12,,,
22238,DPM_BAS_CPS_MCY,70,EBA_BAS,true,EBA_BA_EBA_x10,,,
22239,DPM_BAS_CPS_MCY,70,EBA_MCY,true,EBA_MC_EBA_x221,,,
22240,DPM_BAS_CPS_MCY,70,EBA_CPS,true,EBA_CT_EBA_x18,,,
22241,DPM_BAS_CPS_MCY,71,EBA_BAS,true,EBA_BA_EBA_x10,,,
22242,DPM_BAS_CPS_MCY,71,EBA_MCY,true,EBA_MC_EBA_x221,,,
22243,DPM_BAS_CPS_MCY,71,EBA_CPS,true,EBA_CT_EBA_x20,,,
22244,DPM_BAS_CPS_MCY,72,EBA_BAS,true,EBA_BA_EBA_x10,,,
22245,DPM_BAS_CPS_MCY,72,EBA_MCY,true,EBA_MC_EBA_x221,,,
22246,DPM_BAS_CPS_MCY,72,EBA_CPS,true,EBA_CT_EBA_x5,,,
22247,DPM_BAS_CPS_MCY,73,EBA_BAS,true,EBA_BA_EBA_x10,,,
22248,DPM_BAS_CPS_MCY,73,EBA_MCY,true,EBA_MC_EBA_x154,,,
22249,DPM_BAS_CPS_MCY,73,EBA_CPS,true,EBA_CT_EBA_x0,,,
22250,DPM_BAS_CPS_MCY,74,EBA_BAS,true,EBA_BA_EBA_x10,,,
22251,DPM_BAS_CPS_MCY,74,EBA_MCY,true,EBA_MC_EBA_x154,,,
22252,DPM_BAS_CPS_MCY,74,EBA_CPS,true,EBA_CT_EBA_x10,,,
22253,DPM_BAS_CPS_MCY,75,EBA_BAS,true,EBA_BA_EBA_x10,,,
22254,DPM_BAS_CPS_MCY,75,EBA_MCY,true,EBA_MC_EBA_x154,,,
22255,DPM_BAS_CPS_MCY,75,EBA_CPS,true,EBA_CT_EBA_x1,,,
22256,DPM_BAS_CPS_MCY,76,EBA_BAS,true,EBA_BA_EBA_x10,,,
22257,DPM_BAS_CPS_MCY,76,EBA_MCY,true,EBA_MC_EBA_x154,,,
22258,DPM_BAS_CPS_MCY,76,EBA_CPS,true,EBA_CT_EBA_x12,,,
22259,DPM_BAS_CPS_MCY,77,EBA_BAS,true,EBA_BA_EBA_x10,,,
22260,DPM_BAS_CPS_MCY,77,EBA_MCY,true,EBA_MC_EBA_x154,,,
22261,DPM_BAS_CPS_MCY,77,EBA_CPS,true,EBA_CT_EBA_x18,,,
22262,DPM_BAS_CPS_MCY,78,EBA_BAS,true,EBA_BA_EBA_x10,,,
22263,DPM_BAS_CPS_MCY,78,EBA_MCY,true,EBA_MC_EBA_x154,,,
22264,DPM_BAS_CPS_MCY,78,EBA_CPS,true,EBA_CT_EBA_x20,,,
22265,DPM_BAS_CPS_MCY,79,EBA_BAS,true,EBA_BA_EBA_x10,,,
22266,DPM_BAS_CPS_MCY,79,EBA_MCY,true,EBA_MC_EBA_x154,,,
22267,DPM_BAS_CPS_MCY,79,EBA_CPS,true,EBA_CT_EBA_x5,,,
22268,DPM_BAS_CPS_MCY,80,EBA_BAS,true,EBA_BA_EBA_x10,,,
22269,DPM_BAS_CPS_MCY,80,EBA_MCY,true,EBA_MC_EBA_x52,,,
22270,DPM_BAS_CPS_MCY,80,EBA_CPS,true,EBA_CT_EBA_x0,,,
22271,DPM_BAS_CPS_MCY,81,EBA_BAS,true,EBA_BA_EBA_x10,,,
22272,DPM_BAS_CPS_MCY,81,EBA_MCY,true,EBA_MC_EBA_x52,,,
22273,DPM_BAS_CPS_MCY,81,EBA_CPS,true,EBA_CT_EBA_x10,,,
22274,DPM_BAS_CPS_MCY,82,EBA_BAS,true,EBA_BA_EBA_x10,,,
22275,DPM_BAS_CPS_MCY,82,EBA_MCY,true,EBA_MC_EBA_x52,,,
22276,DPM_BAS_CPS_MCY,82,EBA_CPS,true,EBA_CT_EBA_x1,,,
22277,DPM_BAS_CPS_MCY,83,EBA_BAS,true,EBA_BA_EBA_x10,,,
22278,DPM_BAS_CPS_MCY,83,EBA_MCY,true,EBA_MC_EBA_x52,,,
22279,DPM_BAS_CPS_MCY,83,EBA_CPS,true,EBA_CT_EBA_x12,,,
22280,DPM_BAS_CPS_MCY,84,EBA_BAS,true,EBA_BA_EBA_x10,,,
22281,DPM_BAS_CPS_MCY,84,EBA_MCY,true,EBA_MC_EBA_x52,,,
22282,DPM_BAS_CPS_MCY,84,EBA_CPS,true,EBA_CT_EBA_x18,,,
22283,DPM_BAS_CPS_MCY,85,EBA_BAS,true,EBA_BA_EBA_x10,,,
22284,DPM_BAS_CPS_MCY,85,EBA_MCY,true,EBA_MC_EBA_x52,,,
22285,DPM_BAS_CPS_MCY,85,EBA_CPS,true,EBA_CT_EBA_x20,,,
22286,DPM_BAS_CPS_MCY,86,EBA_BAS,true,EBA_BA_EBA_x10,,,
22287,DPM_BAS_CPS_MCY,86,EBA_MCY,true,EBA_MC_EBA_x52,,,
22288,DPM_BAS_CPS_MCY,86,EBA_CPS,true,EBA_CT_EBA_x5,,,
22289,DPM_BAS_CPS_MCY,87,EBA_BAS,true,EBA_BA_EBA_x10,,,
22290,DPM_BAS_CPS_MCY,87,EBA_MCY,true,EBA_MC_EBA_x251,,,
22291,DPM_BAS_CPS_MCY,87,EBA_CPS,true,EBA_CT_EBA_x0,,,
22292,DPM_BAS_CPS_MCY,88,EBA_BAS,true,EBA_BA_EBA_x17,,,
22293,DPM_BAS_CPS_MCY,88,EBA_MCY,true,EBA_MC_EBA_x221,,,
22294,DPM_BAS_CPS_MCY,88,EBA_CPS,true,EBA_CT_EBA_x0,,,
22295,DPM_BAS_CPS_MCY,89,EBA_BAS,true,EBA_BA_EBA_x17,,,
22296,DPM_BAS_CPS_MCY,89,EBA_MCY,true,EBA_MC_EBA_x221,,,
22297,DPM_BAS_CPS_MCY,89,EBA_CPS,true,EBA_CT_EBA_x10,,,
22298,DPM_BAS_CPS_MCY,90,EBA_BAS,true,EBA_BA_EBA_x17,,,
22299,DPM_BAS_CPS_MCY,90,EBA_MCY,true,EBA_MC_EBA_x221,,,
22300,DPM_BAS_CPS_MCY,90,EBA_CPS,true,EBA_CT_EBA_x1,,,
22301,DPM_BAS_CPS_MCY,91,EBA_BAS,true,EBA_BA_EBA_x17,,,
22302,DPM_BAS_CPS_MCY,91,EBA_MCY,true,EBA_MC_EBA_x221,,,
22303,DPM_BAS_CPS_MCY,91,EBA_CPS,true,EBA_CT_EBA_x12,,,
22304,DPM_BAS_CPS_MCY,92,EBA_BAS,true,EBA_BA_EBA_x17,,,
22305,DPM_BAS_CPS_MCY,92,EBA_MCY,true,EBA_MC_EBA_x221,,,
22306,DPM_BAS_CPS_MCY,92,EBA_CPS,true,EBA_CT_EBA_x18,,,
22307,DPM_BAS_CPS_MCY,93,EBA_BAS,true,EBA_BA_EBA_x17,,,
22308,DPM_BAS_CPS_MCY,93,EBA_MCY,true,EBA_MC_EBA_x221,,,
22309,DPM_BAS_CPS_MCY,93,EBA_CPS,true,EBA_CT_EBA_x20,,,
22310,DPM_BAS_CPS_MCY,94,EBA_BAS,true,EBA_BA_EBA_x17,,,
22311,DPM_BAS_CPS_MCY,94,EBA_MCY,true,EBA_MC_EBA_x221,,,
22312,DPM_BAS_CPS_MCY,94,EBA_CPS,true,EBA_CT_EBA_x5,,,
22313,DPM_BAS_CPS_MCY,95,EBA_BAS,true,EBA_BA_EBA_x17,,,
22314,DPM_BAS_CPS_MCY,95,EBA_MCY,true,EBA_MC_EBA_x154,,,
22315,DPM_BAS_CPS_MCY,95,EBA_CPS,true,EBA_CT_EBA_x0,,,
22316,DPM_BAS_CPS_MCY,96,EBA_BAS,true,EBA_BA_EBA_x17,,,
22317,DPM_BAS_CPS_MCY,96,EBA_MCY,true,EBA_MC_EBA_x154,,,
22318,DPM_BAS_CPS_MCY,96,EBA_CPS,true,EBA_CT_EBA_x10,,,
22319,DPM_BAS_CPS_MCY,97,EBA_BAS,true,EBA_BA_EBA_x17,,,
22320,DPM_BAS_CPS_MCY,97,EBA_MCY,true,EBA_MC_EBA_x154,,,
22321,DPM_BAS_CPS_MCY,97,EBA_CPS,true,EBA_CT_EBA_x1,,,
22322,DPM_BAS_CPS_MCY,98,EBA_BAS,true,EBA_BA_EBA_x17,,,
22323,DPM_BAS_CPS_MCY,98,EBA_MCY,true,EBA_MC_EBA_x154,,,
22324,DPM_BAS_CPS_MCY,98,EBA_CPS,true,EBA_CT_EBA_x12,,,
22325,DPM_BAS_CPS_MCY,99,EBA_BAS,true,EBA_BA_EBA_x17,,,
22326,DPM_BAS_CPS_MCY,99,EBA_MCY,true,EBA_MC_EBA_x154,,,
22327,DPM_BAS_CPS_MCY,99,EBA_CPS,true,EBA_CT_EBA_x18,,,
22328,DPM_BAS_CPS_MCY,100,EBA_BAS,true,EBA_BA_EBA_x17,,,
22329,DPM_BAS_CPS_MCY,100,EBA_MCY,true,EBA_MC_EBA_x154,,,
22330,DPM_BAS_CPS_MCY,100,EBA_CPS,true,EBA_CT_EBA_x20,,,
22331,DPM_BAS_CPS_MCY,101,EBA_BAS,true,EBA_BA_EBA_x17,,,
22332,DPM_BAS_CPS_MCY,101,EBA_MCY,true,EBA_MC_EBA_x154,,,
22333,DPM_BAS_CPS_MCY,101,EBA_CPS,true,EBA_CT_EBA_x5,,,
22334,DPM_BAS_CPS_MCY,102,EBA_BAS,true,EBA_BA_EBA_x17,,,
22335,DPM_BAS_CPS_MCY,102,EBA_MCY,true,EBA_MC_EBA_x52,,,
22336,DPM_BAS_CPS_MCY,102,EBA_CPS,true,EBA_CT_EBA_x0,,,
22337,DPM_BAS_CPS_MCY,103,EBA_BAS,true,EBA_BA_EBA_x17,,,
22338,DPM_BAS_CPS_MCY,103,EBA_MCY,true,EBA_MC_EBA_x52,,,
22339,DPM_BAS_CPS_MCY,103,EBA_CPS,true,EBA_CT_EBA_x10,,,
22340,DPM_BAS_CPS_MCY,104,EBA_BAS,true,EBA_BA_EBA_x17,,,
22341,DPM_BAS_CPS_MCY,104,EBA_MCY,true,EBA_MC_EBA_x52,,,
22342,DPM_BAS_CPS_MCY,104,EBA_CPS,true,EBA_CT_EBA_x1,,,
22343,DPM_BAS_CPS_MCY,105,EBA_BAS,true,EBA_BA_EBA_x17,,,
22344,DPM_BAS_CPS_MCY,105,EBA_MCY,true,EBA_MC_EBA_x52,,,
22345,DPM_BAS_CPS_MCY,105,EBA_CPS,true,EBA_CT_EBA_x12,,,
22346,DPM_BAS_CPS_MCY,106,EBA_BAS,true,EBA_BA_EBA_x17,,,
22347,DPM_BAS_CPS_MCY,106,EBA_MCY,true,EBA_MC_EBA_x52,,,
22348,DPM_BAS_CPS_MCY,106,EBA_CPS,true,EBA_CT_EBA_x18,,,
22349,DPM_BAS_CPS_MCY,107,EBA_BAS,true,EBA_BA_EBA_x17,,,
22350,DPM_BAS_CPS_MCY,107,EBA_MCY,true,EBA_MC_EBA_x52,,,
22351,DPM_BAS_CPS_MCY,107,EBA_CPS,true,EBA_CT_EBA_x20,,,
22352,DPM_BAS_CPS_MCY,108,EBA_BAS,true,EBA_BA_EBA_x17,,,
22353,DPM_BAS_CPS_MCY,108,EBA_MCY,true,EBA_MC_EBA_x52,,,
22354,DPM_BAS_CPS_MCY,108,EBA_CPS,true,EBA_CT_EBA_x5,,,
22355,DPM_BAS_CPS_MCY,109,EBA_BAS,true,EBA_BA_EBA_x7,,,
22356,DPM_BAS_CPS_MCY,109,EBA_MCY,true,EBA_MC_EBA_x221,,,
22357,DPM_BAS_CPS_MCY,109,EBA_CPS,true,EBA_CT_EBA_x0,,,
22358,DPM_BAS_CPS_MCY,110,EBA_BAS,true,EBA_BA_EBA_x7,,,
22359,DPM_BAS_CPS_MCY,110,EBA_MCY,true,EBA_MC_EBA_x221,,,
22360,DPM_BAS_CPS_MCY,110,EBA_CPS,true,EBA_CT_EBA_x10,,,
22361,DPM_BAS_CPS_MCY,111,EBA_BAS,true,EBA_BA_EBA_x7,,,
22362,DPM_BAS_CPS_MCY,111,EBA_MCY,true,EBA_MC_EBA_x221,,,
22363,DPM_BAS_CPS_MCY,111,EBA_CPS,true,EBA_CT_EBA_x1,,,
22364,DPM_BAS_CPS_MCY,112,EBA_BAS,true,EBA_BA_EBA_x7,,,
22365,DPM_BAS_CPS_MCY,112,EBA_MCY,true,EBA_MC_EBA_x221,,,
22366,DPM_BAS_CPS_MCY,112,EBA_CPS,true,EBA_CT_EBA_x12,,,
22367,DPM_BAS_CPS_MCY,113,EBA_BAS,true,EBA_BA_EBA_x7,,,
22368,DPM_BAS_CPS_MCY,113,EBA_MCY,true,EBA_MC_EBA_x221,,,
22369,DPM_BAS_CPS_MCY,113,EBA_CPS,true,EBA_CT_EBA_x18,,,
22370,DPM_BAS_CPS_MCY,114,EBA_BAS,true,EBA_BA_EBA_x7,,,
22371,DPM_BAS_CPS_MCY,114,EBA_MCY,true,EBA_MC_EBA_x221,,,
22372,DPM_BAS_CPS_MCY,114,EBA_CPS,true,EBA_CT_EBA_x20,,,
22373,DPM_BAS_CPS_MCY,115,EBA_BAS,true,EBA_BA_EBA_x7,,,
22374,DPM_BAS_CPS_MCY,115,EBA_MCY,true,EBA_MC_EBA_x221,,,
22375,DPM_BAS_CPS_MCY,115,EBA_CPS,true,EBA_CT_EBA_x5,,,
22376,DPM_BAS_CPS_MCY,116,EBA_BAS,true,EBA_BA_EBA_x7,,,
22377,DPM_BAS_CPS_MCY,116,EBA_MCY,true,EBA_MC_EBA_x154,,,
22378,DPM_BAS_CPS_MCY,116,EBA_CPS,true,EBA_CT_EBA_x0,,,
22379,DPM_BAS_CPS_MCY,117,EBA_BAS,true,EBA_BA_EBA_x7,,,
22380,DPM_BAS_CPS_MCY,117,EBA_MCY,true,EBA_MC_EBA_x154,,,
22381,DPM_BAS_CPS_MCY,117,EBA_CPS,true,EBA_CT_EBA_x10,,,
22382,DPM_BAS_CPS_MCY,118,EBA_BAS,true,EBA_BA_EBA_x7,,,
22383,DPM_BAS_CPS_MCY,118,EBA_MCY,true,EBA_MC_EBA_x154,,,
22384,DPM_BAS_CPS_MCY,118,EBA_CPS,true,EBA_CT_EBA_x1,,,
22385,DPM_BAS_CPS_MCY,119,EBA_BAS,true,EBA_BA_EBA_x7,,,
22386,DPM_BAS_CPS_MCY,119,EBA_MCY,true,EBA_MC_EBA_x154,,,
22387,DPM_BAS_CPS_MCY,119,EBA_CPS,true,EBA_CT_EBA_x12,,,
22388,DPM_BAS_CPS_MCY,120,EBA_BAS,true,EBA_BA_EBA_x7,,,
22389,DPM_BAS_CPS_MCY,120,EBA_MCY,true,EBA_MC_EBA_x154,,,
22390,DPM_BAS_CPS_MCY,120,EBA_CPS,true,EBA_CT_EBA_x18,,,
22391,DPM_BAS_CPS_MCY,121,EBA_BAS,true,EBA_BA_EBA_x7,,,
22392,DPM_BAS_CPS_MCY,121,EBA_MCY,true,EBA_MC_EBA_x154,,,
22393,DPM_BAS_CPS_MCY,121,EBA_CPS,true,EBA_CT_EBA_x20,,,
22394,DPM_BAS_CPS_MCY,122,EBA_BAS,true,EBA_BA_EBA_x7,,,
22395,DPM_BAS_CPS_MCY,122,EBA_MCY,true,EBA_MC_EBA_x154,,,
22396,DPM_BAS_CPS_MCY,122,EBA_CPS,true,EBA_CT_EBA_x5,,,
22397,DPM_BAS_CPS_MCY,123,EBA_BAS,true,EBA_BA_EBA_x7,,,
22398,DPM_BAS_CPS_MCY,123,EBA_MCY,true,EBA_MC_EBA_x52,,,
22399,DPM_BAS_CPS_MCY,123,EBA_CPS,true,EBA_CT_EBA_x0,,,
22400,DPM_BAS_CPS_MCY,124,EBA_BAS,true,EBA_BA_EBA_x7,,,
22401,DPM_BAS_CPS_MCY,124,EBA_MCY,true,EBA_MC_EBA_x52,,,
22402,DPM_BAS_CPS_MCY,124,EBA_CPS,true,EBA_CT_EBA_x10,,,
22403,DPM_BAS_CPS_MCY,125,EBA_BAS,true,EBA_BA_EBA_x7,,,
22404,DPM_BAS_CPS_MCY,125,EBA_MCY,true,EBA_MC_EBA_x52,,,
22405,DPM_BAS_CPS_MCY,125,EBA_CPS,true,EBA_CT_EBA_x1,,,
22406,DPM_BAS_CPS_MCY,126,EBA_BAS,true,EBA_BA_EBA_x7,,,
22407,DPM_BAS_CPS_MCY,126,EBA_MCY,true,EBA_MC_EBA_x52,,,
22408,DPM_BAS_CPS_MCY,126,EBA_CPS,true,EBA_CT_EBA_x12,,,
22409,DPM_BAS_CPS_MCY,127,EBA_BAS,true,EBA_BA_EBA_x7,,,
22410,DPM_BAS_CPS_MCY,127,EBA_MCY,true,EBA_MC_EBA_x52,,,
22411,DPM_BAS_CPS_MCY,127,EBA_CPS,true,EBA_CT_EBA_x18,,,
22412,DPM_BAS_CPS_MCY,128,EBA_BAS,true,EBA_BA_EBA_x7,,,
22413,DPM_BAS_CPS_MCY,128,EBA_MCY,true,EBA_MC_EBA_x52,,,
22414,DPM_BAS_CPS_MCY,128,EBA_CPS,true,EBA_CT_EBA_x20,,,
22415,DPM_BAS_CPS_MCY,129,EBA_BAS,true,EBA_BA_EBA_x7,,,
22416,DPM_BAS_CPS_MCY,129,EBA_MCY,true,EBA_MC_EBA_x52,,,
22417,DPM_BAS_CPS_MCY,129,EBA_CPS,true,EBA_CT_EBA_x5,,,
22418,DPM_BAS_CPS_MCY,130,EBA_BAS,true,EBA_BA_EBA_x17,,,
22419,DPM_BAS_CPS_MCY,130,EBA_MCY,true,EBA_MC_EBA_x69,,,
22420,DPM_BAS_CPS_MCY,130,EBA_CPS,true,EBA_CT_EBA_x0,,,
22421,DPM_BAS_CPS_MCY,131,EBA_BAS,true,EBA_BA_EBA_x17,,,
22422,DPM_BAS_CPS_MCY,131,EBA_MCY,true,EBA_MC_EBA_x69,,,
22423,DPM_BAS_CPS_MCY,131,EBA_CPS,true,EBA_CT_EBA_x10,,,
22424,DPM_BAS_CPS_MCY,132,EBA_BAS,true,EBA_BA_EBA_x17,,,
22425,DPM_BAS_CPS_MCY,132,EBA_MCY,true,EBA_MC_EBA_x69,,,
22426,DPM_BAS_CPS_MCY,132,EBA_CPS,true,EBA_CT_EBA_x1,,,
22427,DPM_BAS_CPS_MCY,133,EBA_BAS,true,EBA_BA_EBA_x17,,,
22428,DPM_BAS_CPS_MCY,133,EBA_MCY,true,EBA_MC_EBA_x69,,,
22429,DPM_BAS_CPS_MCY,133,EBA_CPS,true,EBA_CT_EBA_x12,,,
22430,DPM_BAS_CPS_MCY,134,EBA_BAS,true,EBA_BA_EBA_x17,,,
22431,DPM_BAS_CPS_MCY,134,EBA_MCY,true,EBA_MC_EBA_x69,,,
22432,DPM_BAS_CPS_MCY,134,EBA_CPS,true,EBA_CT_EBA_x18,,,
22433,DPM_BAS_CPS_MCY,135,EBA_BAS,true,EBA_BA_EBA_x17,,,
22434,DPM_BAS_CPS_MCY,135,EBA_MCY,true,EBA_MC_EBA_x69,,,
22435,DPM_BAS_CPS_MCY,135,EBA_CPS,true,EBA_CT_EBA_x20,,,
22436,DPM_BAS_CPS_MCY,136,EBA_BAS,true,EBA_BA_EBA_x17,,,
22437,DPM_BAS_CPS_MCY,136,EBA_MCY,true,EBA_MC_EBA_x69,,,
22438,DPM_BAS_CPS_MCY,136,EBA_CPS,true,EBA_CT_EBA_x5,,,
22439,DPM_BAS_CPS_MCY,137,EBA_BAS,true,EBA_BA_EBA_x17,,,
22440,DPM_BAS_CPS_MCY,137,EBA_MCY,true,EBA_MC_EBA_x155,,,
22441,DPM_BAS_CPS_MCY,137,EBA_CPS,true,EBA_CT_EBA_x0,,,
22442,DPM_BAS_CPS_MCY,138,EBA_BAS,true,EBA_BA_EBA_x17,,,
22443,DPM_BAS_CPS_MCY,138,EBA_MCY,true,EBA_MC_EBA_x155,,,
22444,DPM_BAS_CPS_MCY,138,EBA_CPS,true,EBA_CT_EBA_x10,,,
22445,DPM_BAS_CPS_MCY,139,EBA_BAS,true,EBA_BA_EBA_x17,,,
22446,DPM_BAS_CPS_MCY,139,EBA_MCY,true,EBA_MC_EBA_x155,,,
22447,DPM_BAS_CPS_MCY,139,EBA_CPS,true,EBA_CT_EBA_x1,,,
22448,DPM_BAS_CPS_MCY,140,EBA_BAS,true,EBA_BA_EBA_x17,,,
22449,DPM_BAS_CPS_MCY,140,EBA_MCY,true,EBA_MC_EBA_x155,,,
22450,DPM_BAS_CPS_MCY,140,EBA_CPS,true,EBA_CT_EBA_x12,,,
22451,DPM_BAS_CPS_MCY,141,EBA_BAS,true,EBA_BA_EBA_x17,,,
22452,DPM_BAS_CPS_MCY,141,EBA_MCY,true,EBA_MC_EBA_x155,,,
22453,DPM_BAS_CPS_MCY,141,EBA_CPS,true,EBA_CT_EBA_x18,,,
22454,DPM_BAS_CPS_MCY,142,EBA_BAS,true,EBA_BA_EBA_x17,,,
22455,DPM_BAS_CPS_MCY,142,EBA_MCY,true,EBA_MC_EBA_x155,,,
22456,DPM_BAS_CPS_MCY,142,EBA_CPS,true,EBA_CT_EBA_x20,,,
22457,DPM_BAS_CPS_MCY,143,EBA_BAS,true,EBA_BA_EBA_x17,,,
22458,DPM_BAS_CPS_MCY,143,EBA_MCY,true,EBA_MC_EBA_x155,,,
22459,DPM_BAS_CPS_MCY,143,EBA_CPS,true,EBA_CT_EBA_x5,,,
22460,DPM_BAS_CPS_MCY,144,EBA_BAS,true,EBA_BA_EBA_x17,,,
22461,DPM_BAS_CPS_MCY,144,EBA_MCY,true,EBA_MC_EBA_x263,,,
22462,DPM_BAS_CPS_MCY,144,EBA_CPS,true,EBA_CT_EBA_x0,,,
22463,DPM_BAS_CPS_MCY,145,EBA_BAS,true,EBA_BA_EBA_x17,,,
22464,DPM_BAS_CPS_MCY,145,EBA_MCY,true,EBA_MC_EBA_x263,,,
22465,DPM_BAS_CPS_MCY,145,EBA_CPS,true,EBA_CT_EBA_x10,,,
22466,DPM_BAS_CPS_MCY,146,EBA_BAS,true,EBA_BA_EBA_x17,,,
22467,DPM_BAS_CPS_MCY,146,EBA_MCY,true,EBA_MC_EBA_x263,,,
22468,DPM_BAS_CPS_MCY,146,EBA_CPS,true,EBA_CT_EBA_x1,,,
22469,DPM_BAS_CPS_MCY,147,EBA_BAS,true,EBA_BA_EBA_x17,,,
22470,DPM_BAS_CPS_MCY,147,EBA_MCY,true,EBA_MC_EBA_x263,,,
22471,DPM_BAS_CPS_MCY,147,EBA_CPS,true,EBA_CT_EBA_x12,,,
22472,DPM_BAS_CPS_MCY,148,EBA_BAS,true,EBA_BA_EBA_x17,,,
22473,DPM_BAS_CPS_MCY,148,EBA_MCY,true,EBA_MC_EBA_x263,,,
22474,DPM_BAS_CPS_MCY,148,EBA_CPS,true,EBA_CT_EBA_x18,,,
22475,DPM_BAS_CPS_MCY,149,EBA_BAS,true,EBA_BA_EBA_x17,,,
22476,DPM_BAS_CPS_MCY,149,EBA_MCY,true,EBA_MC_EBA_x263,,,
22477,DPM_BAS_CPS_MCY,149,EBA_CPS,true,EBA_CT_EBA_x20,,,
22478,DPM_BAS_CPS_MCY,150,EBA_BAS,true,EBA_BA_EBA_x17,,,
22479,DPM_BAS_CPS_MCY,150,EBA_MCY,true,EBA_MC_EBA_x263,,,
22480,DPM_BAS_CPS_MCY,150,EBA_CPS,true,EBA_CT_EBA_x5,,,
22481,DPM_IMS_PFS_2.9,0,EBA_IMS,true,EBA_IM_EBA_x0,,,
22482,DPM_IMS_PFS_2.9,0,EBA_PFS,true,EBA_IM_EBA_x0,,,
22483,DPM_IMS_PFS_2.9,1,EBA_IMS,true,EBA_IM_EBA_x0,,,
22484,DPM_IMS_PFS_2.9,1,EBA_PFS,true,EBA_IM_EBA_x17,,,
22485,DPM_IMS_PFS_2.9,2,EBA_IMS,true,EBA_IM_EBA_x33,,,
22486,DPM_IMS_PFS_2.9,2,EBA_PFS,true,EBA_IM_EBA_x17,,,
22487,DPM_IMS_PFS_2.9,3,EBA_IMS,true,EBA_IM_EBA_x34,,,
22488,DPM_IMS_PFS_2.9,3,EBA_PFS,true,EBA_IM_EBA_x17,,,
22489,DPM_IMS_PFS_2.9,4,EBA_IMS,true,EBA_IM_EBA_x0,,,
22490,DPM_IMS_PFS_2.9,4,EBA_PFS,true,EBA_IM_EBA_x16,,,
22491,DPM_IMS_PFS_2.9,5,EBA_IMS,true,EBA_IM_EBA_x34,,,
22492,DPM_IMS_PFS_2.9,5,EBA_PFS,true,EBA_IM_EBA_x16,,,
22493,DPM_IMS_PFS_2.9,6,EBA_IMS,true,EBA_IM_EBA_x3,,,
22494,DPM_IMS_PFS_2.9,6,EBA_PFS,true,EBA_IM_EBA_x16,,,
22495,DPM_IMS_PFS_2.9,7,EBA_IMS,true,EBA_IM_EBA_x35,,,
22496,DPM_IMS_PFS_2.9,7,EBA_PFS,true,EBA_IM_EBA_x16,,,
22497,DPM_BAS_APL_2.9,0,EBA_APL,true,EBA_PL_EBA_x13,,,
22498,DPM_BAS_APL_2.9,0,EBA_BAS,true,EBA_BA_EBA_x6,,,
22499,DPM_BAS_APL_2.9,1,EBA_APL,true,EBA_PL_EBA_x12,,,
22500,DPM_BAS_APL_2.9,1,EBA_BAS,true,EBA_BA_EBA_x6,,,
22501,DPM_BAS_APL_2.9,2,EBA_APL,true,EBA_PL_EBA_x0,,,
22502,DPM_BAS_APL_2.9,2,EBA_BAS,true,EBA_BA_EBA_x10,,,
22503,DPM_BAS_APL_2.9,3,EBA_APL,true,EBA_PL_EBA_x687,,,
22504,DPM_BAS_APL_2.9,3,EBA_BAS,true,EBA_BA_EBA_x6,,,
22505,DPM_BAS_APL_2.9,4,EBA_APL,true,EBA_PL_EBA_x688,,,
22506,DPM_BAS_APL_2.9,4,EBA_BAS,true,EBA_BA_EBA_x6,,,
22507,DPM_BAS_APL_2.9,5,EBA_APL,true,EBA_PL_EBA_x686,,,
22508,DPM_BAS_APL_2.9,5,EBA_BAS,true,EBA_BA_EBA_x6,,,
22509,DPM_BAS_APL_2.9,6,EBA_APL,true,EBA_PL_EBA_x103,,,
22510,DPM_BAS_APL_2.9,6,EBA_BAS,true,EBA_BA_EBA_x6,,,
22511,DPM_BAS_APL_2.9,7,EBA_APL,true,EBA_PL_EBA_x77,,,
22512,DPM_BAS_APL_2.9,7,EBA_BAS,true,EBA_BA_EBA_x6,,,
22513,DPM_CPS_CPZ_MCB_MCG_MCY_PUR,0,EBA_MCY,true,EBA_MC_EBA_x469,,,
22514,DPM_CPS_CPZ_MCB_MCG_MCY_PUR,0,EBA_MCB,true,EBA_MC_EBA_x824,,,
22515,DPM_CPS_CPZ_MCB_MCG_MCY_PUR,0,EBA_CPS,true,EBA_CT_EBA_x583,,,
22516,DPM_CPS_CPZ_MCB_MCG_MCY_PUR,0,EBA_CPZ,true,EBA_CT_EBA_x0,,,
22517,DPM_CPS_CPZ_MCB_MCG_MCY_PUR,0,EBA_MCG,true,EBA_MC_EBA_x0,,,
22518,DPM_CPS_CPZ_MCB_MCG_MCY_PUR,0,EBA_PUR,true,EBA_PU_EBA_x0,,,
22519,DPM_CPS_CPZ_MCB_MCG_MCY_PUR,1,EBA_MCY,true,EBA_MC_EBA_x99,,,
22520,DPM_CPS_CPZ_MCB_MCG_MCY_PUR,1,EBA_MCB,true,EBA_MC_EBA_x0,,,
22521,DPM_CPS_CPZ_MCB_MCG_MCY_PUR,1,EBA_CPS,true,EBA_CT_EBA_x0,,,
22522,DPM_CPS_CPZ_MCB_MCG_MCY_PUR,1,EBA_CPZ,true,EBA_CT_EBA_x0,,,
22523,DPM_CPS_CPZ_MCB_MCG_MCY_PUR,1,EBA_MCG,true,EBA_MC_EBA_x0,,,
22524,DPM_CPS_CPZ_MCB_MCG_MCY_PUR,1,EBA_PUR,true,EBA_PU_EBA_x0,,,
22525,DPM_CPS_CPZ_MCB_MCG_MCY_PUR,2,EBA_MCY,true,EBA_MC_EBA_x99,,,
22526,DPM_CPS_CPZ_MCB_MCG_MCY_PUR,2,EBA_MCB,true,EBA_MC_EBA_x0,,,
22527,DPM_CPS_CPZ_MCB_MCG_MCY_PUR,2,EBA_CPS,true,EBA_CT_EBA_x12,,,
22528,DPM_CPS_CPZ_MCB_MCG_MCY_PUR,2,EBA_CPZ,true,EBA_CT_EBA_x0,,,
22529,DPM_CPS_CPZ_MCB_MCG_MCY_PUR,2,EBA_MCG,true,EBA_MC_EBA_x0,,,
22530,DPM_CPS_CPZ_MCB_MCG_MCY_PUR,2,EBA_PUR,true,EBA_PU_EBA_x0,,,
22531,DPM_CPS_CPZ_MCB_MCG_MCY_PUR,3,EBA_MCY,true,EBA_MC_EBA_x99,,,
22532,DPM_CPS_CPZ_MCB_MCG_MCY_PUR,3,EBA_MCB,true,EBA_MC_EBA_x0,,,
22533,DPM_CPS_CPZ_MCB_MCG_MCY_PUR,3,EBA_CPS,true,EBA_CT_EBA_x18,,,
22534,DPM_CPS_CPZ_MCB_MCG_MCY_PUR,3,EBA_CPZ,true,EBA_CT_EBA_x0,,,
22535,DPM_CPS_CPZ_MCB_MCG_MCY_PUR,3,EBA_MCG,true,EBA_MC_EBA_x0,,,
22536,DPM_CPS_CPZ_MCB_MCG_MCY_PUR,3,EBA_PUR,true,EBA_PU_EBA_x0,,,
22537,DPM_CPS_CPZ_MCB_MCG_MCY_PUR,4,EBA_MCY,true,EBA_MC_EBA_x221,,,
22538,DPM_CPS_CPZ_MCB_MCG_MCY_PUR,4,EBA_MCB,true,EBA_MC_EBA_x0,,,
22539,DPM_CPS_CPZ_MCB_MCG_MCY_PUR,4,EBA_CPS,true,EBA_CT_EBA_x0,,,
22540,DPM_CPS_CPZ_MCB_MCG_MCY_PUR,4,EBA_CPZ,true,EBA_CT_EBA_x0,,,
22541,DPM_CPS_CPZ_MCB_MCG_MCY_PUR,4,EBA_MCG,true,EBA_MC_EBA_x0,,,
22542,DPM_CPS_CPZ_MCB_MCG_MCY_PUR,4,EBA_PUR,true,EBA_PU_EBA_x0,,,
22543,DPM_CPS_CPZ_MCB_MCG_MCY_PUR,5,EBA_MCY,true,EBA_MC_EBA_x221,,,
22544,DPM_CPS_CPZ_MCB_MCG_MCY_PUR,5,EBA_MCB,true,EBA_MC_EBA_x0,,,
22545,DPM_CPS_CPZ_MCB_MCG_MCY_PUR,5,EBA_CPS,true,EBA_CT_EBA_x10,,,
22546,DPM_CPS_CPZ_MCB_MCG_MCY_PUR,5,EBA_CPZ,true,EBA_CT_EBA_x0,,,
22547,DPM_CPS_CPZ_MCB_MCG_MCY_PUR,5,EBA_MCG,true,EBA_MC_EBA_x0,,,
22548,DPM_CPS_CPZ_MCB_MCG_MCY_PUR,5,EBA_PUR,true,EBA_PU_EBA_x0,,,
22549,DPM_CPS_CPZ_MCB_MCG_MCY_PUR,6,EBA_MCY,true,EBA_MC_EBA_x221,,,
22550,DPM_CPS_CPZ_MCB_MCG_MCY_PUR,6,EBA_MCB,true,EBA_MC_EBA_x0,,,
22551,DPM_CPS_CPZ_MCB_MCG_MCY_PUR,6,EBA_CPS,true,EBA_CT_EBA_x1,,,
22552,DPM_CPS_CPZ_MCB_MCG_MCY_PUR,6,EBA_CPZ,true,EBA_CT_EBA_x0,,,
22553,DPM_CPS_CPZ_MCB_MCG_MCY_PUR,6,EBA_MCG,true,EBA_MC_EBA_x0,,,
22554,DPM_CPS_CPZ_MCB_MCG_MCY_PUR,6,EBA_PUR,true,EBA_PU_EBA_x0,,,
22555,DPM_CPS_CPZ_MCB_MCG_MCY_PUR,7,EBA_MCY,true,EBA_MC_EBA_x221,,,
22556,DPM_CPS_CPZ_MCB_MCG_MCY_PUR,7,EBA_MCB,true,EBA_MC_EBA_x0,,,
22557,DPM_CPS_CPZ_MCB_MCG_MCY_PUR,7,EBA_CPS,true,EBA_CT_EBA_x12,,,
22558,DPM_CPS_CPZ_MCB_MCG_MCY_PUR,7,EBA_CPZ,true,EBA_CT_EBA_x0,,,
22559,DPM_CPS_CPZ_MCB_MCG_MCY_PUR,7,EBA_MCG,true,EBA_MC_EBA_x0,,,
22560,DPM_CPS_CPZ_MCB_MCG_MCY_PUR,7,EBA_PUR,true,EBA_PU_EBA_x0,,,
22561,DPM_CPS_CPZ_MCB_MCG_MCY_PUR,8,EBA_MCY,true,EBA_MC_EBA_x221,,,
22562,DPM_CPS_CPZ_MCB_MCG_MCY_PUR,8,EBA_MCB,true,EBA_MC_EBA_x0,,,
22563,DPM_CPS_CPZ_MCB_MCG_MCY_PUR,8,EBA_CPS,true,EBA_CT_EBA_x18,,,
22564,DPM_CPS_CPZ_MCB_MCG_MCY_PUR,8,EBA_CPZ,true,EBA_CT_EBA_x0,,,
22565,DPM_CPS_CPZ_MCB_MCG_MCY_PUR,8,EBA_MCG,true,EBA_MC_EBA_x0,,,
22566,DPM_CPS_CPZ_MCB_MCG_MCY_PUR,8,EBA_PUR,true,EBA_PU_EBA_x0,,,
22567,DPM_CPS_CPZ_MCB_MCG_MCY_PUR,9,EBA_MCY,true,EBA_MC_EBA_x221,,,
22568,DPM_CPS_CPZ_MCB_MCG_MCY_PUR,9,EBA_MCB,true,EBA_MC_EBA_x0,,,
22569,DPM_CPS_CPZ_MCB_MCG_MCY_PUR,9,EBA_CPS,true,EBA_CT_EBA_x20,,,
22570,DPM_CPS_CPZ_MCB_MCG_MCY_PUR,9,EBA_CPZ,true,EBA_CT_EBA_x0,,,
22571,DPM_CPS_CPZ_MCB_MCG_MCY_PUR,9,EBA_MCG,true,EBA_MC_EBA_x0,,,
22572,DPM_CPS_CPZ_MCB_MCG_MCY_PUR,9,EBA_PUR,true,EBA_PU_EBA_x0,,,
22573,DPM_CPS_CPZ_MCB_MCG_MCY_PUR,10,EBA_MCY,true,EBA_MC_EBA_x221,,,
22574,DPM_CPS_CPZ_MCB_MCG_MCY_PUR,10,EBA_MCB,true,EBA_MC_EBA_x0,,,
22575,DPM_CPS_CPZ_MCB_MCG_MCY_PUR,10,EBA_CPS,true,EBA_CT_EBA_x5,,,
22576,DPM_CPS_CPZ_MCB_MCG_MCY_PUR,10,EBA_CPZ,true,EBA_CT_EBA_x0,,,
22577,DPM_CPS_CPZ_MCB_MCG_MCY_PUR,10,EBA_MCG,true,EBA_MC_EBA_x0,,,
22578,DPM_CPS_CPZ_MCB_MCG_MCY_PUR,10,EBA_PUR,true,EBA_PU_EBA_x0,,,
22579,DPM_CPS_CPZ_MCB_MCG_MCY_PUR,11,EBA_MCY,true,EBA_MC_EBA_x154,,,
22580,DPM_CPS_CPZ_MCB_MCG_MCY_PUR,11,EBA_MCB,true,EBA_MC_EBA_x0,,,
22581,DPM_CPS_CPZ_MCB_MCG_MCY_PUR,11,EBA_CPS,true,EBA_CT_EBA_x0,,,
22582,DPM_CPS_CPZ_MCB_MCG_MCY_PUR,11,EBA_CPZ,true,EBA_CT_EBA_x0,,,
22583,DPM_CPS_CPZ_MCB_MCG_MCY_PUR,11,EBA_MCG,true,EBA_MC_EBA_x0,,,
22584,DPM_CPS_CPZ_MCB_MCG_MCY_PUR,11,EBA_PUR,true,EBA_PU_EBA_x0,,,
22585,DPM_CPS_CPZ_MCB_MCG_MCY_PUR,12,EBA_MCY,true,EBA_MC_EBA_x154,,,
22586,DPM_CPS_CPZ_MCB_MCG_MCY_PUR,12,EBA_MCB,true,EBA_MC_EBA_x0,,,
22587,DPM_CPS_CPZ_MCB_MCG_MCY_PUR,12,EBA_CPS,true,EBA_CT_EBA_x10,,,
22588,DPM_CPS_CPZ_MCB_MCG_MCY_PUR,12,EBA_CPZ,true,EBA_CT_EBA_x0,,,
22589,DPM_CPS_CPZ_MCB_MCG_MCY_PUR,12,EBA_MCG,true,EBA_MC_EBA_x0,,,
22590,DPM_CPS_CPZ_MCB_MCG_MCY_PUR,12,EBA_PUR,true,EBA_PU_EBA_x0,,,
22591,DPM_CPS_CPZ_MCB_MCG_MCY_PUR,13,EBA_MCY,true,EBA_MC_EBA_x154,,,
22592,DPM_CPS_CPZ_MCB_MCG_MCY_PUR,13,EBA_MCB,true,EBA_MC_EBA_x0,,,
22593,DPM_CPS_CPZ_MCB_MCG_MCY_PUR,13,EBA_CPS,true,EBA_CT_EBA_x1,,,
22594,DPM_CPS_CPZ_MCB_MCG_MCY_PUR,13,EBA_CPZ,true,EBA_CT_EBA_x0,,,
22595,DPM_CPS_CPZ_MCB_MCG_MCY_PUR,13,EBA_MCG,true,EBA_MC_EBA_x0,,,
22596,DPM_CPS_CPZ_MCB_MCG_MCY_PUR,13,EBA_PUR,true,EBA_PU_EBA_x0,,,
22597,DPM_CPS_CPZ_MCB_MCG_MCY_PUR,14,EBA_MCY,true,EBA_MC_EBA_x154,,,
22598,DPM_CPS_CPZ_MCB_MCG_MCY_PUR,14,EBA_MCB,true,EBA_MC_EBA_x0,,,
22599,DPM_CPS_CPZ_MCB_MCG_MCY_PUR,14,EBA_CPS,true,EBA_CT_EBA_x12,,,
22600,DPM_CPS_CPZ_MCB_MCG_MCY_PUR,14,EBA_CPZ,true,EBA_CT_EBA_x0,,,
22601,DPM_CPS_CPZ_MCB_MCG_MCY_PUR,14,EBA_MCG,true,EBA_MC_EBA_x0,,,
22602,DPM_CPS_CPZ_MCB_MCG_MCY_PUR,14,EBA_PUR,true,EBA_PU_EBA_x0,,,
22603,DPM_CPS_CPZ_MCB_MCG_MCY_PUR,15,EBA_MCY,true,EBA_MC_EBA_x154,,,
22604,DPM_CPS_CPZ_MCB_MCG_MCY_PUR,15,EBA_MCB,true,EBA_MC_EBA_x0,,,
22605,DPM_CPS_CPZ_MCB_MCG_MCY_PUR,15,EBA_CPS,true,EBA_CT_EBA_x18,,,
22606,DPM_CPS_CPZ_MCB_MCG_MCY_PUR,15,EBA_CPZ,true,EBA_CT_EBA_x0,,,
22607,DPM_CPS_CPZ_MCB_MCG_MCY_PUR,15,EBA_MCG,true,EBA_MC_EBA_x0,,,
22608,DPM_CPS_CPZ_MCB_MCG_MCY_PUR,15,EBA_PUR,true,EBA_PU_EBA_x0,,,
22609,DPM_CPS_CPZ_MCB_MCG_MCY_PUR,16,EBA_MCY,true,EBA_MC_EBA_x154,,,
22610,DPM_CPS_CPZ_MCB_MCG_MCY_PUR,16,EBA_MCB,true,EBA_MC_EBA_x0,,,
22611,DPM_CPS_CPZ_MCB_MCG_MCY_PUR,16,EBA_CPS,true,EBA_CT_EBA_x20,,,
22612,DPM_CPS_CPZ_MCB_MCG_MCY_PUR,16,EBA_CPZ,true,EBA_CT_EBA_x0,,,
22613,DPM_CPS_CPZ_MCB_MCG_MCY_PUR,16,EBA_MCG,true,EBA_MC_EBA_x0,,,
22614,DPM_CPS_CPZ_MCB_MCG_MCY_PUR,16,EBA_PUR,true,EBA_PU_EBA_x0,,,
22615,DPM_CPS_CPZ_MCB_MCG_MCY_PUR,17,EBA_MCY,true,EBA_MC_EBA_x154,,,
22616,DPM_CPS_CPZ_MCB_MCG_MCY_PUR,17,EBA_MCB,true,EBA_MC_EBA_x0,,,
22617,DPM_CPS_CPZ_MCB_MCG_MCY_PUR,17,EBA_CPS,true,EBA_CT_EBA_x5,,,
22618,DPM_CPS_CPZ_MCB_MCG_MCY_PUR,17,EBA_CPZ,true,EBA_CT_EBA_x0,,,
22619,DPM_CPS_CPZ_MCB_MCG_MCY_PUR,17,EBA_MCG,true,EBA_MC_EBA_x0,,,
22620,DPM_CPS_CPZ_MCB_MCG_MCY_PUR,17,EBA_PUR,true,EBA_PU_EBA_x0,,,
22621,DPM_CPS_CPZ_MCB_MCG_MCY_PUR,18,EBA_MCY,true,EBA_MC_EBA_x52,,,
22622,DPM_CPS_CPZ_MCB_MCG_MCY_PUR,18,EBA_MCB,true,EBA_MC_EBA_x0,,,
22623,DPM_CPS_CPZ_MCB_MCG_MCY_PUR,18,EBA_CPS,true,EBA_CT_EBA_x0,,,
22624,DPM_CPS_CPZ_MCB_MCG_MCY_PUR,18,EBA_CPZ,true,EBA_CT_EBA_x0,,,
22625,DPM_CPS_CPZ_MCB_MCG_MCY_PUR,18,EBA_MCG,true,EBA_MC_EBA_x0,,,
22626,DPM_CPS_CPZ_MCB_MCG_MCY_PUR,18,EBA_PUR,true,EBA_PU_EBA_x0,,,
22627,DPM_CPS_CPZ_MCB_MCG_MCY_PUR,19,EBA_MCY,true,EBA_MC_EBA_x52,,,
22628,DPM_CPS_CPZ_MCB_MCG_MCY_PUR,19,EBA_MCB,true,EBA_MC_EBA_x0,,,
22629,DPM_CPS_CPZ_MCB_MCG_MCY_PUR,19,EBA_CPS,true,EBA_CT_EBA_x10,,,
22630,DPM_CPS_CPZ_MCB_MCG_MCY_PUR,19,EBA_CPZ,true,EBA_CT_EBA_x0,,,
22631,DPM_CPS_CPZ_MCB_MCG_MCY_PUR,19,EBA_MCG,true,EBA_MC_EBA_x0,,,
22632,DPM_CPS_CPZ_MCB_MCG_MCY_PUR,19,EBA_PUR,true,EBA_PU_EBA_x0,,,
22633,DPM_CPS_CPZ_MCB_MCG_MCY_PUR,20,EBA_MCY,true,EBA_MC_EBA_x52,,,
22634,DPM_CPS_CPZ_MCB_MCG_MCY_PUR,20,EBA_MCB,true,EBA_MC_EBA_x0,,,
22635,DPM_CPS_CPZ_MCB_MCG_MCY_PUR,20,EBA_CPS,true,EBA_CT_EBA_x1,,,
22636,DPM_CPS_CPZ_MCB_MCG_MCY_PUR,20,EBA_CPZ,true,EBA_CT_EBA_x0,,,
22637,DPM_CPS_CPZ_MCB_MCG_MCY_PUR,20,EBA_MCG,true,EBA_MC_EBA_x0,,,
22638,DPM_CPS_CPZ_MCB_MCG_MCY_PUR,20,EBA_PUR,true,EBA_PU_EBA_x0,,,
22639,DPM_CPS_CPZ_MCB_MCG_MCY_PUR,21,EBA_MCY,true,EBA_MC_EBA_x52,,,
22640,DPM_CPS_CPZ_MCB_MCG_MCY_PUR,21,EBA_MCB,true,EBA_MC_EBA_x0,,,
22641,DPM_CPS_CPZ_MCB_MCG_MCY_PUR,21,EBA_CPS,true,EBA_CT_EBA_x12,,,
22642,DPM_CPS_CPZ_MCB_MCG_MCY_PUR,21,EBA_CPZ,true,EBA_CT_EBA_x0,,,
22643,DPM_CPS_CPZ_MCB_MCG_MCY_PUR,21,EBA_MCG,true,EBA_MC_EBA_x0,,,
22644,DPM_CPS_CPZ_MCB_MCG_MCY_PUR,21,EBA_PUR,true,EBA_PU_EBA_x0,,,
22645,DPM_CPS_CPZ_MCB_MCG_MCY_PUR,22,EBA_MCY,true,EBA_MC_EBA_x52,,,
22646,DPM_CPS_CPZ_MCB_MCG_MCY_PUR,22,EBA_MCB,true,EBA_MC_EBA_x0,,,
22647,DPM_CPS_CPZ_MCB_MCG_MCY_PUR,22,EBA_CPS,true,EBA_CT_EBA_x18,,,
22648,DPM_CPS_CPZ_MCB_MCG_MCY_PUR,22,EBA_CPZ,true,EBA_CT_EBA_x0,,,
22649,DPM_CPS_CPZ_MCB_MCG_MCY_PUR,22,EBA_MCG,true,EBA_MC_EBA_x0,,,
22650,DPM_CPS_CPZ_MCB_MCG_MCY_PUR,22,EBA_PUR,true,EBA_PU_EBA_x0,,,
22651,DPM_CPS_CPZ_MCB_MCG_MCY_PUR,23,EBA_MCY,true,EBA_MC_EBA_x52,,,
22652,DPM_CPS_CPZ_MCB_MCG_MCY_PUR,23,EBA_MCB,true,EBA_MC_EBA_x0,,,
22653,DPM_CPS_CPZ_MCB_MCG_MCY_PUR,23,EBA_CPS,true,EBA_CT_EBA_x20,,,
22654,DPM_CPS_CPZ_MCB_MCG_MCY_PUR,23,EBA_CPZ,true,EBA_CT_EBA_x0,,,
22655,DPM_CPS_CPZ_MCB_MCG_MCY_PUR,23,EBA_MCG,true,EBA_MC_EBA_x0,,,
22656,DPM_CPS_CPZ_MCB_MCG_MCY_PUR,23,EBA_PUR,true,EBA_PU_EBA_x0,,,
22657,DPM_CPS_CPZ_MCB_MCG_MCY_PUR,24,EBA_MCY,true,EBA_MC_EBA_x52,,,
22658,DPM_CPS_CPZ_MCB_MCG_MCY_PUR,24,EBA_MCB,true,EBA_MC_EBA_x0,,,
22659,DPM_CPS_CPZ_MCB_MCG_MCY_PUR,24,EBA_CPS,true,EBA_CT_EBA_x5,,,
22660,DPM_CPS_CPZ_MCB_MCG_MCY_PUR,24,EBA_CPZ,true,EBA_CT_EBA_x0,,,
22661,DPM_CPS_CPZ_MCB_MCG_MCY_PUR,24,EBA_MCG,true,EBA_MC_EBA_x0,,,
22662,DPM_CPS_CPZ_MCB_MCG_MCY_PUR,24,EBA_PUR,true,EBA_PU_EBA_x0,,,
22663,DPM_CPS_CPZ_MCB_MCG_MCY_PUR,25,EBA_MCY,true,EBA_MC_EBA_x251,,,
22664,DPM_CPS_CPZ_MCB_MCG_MCY_PUR,25,EBA_MCB,true,EBA_MC_EBA_x0,,,
22665,DPM_CPS_CPZ_MCB_MCG_MCY_PUR,25,EBA_CPS,true,EBA_CT_EBA_x0,,,
22666,DPM_CPS_CPZ_MCB_MCG_MCY_PUR,25,EBA_CPZ,true,EBA_CT_EBA_x0,,,
22667,DPM_CPS_CPZ_MCB_MCG_MCY_PUR,25,EBA_MCG,true,EBA_MC_EBA_x0,,,
22668,DPM_CPS_CPZ_MCB_MCG_MCY_PUR,25,EBA_PUR,true,EBA_PU_EBA_x0,,,
22669,DPM_CPS_CPZ_MCB_MCG_MCY_PUR,26,EBA_MCY,true,EBA_MC_EBA_x60,,,
22670,DPM_CPS_CPZ_MCB_MCG_MCY_PUR,26,EBA_MCB,true,EBA_MC_EBA_x0,,,
22671,DPM_CPS_CPZ_MCB_MCG_MCY_PUR,26,EBA_CPS,true,EBA_CT_EBA_x0,,,
22672,DPM_CPS_CPZ_MCB_MCG_MCY_PUR,26,EBA_CPZ,true,EBA_CT_EBA_x0,,,
22673,DPM_CPS_CPZ_MCB_MCG_MCY_PUR,26,EBA_MCG,true,EBA_MC_EBA_x0,,,
22674,DPM_CPS_CPZ_MCB_MCG_MCY_PUR,26,EBA_PUR,true,EBA_PU_EBA_x0,,,
22675,DPM_CPS_CPZ_MCB_MCG_MCY_PUR,27,EBA_MCY,true,EBA_MC_EBA_x60,,,
22676,DPM_CPS_CPZ_MCB_MCG_MCY_PUR,27,EBA_MCB,true,EBA_MC_EBA_x0,,,
22677,DPM_CPS_CPZ_MCB_MCG_MCY_PUR,27,EBA_CPS,true,EBA_CT_EBA_x10,,,
22678,DPM_CPS_CPZ_MCB_MCG_MCY_PUR,27,EBA_CPZ,true,EBA_CT_EBA_x0,,,
22679,DPM_CPS_CPZ_MCB_MCG_MCY_PUR,27,EBA_MCG,true,EBA_MC_EBA_x0,,,
22680,DPM_CPS_CPZ_MCB_MCG_MCY_PUR,27,EBA_PUR,true,EBA_PU_EBA_x0,,,
22681,DPM_CPS_CPZ_MCB_MCG_MCY_PUR,28,EBA_MCY,true,EBA_MC_EBA_x60,,,
22682,DPM_CPS_CPZ_MCB_MCG_MCY_PUR,28,EBA_MCB,true,EBA_MC_EBA_x0,,,
22683,DPM_CPS_CPZ_MCB_MCG_MCY_PUR,28,EBA_CPS,true,EBA_CT_EBA_x1,,,
22684,DPM_CPS_CPZ_MCB_MCG_MCY_PUR,28,EBA_CPZ,true,EBA_CT_EBA_x0,,,
22685,DPM_CPS_CPZ_MCB_MCG_MCY_PUR,28,EBA_MCG,true,EBA_MC_EBA_x0,,,
22686,DPM_CPS_CPZ_MCB_MCG_MCY_PUR,28,EBA_PUR,true,EBA_PU_EBA_x0,,,
22687,DPM_CPS_CPZ_MCB_MCG_MCY_PUR,29,EBA_MCY,true,EBA_MC_EBA_x60,,,
22688,DPM_CPS_CPZ_MCB_MCG_MCY_PUR,29,EBA_MCB,true,EBA_MC_EBA_x0,,,
22689,DPM_CPS_CPZ_MCB_MCG_MCY_PUR,29,EBA_CPS,true,EBA_CT_EBA_x12,,,
22690,DPM_CPS_CPZ_MCB_MCG_MCY_PUR,29,EBA_CPZ,true,EBA_CT_EBA_x0,,,
22691,DPM_CPS_CPZ_MCB_MCG_MCY_PUR,29,EBA_MCG,true,EBA_MC_EBA_x0,,,
22692,DPM_CPS_CPZ_MCB_MCG_MCY_PUR,29,EBA_PUR,true,EBA_PU_EBA_x0,,,
22693,DPM_CPS_CPZ_MCB_MCG_MCY_PUR,30,EBA_MCY,true,EBA_MC_EBA_x60,,,
22694,DPM_CPS_CPZ_MCB_MCG_MCY_PUR,30,EBA_MCB,true,EBA_MC_EBA_x0,,,
22695,DPM_CPS_CPZ_MCB_MCG_MCY_PUR,30,EBA_CPS,true,EBA_CT_EBA_x18,,,
22696,DPM_CPS_CPZ_MCB_MCG_MCY_PUR,30,EBA_CPZ,true,EBA_CT_EBA_x0,,,
22697,DPM_CPS_CPZ_MCB_MCG_MCY_PUR,30,EBA_MCG,true,EBA_MC_EBA_x0,,,
22698,DPM_CPS_CPZ_MCB_MCG_MCY_PUR,30,EBA_PUR,true,EBA_PU_EBA_x0,,,
22699,DPM_CPS_CPZ_MCB_MCG_MCY_PUR,31,EBA_MCY,true,EBA_MC_EBA_x60,,,
22700,DPM_CPS_CPZ_MCB_MCG_MCY_PUR,31,EBA_MCB,true,EBA_MC_EBA_x0,,,
22701,DPM_CPS_CPZ_MCB_MCG_MCY_PUR,31,EBA_CPS,true,EBA_CT_EBA_x20,,,
22702,DPM_CPS_CPZ_MCB_MCG_MCY_PUR,31,EBA_CPZ,true,EBA_CT_EBA_x0,,,
22703,DPM_CPS_CPZ_MCB_MCG_MCY_PUR,31,EBA_MCG,true,EBA_MC_EBA_x0,,,
22704,DPM_CPS_CPZ_MCB_MCG_MCY_PUR,31,EBA_PUR,true,EBA_PU_EBA_x0,,,
22705,DPM_CPS_CPZ_MCB_MCG_MCY_PUR,32,EBA_MCY,true,EBA_MC_EBA_x130,,,
22706,DPM_CPS_CPZ_MCB_MCG_MCY_PUR,32,EBA_MCB,true,EBA_MC_EBA_x0,,,
22707,DPM_CPS_CPZ_MCB_MCG_MCY_PUR,32,EBA_CPS,true,EBA_CT_EBA_x0,,,
22708,DPM_CPS_CPZ_MCB_MCG_MCY_PUR,32,EBA_CPZ,true,EBA_CT_EBA_x0,,,
22709,DPM_CPS_CPZ_MCB_MCG_MCY_PUR,32,EBA_MCG,true,EBA_MC_EBA_x0,,,
22710,DPM_CPS_CPZ_MCB_MCG_MCY_PUR,32,EBA_PUR,true,EBA_PU_EBA_x0,,,
22711,DPM_CPS_CPZ_MCB_MCG_MCY_PUR,33,EBA_MCY,true,EBA_MC_EBA_x130,,,
22712,DPM_CPS_CPZ_MCB_MCG_MCY_PUR,33,EBA_MCB,true,EBA_MC_EBA_x0,,,
22713,DPM_CPS_CPZ_MCB_MCG_MCY_PUR,33,EBA_CPS,true,EBA_CT_EBA_x12,,,
22714,DPM_CPS_CPZ_MCB_MCG_MCY_PUR,33,EBA_CPZ,true,EBA_CT_EBA_x0,,,
22715,DPM_CPS_CPZ_MCB_MCG_MCY_PUR,33,EBA_MCG,true,EBA_MC_EBA_x0,,,
22716,DPM_CPS_CPZ_MCB_MCG_MCY_PUR,33,EBA_PUR,true,EBA_PU_EBA_x0,,,
22717,DPM_CPS_CPZ_MCB_MCG_MCY_PUR,34,EBA_MCY,true,EBA_MC_EBA_x130,,,
22718,DPM_CPS_CPZ_MCB_MCG_MCY_PUR,34,EBA_MCB,true,EBA_MC_EBA_x0,,,
22719,DPM_CPS_CPZ_MCB_MCG_MCY_PUR,34,EBA_CPS,true,EBA_CT_EBA_x18,,,
22720,DPM_CPS_CPZ_MCB_MCG_MCY_PUR,34,EBA_CPZ,true,EBA_CT_EBA_x0,,,
22721,DPM_CPS_CPZ_MCB_MCG_MCY_PUR,34,EBA_MCG,true,EBA_MC_EBA_x0,,,
22722,DPM_CPS_CPZ_MCB_MCG_MCY_PUR,34,EBA_PUR,true,EBA_PU_EBA_x0,,,
22723,DPM_CPS_CPZ_MCB_MCG_MCY_PUR,35,EBA_MCY,true,EBA_MC_EBA_x130,,,
22724,DPM_CPS_CPZ_MCB_MCG_MCY_PUR,35,EBA_MCB,true,EBA_MC_EBA_x0,,,
22725,DPM_CPS_CPZ_MCB_MCG_MCY_PUR,35,EBA_CPS,true,EBA_CT_EBA_x20,,,
22726,DPM_CPS_CPZ_MCB_MCG_MCY_PUR,35,EBA_CPZ,true,EBA_CT_EBA_x0,,,
22727,DPM_CPS_CPZ_MCB_MCG_MCY_PUR,35,EBA_MCG,true,EBA_MC_EBA_x0,,,
22728,DPM_CPS_CPZ_MCB_MCG_MCY_PUR,35,EBA_PUR,true,EBA_PU_EBA_x0,,,
22729,DPM_CPS_CPZ_MCB_MCG_MCY_PUR,36,EBA_MCY,true,EBA_MC_EBA_x223,,,
22730,DPM_CPS_CPZ_MCB_MCG_MCY_PUR,36,EBA_MCB,true,EBA_MC_EBA_x0,,,
22731,DPM_CPS_CPZ_MCB_MCG_MCY_PUR,36,EBA_CPS,true,EBA_CT_EBA_x0,,,
22732,DPM_CPS_CPZ_MCB_MCG_MCY_PUR,36,EBA_CPZ,true,EBA_CT_EBA_x0,,,
22733,DPM_CPS_CPZ_MCB_MCG_MCY_PUR,36,EBA_MCG,true,EBA_MC_EBA_x0,,,
22734,DPM_CPS_CPZ_MCB_MCG_MCY_PUR,36,EBA_PUR,true,EBA_PU_EBA_x0,,,
22735,DPM_CPS_CPZ_MCB_MCG_MCY_PUR,37,EBA_MCY,true,EBA_MC_EBA_x469,,,
22736,DPM_CPS_CPZ_MCB_MCG_MCY_PUR,37,EBA_MCB,true,EBA_MC_EBA_x0,,,
22737,DPM_CPS_CPZ_MCB_MCG_MCY_PUR,37,EBA_CPS,true,EBA_CT_EBA_x0,,,
22738,DPM_CPS_CPZ_MCB_MCG_MCY_PUR,37,EBA_CPZ,true,EBA_CT_EBA_x0,,,
22739,DPM_CPS_CPZ_MCB_MCG_MCY_PUR,37,EBA_MCG,true,EBA_MC_EBA_x0,,,
22740,DPM_CPS_CPZ_MCB_MCG_MCY_PUR,37,EBA_PUR,true,EBA_PU_EBA_x0,,,
22741,DPM_CPS_CPZ_MCB_MCG_MCY_PUR,38,EBA_MCY,true,EBA_MC_EBA_x469,,,
22742,DPM_CPS_CPZ_MCB_MCG_MCY_PUR,38,EBA_MCB,true,EBA_MC_EBA_x0,,,
22743,DPM_CPS_CPZ_MCB_MCG_MCY_PUR,38,EBA_CPS,true,EBA_CT_EBA_x10,,,
22744,DPM_CPS_CPZ_MCB_MCG_MCY_PUR,38,EBA_CPZ,true,EBA_CT_EBA_x0,,,
22745,DPM_CPS_CPZ_MCB_MCG_MCY_PUR,38,EBA_MCG,true,EBA_MC_EBA_x0,,,
22746,DPM_CPS_CPZ_MCB_MCG_MCY_PUR,38,EBA_PUR,true,EBA_PU_EBA_x0,,,
22747,DPM_CPS_CPZ_MCB_MCG_MCY_PUR,39,EBA_MCY,true,EBA_MC_EBA_x469,,,
22748,DPM_CPS_CPZ_MCB_MCG_MCY_PUR,39,EBA_MCB,true,EBA_MC_EBA_x0,,,
22749,DPM_CPS_CPZ_MCB_MCG_MCY_PUR,39,EBA_CPS,true,EBA_CT_EBA_x1,,,
22750,DPM_CPS_CPZ_MCB_MCG_MCY_PUR,39,EBA_CPZ,true,EBA_CT_EBA_x0,,,
22751,DPM_CPS_CPZ_MCB_MCG_MCY_PUR,39,EBA_MCG,true,EBA_MC_EBA_x0,,,
22752,DPM_CPS_CPZ_MCB_MCG_MCY_PUR,39,EBA_PUR,true,EBA_PU_EBA_x0,,,
22753,DPM_CPS_CPZ_MCB_MCG_MCY_PUR,40,EBA_MCY,true,EBA_MC_EBA_x469,,,
22754,DPM_CPS_CPZ_MCB_MCG_MCY_PUR,40,EBA_MCB,true,EBA_MC_EBA_x0,,,
22755,DPM_CPS_CPZ_MCB_MCG_MCY_PUR,40,EBA_CPS,true,EBA_CT_EBA_x12,,,
22756,DPM_CPS_CPZ_MCB_MCG_MCY_PUR,40,EBA_CPZ,true,EBA_CT_EBA_x0,,,
22757,DPM_CPS_CPZ_MCB_MCG_MCY_PUR,40,EBA_MCG,true,EBA_MC_EBA_x0,,,
22758,DPM_CPS_CPZ_MCB_MCG_MCY_PUR,40,EBA_PUR,true,EBA_PU_EBA_x0,,,
22759,DPM_CPS_CPZ_MCB_MCG_MCY_PUR,41,EBA_MCY,true,EBA_MC_EBA_x469,,,
22760,DPM_CPS_CPZ_MCB_MCG_MCY_PUR,41,EBA_MCB,true,EBA_MC_EBA_x0,,,
22761,DPM_CPS_CPZ_MCB_MCG_MCY_PUR,41,EBA_CPS,true,EBA_CT_EBA_x18,,,
22762,DPM_CPS_CPZ_MCB_MCG_MCY_PUR,41,EBA_CPZ,true,EBA_CT_EBA_x0,,,
22763,DPM_CPS_CPZ_MCB_MCG_MCY_PUR,41,EBA_MCG,true,EBA_MC_EBA_x0,,,
22764,DPM_CPS_CPZ_MCB_MCG_MCY_PUR,41,EBA_PUR,true,EBA_PU_EBA_x0,,,
22765,DPM_CPS_CPZ_MCB_MCG_MCY_PUR,42,EBA_MCY,true,EBA_MC_EBA_x469,,,
22766,DPM_CPS_CPZ_MCB_MCG_MCY_PUR,42,EBA_MCB,true,EBA_MC_EBA_x0,,,
22767,DPM_CPS_CPZ_MCB_MCG_MCY_PUR,42,EBA_CPS,true,EBA_CT_EBA_x20,,,
22768,DPM_CPS_CPZ_MCB_MCG_MCY_PUR,42,EBA_CPZ,true,EBA_CT_EBA_x0,,,
22769,DPM_CPS_CPZ_MCB_MCG_MCY_PUR,42,EBA_MCG,true,EBA_MC_EBA_x0,,,
22770,DPM_CPS_CPZ_MCB_MCG_MCY_PUR,42,EBA_PUR,true,EBA_PU_EBA_x0,,,
22771,DPM_CPS_CPZ_MCB_MCG_MCY_PUR,43,EBA_MCY,true,EBA_MC_EBA_x469,,,
22772,DPM_CPS_CPZ_MCB_MCG_MCY_PUR,43,EBA_MCB,true,EBA_MC_EBA_x0,,,
22773,DPM_CPS_CPZ_MCB_MCG_MCY_PUR,43,EBA_CPS,true,EBA_CT_EBA_x20,,,
22774,DPM_CPS_CPZ_MCB_MCG_MCY_PUR,43,EBA_CPZ,true,EBA_CT_EBA_x23,,,
22775,DPM_CPS_CPZ_MCB_MCG_MCY_PUR,43,EBA_MCG,true,EBA_MC_EBA_x0,,,
22776,DPM_CPS_CPZ_MCB_MCG_MCY_PUR,43,EBA_PUR,true,EBA_PU_EBA_x0,,,
22777,DPM_CPS_CPZ_MCB_MCG_MCY_PUR,44,EBA_MCY,true,EBA_MC_EBA_x469,,,
22778,DPM_CPS_CPZ_MCB_MCG_MCY_PUR,44,EBA_MCB,true,EBA_MC_EBA_x0,,,
22779,DPM_CPS_CPZ_MCB_MCG_MCY_PUR,44,EBA_CPS,true,EBA_CT_EBA_x5,,,
22780,DPM_CPS_CPZ_MCB_MCG_MCY_PUR,44,EBA_CPZ,true,EBA_CT_EBA_x0,,,
22781,DPM_CPS_CPZ_MCB_MCG_MCY_PUR,44,EBA_MCG,true,EBA_MC_EBA_x0,,,
22782,DPM_CPS_CPZ_MCB_MCG_MCY_PUR,44,EBA_PUR,true,EBA_PU_EBA_x0,,,
22783,DPM_CPS_CPZ_MCB_MCG_MCY_PUR,45,EBA_MCY,true,EBA_MC_EBA_x469,,,
22784,DPM_CPS_CPZ_MCB_MCG_MCY_PUR,45,EBA_MCB,true,EBA_MC_EBA_x0,,,
22785,DPM_CPS_CPZ_MCB_MCG_MCY_PUR,45,EBA_CPS,true,EBA_CT_EBA_x5,,,
22786,DPM_CPS_CPZ_MCB_MCG_MCY_PUR,45,EBA_CPZ,true,EBA_CT_EBA_x0,,,
22787,DPM_CPS_CPZ_MCB_MCG_MCY_PUR,45,EBA_MCG,true,EBA_MC_EBA_x0,,,
22788,DPM_CPS_CPZ_MCB_MCG_MCY_PUR,45,EBA_PUR,true,EBA_PU_EBA_x1,,,
22789,DPM_CPS_CPZ_MCB_MCG_MCY_PUR,46,EBA_MCY,true,EBA_MC_EBA_x469,,,
22790,DPM_CPS_CPZ_MCB_MCG_MCY_PUR,46,EBA_MCB,true,EBA_MC_EBA_x0,,,
22791,DPM_CPS_CPZ_MCB_MCG_MCY_PUR,46,EBA_CPS,true,EBA_CT_EBA_x20,,,
22792,DPM_CPS_CPZ_MCB_MCG_MCY_PUR,46,EBA_CPZ,true,EBA_CT_EBA_x0,,,
22793,DPM_CPS_CPZ_MCB_MCG_MCY_PUR,46,EBA_MCG,true,EBA_MC_EBA_x293,,,
22794,DPM_CPS_CPZ_MCB_MCG_MCY_PUR,46,EBA_PUR,true,EBA_PU_EBA_x0,,,
22795,DPM_CPS_CPZ_MCB_MCG_MCY_PUR,47,EBA_MCY,true,EBA_MC_EBA_x469,,,
22796,DPM_CPS_CPZ_MCB_MCG_MCY_PUR,47,EBA_MCB,true,EBA_MC_EBA_x0,,,
22797,DPM_CPS_CPZ_MCB_MCG_MCY_PUR,47,EBA_CPS,true,EBA_CT_EBA_x20,,,
22798,DPM_CPS_CPZ_MCB_MCG_MCY_PUR,47,EBA_CPZ,true,EBA_CT_EBA_x0,,,
22799,DPM_CPS_CPZ_MCB_MCG_MCY_PUR,47,EBA_MCG,true,EBA_MC_EBA_x484,,,
22800,DPM_CPS_CPZ_MCB_MCG_MCY_PUR,47,EBA_PUR,true,EBA_PU_EBA_x0,,,
22801,DPM_CPS_CPZ_MCB_MCG_MCY_PUR,48,EBA_MCY,true,EBA_MC_EBA_x469,,,
22802,DPM_CPS_CPZ_MCB_MCG_MCY_PUR,48,EBA_MCB,true,EBA_MC_EBA_x0,,,
22803,DPM_CPS_CPZ_MCB_MCG_MCY_PUR,48,EBA_CPS,true,EBA_CT_EBA_x5,,,
22804,DPM_CPS_CPZ_MCB_MCG_MCY_PUR,48,EBA_CPZ,true,EBA_CT_EBA_x0,,,
22805,DPM_CPS_CPZ_MCB_MCG_MCY_PUR,48,EBA_MCG,true,EBA_MC_EBA_x485,,,
22806,DPM_CPS_CPZ_MCB_MCG_MCY_PUR,48,EBA_PUR,true,EBA_PU_EBA_x0,,,
22807,DPM_CPS_CPZ_MCB_MCG_MCY_PUR,49,EBA_MCY,true,EBA_MC_EBA_x469,,,
22808,DPM_CPS_CPZ_MCB_MCG_MCY_PUR,49,EBA_MCB,true,EBA_MC_EBA_x824,,,
22809,DPM_CPS_CPZ_MCB_MCG_MCY_PUR,49,EBA_CPS,true,EBA_CT_EBA_x583,,,
22810,DPM_CPS_CPZ_MCB_MCG_MCY_PUR,49,EBA_CPZ,true,EBA_CT_EBA_x0,,,
22811,DPM_CPS_CPZ_MCB_MCG_MCY_PUR,49,EBA_MCG,true,EBA_MC_EBA_x155,,,
22812,DPM_CPS_CPZ_MCB_MCG_MCY_PUR,49,EBA_PUR,true,EBA_PU_EBA_x0,,,
22813,DPM_CPS_CPZ_MCB_MCG_MCY_PUR,50,EBA_MCY,true,EBA_MC_EBA_x221,,,
22814,DPM_CPS_CPZ_MCB_MCG_MCY_PUR,50,EBA_MCB,true,EBA_MC_EBA_x0,,,
22815,DPM_CPS_CPZ_MCB_MCG_MCY_PUR,50,EBA_CPS,true,EBA_CT_EBA_x0,,,
22816,DPM_CPS_CPZ_MCB_MCG_MCY_PUR,50,EBA_CPZ,true,EBA_CT_EBA_x0,,,
22817,DPM_CPS_CPZ_MCB_MCG_MCY_PUR,50,EBA_MCG,true,EBA_MC_EBA_x155,,,
22818,DPM_CPS_CPZ_MCB_MCG_MCY_PUR,50,EBA_PUR,true,EBA_PU_EBA_x0,,,
22819,DPM_CPS_CPZ_MCB_MCG_MCY_PUR,51,EBA_MCY,true,EBA_MC_EBA_x221,,,
22820,DPM_CPS_CPZ_MCB_MCG_MCY_PUR,51,EBA_MCB,true,EBA_MC_EBA_x0,,,
22821,DPM_CPS_CPZ_MCB_MCG_MCY_PUR,51,EBA_CPS,true,EBA_CT_EBA_x10,,,
22822,DPM_CPS_CPZ_MCB_MCG_MCY_PUR,51,EBA_CPZ,true,EBA_CT_EBA_x0,,,
22823,DPM_CPS_CPZ_MCB_MCG_MCY_PUR,51,EBA_MCG,true,EBA_MC_EBA_x155,,,
22824,DPM_CPS_CPZ_MCB_MCG_MCY_PUR,51,EBA_PUR,true,EBA_PU_EBA_x0,,,
22825,DPM_CPS_CPZ_MCB_MCG_MCY_PUR,52,EBA_MCY,true,EBA_MC_EBA_x221,,,
22826,DPM_CPS_CPZ_MCB_MCG_MCY_PUR,52,EBA_MCB,true,EBA_MC_EBA_x0,,,
22827,DPM_CPS_CPZ_MCB_MCG_MCY_PUR,52,EBA_CPS,true,EBA_CT_EBA_x1,,,
22828,DPM_CPS_CPZ_MCB_MCG_MCY_PUR,52,EBA_CPZ,true,EBA_CT_EBA_x0,,,
22829,DPM_CPS_CPZ_MCB_MCG_MCY_PUR,52,EBA_MCG,true,EBA_MC_EBA_x155,,,
22830,DPM_CPS_CPZ_MCB_MCG_MCY_PUR,52,EBA_PUR,true,EBA_PU_EBA_x0,,,
22831,DPM_CPS_CPZ_MCB_MCG_MCY_PUR,53,EBA_MCY,true,EBA_MC_EBA_x221,,,
22832,DPM_CPS_CPZ_MCB_MCG_MCY_PUR,53,EBA_MCB,true,EBA_MC_EBA_x0,,,
22833,DPM_CPS_CPZ_MCB_MCG_MCY_PUR,53,EBA_CPS,true,EBA_CT_EBA_x12,,,
22834,DPM_CPS_CPZ_MCB_MCG_MCY_PUR,53,EBA_CPZ,true,EBA_CT_EBA_x0,,,
22835,DPM_CPS_CPZ_MCB_MCG_MCY_PUR,53,EBA_MCG,true,EBA_MC_EBA_x155,,,
22836,DPM_CPS_CPZ_MCB_MCG_MCY_PUR,53,EBA_PUR,true,EBA_PU_EBA_x0,,,
22837,DPM_CPS_CPZ_MCB_MCG_MCY_PUR,54,EBA_MCY,true,EBA_MC_EBA_x221,,,
22838,DPM_CPS_CPZ_MCB_MCG_MCY_PUR,54,EBA_MCB,true,EBA_MC_EBA_x0,,,
22839,DPM_CPS_CPZ_MCB_MCG_MCY_PUR,54,EBA_CPS,true,EBA_CT_EBA_x18,,,
22840,DPM_CPS_CPZ_MCB_MCG_MCY_PUR,54,EBA_CPZ,true,EBA_CT_EBA_x0,,,
22841,DPM_CPS_CPZ_MCB_MCG_MCY_PUR,54,EBA_MCG,true,EBA_MC_EBA_x155,,,
22842,DPM_CPS_CPZ_MCB_MCG_MCY_PUR,54,EBA_PUR,true,EBA_PU_EBA_x0,,,
22843,DPM_CPS_CPZ_MCB_MCG_MCY_PUR,55,EBA_MCY,true,EBA_MC_EBA_x221,,,
22844,DPM_CPS_CPZ_MCB_MCG_MCY_PUR,55,EBA_MCB,true,EBA_MC_EBA_x0,,,
22845,DPM_CPS_CPZ_MCB_MCG_MCY_PUR,55,EBA_CPS,true,EBA_CT_EBA_x20,,,
22846,DPM_CPS_CPZ_MCB_MCG_MCY_PUR,55,EBA_CPZ,true,EBA_CT_EBA_x0,,,
22847,DPM_CPS_CPZ_MCB_MCG_MCY_PUR,55,EBA_MCG,true,EBA_MC_EBA_x155,,,
22848,DPM_CPS_CPZ_MCB_MCG_MCY_PUR,55,EBA_PUR,true,EBA_PU_EBA_x0,,,
22849,DPM_CPS_CPZ_MCB_MCG_MCY_PUR,56,EBA_MCY,true,EBA_MC_EBA_x221,,,
22850,DPM_CPS_CPZ_MCB_MCG_MCY_PUR,56,EBA_MCB,true,EBA_MC_EBA_x0,,,
22851,DPM_CPS_CPZ_MCB_MCG_MCY_PUR,56,EBA_CPS,true,EBA_CT_EBA_x5,,,
22852,DPM_CPS_CPZ_MCB_MCG_MCY_PUR,56,EBA_CPZ,true,EBA_CT_EBA_x0,,,
22853,DPM_CPS_CPZ_MCB_MCG_MCY_PUR,56,EBA_MCG,true,EBA_MC_EBA_x155,,,
22854,DPM_CPS_CPZ_MCB_MCG_MCY_PUR,56,EBA_PUR,true,EBA_PU_EBA_x0,,,
22855,DPM_CPS_CPZ_MCB_MCG_MCY_PUR,57,EBA_MCY,true,EBA_MC_EBA_x154,,,
22856,DPM_CPS_CPZ_MCB_MCG_MCY_PUR,57,EBA_MCB,true,EBA_MC_EBA_x0,,,
22857,DPM_CPS_CPZ_MCB_MCG_MCY_PUR,57,EBA_CPS,true,EBA_CT_EBA_x0,,,
22858,DPM_CPS_CPZ_MCB_MCG_MCY_PUR,57,EBA_CPZ,true,EBA_CT_EBA_x0,,,
22859,DPM_CPS_CPZ_MCB_MCG_MCY_PUR,57,EBA_MCG,true,EBA_MC_EBA_x155,,,
22860,DPM_CPS_CPZ_MCB_MCG_MCY_PUR,57,EBA_PUR,true,EBA_PU_EBA_x0,,,
22861,DPM_CPS_CPZ_MCB_MCG_MCY_PUR,58,EBA_MCY,true,EBA_MC_EBA_x154,,,
22862,DPM_CPS_CPZ_MCB_MCG_MCY_PUR,58,EBA_MCB,true,EBA_MC_EBA_x0,,,
22863,DPM_CPS_CPZ_MCB_MCG_MCY_PUR,58,EBA_CPS,true,EBA_CT_EBA_x10,,,
22864,DPM_CPS_CPZ_MCB_MCG_MCY_PUR,58,EBA_CPZ,true,EBA_CT_EBA_x0,,,
22865,DPM_CPS_CPZ_MCB_MCG_MCY_PUR,58,EBA_MCG,true,EBA_MC_EBA_x155,,,
22866,DPM_CPS_CPZ_MCB_MCG_MCY_PUR,58,EBA_PUR,true,EBA_PU_EBA_x0,,,
22867,DPM_CPS_CPZ_MCB_MCG_MCY_PUR,59,EBA_MCY,true,EBA_MC_EBA_x154,,,
22868,DPM_CPS_CPZ_MCB_MCG_MCY_PUR,59,EBA_MCB,true,EBA_MC_EBA_x0,,,
22869,DPM_CPS_CPZ_MCB_MCG_MCY_PUR,59,EBA_CPS,true,EBA_CT_EBA_x1,,,
22870,DPM_CPS_CPZ_MCB_MCG_MCY_PUR,59,EBA_CPZ,true,EBA_CT_EBA_x0,,,
22871,DPM_CPS_CPZ_MCB_MCG_MCY_PUR,59,EBA_MCG,true,EBA_MC_EBA_x155,,,
22872,DPM_CPS_CPZ_MCB_MCG_MCY_PUR,59,EBA_PUR,true,EBA_PU_EBA_x0,,,
22873,DPM_CPS_CPZ_MCB_MCG_MCY_PUR,60,EBA_MCY,true,EBA_MC_EBA_x154,,,
22874,DPM_CPS_CPZ_MCB_MCG_MCY_PUR,60,EBA_MCB,true,EBA_MC_EBA_x0,,,
22875,DPM_CPS_CPZ_MCB_MCG_MCY_PUR,60,EBA_CPS,true,EBA_CT_EBA_x12,,,
22876,DPM_CPS_CPZ_MCB_MCG_MCY_PUR,60,EBA_CPZ,true,EBA_CT_EBA_x0,,,
22877,DPM_CPS_CPZ_MCB_MCG_MCY_PUR,60,EBA_MCG,true,EBA_MC_EBA_x155,,,
22878,DPM_CPS_CPZ_MCB_MCG_MCY_PUR,60,EBA_PUR,true,EBA_PU_EBA_x0,,,
22879,DPM_CPS_CPZ_MCB_MCG_MCY_PUR,61,EBA_MCY,true,EBA_MC_EBA_x154,,,
22880,DPM_CPS_CPZ_MCB_MCG_MCY_PUR,61,EBA_MCB,true,EBA_MC_EBA_x0,,,
22881,DPM_CPS_CPZ_MCB_MCG_MCY_PUR,61,EBA_CPS,true,EBA_CT_EBA_x18,,,
22882,DPM_CPS_CPZ_MCB_MCG_MCY_PUR,61,EBA_CPZ,true,EBA_CT_EBA_x0,,,
22883,DPM_CPS_CPZ_MCB_MCG_MCY_PUR,61,EBA_MCG,true,EBA_MC_EBA_x155,,,
22884,DPM_CPS_CPZ_MCB_MCG_MCY_PUR,61,EBA_PUR,true,EBA_PU_EBA_x0,,,
22885,DPM_CPS_CPZ_MCB_MCG_MCY_PUR,62,EBA_MCY,true,EBA_MC_EBA_x154,,,
22886,DPM_CPS_CPZ_MCB_MCG_MCY_PUR,62,EBA_MCB,true,EBA_MC_EBA_x0,,,
22887,DPM_CPS_CPZ_MCB_MCG_MCY_PUR,62,EBA_CPS,true,EBA_CT_EBA_x20,,,
22888,DPM_CPS_CPZ_MCB_MCG_MCY_PUR,62,EBA_CPZ,true,EBA_CT_EBA_x0,,,
22889,DPM_CPS_CPZ_MCB_MCG_MCY_PUR,62,EBA_MCG,true,EBA_MC_EBA_x155,,,
22890,DPM_CPS_CPZ_MCB_MCG_MCY_PUR,62,EBA_PUR,true,EBA_PU_EBA_x0,,,
22891,DPM_CPS_CPZ_MCB_MCG_MCY_PUR,63,EBA_MCY,true,EBA_MC_EBA_x154,,,
22892,DPM_CPS_CPZ_MCB_MCG_MCY_PUR,63,EBA_MCB,true,EBA_MC_EBA_x0,,,
22893,DPM_CPS_CPZ_MCB_MCG_MCY_PUR,63,EBA_CPS,true,EBA_CT_EBA_x5,,,
22894,DPM_CPS_CPZ_MCB_MCG_MCY_PUR,63,EBA_CPZ,true,EBA_CT_EBA_x0,,,
22895,DPM_CPS_CPZ_MCB_MCG_MCY_PUR,63,EBA_MCG,true,EBA_MC_EBA_x155,,,
22896,DPM_CPS_CPZ_MCB_MCG_MCY_PUR,63,EBA_PUR,true,EBA_PU_EBA_x0,,,
22897,DPM_CPS_CPZ_MCB_MCG_MCY_PUR,64,EBA_MCY,true,EBA_MC_EBA_x52,,,
22898,DPM_CPS_CPZ_MCB_MCG_MCY_PUR,64,EBA_MCB,true,EBA_MC_EBA_x0,,,
22899,DPM_CPS_CPZ_MCB_MCG_MCY_PUR,64,EBA_CPS,true,EBA_CT_EBA_x0,,,
22900,DPM_CPS_CPZ_MCB_MCG_MCY_PUR,64,EBA_CPZ,true,EBA_CT_EBA_x0,,,
22901,DPM_CPS_CPZ_MCB_MCG_MCY_PUR,64,EBA_MCG,true,EBA_MC_EBA_x155,,,
22902,DPM_CPS_CPZ_MCB_MCG_MCY_PUR,64,EBA_PUR,true,EBA_PU_EBA_x0,,,
22903,DPM_CPS_CPZ_MCB_MCG_MCY_PUR,65,EBA_MCY,true,EBA_MC_EBA_x52,,,
22904,DPM_CPS_CPZ_MCB_MCG_MCY_PUR,65,EBA_MCB,true,EBA_MC_EBA_x0,,,
22905,DPM_CPS_CPZ_MCB_MCG_MCY_PUR,65,EBA_CPS,true,EBA_CT_EBA_x10,,,
22906,DPM_CPS_CPZ_MCB_MCG_MCY_PUR,65,EBA_CPZ,true,EBA_CT_EBA_x0,,,
22907,DPM_CPS_CPZ_MCB_MCG_MCY_PUR,65,EBA_MCG,true,EBA_MC_EBA_x155,,,
22908,DPM_CPS_CPZ_MCB_MCG_MCY_PUR,65,EBA_PUR,true,EBA_PU_EBA_x0,,,
22909,DPM_CPS_CPZ_MCB_MCG_MCY_PUR,66,EBA_MCY,true,EBA_MC_EBA_x52,,,
22910,DPM_CPS_CPZ_MCB_MCG_MCY_PUR,66,EBA_MCB,true,EBA_MC_EBA_x0,,,
22911,DPM_CPS_CPZ_MCB_MCG_MCY_PUR,66,EBA_CPS,true,EBA_CT_EBA_x1,,,
22912,DPM_CPS_CPZ_MCB_MCG_MCY_PUR,66,EBA_CPZ,true,EBA_CT_EBA_x0,,,
22913,DPM_CPS_CPZ_MCB_MCG_MCY_PUR,66,EBA_MCG,true,EBA_MC_EBA_x155,,,
22914,DPM_CPS_CPZ_MCB_MCG_MCY_PUR,66,EBA_PUR,true,EBA_PU_EBA_x0,,,
22915,DPM_CPS_CPZ_MCB_MCG_MCY_PUR,67,EBA_MCY,true,EBA_MC_EBA_x52,,,
22916,DPM_CPS_CPZ_MCB_MCG_MCY_PUR,67,EBA_MCB,true,EBA_MC_EBA_x0,,,
22917,DPM_CPS_CPZ_MCB_MCG_MCY_PUR,67,EBA_CPS,true,EBA_CT_EBA_x12,,,
22918,DPM_CPS_CPZ_MCB_MCG_MCY_PUR,67,EBA_CPZ,true,EBA_CT_EBA_x0,,,
22919,DPM_CPS_CPZ_MCB_MCG_MCY_PUR,67,EBA_MCG,true,EBA_MC_EBA_x155,,,
22920,DPM_CPS_CPZ_MCB_MCG_MCY_PUR,67,EBA_PUR,true,EBA_PU_EBA_x0,,,
22921,DPM_CPS_CPZ_MCB_MCG_MCY_PUR,68,EBA_MCY,true,EBA_MC_EBA_x52,,,
22922,DPM_CPS_CPZ_MCB_MCG_MCY_PUR,68,EBA_MCB,true,EBA_MC_EBA_x0,,,
22923,DPM_CPS_CPZ_MCB_MCG_MCY_PUR,68,EBA_CPS,true,EBA_CT_EBA_x18,,,
22924,DPM_CPS_CPZ_MCB_MCG_MCY_PUR,68,EBA_CPZ,true,EBA_CT_EBA_x0,,,
22925,DPM_CPS_CPZ_MCB_MCG_MCY_PUR,68,EBA_MCG,true,EBA_MC_EBA_x155,,,
22926,DPM_CPS_CPZ_MCB_MCG_MCY_PUR,68,EBA_PUR,true,EBA_PU_EBA_x0,,,
22927,DPM_CPS_CPZ_MCB_MCG_MCY_PUR,69,EBA_MCY,true,EBA_MC_EBA_x52,,,
22928,DPM_CPS_CPZ_MCB_MCG_MCY_PUR,69,EBA_MCB,true,EBA_MC_EBA_x0,,,
22929,DPM_CPS_CPZ_MCB_MCG_MCY_PUR,69,EBA_CPS,true,EBA_CT_EBA_x20,,,
22930,DPM_CPS_CPZ_MCB_MCG_MCY_PUR,69,EBA_CPZ,true,EBA_CT_EBA_x0,,,
22931,DPM_CPS_CPZ_MCB_MCG_MCY_PUR,69,EBA_MCG,true,EBA_MC_EBA_x155,,,
22932,DPM_CPS_CPZ_MCB_MCG_MCY_PUR,69,EBA_PUR,true,EBA_PU_EBA_x0,,,
22933,DPM_CPS_CPZ_MCB_MCG_MCY_PUR,70,EBA_MCY,true,EBA_MC_EBA_x52,,,
22934,DPM_CPS_CPZ_MCB_MCG_MCY_PUR,70,EBA_MCB,true,EBA_MC_EBA_x0,,,
22935,DPM_CPS_CPZ_MCB_MCG_MCY_PUR,70,EBA_CPS,true,EBA_CT_EBA_x5,,,
22936,DPM_CPS_CPZ_MCB_MCG_MCY_PUR,70,EBA_CPZ,true,EBA_CT_EBA_x0,,,
22937,DPM_CPS_CPZ_MCB_MCG_MCY_PUR,70,EBA_MCG,true,EBA_MC_EBA_x155,,,
22938,DPM_CPS_CPZ_MCB_MCG_MCY_PUR,70,EBA_PUR,true,EBA_PU_EBA_x0,,,
22939,DPM_CPS_CPZ_MCB_MCG_MCY_PUR,71,EBA_MCY,true,EBA_MC_EBA_x251,,,
22940,DPM_CPS_CPZ_MCB_MCG_MCY_PUR,71,EBA_MCB,true,EBA_MC_EBA_x0,,,
22941,DPM_CPS_CPZ_MCB_MCG_MCY_PUR,71,EBA_CPS,true,EBA_CT_EBA_x0,,,
22942,DPM_CPS_CPZ_MCB_MCG_MCY_PUR,71,EBA_CPZ,true,EBA_CT_EBA_x0,,,
22943,DPM_CPS_CPZ_MCB_MCG_MCY_PUR,71,EBA_MCG,true,EBA_MC_EBA_x155,,,
22944,DPM_CPS_CPZ_MCB_MCG_MCY_PUR,71,EBA_PUR,true,EBA_PU_EBA_x0,,,
22945,DPM_CPS_CPZ_MCB_MCG_MCY_PUR,72,EBA_MCY,true,EBA_MC_EBA_x60,,,
22946,DPM_CPS_CPZ_MCB_MCG_MCY_PUR,72,EBA_MCB,true,EBA_MC_EBA_x0,,,
22947,DPM_CPS_CPZ_MCB_MCG_MCY_PUR,72,EBA_CPS,true,EBA_CT_EBA_x0,,,
22948,DPM_CPS_CPZ_MCB_MCG_MCY_PUR,72,EBA_CPZ,true,EBA_CT_EBA_x0,,,
22949,DPM_CPS_CPZ_MCB_MCG_MCY_PUR,72,EBA_MCG,true,EBA_MC_EBA_x155,,,
22950,DPM_CPS_CPZ_MCB_MCG_MCY_PUR,72,EBA_PUR,true,EBA_PU_EBA_x0,,,
22951,DPM_CPS_CPZ_MCB_MCG_MCY_PUR,73,EBA_MCY,true,EBA_MC_EBA_x60,,,
22952,DPM_CPS_CPZ_MCB_MCG_MCY_PUR,73,EBA_MCB,true,EBA_MC_EBA_x0,,,
22953,DPM_CPS_CPZ_MCB_MCG_MCY_PUR,73,EBA_CPS,true,EBA_CT_EBA_x10,,,
22954,DPM_CPS_CPZ_MCB_MCG_MCY_PUR,73,EBA_CPZ,true,EBA_CT_EBA_x0,,,
22955,DPM_CPS_CPZ_MCB_MCG_MCY_PUR,73,EBA_MCG,true,EBA_MC_EBA_x155,,,
22956,DPM_CPS_CPZ_MCB_MCG_MCY_PUR,73,EBA_PUR,true,EBA_PU_EBA_x0,,,
22957,DPM_CPS_CPZ_MCB_MCG_MCY_PUR,74,EBA_MCY,true,EBA_MC_EBA_x60,,,
22958,DPM_CPS_CPZ_MCB_MCG_MCY_PUR,74,EBA_MCB,true,EBA_MC_EBA_x0,,,
22959,DPM_CPS_CPZ_MCB_MCG_MCY_PUR,74,EBA_CPS,true,EBA_CT_EBA_x1,,,
22960,DPM_CPS_CPZ_MCB_MCG_MCY_PUR,74,EBA_CPZ,true,EBA_CT_EBA_x0,,,
22961,DPM_CPS_CPZ_MCB_MCG_MCY_PUR,74,EBA_MCG,true,EBA_MC_EBA_x155,,,
22962,DPM_CPS_CPZ_MCB_MCG_MCY_PUR,74,EBA_PUR,true,EBA_PU_EBA_x0,,,
22963,DPM_CPS_CPZ_MCB_MCG_MCY_PUR,75,EBA_MCY,true,EBA_MC_EBA_x60,,,
22964,DPM_CPS_CPZ_MCB_MCG_MCY_PUR,75,EBA_MCB,true,EBA_MC_EBA_x0,,,
22965,DPM_CPS_CPZ_MCB_MCG_MCY_PUR,75,EBA_CPS,true,EBA_CT_EBA_x12,,,
22966,DPM_CPS_CPZ_MCB_MCG_MCY_PUR,75,EBA_CPZ,true,EBA_CT_EBA_x0,,,
22967,DPM_CPS_CPZ_MCB_MCG_MCY_PUR,75,EBA_MCG,true,EBA_MC_EBA_x155,,,
22968,DPM_CPS_CPZ_MCB_MCG_MCY_PUR,75,EBA_PUR,true,EBA_PU_EBA_x0,,,
22969,DPM_CPS_CPZ_MCB_MCG_MCY_PUR,76,EBA_MCY,true,EBA_MC_EBA_x60,,,
22970,DPM_CPS_CPZ_MCB_MCG_MCY_PUR,76,EBA_MCB,true,EBA_MC_EBA_x0,,,
22971,DPM_CPS_CPZ_MCB_MCG_MCY_PUR,76,EBA_CPS,true,EBA_CT_EBA_x18,,,
22972,DPM_CPS_CPZ_MCB_MCG_MCY_PUR,76,EBA_CPZ,true,EBA_CT_EBA_x0,,,
22973,DPM_CPS_CPZ_MCB_MCG_MCY_PUR,76,EBA_MCG,true,EBA_MC_EBA_x155,,,
22974,DPM_CPS_CPZ_MCB_MCG_MCY_PUR,76,EBA_PUR,true,EBA_PU_EBA_x0,,,
22975,DPM_CPS_CPZ_MCB_MCG_MCY_PUR,77,EBA_MCY,true,EBA_MC_EBA_x60,,,
22976,DPM_CPS_CPZ_MCB_MCG_MCY_PUR,77,EBA_MCB,true,EBA_MC_EBA_x0,,,
22977,DPM_CPS_CPZ_MCB_MCG_MCY_PUR,77,EBA_CPS,true,EBA_CT_EBA_x20,,,
22978,DPM_CPS_CPZ_MCB_MCG_MCY_PUR,77,EBA_CPZ,true,EBA_CT_EBA_x0,,,
22979,DPM_CPS_CPZ_MCB_MCG_MCY_PUR,77,EBA_MCG,true,EBA_MC_EBA_x155,,,
22980,DPM_CPS_CPZ_MCB_MCG_MCY_PUR,77,EBA_PUR,true,EBA_PU_EBA_x0,,,
22981,DPM_CPS_CPZ_MCB_MCG_MCY_PUR,78,EBA_MCY,true,EBA_MC_EBA_x223,,,
22982,DPM_CPS_CPZ_MCB_MCG_MCY_PUR,78,EBA_MCB,true,EBA_MC_EBA_x0,,,
22983,DPM_CPS_CPZ_MCB_MCG_MCY_PUR,78,EBA_CPS,true,EBA_CT_EBA_x0,,,
22984,DPM_CPS_CPZ_MCB_MCG_MCY_PUR,78,EBA_CPZ,true,EBA_CT_EBA_x0,,,
22985,DPM_CPS_CPZ_MCB_MCG_MCY_PUR,78,EBA_MCG,true,EBA_MC_EBA_x155,,,
22986,DPM_CPS_CPZ_MCB_MCG_MCY_PUR,78,EBA_PUR,true,EBA_PU_EBA_x0,,,
22987,DPM_CPS_CPZ_MCB_MCG_MCY_PUR,79,EBA_MCY,true,EBA_MC_EBA_x469,,,
22988,DPM_CPS_CPZ_MCB_MCG_MCY_PUR,79,EBA_MCB,true,EBA_MC_EBA_x0,,,
22989,DPM_CPS_CPZ_MCB_MCG_MCY_PUR,79,EBA_CPS,true,EBA_CT_EBA_x0,,,
22990,DPM_CPS_CPZ_MCB_MCG_MCY_PUR,79,EBA_CPZ,true,EBA_CT_EBA_x0,,,
22991,DPM_CPS_CPZ_MCB_MCG_MCY_PUR,79,EBA_MCG,true,EBA_MC_EBA_x155,,,
22992,DPM_CPS_CPZ_MCB_MCG_MCY_PUR,79,EBA_PUR,true,EBA_PU_EBA_x0,,,
22993,DPM_CPS_CPZ_MCB_MCG_MCY_PUR,80,EBA_MCY,true,EBA_MC_EBA_x469,,,
22994,DPM_CPS_CPZ_MCB_MCG_MCY_PUR,80,EBA_MCB,true,EBA_MC_EBA_x0,,,
22995,DPM_CPS_CPZ_MCB_MCG_MCY_PUR,80,EBA_CPS,true,EBA_CT_EBA_x10,,,
22996,DPM_CPS_CPZ_MCB_MCG_MCY_PUR,80,EBA_CPZ,true,EBA_CT_EBA_x0,,,
22997,DPM_CPS_CPZ_MCB_MCG_MCY_PUR,80,EBA_MCG,true,EBA_MC_EBA_x155,,,
22998,DPM_CPS_CPZ_MCB_MCG_MCY_PUR,80,EBA_PUR,true,EBA_PU_EBA_x0,,,
22999,DPM_CPS_CPZ_MCB_MCG_MCY_PUR,81,EBA_MCY,true,EBA_MC_EBA_x469,,,
23000,DPM_CPS_CPZ_MCB_MCG_MCY_PUR,81,EBA_MCB,true,EBA_MC_EBA_x0,,,
23001,DPM_CPS_CPZ_MCB_MCG_MCY_PUR,81,EBA_CPS,true,EBA_CT_EBA_x1,,,
23002,DPM_CPS_CPZ_MCB_MCG_MCY_PUR,81,EBA_CPZ,true,EBA_CT_EBA_x0,,,
23003,DPM_CPS_CPZ_MCB_MCG_MCY_PUR,81,EBA_MCG,true,EBA_MC_EBA_x155,,,
23004,DPM_CPS_CPZ_MCB_MCG_MCY_PUR,81,EBA_PUR,true,EBA_PU_EBA_x0,,,
23005,DPM_CPS_CPZ_MCB_MCG_MCY_PUR,82,EBA_MCY,true,EBA_MC_EBA_x469,,,
23006,DPM_CPS_CPZ_MCB_MCG_MCY_PUR,82,EBA_MCB,true,EBA_MC_EBA_x0,,,
23007,DPM_CPS_CPZ_MCB_MCG_MCY_PUR,82,EBA_CPS,true,EBA_CT_EBA_x12,,,
23008,DPM_CPS_CPZ_MCB_MCG_MCY_PUR,82,EBA_CPZ,true,EBA_CT_EBA_x0,,,
23009,DPM_CPS_CPZ_MCB_MCG_MCY_PUR,82,EBA_MCG,true,EBA_MC_EBA_x155,,,
23010,DPM_CPS_CPZ_MCB_MCG_MCY_PUR,82,EBA_PUR,true,EBA_PU_EBA_x0,,,
23011,DPM_CPS_CPZ_MCB_MCG_MCY_PUR,83,EBA_MCY,true,EBA_MC_EBA_x469,,,
23012,DPM_CPS_CPZ_MCB_MCG_MCY_PUR,83,EBA_MCB,true,EBA_MC_EBA_x0,,,
23013,DPM_CPS_CPZ_MCB_MCG_MCY_PUR,83,EBA_CPS,true,EBA_CT_EBA_x18,,,
23014,DPM_CPS_CPZ_MCB_MCG_MCY_PUR,83,EBA_CPZ,true,EBA_CT_EBA_x0,,,
23015,DPM_CPS_CPZ_MCB_MCG_MCY_PUR,83,EBA_MCG,true,EBA_MC_EBA_x155,,,
23016,DPM_CPS_CPZ_MCB_MCG_MCY_PUR,83,EBA_PUR,true,EBA_PU_EBA_x0,,,
23017,DPM_CPS_CPZ_MCB_MCG_MCY_PUR,84,EBA_MCY,true,EBA_MC_EBA_x469,,,
23018,DPM_CPS_CPZ_MCB_MCG_MCY_PUR,84,EBA_MCB,true,EBA_MC_EBA_x0,,,
23019,DPM_CPS_CPZ_MCB_MCG_MCY_PUR,84,EBA_CPS,true,EBA_CT_EBA_x20,,,
23020,DPM_CPS_CPZ_MCB_MCG_MCY_PUR,84,EBA_CPZ,true,EBA_CT_EBA_x0,,,
23021,DPM_CPS_CPZ_MCB_MCG_MCY_PUR,84,EBA_MCG,true,EBA_MC_EBA_x155,,,
23022,DPM_CPS_CPZ_MCB_MCG_MCY_PUR,84,EBA_PUR,true,EBA_PU_EBA_x0,,,
23023,DPM_CPS_CPZ_MCB_MCG_MCY_PUR,85,EBA_MCY,true,EBA_MC_EBA_x469,,,
23024,DPM_CPS_CPZ_MCB_MCG_MCY_PUR,85,EBA_MCB,true,EBA_MC_EBA_x0,,,
23025,DPM_CPS_CPZ_MCB_MCG_MCY_PUR,85,EBA_CPS,true,EBA_CT_EBA_x20,,,
23026,DPM_CPS_CPZ_MCB_MCG_MCY_PUR,85,EBA_CPZ,true,EBA_CT_EBA_x23,,,
23027,DPM_CPS_CPZ_MCB_MCG_MCY_PUR,85,EBA_MCG,true,EBA_MC_EBA_x155,,,
23028,DPM_CPS_CPZ_MCB_MCG_MCY_PUR,85,EBA_PUR,true,EBA_PU_EBA_x0,,,
23029,DPM_CPS_CPZ_MCB_MCG_MCY_PUR,86,EBA_MCY,true,EBA_MC_EBA_x469,,,
23030,DPM_CPS_CPZ_MCB_MCG_MCY_PUR,86,EBA_MCB,true,EBA_MC_EBA_x0,,,
23031,DPM_CPS_CPZ_MCB_MCG_MCY_PUR,86,EBA_CPS,true,EBA_CT_EBA_x5,,,
23032,DPM_CPS_CPZ_MCB_MCG_MCY_PUR,86,EBA_CPZ,true,EBA_CT_EBA_x0,,,
23033,DPM_CPS_CPZ_MCB_MCG_MCY_PUR,86,EBA_MCG,true,EBA_MC_EBA_x155,,,
23034,DPM_CPS_CPZ_MCB_MCG_MCY_PUR,86,EBA_PUR,true,EBA_PU_EBA_x0,,,
23035,DPM_CPS_CPZ_MCB_MCG_MCY_PUR,87,EBA_MCY,true,EBA_MC_EBA_x469,,,
23036,DPM_CPS_CPZ_MCB_MCG_MCY_PUR,87,EBA_MCB,true,EBA_MC_EBA_x0,,,
23037,DPM_CPS_CPZ_MCB_MCG_MCY_PUR,87,EBA_CPS,true,EBA_CT_EBA_x5,,,
23038,DPM_CPS_CPZ_MCB_MCG_MCY_PUR,87,EBA_CPZ,true,EBA_CT_EBA_x0,,,
23039,DPM_CPS_CPZ_MCB_MCG_MCY_PUR,87,EBA_MCG,true,EBA_MC_EBA_x155,,,
23040,DPM_CPS_CPZ_MCB_MCG_MCY_PUR,87,EBA_PUR,true,EBA_PU_EBA_x1,,,
23041,DPM_CPS_CPZ_MCB_MCG_MCY_PUR,88,EBA_MCY,true,EBA_MC_EBA_x469,,,
23042,DPM_CPS_CPZ_MCB_MCG_MCY_PUR,88,EBA_MCB,true,EBA_MC_EBA_x0,,,
23043,DPM_CPS_CPZ_MCB_MCG_MCY_PUR,88,EBA_CPS,true,EBA_CT_EBA_x5,,,
23044,DPM_CPS_CPZ_MCB_MCG_MCY_PUR,88,EBA_CPZ,true,EBA_CT_EBA_x0,,,
23045,DPM_CPS_CPZ_MCB_MCG_MCY_PUR,88,EBA_MCG,true,EBA_MC_EBA_x294,,,
23046,DPM_CPS_CPZ_MCB_MCG_MCY_PUR,88,EBA_PUR,true,EBA_PU_EBA_x0,,,
23047,DPM_FRS_IMS_PFS_TPD,0,EBA_IMS,true,EBA_IM_EBA_x0,,,
23048,DPM_FRS_IMS_PFS_TPD,0,EBA_PFS,true,EBA_IM_EBA_x0,,,
23049,DPM_FRS_IMS_PFS_TPD,0,EBA_TPD,true,EBA_TI_EBA_x0,,,
23050,DPM_FRS_IMS_PFS_TPD,0,EBA_FRS,true,EBA_AP_EBA_x0,,,
23051,DPM_FRS_IMS_PFS_TPD,1,EBA_IMS,true,EBA_IM_EBA_x0,,,
23052,DPM_FRS_IMS_PFS_TPD,1,EBA_PFS,true,EBA_IM_EBA_x17,,,
23053,DPM_FRS_IMS_PFS_TPD,1,EBA_TPD,true,EBA_TI_EBA_x0,,,
23054,DPM_FRS_IMS_PFS_TPD,1,EBA_FRS,true,EBA_AP_EBA_x0,,,
23055,DPM_FRS_IMS_PFS_TPD,2,EBA_IMS,true,EBA_IM_EBA_x0,,,
23056,DPM_FRS_IMS_PFS_TPD,2,EBA_PFS,true,EBA_IM_EBA_x17,,,
23057,DPM_FRS_IMS_PFS_TPD,2,EBA_TPD,true,EBA_TI_EBA_x32,,,
23058,DPM_FRS_IMS_PFS_TPD,2,EBA_FRS,true,EBA_AP_EBA_x0,,,
23059,DPM_FRS_IMS_PFS_TPD,3,EBA_IMS,true,EBA_IM_EBA_x0,,,
23060,DPM_FRS_IMS_PFS_TPD,3,EBA_PFS,true,EBA_IM_EBA_x17,,,
23061,DPM_FRS_IMS_PFS_TPD,3,EBA_TPD,true,EBA_TI_EBA_x79,,,
23062,DPM_FRS_IMS_PFS_TPD,3,EBA_FRS,true,EBA_AP_EBA_x0,,,
23063,DPM_FRS_IMS_PFS_TPD,4,EBA_IMS,true,EBA_IM_EBA_x33,,,
23064,DPM_FRS_IMS_PFS_TPD,4,EBA_PFS,true,EBA_IM_EBA_x17,,,
23065,DPM_FRS_IMS_PFS_TPD,4,EBA_TPD,true,EBA_TI_EBA_x0,,,
23066,DPM_FRS_IMS_PFS_TPD,4,EBA_FRS,true,EBA_AP_EBA_x0,,,
23067,DPM_FRS_IMS_PFS_TPD,5,EBA_IMS,true,EBA_IM_EBA_x34,,,
23068,DPM_FRS_IMS_PFS_TPD,5,EBA_PFS,true,EBA_IM_EBA_x17,,,
23069,DPM_FRS_IMS_PFS_TPD,5,EBA_TPD,true,EBA_TI_EBA_x0,,,
23070,DPM_FRS_IMS_PFS_TPD,5,EBA_FRS,true,EBA_AP_EBA_x0,,,
23071,DPM_FRS_IMS_PFS_TPD,6,EBA_IMS,true,EBA_IM_EBA_x0,,,
23072,DPM_FRS_IMS_PFS_TPD,6,EBA_PFS,true,EBA_IM_EBA_x16,,,
23073,DPM_FRS_IMS_PFS_TPD,6,EBA_TPD,true,EBA_TI_EBA_x0,,,
23074,DPM_FRS_IMS_PFS_TPD,6,EBA_FRS,true,EBA_AP_EBA_x0,,,
23075,DPM_FRS_IMS_PFS_TPD,7,EBA_IMS,true,EBA_IM_EBA_x0,,,
23076,DPM_FRS_IMS_PFS_TPD,7,EBA_PFS,true,EBA_IM_EBA_x16,,,
23077,DPM_FRS_IMS_PFS_TPD,7,EBA_TPD,true,EBA_TI_EBA_x33,,,
23078,DPM_FRS_IMS_PFS_TPD,7,EBA_FRS,true,EBA_AP_EBA_x0,,,
23079,DPM_FRS_IMS_PFS_TPD,8,EBA_IMS,true,EBA_IM_EBA_x0,,,
23080,DPM_FRS_IMS_PFS_TPD,8,EBA_PFS,true,EBA_IM_EBA_x16,,,
23081,DPM_FRS_IMS_PFS_TPD,8,EBA_TPD,true,EBA_TI_EBA_x5,,,
23082,DPM_FRS_IMS_PFS_TPD,8,EBA_FRS,true,EBA_AP_EBA_x0,,,
23083,DPM_FRS_IMS_PFS_TPD,9,EBA_IMS,true,EBA_IM_EBA_x0,,,
23084,DPM_FRS_IMS_PFS_TPD,9,EBA_PFS,true,EBA_IM_EBA_x16,,,
23085,DPM_FRS_IMS_PFS_TPD,9,EBA_TPD,true,EBA_TI_EBA_x2,,,
23086,DPM_FRS_IMS_PFS_TPD,9,EBA_FRS,true,EBA_AP_EBA_x0,,,
23087,DPM_FRS_IMS_PFS_TPD,10,EBA_IMS,true,EBA_IM_EBA_x0,,,
23088,DPM_FRS_IMS_PFS_TPD,10,EBA_PFS,true,EBA_IM_EBA_x16,,,
23089,DPM_FRS_IMS_PFS_TPD,10,EBA_TPD,true,EBA_TI_EBA_x27,,,
23090,DPM_FRS_IMS_PFS_TPD,10,EBA_FRS,true,EBA_AP_EBA_x0,,,
23091,DPM_FRS_IMS_PFS_TPD,11,EBA_IMS,true,EBA_IM_EBA_x0,,,
23092,DPM_FRS_IMS_PFS_TPD,11,EBA_PFS,true,EBA_IM_EBA_x16,,,
23093,DPM_FRS_IMS_PFS_TPD,11,EBA_TPD,true,EBA_TI_EBA_x29,,,
23094,DPM_FRS_IMS_PFS_TPD,11,EBA_FRS,true,EBA_AP_EBA_x0,,,
23095,DPM_FRS_IMS_PFS_TPD,12,EBA_IMS,true,EBA_IM_EBA_x0,,,
23096,DPM_FRS_IMS_PFS_TPD,12,EBA_PFS,true,EBA_IM_EBA_x16,,,
23097,DPM_FRS_IMS_PFS_TPD,12,EBA_TPD,true,EBA_TI_EBA_x125,,,
23098,DPM_FRS_IMS_PFS_TPD,12,EBA_FRS,true,EBA_AP_EBA_x0,,,
23099,DPM_FRS_IMS_PFS_TPD,13,EBA_IMS,true,EBA_IM_EBA_x0,,,
23100,DPM_FRS_IMS_PFS_TPD,13,EBA_PFS,true,EBA_IM_EBA_x16,,,
23101,DPM_FRS_IMS_PFS_TPD,13,EBA_TPD,true,EBA_TI_EBA_x126,,,
23102,DPM_FRS_IMS_PFS_TPD,13,EBA_FRS,true,EBA_AP_EBA_x0,,,
23103,DPM_FRS_IMS_PFS_TPD,14,EBA_IMS,true,EBA_IM_EBA_x34,,,
23104,DPM_FRS_IMS_PFS_TPD,14,EBA_PFS,true,EBA_IM_EBA_x16,,,
23105,DPM_FRS_IMS_PFS_TPD,14,EBA_TPD,true,EBA_TI_EBA_x0,,,
23106,DPM_FRS_IMS_PFS_TPD,14,EBA_FRS,true,EBA_AP_EBA_x0,,,
23107,DPM_FRS_IMS_PFS_TPD,15,EBA_IMS,true,EBA_IM_EBA_x3,,,
23108,DPM_FRS_IMS_PFS_TPD,15,EBA_PFS,true,EBA_IM_EBA_x16,,,
23109,DPM_FRS_IMS_PFS_TPD,15,EBA_TPD,true,EBA_TI_EBA_x0,,,
23110,DPM_FRS_IMS_PFS_TPD,15,EBA_FRS,true,EBA_AP_EBA_x0,,,
23111,DPM_FRS_IMS_PFS_TPD,16,EBA_IMS,true,EBA_IM_EBA_x35,,,
23112,DPM_FRS_IMS_PFS_TPD,16,EBA_PFS,true,EBA_IM_EBA_x16,,,
23113,DPM_FRS_IMS_PFS_TPD,16,EBA_TPD,true,EBA_TI_EBA_x0,,,
23114,DPM_FRS_IMS_PFS_TPD,16,EBA_FRS,true,EBA_AP_EBA_x0,,,
23115,DPM_FRS_IMS_PFS_TPD,17,EBA_IMS,true,EBA_IM_EBA_x4,,,
23116,DPM_FRS_IMS_PFS_TPD,17,EBA_PFS,true,EBA_IM_EBA_x16,,,
23117,DPM_FRS_IMS_PFS_TPD,17,EBA_TPD,true,EBA_TI_EBA_x0,,,
23118,DPM_FRS_IMS_PFS_TPD,17,EBA_FRS,true,EBA_AP_EBA_x683,,,
23119,DPM_MCB,0,EBA_MCB,true,EBA_MC_EBA_x294,,,
23120,DPM_MCB,1,EBA_MCB,true,EBA_MC_EBA_x900,,,
23121,DPM_MCB,2,EBA_MCB,true,EBA_MC_EBA_x293,,,
23122,DPM_MCB,3,EBA_MCB,true,EBA_MC_EBA_x901,,,
23123,DPM_MCB,4,EBA_MCB,true,EBA_MC_EBA_x902,,,
23124,DPM_MCB,5,EBA_MCB,true,EBA_MC_EBA_x903,,,
23125,DPM_MCB,6,EBA_MCB,true,EBA_MC_EBA_x904,,,
23126,DPM_MCB,7,EBA_MCB,true,EBA_MC_EBA_x736,,,
23127,DPM_MCB,8,EBA_MCB,true,EBA_MC_EBA_x0,,,
23128,DPM_FBS_F_19.00,0,EBA_FBS,true,EBA_IM_EBA_x12,,,
23129,DPM_FBS_F_19.00,1,EBA_FBS,true,EBA_IM_EBA_x0,,,
23130,DPM_FBS_F_19.00,2,EBA_FBS,true,EBA_IM_EBA_x14,,,
23131,DPM_FBS_F_19.00,3,EBA_FBS,true,EBA_IM_EBA_x15,,,
23132,DPM_FBS_F_19.00,4,EBA_FBS,true,EBA_IM_EBA_x32,,,
23133,DPM_IMS_PFS,0,EBA_IMS,true,EBA_IM_EBA_x3,,,
23134,DPM_IMS_PFS,0,EBA_PFS,true,EBA_IM_EBA_x16,,,
23135,DPM_IMS_PFS,1,EBA_IMS,true,EBA_IM_EBA_x0,,,
23136,DPM_IMS_PFS,1,EBA_PFS,true,EBA_IM_EBA_x0,,,
23137,DPM_IMS_PFS,2,EBA_IMS,true,EBA_IM_EBA_x0,,,
23138,DPM_IMS_PFS,2,EBA_PFS,true,EBA_IM_EBA_x16,,,
23139,DPM_IMS_PFS,3,EBA_IMS,true,EBA_IM_EBA_x0,,,
23140,DPM_IMS_PFS,3,EBA_PFS,true,EBA_IM_EBA_x17,,,
23141,DPM_IMS_PFS,4,EBA_IMS,true,EBA_IM_EBA_x0,,,
23142,DPM_IMS_PFS,4,EBA_PFS,true,EBA_IM_EBA_x18,,,
23143,DPM_IMS_PFS,5,EBA_IMS,true,EBA_IM_EBA_x4,,,
23144,DPM_IMS_PFS,5,EBA_PFS,true,EBA_IM_EBA_x16,,,
23145,DPM_CPS_CPZ_MCB_MCY_PUR,0,EBA_MCY,true,EBA_MC_EBA_x469,,,
23146,DPM_CPS_CPZ_MCB_MCY_PUR,0,EBA_MCB,true,EBA_MC_EBA_x824,,,
23147,DPM_CPS_CPZ_MCB_MCY_PUR,0,EBA_CPS,true,EBA_CT_EBA_x583,,,
23148,DPM_CPS_CPZ_MCB_MCY_PUR,0,EBA_CPZ,true,EBA_CT_EBA_x0,,,
23149,DPM_CPS_CPZ_MCB_MCY_PUR,0,EBA_PUR,true,EBA_PU_EBA_x0,,,
23150,DPM_CPS_CPZ_MCB_MCY_PUR,1,EBA_MCY,true,EBA_MC_EBA_x60,,,
23151,DPM_CPS_CPZ_MCB_MCY_PUR,1,EBA_MCB,true,EBA_MC_EBA_x0,,,
23152,DPM_CPS_CPZ_MCB_MCY_PUR,1,EBA_CPS,true,EBA_CT_EBA_x0,,,
23153,DPM_CPS_CPZ_MCB_MCY_PUR,1,EBA_CPZ,true,EBA_CT_EBA_x0,,,
23154,DPM_CPS_CPZ_MCB_MCY_PUR,1,EBA_PUR,true,EBA_PU_EBA_x0,,,
23155,DPM_CPS_CPZ_MCB_MCY_PUR,2,EBA_MCY,true,EBA_MC_EBA_x60,,,
23156,DPM_CPS_CPZ_MCB_MCY_PUR,2,EBA_MCB,true,EBA_MC_EBA_x0,,,
23157,DPM_CPS_CPZ_MCB_MCY_PUR,2,EBA_CPS,true,EBA_CT_EBA_x10,,,
23158,DPM_CPS_CPZ_MCB_MCY_PUR,2,EBA_CPZ,true,EBA_CT_EBA_x0,,,
23159,DPM_CPS_CPZ_MCB_MCY_PUR,2,EBA_PUR,true,EBA_PU_EBA_x0,,,
23160,DPM_CPS_CPZ_MCB_MCY_PUR,3,EBA_MCY,true,EBA_MC_EBA_x60,,,
23161,DPM_CPS_CPZ_MCB_MCY_PUR,3,EBA_MCB,true,EBA_MC_EBA_x0,,,
23162,DPM_CPS_CPZ_MCB_MCY_PUR,3,EBA_CPS,true,EBA_CT_EBA_x1,,,
23163,DPM_CPS_CPZ_MCB_MCY_PUR,3,EBA_CPZ,true,EBA_CT_EBA_x0,,,
23164,DPM_CPS_CPZ_MCB_MCY_PUR,3,EBA_PUR,true,EBA_PU_EBA_x0,,,
23165,DPM_CPS_CPZ_MCB_MCY_PUR,4,EBA_MCY,true,EBA_MC_EBA_x60,,,
23166,DPM_CPS_CPZ_MCB_MCY_PUR,4,EBA_MCB,true,EBA_MC_EBA_x0,,,
23167,DPM_CPS_CPZ_MCB_MCY_PUR,4,EBA_CPS,true,EBA_CT_EBA_x12,,,
23168,DPM_CPS_CPZ_MCB_MCY_PUR,4,EBA_CPZ,true,EBA_CT_EBA_x0,,,
23169,DPM_CPS_CPZ_MCB_MCY_PUR,4,EBA_PUR,true,EBA_PU_EBA_x0,,,
23170,DPM_CPS_CPZ_MCB_MCY_PUR,5,EBA_MCY,true,EBA_MC_EBA_x60,,,
23171,DPM_CPS_CPZ_MCB_MCY_PUR,5,EBA_MCB,true,EBA_MC_EBA_x0,,,
23172,DPM_CPS_CPZ_MCB_MCY_PUR,5,EBA_CPS,true,EBA_CT_EBA_x18,,,
23173,DPM_CPS_CPZ_MCB_MCY_PUR,5,EBA_CPZ,true,EBA_CT_EBA_x0,,,
23174,DPM_CPS_CPZ_MCB_MCY_PUR,5,EBA_PUR,true,EBA_PU_EBA_x0,,,
23175,DPM_CPS_CPZ_MCB_MCY_PUR,6,EBA_MCY,true,EBA_MC_EBA_x60,,,
23176,DPM_CPS_CPZ_MCB_MCY_PUR,6,EBA_MCB,true,EBA_MC_EBA_x0,,,
23177,DPM_CPS_CPZ_MCB_MCY_PUR,6,EBA_CPS,true,EBA_CT_EBA_x20,,,
23178,DPM_CPS_CPZ_MCB_MCY_PUR,6,EBA_CPZ,true,EBA_CT_EBA_x0,,,
23179,DPM_CPS_CPZ_MCB_MCY_PUR,6,EBA_PUR,true,EBA_PU_EBA_x0,,,
23180,DPM_CPS_CPZ_MCB_MCY_PUR,7,EBA_MCY,true,EBA_MC_EBA_x469,,,
23181,DPM_CPS_CPZ_MCB_MCY_PUR,7,EBA_MCB,true,EBA_MC_EBA_x0,,,
23182,DPM_CPS_CPZ_MCB_MCY_PUR,7,EBA_CPS,true,EBA_CT_EBA_x0,,,
23183,DPM_CPS_CPZ_MCB_MCY_PUR,7,EBA_CPZ,true,EBA_CT_EBA_x0,,,
23184,DPM_CPS_CPZ_MCB_MCY_PUR,7,EBA_PUR,true,EBA_PU_EBA_x0,,,
23185,DPM_CPS_CPZ_MCB_MCY_PUR,8,EBA_MCY,true,EBA_MC_EBA_x469,,,
23186,DPM_CPS_CPZ_MCB_MCY_PUR,8,EBA_MCB,true,EBA_MC_EBA_x0,,,
23187,DPM_CPS_CPZ_MCB_MCY_PUR,8,EBA_CPS,true,EBA_CT_EBA_x10,,,
23188,DPM_CPS_CPZ_MCB_MCY_PUR,8,EBA_CPZ,true,EBA_CT_EBA_x0,,,
23189,DPM_CPS_CPZ_MCB_MCY_PUR,8,EBA_PUR,true,EBA_PU_EBA_x0,,,
23190,DPM_CPS_CPZ_MCB_MCY_PUR,9,EBA_MCY,true,EBA_MC_EBA_x469,,,
23191,DPM_CPS_CPZ_MCB_MCY_PUR,9,EBA_MCB,true,EBA_MC_EBA_x0,,,
23192,DPM_CPS_CPZ_MCB_MCY_PUR,9,EBA_CPS,true,EBA_CT_EBA_x1,,,
23193,DPM_CPS_CPZ_MCB_MCY_PUR,9,EBA_CPZ,true,EBA_CT_EBA_x0,,,
23194,DPM_CPS_CPZ_MCB_MCY_PUR,9,EBA_PUR,true,EBA_PU_EBA_x0,,,
23195,DPM_CPS_CPZ_MCB_MCY_PUR,10,EBA_MCY,true,EBA_MC_EBA_x469,,,
23196,DPM_CPS_CPZ_MCB_MCY_PUR,10,EBA_MCB,true,EBA_MC_EBA_x0,,,
23197,DPM_CPS_CPZ_MCB_MCY_PUR,10,EBA_CPS,true,EBA_CT_EBA_x12,,,
23198,DPM_CPS_CPZ_MCB_MCY_PUR,10,EBA_CPZ,true,EBA_CT_EBA_x0,,,
23199,DPM_CPS_CPZ_MCB_MCY_PUR,10,EBA_PUR,true,EBA_PU_EBA_x0,,,
23200,DPM_CPS_CPZ_MCB_MCY_PUR,11,EBA_MCY,true,EBA_MC_EBA_x469,,,
23201,DPM_CPS_CPZ_MCB_MCY_PUR,11,EBA_MCB,true,EBA_MC_EBA_x0,,,
23202,DPM_CPS_CPZ_MCB_MCY_PUR,11,EBA_CPS,true,EBA_CT_EBA_x18,,,
23203,DPM_CPS_CPZ_MCB_MCY_PUR,11,EBA_CPZ,true,EBA_CT_EBA_x0,,,
23204,DPM_CPS_CPZ_MCB_MCY_PUR,11,EBA_PUR,true,EBA_PU_EBA_x0,,,
23205,DPM_CPS_CPZ_MCB_MCY_PUR,12,EBA_MCY,true,EBA_MC_EBA_x469,,,
23206,DPM_CPS_CPZ_MCB_MCY_PUR,12,EBA_MCB,true,EBA_MC_EBA_x0,,,
23207,DPM_CPS_CPZ_MCB_MCY_PUR,12,EBA_CPS,true,EBA_CT_EBA_x20,,,
23208,DPM_CPS_CPZ_MCB_MCY_PUR,12,EBA_CPZ,true,EBA_CT_EBA_x0,,,
23209,DPM_CPS_CPZ_MCB_MCY_PUR,12,EBA_PUR,true,EBA_PU_EBA_x0,,,
23210,DPM_CPS_CPZ_MCB_MCY_PUR,13,EBA_MCY,true,EBA_MC_EBA_x469,,,
23211,DPM_CPS_CPZ_MCB_MCY_PUR,13,EBA_MCB,true,EBA_MC_EBA_x0,,,
23212,DPM_CPS_CPZ_MCB_MCY_PUR,13,EBA_CPS,true,EBA_CT_EBA_x20,,,
23213,DPM_CPS_CPZ_MCB_MCY_PUR,13,EBA_CPZ,true,EBA_CT_EBA_x23,,,
23214,DPM_CPS_CPZ_MCB_MCY_PUR,13,EBA_PUR,true,EBA_PU_EBA_x0,,,
23215,DPM_CPS_CPZ_MCB_MCY_PUR,14,EBA_MCY,true,EBA_MC_EBA_x469,,,
23216,DPM_CPS_CPZ_MCB_MCY_PUR,14,EBA_MCB,true,EBA_MC_EBA_x0,,,
23217,DPM_CPS_CPZ_MCB_MCY_PUR,14,EBA_CPS,true,EBA_CT_EBA_x5,,,
23218,DPM_CPS_CPZ_MCB_MCY_PUR,14,EBA_CPZ,true,EBA_CT_EBA_x0,,,
23219,DPM_CPS_CPZ_MCB_MCY_PUR,14,EBA_PUR,true,EBA_PU_EBA_x0,,,
23220,DPM_CPS_CPZ_MCB_MCY_PUR,15,EBA_MCY,true,EBA_MC_EBA_x469,,,
23221,DPM_CPS_CPZ_MCB_MCY_PUR,15,EBA_MCB,true,EBA_MC_EBA_x0,,,
23222,DPM_CPS_CPZ_MCB_MCY_PUR,15,EBA_CPS,true,EBA_CT_EBA_x5,,,
23223,DPM_CPS_CPZ_MCB_MCY_PUR,15,EBA_CPZ,true,EBA_CT_EBA_x0,,,
23224,DPM_CPS_CPZ_MCB_MCY_PUR,15,EBA_PUR,true,EBA_PU_EBA_x1,,,
23225,DPM_CPS_CPZ_MCB_MCY_PUR,16,EBA_MCY,true,EBA_MC_EBA_x223,,,
23226,DPM_CPS_CPZ_MCB_MCY_PUR,16,EBA_MCB,true,EBA_MC_EBA_x0,,,
23227,DPM_CPS_CPZ_MCB_MCY_PUR,16,EBA_CPS,true,EBA_CT_EBA_x0,,,
23228,DPM_CPS_CPZ_MCB_MCY_PUR,16,EBA_CPZ,true,EBA_CT_EBA_x0,,,
23229,DPM_CPS_CPZ_MCB_MCY_PUR,16,EBA_PUR,true,EBA_PU_EBA_x0,,,
23230,DPM_CPS_CPZ_MCB_MCY_PUR,17,EBA_MCY,true,EBA_MC_EBA_x221,,,
23231,DPM_CPS_CPZ_MCB_MCY_PUR,17,EBA_MCB,true,EBA_MC_EBA_x0,,,
23232,DPM_CPS_CPZ_MCB_MCY_PUR,17,EBA_CPS,true,EBA_CT_EBA_x0,,,
23233,DPM_CPS_CPZ_MCB_MCY_PUR,17,EBA_CPZ,true,EBA_CT_EBA_x0,,,
23234,DPM_CPS_CPZ_MCB_MCY_PUR,17,EBA_PUR,true,EBA_PU_EBA_x0,,,
23235,DPM_CPS_CPZ_MCB_MCY_PUR,18,EBA_MCY,true,EBA_MC_EBA_x221,,,
23236,DPM_CPS_CPZ_MCB_MCY_PUR,18,EBA_MCB,true,EBA_MC_EBA_x0,,,
23237,DPM_CPS_CPZ_MCB_MCY_PUR,18,EBA_CPS,true,EBA_CT_EBA_x10,,,
23238,DPM_CPS_CPZ_MCB_MCY_PUR,18,EBA_CPZ,true,EBA_CT_EBA_x0,,,
23239,DPM_CPS_CPZ_MCB_MCY_PUR,18,EBA_PUR,true,EBA_PU_EBA_x0,,,
23240,DPM_CPS_CPZ_MCB_MCY_PUR,19,EBA_MCY,true,EBA_MC_EBA_x221,,,
23241,DPM_CPS_CPZ_MCB_MCY_PUR,19,EBA_MCB,true,EBA_MC_EBA_x0,,,
23242,DPM_CPS_CPZ_MCB_MCY_PUR,19,EBA_CPS,true,EBA_CT_EBA_x1,,,
23243,DPM_CPS_CPZ_MCB_MCY_PUR,19,EBA_CPZ,true,EBA_CT_EBA_x0,,,
23244,DPM_CPS_CPZ_MCB_MCY_PUR,19,EBA_PUR,true,EBA_PU_EBA_x0,,,
23245,DPM_CPS_CPZ_MCB_MCY_PUR,20,EBA_MCY,true,EBA_MC_EBA_x221,,,
23246,DPM_CPS_CPZ_MCB_MCY_PUR,20,EBA_MCB,true,EBA_MC_EBA_x0,,,
23247,DPM_CPS_CPZ_MCB_MCY_PUR,20,EBA_CPS,true,EBA_CT_EBA_x12,,,
23248,DPM_CPS_CPZ_MCB_MCY_PUR,20,EBA_CPZ,true,EBA_CT_EBA_x0,,,
23249,DPM_CPS_CPZ_MCB_MCY_PUR,20,EBA_PUR,true,EBA_PU_EBA_x0,,,
23250,DPM_CPS_CPZ_MCB_MCY_PUR,21,EBA_MCY,true,EBA_MC_EBA_x221,,,
23251,DPM_CPS_CPZ_MCB_MCY_PUR,21,EBA_MCB,true,EBA_MC_EBA_x0,,,
23252,DPM_CPS_CPZ_MCB_MCY_PUR,21,EBA_CPS,true,EBA_CT_EBA_x18,,,
23253,DPM_CPS_CPZ_MCB_MCY_PUR,21,EBA_CPZ,true,EBA_CT_EBA_x0,,,
23254,DPM_CPS_CPZ_MCB_MCY_PUR,21,EBA_PUR,true,EBA_PU_EBA_x0,,,
23255,DPM_CPS_CPZ_MCB_MCY_PUR,22,EBA_MCY,true,EBA_MC_EBA_x221,,,
23256,DPM_CPS_CPZ_MCB_MCY_PUR,22,EBA_MCB,true,EBA_MC_EBA_x0,,,
23257,DPM_CPS_CPZ_MCB_MCY_PUR,22,EBA_CPS,true,EBA_CT_EBA_x20,,,
23258,DPM_CPS_CPZ_MCB_MCY_PUR,22,EBA_CPZ,true,EBA_CT_EBA_x0,,,
23259,DPM_CPS_CPZ_MCB_MCY_PUR,22,EBA_PUR,true,EBA_PU_EBA_x0,,,
23260,DPM_CPS_CPZ_MCB_MCY_PUR,23,EBA_MCY,true,EBA_MC_EBA_x221,,,
23261,DPM_CPS_CPZ_MCB_MCY_PUR,23,EBA_MCB,true,EBA_MC_EBA_x0,,,
23262,DPM_CPS_CPZ_MCB_MCY_PUR,23,EBA_CPS,true,EBA_CT_EBA_x5,,,
23263,DPM_CPS_CPZ_MCB_MCY_PUR,23,EBA_CPZ,true,EBA_CT_EBA_x0,,,
23264,DPM_CPS_CPZ_MCB_MCY_PUR,23,EBA_PUR,true,EBA_PU_EBA_x0,,,
23265,DPM_CPS_CPZ_MCB_MCY_PUR,24,EBA_MCY,true,EBA_MC_EBA_x154,,,
23266,DPM_CPS_CPZ_MCB_MCY_PUR,24,EBA_MCB,true,EBA_MC_EBA_x0,,,
23267,DPM_CPS_CPZ_MCB_MCY_PUR,24,EBA_CPS,true,EBA_CT_EBA_x0,,,
23268,DPM_CPS_CPZ_MCB_MCY_PUR,24,EBA_CPZ,true,EBA_CT_EBA_x0,,,
23269,DPM_CPS_CPZ_MCB_MCY_PUR,24,EBA_PUR,true,EBA_PU_EBA_x0,,,
23270,DPM_CPS_CPZ_MCB_MCY_PUR,25,EBA_MCY,true,EBA_MC_EBA_x154,,,
23271,DPM_CPS_CPZ_MCB_MCY_PUR,25,EBA_MCB,true,EBA_MC_EBA_x0,,,
23272,DPM_CPS_CPZ_MCB_MCY_PUR,25,EBA_CPS,true,EBA_CT_EBA_x10,,,
23273,DPM_CPS_CPZ_MCB_MCY_PUR,25,EBA_CPZ,true,EBA_CT_EBA_x0,,,
23274,DPM_CPS_CPZ_MCB_MCY_PUR,25,EBA_PUR,true,EBA_PU_EBA_x0,,,
23275,DPM_CPS_CPZ_MCB_MCY_PUR,26,EBA_MCY,true,EBA_MC_EBA_x154,,,
23276,DPM_CPS_CPZ_MCB_MCY_PUR,26,EBA_MCB,true,EBA_MC_EBA_x0,,,
23277,DPM_CPS_CPZ_MCB_MCY_PUR,26,EBA_CPS,true,EBA_CT_EBA_x1,,,
23278,DPM_CPS_CPZ_MCB_MCY_PUR,26,EBA_CPZ,true,EBA_CT_EBA_x0,,,
23279,DPM_CPS_CPZ_MCB_MCY_PUR,26,EBA_PUR,true,EBA_PU_EBA_x0,,,
23280,DPM_CPS_CPZ_MCB_MCY_PUR,27,EBA_MCY,true,EBA_MC_EBA_x154,,,
23281,DPM_CPS_CPZ_MCB_MCY_PUR,27,EBA_MCB,true,EBA_MC_EBA_x0,,,
23282,DPM_CPS_CPZ_MCB_MCY_PUR,27,EBA_CPS,true,EBA_CT_EBA_x12,,,
23283,DPM_CPS_CPZ_MCB_MCY_PUR,27,EBA_CPZ,true,EBA_CT_EBA_x0,,,
23284,DPM_CPS_CPZ_MCB_MCY_PUR,27,EBA_PUR,true,EBA_PU_EBA_x0,,,
23285,DPM_CPS_CPZ_MCB_MCY_PUR,28,EBA_MCY,true,EBA_MC_EBA_x154,,,
23286,DPM_CPS_CPZ_MCB_MCY_PUR,28,EBA_MCB,true,EBA_MC_EBA_x0,,,
23287,DPM_CPS_CPZ_MCB_MCY_PUR,28,EBA_CPS,true,EBA_CT_EBA_x18,,,
23288,DPM_CPS_CPZ_MCB_MCY_PUR,28,EBA_CPZ,true,EBA_CT_EBA_x0,,,
23289,DPM_CPS_CPZ_MCB_MCY_PUR,28,EBA_PUR,true,EBA_PU_EBA_x0,,,
23290,DPM_CPS_CPZ_MCB_MCY_PUR,29,EBA_MCY,true,EBA_MC_EBA_x154,,,
23291,DPM_CPS_CPZ_MCB_MCY_PUR,29,EBA_MCB,true,EBA_MC_EBA_x0,,,
23292,DPM_CPS_CPZ_MCB_MCY_PUR,29,EBA_CPS,true,EBA_CT_EBA_x20,,,
23293,DPM_CPS_CPZ_MCB_MCY_PUR,29,EBA_CPZ,true,EBA_CT_EBA_x0,,,
23294,DPM_CPS_CPZ_MCB_MCY_PUR,29,EBA_PUR,true,EBA_PU_EBA_x0,,,
23295,DPM_CPS_CPZ_MCB_MCY_PUR,30,EBA_MCY,true,EBA_MC_EBA_x154,,,
23296,DPM_CPS_CPZ_MCB_MCY_PUR,30,EBA_MCB,true,EBA_MC_EBA_x0,,,
23297,DPM_CPS_CPZ_MCB_MCY_PUR,30,EBA_CPS,true,EBA_CT_EBA_x5,,,
23298,DPM_CPS_CPZ_MCB_MCY_PUR,30,EBA_CPZ,true,EBA_CT_EBA_x0,,,
23299,DPM_CPS_CPZ_MCB_MCY_PUR,30,EBA_PUR,true,EBA_PU_EBA_x0,,,
23300,DPM_CPS_CPZ_MCB_MCY_PUR,31,EBA_MCY,true,EBA_MC_EBA_x52,,,
23301,DPM_CPS_CPZ_MCB_MCY_PUR,31,EBA_MCB,true,EBA_MC_EBA_x0,,,
23302,DPM_CPS_CPZ_MCB_MCY_PUR,31,EBA_CPS,true,EBA_CT_EBA_x0,,,
23303,DPM_CPS_CPZ_MCB_MCY_PUR,31,EBA_CPZ,true,EBA_CT_EBA_x0,,,
23304,DPM_CPS_CPZ_MCB_MCY_PUR,31,EBA_PUR,true,EBA_PU_EBA_x0,,,
23305,DPM_CPS_CPZ_MCB_MCY_PUR,32,EBA_MCY,true,EBA_MC_EBA_x52,,,
23306,DPM_CPS_CPZ_MCB_MCY_PUR,32,EBA_MCB,true,EBA_MC_EBA_x0,,,
23307,DPM_CPS_CPZ_MCB_MCY_PUR,32,EBA_CPS,true,EBA_CT_EBA_x10,,,
23308,DPM_CPS_CPZ_MCB_MCY_PUR,32,EBA_CPZ,true,EBA_CT_EBA_x0,,,
23309,DPM_CPS_CPZ_MCB_MCY_PUR,32,EBA_PUR,true,EBA_PU_EBA_x0,,,
23310,DPM_CPS_CPZ_MCB_MCY_PUR,33,EBA_MCY,true,EBA_MC_EBA_x52,,,
23311,DPM_CPS_CPZ_MCB_MCY_PUR,33,EBA_MCB,true,EBA_MC_EBA_x0,,,
23312,DPM_CPS_CPZ_MCB_MCY_PUR,33,EBA_CPS,true,EBA_CT_EBA_x1,,,
23313,DPM_CPS_CPZ_MCB_MCY_PUR,33,EBA_CPZ,true,EBA_CT_EBA_x0,,,
23314,DPM_CPS_CPZ_MCB_MCY_PUR,33,EBA_PUR,true,EBA_PU_EBA_x0,,,
23315,DPM_CPS_CPZ_MCB_MCY_PUR,34,EBA_MCY,true,EBA_MC_EBA_x52,,,
23316,DPM_CPS_CPZ_MCB_MCY_PUR,34,EBA_MCB,true,EBA_MC_EBA_x0,,,
23317,DPM_CPS_CPZ_MCB_MCY_PUR,34,EBA_CPS,true,EBA_CT_EBA_x12,,,
23318,DPM_CPS_CPZ_MCB_MCY_PUR,34,EBA_CPZ,true,EBA_CT_EBA_x0,,,
23319,DPM_CPS_CPZ_MCB_MCY_PUR,34,EBA_PUR,true,EBA_PU_EBA_x0,,,
23320,DPM_CPS_CPZ_MCB_MCY_PUR,35,EBA_MCY,true,EBA_MC_EBA_x52,,,
23321,DPM_CPS_CPZ_MCB_MCY_PUR,35,EBA_MCB,true,EBA_MC_EBA_x0,,,
23322,DPM_CPS_CPZ_MCB_MCY_PUR,35,EBA_CPS,true,EBA_CT_EBA_x18,,,
23323,DPM_CPS_CPZ_MCB_MCY_PUR,35,EBA_CPZ,true,EBA_CT_EBA_x0,,,
23324,DPM_CPS_CPZ_MCB_MCY_PUR,35,EBA_PUR,true,EBA_PU_EBA_x0,,,
23325,DPM_CPS_CPZ_MCB_MCY_PUR,36,EBA_MCY,true,EBA_MC_EBA_x52,,,
23326,DPM_CPS_CPZ_MCB_MCY_PUR,36,EBA_MCB,true,EBA_MC_EBA_x0,,,
23327,DPM_CPS_CPZ_MCB_MCY_PUR,36,EBA_CPS,true,EBA_CT_EBA_x20,,,
23328,DPM_CPS_CPZ_MCB_MCY_PUR,36,EBA_CPZ,true,EBA_CT_EBA_x0,,,
23329,DPM_CPS_CPZ_MCB_MCY_PUR,36,EBA_PUR,true,EBA_PU_EBA_x0,,,
23330,DPM_CPS_CPZ_MCB_MCY_PUR,37,EBA_MCY,true,EBA_MC_EBA_x52,,,
23331,DPM_CPS_CPZ_MCB_MCY_PUR,37,EBA_MCB,true,EBA_MC_EBA_x0,,,
23332,DPM_CPS_CPZ_MCB_MCY_PUR,37,EBA_CPS,true,EBA_CT_EBA_x5,,,
23333,DPM_CPS_CPZ_MCB_MCY_PUR,37,EBA_CPZ,true,EBA_CT_EBA_x0,,,
23334,DPM_CPS_CPZ_MCB_MCY_PUR,37,EBA_PUR,true,EBA_PU_EBA_x0,,,
23335,DPM_CPS_CPZ_MCB_MCY_PUR,38,EBA_MCY,true,EBA_MC_EBA_x251,,,
23336,DPM_CPS_CPZ_MCB_MCY_PUR,38,EBA_MCB,true,EBA_MC_EBA_x0,,,
23337,DPM_CPS_CPZ_MCB_MCY_PUR,38,EBA_CPS,true,EBA_CT_EBA_x0,,,
23338,DPM_CPS_CPZ_MCB_MCY_PUR,38,EBA_CPZ,true,EBA_CT_EBA_x0,,,
23339,DPM_CPS_CPZ_MCB_MCY_PUR,38,EBA_PUR,true,EBA_PU_EBA_x0,,,
23340,DPM_BAS_CPS_CPZ_MCB_MCG_MCY_MCP_PUR_APL,0,EBA_BAS,true,EBA_BA_EBA_x6,,,
23341,DPM_BAS_CPS_CPZ_MCB_MCG_MCY_MCP_PUR_APL,0,EBA_MCY,true,EBA_MC_EBA_x469,,,
23342,DPM_BAS_CPS_CPZ_MCB_MCG_MCY_MCP_PUR_APL,0,EBA_MCP,true,EBA_MC_EBA_x0,,,
23343,DPM_BAS_CPS_CPZ_MCB_MCG_MCY_MCP_PUR_APL,0,EBA_APL,true,EBA_PL_EBA_x12,,,
23344,DPM_BAS_CPS_CPZ_MCB_MCG_MCY_MCP_PUR_APL,0,EBA_CPS,true,EBA_CT_EBA_x583,,,
23345,DPM_BAS_CPS_CPZ_MCB_MCG_MCY_MCP_PUR_APL,0,EBA_CPZ,true,EBA_CT_EBA_x0,,,
23346,DPM_BAS_CPS_CPZ_MCB_MCG_MCY_MCP_PUR_APL,0,EBA_MCG,true,EBA_MC_EBA_x0,,,
23347,DPM_BAS_CPS_CPZ_MCB_MCG_MCY_MCP_PUR_APL,0,EBA_PUR,true,EBA_PU_EBA_x0,,,
23348,DPM_BAS_CPS_CPZ_MCB_MCG_MCY_MCP_PUR_APL,0,EBA_MCB,true,EBA_MC_EBA_x824,,,
23349,DPM_BAS_CPS_CPZ_MCB_MCG_MCY_MCP_PUR_APL,1,EBA_BAS,true,EBA_BA_EBA_x7,,,
23350,DPM_BAS_CPS_CPZ_MCB_MCG_MCY_MCP_PUR_APL,1,EBA_MCY,true,EBA_MC_EBA_x283,,,
23351,DPM_BAS_CPS_CPZ_MCB_MCG_MCY_MCP_PUR_APL,1,EBA_MCP,true,EBA_MC_EBA_x221,,,
23352,DPM_BAS_CPS_CPZ_MCB_MCG_MCY_MCP_PUR_APL,1,EBA_APL,true,EBA_PL_EBA_x0,,,
23353,DPM_BAS_CPS_CPZ_MCB_MCG_MCY_MCP_PUR_APL,1,EBA_CPS,true,EBA_CT_EBA_x0,,,
23354,DPM_BAS_CPS_CPZ_MCB_MCG_MCY_MCP_PUR_APL,1,EBA_CPZ,true,EBA_CT_EBA_x0,,,
23355,DPM_BAS_CPS_CPZ_MCB_MCG_MCY_MCP_PUR_APL,1,EBA_MCG,true,EBA_MC_EBA_x0,,,
23356,DPM_BAS_CPS_CPZ_MCB_MCG_MCY_MCP_PUR_APL,1,EBA_PUR,true,EBA_PU_EBA_x0,,,
23357,DPM_BAS_CPS_CPZ_MCB_MCG_MCY_MCP_PUR_APL,1,EBA_MCB,true,EBA_MC_EBA_x0,,,
23358,DPM_BAS_CPS_CPZ_MCB_MCG_MCY_MCP_PUR_APL,2,EBA_BAS,true,EBA_BA_EBA_x7,,,
23359,DPM_BAS_CPS_CPZ_MCB_MCG_MCY_MCP_PUR_APL,2,EBA_MCY,true,EBA_MC_EBA_x283,,,
23360,DPM_BAS_CPS_CPZ_MCB_MCG_MCY_MCP_PUR_APL,2,EBA_MCP,true,EBA_MC_EBA_x221,,,
23361,DPM_BAS_CPS_CPZ_MCB_MCG_MCY_MCP_PUR_APL,2,EBA_APL,true,EBA_PL_EBA_x0,,,
23362,DPM_BAS_CPS_CPZ_MCB_MCG_MCY_MCP_PUR_APL,2,EBA_CPS,true,EBA_CT_EBA_x10,,,
23363,DPM_BAS_CPS_CPZ_MCB_MCG_MCY_MCP_PUR_APL,2,EBA_CPZ,true,EBA_CT_EBA_x0,,,
23364,DPM_BAS_CPS_CPZ_MCB_MCG_MCY_MCP_PUR_APL,2,EBA_MCG,true,EBA_MC_EBA_x0,,,
23365,DPM_BAS_CPS_CPZ_MCB_MCG_MCY_MCP_PUR_APL,2,EBA_PUR,true,EBA_PU_EBA_x0,,,
23366,DPM_BAS_CPS_CPZ_MCB_MCG_MCY_MCP_PUR_APL,2,EBA_MCB,true,EBA_MC_EBA_x0,,,
23367,DPM_BAS_CPS_CPZ_MCB_MCG_MCY_MCP_PUR_APL,3,EBA_BAS,true,EBA_BA_EBA_x7,,,
23368,DPM_BAS_CPS_CPZ_MCB_MCG_MCY_MCP_PUR_APL,3,EBA_MCY,true,EBA_MC_EBA_x283,,,
23369,DPM_BAS_CPS_CPZ_MCB_MCG_MCY_MCP_PUR_APL,3,EBA_MCP,true,EBA_MC_EBA_x221,,,
23370,DPM_BAS_CPS_CPZ_MCB_MCG_MCY_MCP_PUR_APL,3,EBA_APL,true,EBA_PL_EBA_x0,,,
23371,DPM_BAS_CPS_CPZ_MCB_MCG_MCY_MCP_PUR_APL,3,EBA_CPS,true,EBA_CT_EBA_x1,,,
23372,DPM_BAS_CPS_CPZ_MCB_MCG_MCY_MCP_PUR_APL,3,EBA_CPZ,true,EBA_CT_EBA_x0,,,
23373,DPM_BAS_CPS_CPZ_MCB_MCG_MCY_MCP_PUR_APL,3,EBA_MCG,true,EBA_MC_EBA_x0,,,
23374,DPM_BAS_CPS_CPZ_MCB_MCG_MCY_MCP_PUR_APL,3,EBA_PUR,true,EBA_PU_EBA_x0,,,
23375,DPM_BAS_CPS_CPZ_MCB_MCG_MCY_MCP_PUR_APL,3,EBA_MCB,true,EBA_MC_EBA_x0,,,
23376,DPM_BAS_CPS_CPZ_MCB_MCG_MCY_MCP_PUR_APL,4,EBA_BAS,true,EBA_BA_EBA_x7,,,
23377,DPM_BAS_CPS_CPZ_MCB_MCG_MCY_MCP_PUR_APL,4,EBA_MCY,true,EBA_MC_EBA_x283,,,
23378,DPM_BAS_CPS_CPZ_MCB_MCG_MCY_MCP_PUR_APL,4,EBA_MCP,true,EBA_MC_EBA_x221,,,
23379,DPM_BAS_CPS_CPZ_MCB_MCG_MCY_MCP_PUR_APL,4,EBA_APL,true,EBA_PL_EBA_x0,,,
23380,DPM_BAS_CPS_CPZ_MCB_MCG_MCY_MCP_PUR_APL,4,EBA_CPS,true,EBA_CT_EBA_x12,,,
23381,DPM_BAS_CPS_CPZ_MCB_MCG_MCY_MCP_PUR_APL,4,EBA_CPZ,true,EBA_CT_EBA_x0,,,
23382,DPM_BAS_CPS_CPZ_MCB_MCG_MCY_MCP_PUR_APL,4,EBA_MCG,true,EBA_MC_EBA_x0,,,
23383,DPM_BAS_CPS_CPZ_MCB_MCG_MCY_MCP_PUR_APL,4,EBA_PUR,true,EBA_PU_EBA_x0,,,
23384,DPM_BAS_CPS_CPZ_MCB_MCG_MCY_MCP_PUR_APL,4,EBA_MCB,true,EBA_MC_EBA_x0,,,
23385,DPM_BAS_CPS_CPZ_MCB_MCG_MCY_MCP_PUR_APL,5,EBA_BAS,true,EBA_BA_EBA_x7,,,
23386,DPM_BAS_CPS_CPZ_MCB_MCG_MCY_MCP_PUR_APL,5,EBA_MCY,true,EBA_MC_EBA_x283,,,
23387,DPM_BAS_CPS_CPZ_MCB_MCG_MCY_MCP_PUR_APL,5,EBA_MCP,true,EBA_MC_EBA_x221,,,
23388,DPM_BAS_CPS_CPZ_MCB_MCG_MCY_MCP_PUR_APL,5,EBA_APL,true,EBA_PL_EBA_x0,,,
23389,DPM_BAS_CPS_CPZ_MCB_MCG_MCY_MCP_PUR_APL,5,EBA_CPS,true,EBA_CT_EBA_x18,,,
23390,DPM_BAS_CPS_CPZ_MCB_MCG_MCY_MCP_PUR_APL,5,EBA_CPZ,true,EBA_CT_EBA_x0,,,
23391,DPM_BAS_CPS_CPZ_MCB_MCG_MCY_MCP_PUR_APL,5,EBA_MCG,true,EBA_MC_EBA_x0,,,
23392,DPM_BAS_CPS_CPZ_MCB_MCG_MCY_MCP_PUR_APL,5,EBA_PUR,true,EBA_PU_EBA_x0,,,
23393,DPM_BAS_CPS_CPZ_MCB_MCG_MCY_MCP_PUR_APL,5,EBA_MCB,true,EBA_MC_EBA_x0,,,
23394,DPM_BAS_CPS_CPZ_MCB_MCG_MCY_MCP_PUR_APL,6,EBA_BAS,true,EBA_BA_EBA_x7,,,
23395,DPM_BAS_CPS_CPZ_MCB_MCG_MCY_MCP_PUR_APL,6,EBA_MCY,true,EBA_MC_EBA_x283,,,
23396,DPM_BAS_CPS_CPZ_MCB_MCG_MCY_MCP_PUR_APL,6,EBA_MCP,true,EBA_MC_EBA_x221,,,
23397,DPM_BAS_CPS_CPZ_MCB_MCG_MCY_MCP_PUR_APL,6,EBA_APL,true,EBA_PL_EBA_x0,,,
23398,DPM_BAS_CPS_CPZ_MCB_MCG_MCY_MCP_PUR_APL,6,EBA_CPS,true,EBA_CT_EBA_x20,,,
23399,DPM_BAS_CPS_CPZ_MCB_MCG_MCY_MCP_PUR_APL,6,EBA_CPZ,true,EBA_CT_EBA_x0,,,
23400,DPM_BAS_CPS_CPZ_MCB_MCG_MCY_MCP_PUR_APL,6,EBA_MCG,true,EBA_MC_EBA_x0,,,
23401,DPM_BAS_CPS_CPZ_MCB_MCG_MCY_MCP_PUR_APL,6,EBA_PUR,true,EBA_PU_EBA_x0,,,
23402,DPM_BAS_CPS_CPZ_MCB_MCG_MCY_MCP_PUR_APL,6,EBA_MCB,true,EBA_MC_EBA_x0,,,
23403,DPM_BAS_CPS_CPZ_MCB_MCG_MCY_MCP_PUR_APL,7,EBA_BAS,true,EBA_BA_EBA_x7,,,
23404,DPM_BAS_CPS_CPZ_MCB_MCG_MCY_MCP_PUR_APL,7,EBA_MCY,true,EBA_MC_EBA_x283,,,
23405,DPM_BAS_CPS_CPZ_MCB_MCG_MCY_MCP_PUR_APL,7,EBA_MCP,true,EBA_MC_EBA_x221,,,
23406,DPM_BAS_CPS_CPZ_MCB_MCG_MCY_MCP_PUR_APL,7,EBA_APL,true,EBA_PL_EBA_x0,,,
23407,DPM_BAS_CPS_CPZ_MCB_MCG_MCY_MCP_PUR_APL,7,EBA_CPS,true,EBA_CT_EBA_x5,,,
23408,DPM_BAS_CPS_CPZ_MCB_MCG_MCY_MCP_PUR_APL,7,EBA_CPZ,true,EBA_CT_EBA_x0,,,
23409,DPM_BAS_CPS_CPZ_MCB_MCG_MCY_MCP_PUR_APL,7,EBA_MCG,true,EBA_MC_EBA_x0,,,
23410,DPM_BAS_CPS_CPZ_MCB_MCG_MCY_MCP_PUR_APL,7,EBA_PUR,true,EBA_PU_EBA_x0,,,
23411,DPM_BAS_CPS_CPZ_MCB_MCG_MCY_MCP_PUR_APL,7,EBA_MCB,true,EBA_MC_EBA_x0,,,
23412,DPM_BAS_CPS_CPZ_MCB_MCG_MCY_MCP_PUR_APL,8,EBA_BAS,true,EBA_BA_EBA_x7,,,
23413,DPM_BAS_CPS_CPZ_MCB_MCG_MCY_MCP_PUR_APL,8,EBA_MCY,true,EBA_MC_EBA_x283,,,
23414,DPM_BAS_CPS_CPZ_MCB_MCG_MCY_MCP_PUR_APL,8,EBA_MCP,true,EBA_MC_EBA_x154,,,
23415,DPM_BAS_CPS_CPZ_MCB_MCG_MCY_MCP_PUR_APL,8,EBA_APL,true,EBA_PL_EBA_x0,,,
23416,DPM_BAS_CPS_CPZ_MCB_MCG_MCY_MCP_PUR_APL,8,EBA_CPS,true,EBA_CT_EBA_x0,,,
23417,DPM_BAS_CPS_CPZ_MCB_MCG_MCY_MCP_PUR_APL,8,EBA_CPZ,true,EBA_CT_EBA_x0,,,
23418,DPM_BAS_CPS_CPZ_MCB_MCG_MCY_MCP_PUR_APL,8,EBA_MCG,true,EBA_MC_EBA_x0,,,
23419,DPM_BAS_CPS_CPZ_MCB_MCG_MCY_MCP_PUR_APL,8,EBA_PUR,true,EBA_PU_EBA_x0,,,
23420,DPM_BAS_CPS_CPZ_MCB_MCG_MCY_MCP_PUR_APL,8,EBA_MCB,true,EBA_MC_EBA_x0,,,
23421,DPM_BAS_CPS_CPZ_MCB_MCG_MCY_MCP_PUR_APL,9,EBA_BAS,true,EBA_BA_EBA_x7,,,
23422,DPM_BAS_CPS_CPZ_MCB_MCG_MCY_MCP_PUR_APL,9,EBA_MCY,true,EBA_MC_EBA_x283,,,
23423,DPM_BAS_CPS_CPZ_MCB_MCG_MCY_MCP_PUR_APL,9,EBA_MCP,true,EBA_MC_EBA_x154,,,
23424,DPM_BAS_CPS_CPZ_MCB_MCG_MCY_MCP_PUR_APL,9,EBA_APL,true,EBA_PL_EBA_x0,,,
23425,DPM_BAS_CPS_CPZ_MCB_MCG_MCY_MCP_PUR_APL,9,EBA_CPS,true,EBA_CT_EBA_x10,,,
23426,DPM_BAS_CPS_CPZ_MCB_MCG_MCY_MCP_PUR_APL,9,EBA_CPZ,true,EBA_CT_EBA_x0,,,
23427,DPM_BAS_CPS_CPZ_MCB_MCG_MCY_MCP_PUR_APL,9,EBA_MCG,true,EBA_MC_EBA_x0,,,
23428,DPM_BAS_CPS_CPZ_MCB_MCG_MCY_MCP_PUR_APL,9,EBA_PUR,true,EBA_PU_EBA_x0,,,
23429,DPM_BAS_CPS_CPZ_MCB_MCG_MCY_MCP_PUR_APL,9,EBA_MCB,true,EBA_MC_EBA_x0,,,
23430,DPM_BAS_CPS_CPZ_MCB_MCG_MCY_MCP_PUR_APL,10,EBA_BAS,true,EBA_BA_EBA_x7,,,
23431,DPM_BAS_CPS_CPZ_MCB_MCG_MCY_MCP_PUR_APL,10,EBA_MCY,true,EBA_MC_EBA_x283,,,
23432,DPM_BAS_CPS_CPZ_MCB_MCG_MCY_MCP_PUR_APL,10,EBA_MCP,true,EBA_MC_EBA_x154,,,
23433,DPM_BAS_CPS_CPZ_MCB_MCG_MCY_MCP_PUR_APL,10,EBA_APL,true,EBA_PL_EBA_x0,,,
23434,DPM_BAS_CPS_CPZ_MCB_MCG_MCY_MCP_PUR_APL,10,EBA_CPS,true,EBA_CT_EBA_x1,,,
23435,DPM_BAS_CPS_CPZ_MCB_MCG_MCY_MCP_PUR_APL,10,EBA_CPZ,true,EBA_CT_EBA_x0,,,
23436,DPM_BAS_CPS_CPZ_MCB_MCG_MCY_MCP_PUR_APL,10,EBA_MCG,true,EBA_MC_EBA_x0,,,
23437,DPM_BAS_CPS_CPZ_MCB_MCG_MCY_MCP_PUR_APL,10,EBA_PUR,true,EBA_PU_EBA_x0,,,
23438,DPM_BAS_CPS_CPZ_MCB_MCG_MCY_MCP_PUR_APL,10,EBA_MCB,true,EBA_MC_EBA_x0,,,
23439,DPM_BAS_CPS_CPZ_MCB_MCG_MCY_MCP_PUR_APL,11,EBA_BAS,true,EBA_BA_EBA_x7,,,
23440,DPM_BAS_CPS_CPZ_MCB_MCG_MCY_MCP_PUR_APL,11,EBA_MCY,true,EBA_MC_EBA_x283,,,
23441,DPM_BAS_CPS_CPZ_MCB_MCG_MCY_MCP_PUR_APL,11,EBA_MCP,true,EBA_MC_EBA_x154,,,
23442,DPM_BAS_CPS_CPZ_MCB_MCG_MCY_MCP_PUR_APL,11,EBA_APL,true,EBA_PL_EBA_x0,,,
23443,DPM_BAS_CPS_CPZ_MCB_MCG_MCY_MCP_PUR_APL,11,EBA_CPS,true,EBA_CT_EBA_x12,,,
23444,DPM_BAS_CPS_CPZ_MCB_MCG_MCY_MCP_PUR_APL,11,EBA_CPZ,true,EBA_CT_EBA_x0,,,
23445,DPM_BAS_CPS_CPZ_MCB_MCG_MCY_MCP_PUR_APL,11,EBA_MCG,true,EBA_MC_EBA_x0,,,
23446,DPM_BAS_CPS_CPZ_MCB_MCG_MCY_MCP_PUR_APL,11,EBA_PUR,true,EBA_PU_EBA_x0,,,
23447,DPM_BAS_CPS_CPZ_MCB_MCG_MCY_MCP_PUR_APL,11,EBA_MCB,true,EBA_MC_EBA_x0,,,
23448,DPM_BAS_CPS_CPZ_MCB_MCG_MCY_MCP_PUR_APL,12,EBA_BAS,true,EBA_BA_EBA_x7,,,
23449,DPM_BAS_CPS_CPZ_MCB_MCG_MCY_MCP_PUR_APL,12,EBA_MCY,true,EBA_MC_EBA_x283,,,
23450,DPM_BAS_CPS_CPZ_MCB_MCG_MCY_MCP_PUR_APL,12,EBA_MCP,true,EBA_MC_EBA_x154,,,
23451,DPM_BAS_CPS_CPZ_MCB_MCG_MCY_MCP_PUR_APL,12,EBA_APL,true,EBA_PL_EBA_x0,,,
23452,DPM_BAS_CPS_CPZ_MCB_MCG_MCY_MCP_PUR_APL,12,EBA_CPS,true,EBA_CT_EBA_x18,,,
23453,DPM_BAS_CPS_CPZ_MCB_MCG_MCY_MCP_PUR_APL,12,EBA_CPZ,true,EBA_CT_EBA_x0,,,
23454,DPM_BAS_CPS_CPZ_MCB_MCG_MCY_MCP_PUR_APL,12,EBA_MCG,true,EBA_MC_EBA_x0,,,
23455,DPM_BAS_CPS_CPZ_MCB_MCG_MCY_MCP_PUR_APL,12,EBA_PUR,true,EBA_PU_EBA_x0,,,
23456,DPM_BAS_CPS_CPZ_MCB_MCG_MCY_MCP_PUR_APL,12,EBA_MCB,true,EBA_MC_EBA_x0,,,
23457,DPM_BAS_CPS_CPZ_MCB_MCG_MCY_MCP_PUR_APL,13,EBA_BAS,true,EBA_BA_EBA_x7,,,
23458,DPM_BAS_CPS_CPZ_MCB_MCG_MCY_MCP_PUR_APL,13,EBA_MCY,true,EBA_MC_EBA_x283,,,
23459,DPM_BAS_CPS_CPZ_MCB_MCG_MCY_MCP_PUR_APL,13,EBA_MCP,true,EBA_MC_EBA_x154,,,
23460,DPM_BAS_CPS_CPZ_MCB_MCG_MCY_MCP_PUR_APL,13,EBA_APL,true,EBA_PL_EBA_x0,,,
23461,DPM_BAS_CPS_CPZ_MCB_MCG_MCY_MCP_PUR_APL,13,EBA_CPS,true,EBA_CT_EBA_x20,,,
23462,DPM_BAS_CPS_CPZ_MCB_MCG_MCY_MCP_PUR_APL,13,EBA_CPZ,true,EBA_CT_EBA_x0,,,
23463,DPM_BAS_CPS_CPZ_MCB_MCG_MCY_MCP_PUR_APL,13,EBA_MCG,true,EBA_MC_EBA_x0,,,
23464,DPM_BAS_CPS_CPZ_MCB_MCG_MCY_MCP_PUR_APL,13,EBA_PUR,true,EBA_PU_EBA_x0,,,
23465,DPM_BAS_CPS_CPZ_MCB_MCG_MCY_MCP_PUR_APL,13,EBA_MCB,true,EBA_MC_EBA_x0,,,
23466,DPM_BAS_CPS_CPZ_MCB_MCG_MCY_MCP_PUR_APL,14,EBA_BAS,true,EBA_BA_EBA_x7,,,
23467,DPM_BAS_CPS_CPZ_MCB_MCG_MCY_MCP_PUR_APL,14,EBA_MCY,true,EBA_MC_EBA_x283,,,
23468,DPM_BAS_CPS_CPZ_MCB_MCG_MCY_MCP_PUR_APL,14,EBA_MCP,true,EBA_MC_EBA_x154,,,
23469,DPM_BAS_CPS_CPZ_MCB_MCG_MCY_MCP_PUR_APL,14,EBA_APL,true,EBA_PL_EBA_x0,,,
23470,DPM_BAS_CPS_CPZ_MCB_MCG_MCY_MCP_PUR_APL,14,EBA_CPS,true,EBA_CT_EBA_x5,,,
23471,DPM_BAS_CPS_CPZ_MCB_MCG_MCY_MCP_PUR_APL,14,EBA_CPZ,true,EBA_CT_EBA_x0,,,
23472,DPM_BAS_CPS_CPZ_MCB_MCG_MCY_MCP_PUR_APL,14,EBA_MCG,true,EBA_MC_EBA_x0,,,
23473,DPM_BAS_CPS_CPZ_MCB_MCG_MCY_MCP_PUR_APL,14,EBA_PUR,true,EBA_PU_EBA_x0,,,
23474,DPM_BAS_CPS_CPZ_MCB_MCG_MCY_MCP_PUR_APL,14,EBA_MCB,true,EBA_MC_EBA_x0,,,
23475,DPM_BAS_CPS_CPZ_MCB_MCG_MCY_MCP_PUR_APL,15,EBA_BAS,true,EBA_BA_EBA_x7,,,
23476,DPM_BAS_CPS_CPZ_MCB_MCG_MCY_MCP_PUR_APL,15,EBA_MCY,true,EBA_MC_EBA_x283,,,
23477,DPM_BAS_CPS_CPZ_MCB_MCG_MCY_MCP_PUR_APL,15,EBA_MCP,true,EBA_MC_EBA_x52,,,
23478,DPM_BAS_CPS_CPZ_MCB_MCG_MCY_MCP_PUR_APL,15,EBA_APL,true,EBA_PL_EBA_x0,,,
23479,DPM_BAS_CPS_CPZ_MCB_MCG_MCY_MCP_PUR_APL,15,EBA_CPS,true,EBA_CT_EBA_x0,,,
23480,DPM_BAS_CPS_CPZ_MCB_MCG_MCY_MCP_PUR_APL,15,EBA_CPZ,true,EBA_CT_EBA_x0,,,
23481,DPM_BAS_CPS_CPZ_MCB_MCG_MCY_MCP_PUR_APL,15,EBA_MCG,true,EBA_MC_EBA_x0,,,
23482,DPM_BAS_CPS_CPZ_MCB_MCG_MCY_MCP_PUR_APL,15,EBA_PUR,true,EBA_PU_EBA_x0,,,
23483,DPM_BAS_CPS_CPZ_MCB_MCG_MCY_MCP_PUR_APL,15,EBA_MCB,true,EBA_MC_EBA_x0,,,
23484,DPM_BAS_CPS_CPZ_MCB_MCG_MCY_MCP_PUR_APL,16,EBA_BAS,true,EBA_BA_EBA_x7,,,
23485,DPM_BAS_CPS_CPZ_MCB_MCG_MCY_MCP_PUR_APL,16,EBA_MCY,true,EBA_MC_EBA_x283,,,
23486,DPM_BAS_CPS_CPZ_MCB_MCG_MCY_MCP_PUR_APL,16,EBA_MCP,true,EBA_MC_EBA_x52,,,
23487,DPM_BAS_CPS_CPZ_MCB_MCG_MCY_MCP_PUR_APL,16,EBA_APL,true,EBA_PL_EBA_x0,,,
23488,DPM_BAS_CPS_CPZ_MCB_MCG_MCY_MCP_PUR_APL,16,EBA_CPS,true,EBA_CT_EBA_x10,,,
23489,DPM_BAS_CPS_CPZ_MCB_MCG_MCY_MCP_PUR_APL,16,EBA_CPZ,true,EBA_CT_EBA_x0,,,
23490,DPM_BAS_CPS_CPZ_MCB_MCG_MCY_MCP_PUR_APL,16,EBA_MCG,true,EBA_MC_EBA_x0,,,
23491,DPM_BAS_CPS_CPZ_MCB_MCG_MCY_MCP_PUR_APL,16,EBA_PUR,true,EBA_PU_EBA_x0,,,
23492,DPM_BAS_CPS_CPZ_MCB_MCG_MCY_MCP_PUR_APL,16,EBA_MCB,true,EBA_MC_EBA_x0,,,
23493,DPM_BAS_CPS_CPZ_MCB_MCG_MCY_MCP_PUR_APL,17,EBA_BAS,true,EBA_BA_EBA_x7,,,
23494,DPM_BAS_CPS_CPZ_MCB_MCG_MCY_MCP_PUR_APL,17,EBA_MCY,true,EBA_MC_EBA_x283,,,
23495,DPM_BAS_CPS_CPZ_MCB_MCG_MCY_MCP_PUR_APL,17,EBA_MCP,true,EBA_MC_EBA_x52,,,
23496,DPM_BAS_CPS_CPZ_MCB_MCG_MCY_MCP_PUR_APL,17,EBA_APL,true,EBA_PL_EBA_x0,,,
23497,DPM_BAS_CPS_CPZ_MCB_MCG_MCY_MCP_PUR_APL,17,EBA_CPS,true,EBA_CT_EBA_x1,,,
23498,DPM_BAS_CPS_CPZ_MCB_MCG_MCY_MCP_PUR_APL,17,EBA_CPZ,true,EBA_CT_EBA_x0,,,
23499,DPM_BAS_CPS_CPZ_MCB_MCG_MCY_MCP_PUR_APL,17,EBA_MCG,true,EBA_MC_EBA_x0,,,
23500,DPM_BAS_CPS_CPZ_MCB_MCG_MCY_MCP_PUR_APL,17,EBA_PUR,true,EBA_PU_EBA_x0,,,
23501,DPM_BAS_CPS_CPZ_MCB_MCG_MCY_MCP_PUR_APL,17,EBA_MCB,true,EBA_MC_EBA_x0,,,
23502,DPM_BAS_CPS_CPZ_MCB_MCG_MCY_MCP_PUR_APL,18,EBA_BAS,true,EBA_BA_EBA_x7,,,
23503,DPM_BAS_CPS_CPZ_MCB_MCG_MCY_MCP_PUR_APL,18,EBA_MCY,true,EBA_MC_EBA_x283,,,
23504,DPM_BAS_CPS_CPZ_MCB_MCG_MCY_MCP_PUR_APL,18,EBA_MCP,true,EBA_MC_EBA_x52,,,
23505,DPM_BAS_CPS_CPZ_MCB_MCG_MCY_MCP_PUR_APL,18,EBA_APL,true,EBA_PL_EBA_x0,,,
23506,DPM_BAS_CPS_CPZ_MCB_MCG_MCY_MCP_PUR_APL,18,EBA_CPS,true,EBA_CT_EBA_x12,,,
23507,DPM_BAS_CPS_CPZ_MCB_MCG_MCY_MCP_PUR_APL,18,EBA_CPZ,true,EBA_CT_EBA_x0,,,
23508,DPM_BAS_CPS_CPZ_MCB_MCG_MCY_MCP_PUR_APL,18,EBA_MCG,true,EBA_MC_EBA_x0,,,
23509,DPM_BAS_CPS_CPZ_MCB_MCG_MCY_MCP_PUR_APL,18,EBA_PUR,true,EBA_PU_EBA_x0,,,
23510,DPM_BAS_CPS_CPZ_MCB_MCG_MCY_MCP_PUR_APL,18,EBA_MCB,true,EBA_MC_EBA_x0,,,
23511,DPM_BAS_CPS_CPZ_MCB_MCG_MCY_MCP_PUR_APL,19,EBA_BAS,true,EBA_BA_EBA_x7,,,
23512,DPM_BAS_CPS_CPZ_MCB_MCG_MCY_MCP_PUR_APL,19,EBA_MCY,true,EBA_MC_EBA_x283,,,
23513,DPM_BAS_CPS_CPZ_MCB_MCG_MCY_MCP_PUR_APL,19,EBA_MCP,true,EBA_MC_EBA_x52,,,
23514,DPM_BAS_CPS_CPZ_MCB_MCG_MCY_MCP_PUR_APL,19,EBA_APL,true,EBA_PL_EBA_x0,,,
23515,DPM_BAS_CPS_CPZ_MCB_MCG_MCY_MCP_PUR_APL,19,EBA_CPS,true,EBA_CT_EBA_x18,,,
23516,DPM_BAS_CPS_CPZ_MCB_MCG_MCY_MCP_PUR_APL,19,EBA_CPZ,true,EBA_CT_EBA_x0,,,
23517,DPM_BAS_CPS_CPZ_MCB_MCG_MCY_MCP_PUR_APL,19,EBA_MCG,true,EBA_MC_EBA_x0,,,
23518,DPM_BAS_CPS_CPZ_MCB_MCG_MCY_MCP_PUR_APL,19,EBA_PUR,true,EBA_PU_EBA_x0,,,
23519,DPM_BAS_CPS_CPZ_MCB_MCG_MCY_MCP_PUR_APL,19,EBA_MCB,true,EBA_MC_EBA_x0,,,
23520,DPM_BAS_CPS_CPZ_MCB_MCG_MCY_MCP_PUR_APL,20,EBA_BAS,true,EBA_BA_EBA_x7,,,
23521,DPM_BAS_CPS_CPZ_MCB_MCG_MCY_MCP_PUR_APL,20,EBA_MCY,true,EBA_MC_EBA_x283,,,
23522,DPM_BAS_CPS_CPZ_MCB_MCG_MCY_MCP_PUR_APL,20,EBA_MCP,true,EBA_MC_EBA_x52,,,
23523,DPM_BAS_CPS_CPZ_MCB_MCG_MCY_MCP_PUR_APL,20,EBA_APL,true,EBA_PL_EBA_x0,,,
23524,DPM_BAS_CPS_CPZ_MCB_MCG_MCY_MCP_PUR_APL,20,EBA_CPS,true,EBA_CT_EBA_x20,,,
23525,DPM_BAS_CPS_CPZ_MCB_MCG_MCY_MCP_PUR_APL,20,EBA_CPZ,true,EBA_CT_EBA_x0,,,
23526,DPM_BAS_CPS_CPZ_MCB_MCG_MCY_MCP_PUR_APL,20,EBA_MCG,true,EBA_MC_EBA_x0,,,
23527,DPM_BAS_CPS_CPZ_MCB_MCG_MCY_MCP_PUR_APL,20,EBA_PUR,true,EBA_PU_EBA_x0,,,
23528,DPM_BAS_CPS_CPZ_MCB_MCG_MCY_MCP_PUR_APL,20,EBA_MCB,true,EBA_MC_EBA_x0,,,
23529,DPM_BAS_CPS_CPZ_MCB_MCG_MCY_MCP_PUR_APL,21,EBA_BAS,true,EBA_BA_EBA_x7,,,
23530,DPM_BAS_CPS_CPZ_MCB_MCG_MCY_MCP_PUR_APL,21,EBA_MCY,true,EBA_MC_EBA_x283,,,
23531,DPM_BAS_CPS_CPZ_MCB_MCG_MCY_MCP_PUR_APL,21,EBA_MCP,true,EBA_MC_EBA_x52,,,
23532,DPM_BAS_CPS_CPZ_MCB_MCG_MCY_MCP_PUR_APL,21,EBA_APL,true,EBA_PL_EBA_x0,,,
23533,DPM_BAS_CPS_CPZ_MCB_MCG_MCY_MCP_PUR_APL,21,EBA_CPS,true,EBA_CT_EBA_x5,,,
23534,DPM_BAS_CPS_CPZ_MCB_MCG_MCY_MCP_PUR_APL,21,EBA_CPZ,true,EBA_CT_EBA_x0,,,
23535,DPM_BAS_CPS_CPZ_MCB_MCG_MCY_MCP_PUR_APL,21,EBA_MCG,true,EBA_MC_EBA_x0,,,
23536,DPM_BAS_CPS_CPZ_MCB_MCG_MCY_MCP_PUR_APL,21,EBA_PUR,true,EBA_PU_EBA_x0,,,
23537,DPM_BAS_CPS_CPZ_MCB_MCG_MCY_MCP_PUR_APL,21,EBA_MCB,true,EBA_MC_EBA_x0,,,
23538,DPM_BAS_CPS_CPZ_MCB_MCG_MCY_MCP_PUR_APL,22,EBA_BAS,true,EBA_BA_EBA_x7,,,
23539,DPM_BAS_CPS_CPZ_MCB_MCG_MCY_MCP_PUR_APL,22,EBA_MCY,true,EBA_MC_EBA_x283,,,
23540,DPM_BAS_CPS_CPZ_MCB_MCG_MCY_MCP_PUR_APL,22,EBA_MCP,true,EBA_MC_EBA_x251,,,
23541,DPM_BAS_CPS_CPZ_MCB_MCG_MCY_MCP_PUR_APL,22,EBA_APL,true,EBA_PL_EBA_x0,,,
23542,DPM_BAS_CPS_CPZ_MCB_MCG_MCY_MCP_PUR_APL,22,EBA_CPS,true,EBA_CT_EBA_x0,,,
23543,DPM_BAS_CPS_CPZ_MCB_MCG_MCY_MCP_PUR_APL,22,EBA_CPZ,true,EBA_CT_EBA_x0,,,
23544,DPM_BAS_CPS_CPZ_MCB_MCG_MCY_MCP_PUR_APL,22,EBA_MCG,true,EBA_MC_EBA_x0,,,
23545,DPM_BAS_CPS_CPZ_MCB_MCG_MCY_MCP_PUR_APL,22,EBA_PUR,true,EBA_PU_EBA_x0,,,
23546,DPM_BAS_CPS_CPZ_MCB_MCG_MCY_MCP_PUR_APL,22,EBA_MCB,true,EBA_MC_EBA_x0,,,
23547,DPM_BAS_CPS_CPZ_MCB_MCG_MCY_MCP_PUR_APL,23,EBA_BAS,true,EBA_BA_EBA_x6,,,
23548,DPM_BAS_CPS_CPZ_MCB_MCG_MCY_MCP_PUR_APL,23,EBA_MCY,true,EBA_MC_EBA_x60,,,
23549,DPM_BAS_CPS_CPZ_MCB_MCG_MCY_MCP_PUR_APL,23,EBA_MCP,true,EBA_MC_EBA_x0,,,
23550,DPM_BAS_CPS_CPZ_MCB_MCG_MCY_MCP_PUR_APL,23,EBA_APL,true,EBA_PL_EBA_x687,,,
23551,DPM_BAS_CPS_CPZ_MCB_MCG_MCY_MCP_PUR_APL,23,EBA_CPS,true,EBA_CT_EBA_x0,,,
23552,DPM_BAS_CPS_CPZ_MCB_MCG_MCY_MCP_PUR_APL,23,EBA_CPZ,true,EBA_CT_EBA_x0,,,
23553,DPM_BAS_CPS_CPZ_MCB_MCG_MCY_MCP_PUR_APL,23,EBA_MCG,true,EBA_MC_EBA_x0,,,
23554,DPM_BAS_CPS_CPZ_MCB_MCG_MCY_MCP_PUR_APL,23,EBA_PUR,true,EBA_PU_EBA_x0,,,
23555,DPM_BAS_CPS_CPZ_MCB_MCG_MCY_MCP_PUR_APL,23,EBA_MCB,true,EBA_MC_EBA_x0,,,
23556,DPM_BAS_CPS_CPZ_MCB_MCG_MCY_MCP_PUR_APL,24,EBA_BAS,true,EBA_BA_EBA_x6,,,
23557,DPM_BAS_CPS_CPZ_MCB_MCG_MCY_MCP_PUR_APL,24,EBA_MCY,true,EBA_MC_EBA_x60,,,
23558,DPM_BAS_CPS_CPZ_MCB_MCG_MCY_MCP_PUR_APL,24,EBA_MCP,true,EBA_MC_EBA_x0,,,
23559,DPM_BAS_CPS_CPZ_MCB_MCG_MCY_MCP_PUR_APL,24,EBA_APL,true,EBA_PL_EBA_x687,,,
23560,DPM_BAS_CPS_CPZ_MCB_MCG_MCY_MCP_PUR_APL,24,EBA_CPS,true,EBA_CT_EBA_x10,,,
23561,DPM_BAS_CPS_CPZ_MCB_MCG_MCY_MCP_PUR_APL,24,EBA_CPZ,true,EBA_CT_EBA_x0,,,
23562,DPM_BAS_CPS_CPZ_MCB_MCG_MCY_MCP_PUR_APL,24,EBA_MCG,true,EBA_MC_EBA_x0,,,
23563,DPM_BAS_CPS_CPZ_MCB_MCG_MCY_MCP_PUR_APL,24,EBA_PUR,true,EBA_PU_EBA_x0,,,
23564,DPM_BAS_CPS_CPZ_MCB_MCG_MCY_MCP_PUR_APL,24,EBA_MCB,true,EBA_MC_EBA_x0,,,
23565,DPM_BAS_CPS_CPZ_MCB_MCG_MCY_MCP_PUR_APL,25,EBA_BAS,true,EBA_BA_EBA_x6,,,
23566,DPM_BAS_CPS_CPZ_MCB_MCG_MCY_MCP_PUR_APL,25,EBA_MCY,true,EBA_MC_EBA_x60,,,
23567,DPM_BAS_CPS_CPZ_MCB_MCG_MCY_MCP_PUR_APL,25,EBA_MCP,true,EBA_MC_EBA_x0,,,
23568,DPM_BAS_CPS_CPZ_MCB_MCG_MCY_MCP_PUR_APL,25,EBA_APL,true,EBA_PL_EBA_x687,,,
23569,DPM_BAS_CPS_CPZ_MCB_MCG_MCY_MCP_PUR_APL,25,EBA_CPS,true,EBA_CT_EBA_x1,,,
23570,DPM_BAS_CPS_CPZ_MCB_MCG_MCY_MCP_PUR_APL,25,EBA_CPZ,true,EBA_CT_EBA_x0,,,
23571,DPM_BAS_CPS_CPZ_MCB_MCG_MCY_MCP_PUR_APL,25,EBA_MCG,true,EBA_MC_EBA_x0,,,
23572,DPM_BAS_CPS_CPZ_MCB_MCG_MCY_MCP_PUR_APL,25,EBA_PUR,true,EBA_PU_EBA_x0,,,
23573,DPM_BAS_CPS_CPZ_MCB_MCG_MCY_MCP_PUR_APL,25,EBA_MCB,true,EBA_MC_EBA_x0,,,
23574,DPM_BAS_CPS_CPZ_MCB_MCG_MCY_MCP_PUR_APL,26,EBA_BAS,true,EBA_BA_EBA_x6,,,
23575,DPM_BAS_CPS_CPZ_MCB_MCG_MCY_MCP_PUR_APL,26,EBA_MCY,true,EBA_MC_EBA_x60,,,
23576,DPM_BAS_CPS_CPZ_MCB_MCG_MCY_MCP_PUR_APL,26,EBA_MCP,true,EBA_MC_EBA_x0,,,
23577,DPM_BAS_CPS_CPZ_MCB_MCG_MCY_MCP_PUR_APL,26,EBA_APL,true,EBA_PL_EBA_x687,,,
23578,DPM_BAS_CPS_CPZ_MCB_MCG_MCY_MCP_PUR_APL,26,EBA_CPS,true,EBA_CT_EBA_x12,,,
23579,DPM_BAS_CPS_CPZ_MCB_MCG_MCY_MCP_PUR_APL,26,EBA_CPZ,true,EBA_CT_EBA_x0,,,
23580,DPM_BAS_CPS_CPZ_MCB_MCG_MCY_MCP_PUR_APL,26,EBA_MCG,true,EBA_MC_EBA_x0,,,
23581,DPM_BAS_CPS_CPZ_MCB_MCG_MCY_MCP_PUR_APL,26,EBA_PUR,true,EBA_PU_EBA_x0,,,
23582,DPM_BAS_CPS_CPZ_MCB_MCG_MCY_MCP_PUR_APL,26,EBA_MCB,true,EBA_MC_EBA_x0,,,
23583,DPM_BAS_CPS_CPZ_MCB_MCG_MCY_MCP_PUR_APL,27,EBA_BAS,true,EBA_BA_EBA_x6,,,
23584,DPM_BAS_CPS_CPZ_MCB_MCG_MCY_MCP_PUR_APL,27,EBA_MCY,true,EBA_MC_EBA_x60,,,
23585,DPM_BAS_CPS_CPZ_MCB_MCG_MCY_MCP_PUR_APL,27,EBA_MCP,true,EBA_MC_EBA_x0,,,
23586,DPM_BAS_CPS_CPZ_MCB_MCG_MCY_MCP_PUR_APL,27,EBA_APL,true,EBA_PL_EBA_x687,,,
23587,DPM_BAS_CPS_CPZ_MCB_MCG_MCY_MCP_PUR_APL,27,EBA_CPS,true,EBA_CT_EBA_x18,,,
23588,DPM_BAS_CPS_CPZ_MCB_MCG_MCY_MCP_PUR_APL,27,EBA_CPZ,true,EBA_CT_EBA_x0,,,
23589,DPM_BAS_CPS_CPZ_MCB_MCG_MCY_MCP_PUR_APL,27,EBA_MCG,true,EBA_MC_EBA_x0,,,
23590,DPM_BAS_CPS_CPZ_MCB_MCG_MCY_MCP_PUR_APL,27,EBA_PUR,true,EBA_PU_EBA_x0,,,
23591,DPM_BAS_CPS_CPZ_MCB_MCG_MCY_MCP_PUR_APL,27,EBA_MCB,true,EBA_MC_EBA_x0,,,
23592,DPM_BAS_CPS_CPZ_MCB_MCG_MCY_MCP_PUR_APL,28,EBA_BAS,true,EBA_BA_EBA_x6,,,
23593,DPM_BAS_CPS_CPZ_MCB_MCG_MCY_MCP_PUR_APL,28,EBA_MCY,true,EBA_MC_EBA_x60,,,
23594,DPM_BAS_CPS_CPZ_MCB_MCG_MCY_MCP_PUR_APL,28,EBA_MCP,true,EBA_MC_EBA_x0,,,
23595,DPM_BAS_CPS_CPZ_MCB_MCG_MCY_MCP_PUR_APL,28,EBA_APL,true,EBA_PL_EBA_x687,,,
23596,DPM_BAS_CPS_CPZ_MCB_MCG_MCY_MCP_PUR_APL,28,EBA_CPS,true,EBA_CT_EBA_x20,,,
23597,DPM_BAS_CPS_CPZ_MCB_MCG_MCY_MCP_PUR_APL,28,EBA_CPZ,true,EBA_CT_EBA_x0,,,
23598,DPM_BAS_CPS_CPZ_MCB_MCG_MCY_MCP_PUR_APL,28,EBA_MCG,true,EBA_MC_EBA_x0,,,
23599,DPM_BAS_CPS_CPZ_MCB_MCG_MCY_MCP_PUR_APL,28,EBA_PUR,true,EBA_PU_EBA_x0,,,
23600,DPM_BAS_CPS_CPZ_MCB_MCG_MCY_MCP_PUR_APL,28,EBA_MCB,true,EBA_MC_EBA_x0,,,
23601,DPM_BAS_CPS_CPZ_MCB_MCG_MCY_MCP_PUR_APL,29,EBA_BAS,true,EBA_BA_EBA_x6,,,
23602,DPM_BAS_CPS_CPZ_MCB_MCG_MCY_MCP_PUR_APL,29,EBA_MCY,true,EBA_MC_EBA_x60,,,
23603,DPM_BAS_CPS_CPZ_MCB_MCG_MCY_MCP_PUR_APL,29,EBA_MCP,true,EBA_MC_EBA_x0,,,
23604,DPM_BAS_CPS_CPZ_MCB_MCG_MCY_MCP_PUR_APL,29,EBA_APL,true,EBA_PL_EBA_x688,,,
23605,DPM_BAS_CPS_CPZ_MCB_MCG_MCY_MCP_PUR_APL,29,EBA_CPS,true,EBA_CT_EBA_x0,,,
23606,DPM_BAS_CPS_CPZ_MCB_MCG_MCY_MCP_PUR_APL,29,EBA_CPZ,true,EBA_CT_EBA_x0,,,
23607,DPM_BAS_CPS_CPZ_MCB_MCG_MCY_MCP_PUR_APL,29,EBA_MCG,true,EBA_MC_EBA_x0,,,
23608,DPM_BAS_CPS_CPZ_MCB_MCG_MCY_MCP_PUR_APL,29,EBA_PUR,true,EBA_PU_EBA_x0,,,
23609,DPM_BAS_CPS_CPZ_MCB_MCG_MCY_MCP_PUR_APL,29,EBA_MCB,true,EBA_MC_EBA_x0,,,
23610,DPM_BAS_CPS_CPZ_MCB_MCG_MCY_MCP_PUR_APL,30,EBA_BAS,true,EBA_BA_EBA_x6,,,
23611,DPM_BAS_CPS_CPZ_MCB_MCG_MCY_MCP_PUR_APL,30,EBA_MCY,true,EBA_MC_EBA_x60,,,
23612,DPM_BAS_CPS_CPZ_MCB_MCG_MCY_MCP_PUR_APL,30,EBA_MCP,true,EBA_MC_EBA_x0,,,
23613,DPM_BAS_CPS_CPZ_MCB_MCG_MCY_MCP_PUR_APL,30,EBA_APL,true,EBA_PL_EBA_x688,,,
23614,DPM_BAS_CPS_CPZ_MCB_MCG_MCY_MCP_PUR_APL,30,EBA_CPS,true,EBA_CT_EBA_x10,,,
23615,DPM_BAS_CPS_CPZ_MCB_MCG_MCY_MCP_PUR_APL,30,EBA_CPZ,true,EBA_CT_EBA_x0,,,
23616,DPM_BAS_CPS_CPZ_MCB_MCG_MCY_MCP_PUR_APL,30,EBA_MCG,true,EBA_MC_EBA_x0,,,
23617,DPM_BAS_CPS_CPZ_MCB_MCG_MCY_MCP_PUR_APL,30,EBA_PUR,true,EBA_PU_EBA_x0,,,
23618,DPM_BAS_CPS_CPZ_MCB_MCG_MCY_MCP_PUR_APL,30,EBA_MCB,true,EBA_MC_EBA_x0,,,
23619,DPM_BAS_CPS_CPZ_MCB_MCG_MCY_MCP_PUR_APL,31,EBA_BAS,true,EBA_BA_EBA_x6,,,
23620,DPM_BAS_CPS_CPZ_MCB_MCG_MCY_MCP_PUR_APL,31,EBA_MCY,true,EBA_MC_EBA_x60,,,
23621,DPM_BAS_CPS_CPZ_MCB_MCG_MCY_MCP_PUR_APL,31,EBA_MCP,true,EBA_MC_EBA_x0,,,
23622,DPM_BAS_CPS_CPZ_MCB_MCG_MCY_MCP_PUR_APL,31,EBA_APL,true,EBA_PL_EBA_x688,,,
23623,DPM_BAS_CPS_CPZ_MCB_MCG_MCY_MCP_PUR_APL,31,EBA_CPS,true,EBA_CT_EBA_x1,,,
23624,DPM_BAS_CPS_CPZ_MCB_MCG_MCY_MCP_PUR_APL,31,EBA_CPZ,true,EBA_CT_EBA_x0,,,
23625,DPM_BAS_CPS_CPZ_MCB_MCG_MCY_MCP_PUR_APL,31,EBA_MCG,true,EBA_MC_EBA_x0,,,
23626,DPM_BAS_CPS_CPZ_MCB_MCG_MCY_MCP_PUR_APL,31,EBA_PUR,true,EBA_PU_EBA_x0,,,
23627,DPM_BAS_CPS_CPZ_MCB_MCG_MCY_MCP_PUR_APL,31,EBA_MCB,true,EBA_MC_EBA_x0,,,
23628,DPM_BAS_CPS_CPZ_MCB_MCG_MCY_MCP_PUR_APL,32,EBA_BAS,true,EBA_BA_EBA_x6,,,
23629,DPM_BAS_CPS_CPZ_MCB_MCG_MCY_MCP_PUR_APL,32,EBA_MCY,true,EBA_MC_EBA_x60,,,
23630,DPM_BAS_CPS_CPZ_MCB_MCG_MCY_MCP_PUR_APL,32,EBA_MCP,true,EBA_MC_EBA_x0,,,
23631,DPM_BAS_CPS_CPZ_MCB_MCG_MCY_MCP_PUR_APL,32,EBA_APL,true,EBA_PL_EBA_x688,,,
23632,DPM_BAS_CPS_CPZ_MCB_MCG_MCY_MCP_PUR_APL,32,EBA_CPS,true,EBA_CT_EBA_x12,,,
23633,DPM_BAS_CPS_CPZ_MCB_MCG_MCY_MCP_PUR_APL,32,EBA_CPZ,true,EBA_CT_EBA_x0,,,
23634,DPM_BAS_CPS_CPZ_MCB_MCG_MCY_MCP_PUR_APL,32,EBA_MCG,true,EBA_MC_EBA_x0,,,
23635,DPM_BAS_CPS_CPZ_MCB_MCG_MCY_MCP_PUR_APL,32,EBA_PUR,true,EBA_PU_EBA_x0,,,
23636,DPM_BAS_CPS_CPZ_MCB_MCG_MCY_MCP_PUR_APL,32,EBA_MCB,true,EBA_MC_EBA_x0,,,
23637,DPM_BAS_CPS_CPZ_MCB_MCG_MCY_MCP_PUR_APL,33,EBA_BAS,true,EBA_BA_EBA_x6,,,
23638,DPM_BAS_CPS_CPZ_MCB_MCG_MCY_MCP_PUR_APL,33,EBA_MCY,true,EBA_MC_EBA_x60,,,
23639,DPM_BAS_CPS_CPZ_MCB_MCG_MCY_MCP_PUR_APL,33,EBA_MCP,true,EBA_MC_EBA_x0,,,
23640,DPM_BAS_CPS_CPZ_MCB_MCG_MCY_MCP_PUR_APL,33,EBA_APL,true,EBA_PL_EBA_x688,,,
23641,DPM_BAS_CPS_CPZ_MCB_MCG_MCY_MCP_PUR_APL,33,EBA_CPS,true,EBA_CT_EBA_x18,,,
23642,DPM_BAS_CPS_CPZ_MCB_MCG_MCY_MCP_PUR_APL,33,EBA_CPZ,true,EBA_CT_EBA_x0,,,
23643,DPM_BAS_CPS_CPZ_MCB_MCG_MCY_MCP_PUR_APL,33,EBA_MCG,true,EBA_MC_EBA_x0,,,
23644,DPM_BAS_CPS_CPZ_MCB_MCG_MCY_MCP_PUR_APL,33,EBA_PUR,true,EBA_PU_EBA_x0,,,
23645,DPM_BAS_CPS_CPZ_MCB_MCG_MCY_MCP_PUR_APL,33,EBA_MCB,true,EBA_MC_EBA_x0,,,
23646,DPM_BAS_CPS_CPZ_MCB_MCG_MCY_MCP_PUR_APL,34,EBA_BAS,true,EBA_BA_EBA_x6,,,
23647,DPM_BAS_CPS_CPZ_MCB_MCG_MCY_MCP_PUR_APL,34,EBA_MCY,true,EBA_MC_EBA_x60,,,
23648,DPM_BAS_CPS_CPZ_MCB_MCG_MCY_MCP_PUR_APL,34,EBA_MCP,true,EBA_MC_EBA_x0,,,
23649,DPM_BAS_CPS_CPZ_MCB_MCG_MCY_MCP_PUR_APL,34,EBA_APL,true,EBA_PL_EBA_x688,,,
23650,DPM_BAS_CPS_CPZ_MCB_MCG_MCY_MCP_PUR_APL,34,EBA_CPS,true,EBA_CT_EBA_x20,,,
23651,DPM_BAS_CPS_CPZ_MCB_MCG_MCY_MCP_PUR_APL,34,EBA_CPZ,true,EBA_CT_EBA_x0,,,
23652,DPM_BAS_CPS_CPZ_MCB_MCG_MCY_MCP_PUR_APL,34,EBA_MCG,true,EBA_MC_EBA_x0,,,
23653,DPM_BAS_CPS_CPZ_MCB_MCG_MCY_MCP_PUR_APL,34,EBA_PUR,true,EBA_PU_EBA_x0,,,
23654,DPM_BAS_CPS_CPZ_MCB_MCG_MCY_MCP_PUR_APL,34,EBA_MCB,true,EBA_MC_EBA_x0,,,
23655,DPM_BAS_CPS_CPZ_MCB_MCG_MCY_MCP_PUR_APL,35,EBA_BAS,true,EBA_BA_EBA_x6,,,
23656,DPM_BAS_CPS_CPZ_MCB_MCG_MCY_MCP_PUR_APL,35,EBA_MCY,true,EBA_MC_EBA_x60,,,
23657,DPM_BAS_CPS_CPZ_MCB_MCG_MCY_MCP_PUR_APL,35,EBA_MCP,true,EBA_MC_EBA_x0,,,
23658,DPM_BAS_CPS_CPZ_MCB_MCG_MCY_MCP_PUR_APL,35,EBA_APL,true,EBA_PL_EBA_x686,,,
23659,DPM_BAS_CPS_CPZ_MCB_MCG_MCY_MCP_PUR_APL,35,EBA_CPS,true,EBA_CT_EBA_x0,,,
23660,DPM_BAS_CPS_CPZ_MCB_MCG_MCY_MCP_PUR_APL,35,EBA_CPZ,true,EBA_CT_EBA_x0,,,
23661,DPM_BAS_CPS_CPZ_MCB_MCG_MCY_MCP_PUR_APL,35,EBA_MCG,true,EBA_MC_EBA_x0,,,
23662,DPM_BAS_CPS_CPZ_MCB_MCG_MCY_MCP_PUR_APL,35,EBA_PUR,true,EBA_PU_EBA_x0,,,
23663,DPM_BAS_CPS_CPZ_MCB_MCG_MCY_MCP_PUR_APL,35,EBA_MCB,true,EBA_MC_EBA_x0,,,
23664,DPM_BAS_CPS_CPZ_MCB_MCG_MCY_MCP_PUR_APL,36,EBA_BAS,true,EBA_BA_EBA_x6,,,
23665,DPM_BAS_CPS_CPZ_MCB_MCG_MCY_MCP_PUR_APL,36,EBA_MCY,true,EBA_MC_EBA_x60,,,
23666,DPM_BAS_CPS_CPZ_MCB_MCG_MCY_MCP_PUR_APL,36,EBA_MCP,true,EBA_MC_EBA_x0,,,
23667,DPM_BAS_CPS_CPZ_MCB_MCG_MCY_MCP_PUR_APL,36,EBA_APL,true,EBA_PL_EBA_x686,,,
23668,DPM_BAS_CPS_CPZ_MCB_MCG_MCY_MCP_PUR_APL,36,EBA_CPS,true,EBA_CT_EBA_x10,,,
23669,DPM_BAS_CPS_CPZ_MCB_MCG_MCY_MCP_PUR_APL,36,EBA_CPZ,true,EBA_CT_EBA_x0,,,
23670,DPM_BAS_CPS_CPZ_MCB_MCG_MCY_MCP_PUR_APL,36,EBA_MCG,true,EBA_MC_EBA_x0,,,
23671,DPM_BAS_CPS_CPZ_MCB_MCG_MCY_MCP_PUR_APL,36,EBA_PUR,true,EBA_PU_EBA_x0,,,
23672,DPM_BAS_CPS_CPZ_MCB_MCG_MCY_MCP_PUR_APL,36,EBA_MCB,true,EBA_MC_EBA_x0,,,
23673,DPM_BAS_CPS_CPZ_MCB_MCG_MCY_MCP_PUR_APL,37,EBA_BAS,true,EBA_BA_EBA_x6,,,
23674,DPM_BAS_CPS_CPZ_MCB_MCG_MCY_MCP_PUR_APL,37,EBA_MCY,true,EBA_MC_EBA_x60,,,
23675,DPM_BAS_CPS_CPZ_MCB_MCG_MCY_MCP_PUR_APL,37,EBA_MCP,true,EBA_MC_EBA_x0,,,
23676,DPM_BAS_CPS_CPZ_MCB_MCG_MCY_MCP_PUR_APL,37,EBA_APL,true,EBA_PL_EBA_x686,,,
23677,DPM_BAS_CPS_CPZ_MCB_MCG_MCY_MCP_PUR_APL,37,EBA_CPS,true,EBA_CT_EBA_x1,,,
23678,DPM_BAS_CPS_CPZ_MCB_MCG_MCY_MCP_PUR_APL,37,EBA_CPZ,true,EBA_CT_EBA_x0,,,
23679,DPM_BAS_CPS_CPZ_MCB_MCG_MCY_MCP_PUR_APL,37,EBA_MCG,true,EBA_MC_EBA_x0,,,
23680,DPM_BAS_CPS_CPZ_MCB_MCG_MCY_MCP_PUR_APL,37,EBA_PUR,true,EBA_PU_EBA_x0,,,
23681,DPM_BAS_CPS_CPZ_MCB_MCG_MCY_MCP_PUR_APL,37,EBA_MCB,true,EBA_MC_EBA_x0,,,
23682,DPM_BAS_CPS_CPZ_MCB_MCG_MCY_MCP_PUR_APL,38,EBA_BAS,true,EBA_BA_EBA_x6,,,
23683,DPM_BAS_CPS_CPZ_MCB_MCG_MCY_MCP_PUR_APL,38,EBA_MCY,true,EBA_MC_EBA_x60,,,
23684,DPM_BAS_CPS_CPZ_MCB_MCG_MCY_MCP_PUR_APL,38,EBA_MCP,true,EBA_MC_EBA_x0,,,
23685,DPM_BAS_CPS_CPZ_MCB_MCG_MCY_MCP_PUR_APL,38,EBA_APL,true,EBA_PL_EBA_x686,,,
23686,DPM_BAS_CPS_CPZ_MCB_MCG_MCY_MCP_PUR_APL,38,EBA_CPS,true,EBA_CT_EBA_x12,,,
23687,DPM_BAS_CPS_CPZ_MCB_MCG_MCY_MCP_PUR_APL,38,EBA_CPZ,true,EBA_CT_EBA_x0,,,
23688,DPM_BAS_CPS_CPZ_MCB_MCG_MCY_MCP_PUR_APL,38,EBA_MCG,true,EBA_MC_EBA_x0,,,
23689,DPM_BAS_CPS_CPZ_MCB_MCG_MCY_MCP_PUR_APL,38,EBA_PUR,true,EBA_PU_EBA_x0,,,
23690,DPM_BAS_CPS_CPZ_MCB_MCG_MCY_MCP_PUR_APL,38,EBA_MCB,true,EBA_MC_EBA_x0,,,
23691,DPM_BAS_CPS_CPZ_MCB_MCG_MCY_MCP_PUR_APL,39,EBA_BAS,true,EBA_BA_EBA_x6,,,
23692,DPM_BAS_CPS_CPZ_MCB_MCG_MCY_MCP_PUR_APL,39,EBA_MCY,true,EBA_MC_EBA_x60,,,
23693,DPM_BAS_CPS_CPZ_MCB_MCG_MCY_MCP_PUR_APL,39,EBA_MCP,true,EBA_MC_EBA_x0,,,
23694,DPM_BAS_CPS_CPZ_MCB_MCG_MCY_MCP_PUR_APL,39,EBA_APL,true,EBA_PL_EBA_x686,,,
23695,DPM_BAS_CPS_CPZ_MCB_MCG_MCY_MCP_PUR_APL,39,EBA_CPS,true,EBA_CT_EBA_x18,,,
23696,DPM_BAS_CPS_CPZ_MCB_MCG_MCY_MCP_PUR_APL,39,EBA_CPZ,true,EBA_CT_EBA_x0,,,
23697,DPM_BAS_CPS_CPZ_MCB_MCG_MCY_MCP_PUR_APL,39,EBA_MCG,true,EBA_MC_EBA_x0,,,
23698,DPM_BAS_CPS_CPZ_MCB_MCG_MCY_MCP_PUR_APL,39,EBA_PUR,true,EBA_PU_EBA_x0,,,
23699,DPM_BAS_CPS_CPZ_MCB_MCG_MCY_MCP_PUR_APL,39,EBA_MCB,true,EBA_MC_EBA_x0,,,
23700,DPM_BAS_CPS_CPZ_MCB_MCG_MCY_MCP_PUR_APL,40,EBA_BAS,true,EBA_BA_EBA_x6,,,
23701,DPM_BAS_CPS_CPZ_MCB_MCG_MCY_MCP_PUR_APL,40,EBA_MCY,true,EBA_MC_EBA_x60,,,
23702,DPM_BAS_CPS_CPZ_MCB_MCG_MCY_MCP_PUR_APL,40,EBA_MCP,true,EBA_MC_EBA_x0,,,
23703,DPM_BAS_CPS_CPZ_MCB_MCG_MCY_MCP_PUR_APL,40,EBA_APL,true,EBA_PL_EBA_x686,,,
23704,DPM_BAS_CPS_CPZ_MCB_MCG_MCY_MCP_PUR_APL,40,EBA_CPS,true,EBA_CT_EBA_x20,,,
23705,DPM_BAS_CPS_CPZ_MCB_MCG_MCY_MCP_PUR_APL,40,EBA_CPZ,true,EBA_CT_EBA_x0,,,
23706,DPM_BAS_CPS_CPZ_MCB_MCG_MCY_MCP_PUR_APL,40,EBA_MCG,true,EBA_MC_EBA_x0,,,
23707,DPM_BAS_CPS_CPZ_MCB_MCG_MCY_MCP_PUR_APL,40,EBA_PUR,true,EBA_PU_EBA_x0,,,
23708,DPM_BAS_CPS_CPZ_MCB_MCG_MCY_MCP_PUR_APL,40,EBA_MCB,true,EBA_MC_EBA_x0,,,
23709,DPM_BAS_CPS_CPZ_MCB_MCG_MCY_MCP_PUR_APL,41,EBA_BAS,true,EBA_BA_EBA_x6,,,
23710,DPM_BAS_CPS_CPZ_MCB_MCG_MCY_MCP_PUR_APL,41,EBA_MCY,true,EBA_MC_EBA_x223,,,
23711,DPM_BAS_CPS_CPZ_MCB_MCG_MCY_MCP_PUR_APL,41,EBA_MCP,true,EBA_MC_EBA_x0,,,
23712,DPM_BAS_CPS_CPZ_MCB_MCG_MCY_MCP_PUR_APL,41,EBA_APL,true,EBA_PL_EBA_x13,,,
23713,DPM_BAS_CPS_CPZ_MCB_MCG_MCY_MCP_PUR_APL,41,EBA_CPS,true,EBA_CT_EBA_x0,,,
23714,DPM_BAS_CPS_CPZ_MCB_MCG_MCY_MCP_PUR_APL,41,EBA_CPZ,true,EBA_CT_EBA_x0,,,
23715,DPM_BAS_CPS_CPZ_MCB_MCG_MCY_MCP_PUR_APL,41,EBA_MCG,true,EBA_MC_EBA_x0,,,
23716,DPM_BAS_CPS_CPZ_MCB_MCG_MCY_MCP_PUR_APL,41,EBA_PUR,true,EBA_PU_EBA_x0,,,
23717,DPM_BAS_CPS_CPZ_MCB_MCG_MCY_MCP_PUR_APL,41,EBA_MCB,true,EBA_MC_EBA_x0,,,
23718,DPM_BAS_CPS_CPZ_MCB_MCG_MCY_MCP_PUR_APL,42,EBA_BAS,true,EBA_BA_EBA_x6,,,
23719,DPM_BAS_CPS_CPZ_MCB_MCG_MCY_MCP_PUR_APL,42,EBA_MCY,true,EBA_MC_EBA_x223,,,
23720,DPM_BAS_CPS_CPZ_MCB_MCG_MCY_MCP_PUR_APL,42,EBA_MCP,true,EBA_MC_EBA_x0,,,
23721,DPM_BAS_CPS_CPZ_MCB_MCG_MCY_MCP_PUR_APL,42,EBA_APL,true,EBA_PL_EBA_x687,,,
23722,DPM_BAS_CPS_CPZ_MCB_MCG_MCY_MCP_PUR_APL,42,EBA_CPS,true,EBA_CT_EBA_x0,,,
23723,DPM_BAS_CPS_CPZ_MCB_MCG_MCY_MCP_PUR_APL,42,EBA_CPZ,true,EBA_CT_EBA_x0,,,
23724,DPM_BAS_CPS_CPZ_MCB_MCG_MCY_MCP_PUR_APL,42,EBA_MCG,true,EBA_MC_EBA_x0,,,
23725,DPM_BAS_CPS_CPZ_MCB_MCG_MCY_MCP_PUR_APL,42,EBA_PUR,true,EBA_PU_EBA_x0,,,
23726,DPM_BAS_CPS_CPZ_MCB_MCG_MCY_MCP_PUR_APL,42,EBA_MCB,true,EBA_MC_EBA_x0,,,
23727,DPM_BAS_CPS_CPZ_MCB_MCG_MCY_MCP_PUR_APL,43,EBA_BAS,true,EBA_BA_EBA_x6,,,
23728,DPM_BAS_CPS_CPZ_MCB_MCG_MCY_MCP_PUR_APL,43,EBA_MCY,true,EBA_MC_EBA_x223,,,
23729,DPM_BAS_CPS_CPZ_MCB_MCG_MCY_MCP_PUR_APL,43,EBA_MCP,true,EBA_MC_EBA_x0,,,
23730,DPM_BAS_CPS_CPZ_MCB_MCG_MCY_MCP_PUR_APL,43,EBA_APL,true,EBA_PL_EBA_x688,,,
23731,DPM_BAS_CPS_CPZ_MCB_MCG_MCY_MCP_PUR_APL,43,EBA_CPS,true,EBA_CT_EBA_x0,,,
23732,DPM_BAS_CPS_CPZ_MCB_MCG_MCY_MCP_PUR_APL,43,EBA_CPZ,true,EBA_CT_EBA_x0,,,
23733,DPM_BAS_CPS_CPZ_MCB_MCG_MCY_MCP_PUR_APL,43,EBA_MCG,true,EBA_MC_EBA_x0,,,
23734,DPM_BAS_CPS_CPZ_MCB_MCG_MCY_MCP_PUR_APL,43,EBA_PUR,true,EBA_PU_EBA_x0,,,
23735,DPM_BAS_CPS_CPZ_MCB_MCG_MCY_MCP_PUR_APL,43,EBA_MCB,true,EBA_MC_EBA_x0,,,
23736,DPM_BAS_CPS_CPZ_MCB_MCG_MCY_MCP_PUR_APL,44,EBA_BAS,true,EBA_BA_EBA_x6,,,
23737,DPM_BAS_CPS_CPZ_MCB_MCG_MCY_MCP_PUR_APL,44,EBA_MCY,true,EBA_MC_EBA_x223,,,
23738,DPM_BAS_CPS_CPZ_MCB_MCG_MCY_MCP_PUR_APL,44,EBA_MCP,true,EBA_MC_EBA_x0,,,
23739,DPM_BAS_CPS_CPZ_MCB_MCG_MCY_MCP_PUR_APL,44,EBA_APL,true,EBA_PL_EBA_x686,,,
23740,DPM_BAS_CPS_CPZ_MCB_MCG_MCY_MCP_PUR_APL,44,EBA_CPS,true,EBA_CT_EBA_x0,,,
23741,DPM_BAS_CPS_CPZ_MCB_MCG_MCY_MCP_PUR_APL,44,EBA_CPZ,true,EBA_CT_EBA_x0,,,
23742,DPM_BAS_CPS_CPZ_MCB_MCG_MCY_MCP_PUR_APL,44,EBA_MCG,true,EBA_MC_EBA_x0,,,
23743,DPM_BAS_CPS_CPZ_MCB_MCG_MCY_MCP_PUR_APL,44,EBA_PUR,true,EBA_PU_EBA_x0,,,
23744,DPM_BAS_CPS_CPZ_MCB_MCG_MCY_MCP_PUR_APL,44,EBA_MCB,true,EBA_MC_EBA_x0,,,
23745,DPM_BAS_CPS_CPZ_MCB_MCG_MCY_MCP_PUR_APL,45,EBA_BAS,true,EBA_BA_EBA_x6,,,
23746,DPM_BAS_CPS_CPZ_MCB_MCG_MCY_MCP_PUR_APL,45,EBA_MCY,true,EBA_MC_EBA_x223,,,
23747,DPM_BAS_CPS_CPZ_MCB_MCG_MCY_MCP_PUR_APL,45,EBA_MCP,true,EBA_MC_EBA_x0,,,
23748,DPM_BAS_CPS_CPZ_MCB_MCG_MCY_MCP_PUR_APL,45,EBA_APL,true,EBA_PL_EBA_x77,,,
23749,DPM_BAS_CPS_CPZ_MCB_MCG_MCY_MCP_PUR_APL,45,EBA_CPS,true,EBA_CT_EBA_x0,,,
23750,DPM_BAS_CPS_CPZ_MCB_MCG_MCY_MCP_PUR_APL,45,EBA_CPZ,true,EBA_CT_EBA_x0,,,
23751,DPM_BAS_CPS_CPZ_MCB_MCG_MCY_MCP_PUR_APL,45,EBA_MCG,true,EBA_MC_EBA_x0,,,
23752,DPM_BAS_CPS_CPZ_MCB_MCG_MCY_MCP_PUR_APL,45,EBA_PUR,true,EBA_PU_EBA_x0,,,
23753,DPM_BAS_CPS_CPZ_MCB_MCG_MCY_MCP_PUR_APL,45,EBA_MCB,true,EBA_MC_EBA_x0,,,
23754,DPM_BAS_CPS_CPZ_MCB_MCG_MCY_MCP_PUR_APL,46,EBA_BAS,true,EBA_BA_EBA_x6,,,
23755,DPM_BAS_CPS_CPZ_MCB_MCG_MCY_MCP_PUR_APL,46,EBA_MCY,true,EBA_MC_EBA_x469,,,
23756,DPM_BAS_CPS_CPZ_MCB_MCG_MCY_MCP_PUR_APL,46,EBA_MCP,true,EBA_MC_EBA_x0,,,
23757,DPM_BAS_CPS_CPZ_MCB_MCG_MCY_MCP_PUR_APL,46,EBA_APL,true,EBA_PL_EBA_x687,,,
23758,DPM_BAS_CPS_CPZ_MCB_MCG_MCY_MCP_PUR_APL,46,EBA_CPS,true,EBA_CT_EBA_x0,,,
23759,DPM_BAS_CPS_CPZ_MCB_MCG_MCY_MCP_PUR_APL,46,EBA_CPZ,true,EBA_CT_EBA_x0,,,
23760,DPM_BAS_CPS_CPZ_MCB_MCG_MCY_MCP_PUR_APL,46,EBA_MCG,true,EBA_MC_EBA_x0,,,
23761,DPM_BAS_CPS_CPZ_MCB_MCG_MCY_MCP_PUR_APL,46,EBA_PUR,true,EBA_PU_EBA_x0,,,
23762,DPM_BAS_CPS_CPZ_MCB_MCG_MCY_MCP_PUR_APL,46,EBA_MCB,true,EBA_MC_EBA_x0,,,
23763,DPM_BAS_CPS_CPZ_MCB_MCG_MCY_MCP_PUR_APL,47,EBA_BAS,true,EBA_BA_EBA_x6,,,
23764,DPM_BAS_CPS_CPZ_MCB_MCG_MCY_MCP_PUR_APL,47,EBA_MCY,true,EBA_MC_EBA_x469,,,
23765,DPM_BAS_CPS_CPZ_MCB_MCG_MCY_MCP_PUR_APL,47,EBA_MCP,true,EBA_MC_EBA_x0,,,
23766,DPM_BAS_CPS_CPZ_MCB_MCG_MCY_MCP_PUR_APL,47,EBA_APL,true,EBA_PL_EBA_x687,,,
23767,DPM_BAS_CPS_CPZ_MCB_MCG_MCY_MCP_PUR_APL,47,EBA_CPS,true,EBA_CT_EBA_x10,,,
23768,DPM_BAS_CPS_CPZ_MCB_MCG_MCY_MCP_PUR_APL,47,EBA_CPZ,true,EBA_CT_EBA_x0,,,
23769,DPM_BAS_CPS_CPZ_MCB_MCG_MCY_MCP_PUR_APL,47,EBA_MCG,true,EBA_MC_EBA_x0,,,
23770,DPM_BAS_CPS_CPZ_MCB_MCG_MCY_MCP_PUR_APL,47,EBA_PUR,true,EBA_PU_EBA_x0,,,
23771,DPM_BAS_CPS_CPZ_MCB_MCG_MCY_MCP_PUR_APL,47,EBA_MCB,true,EBA_MC_EBA_x0,,,
23772,DPM_BAS_CPS_CPZ_MCB_MCG_MCY_MCP_PUR_APL,48,EBA_BAS,true,EBA_BA_EBA_x6,,,
23773,DPM_BAS_CPS_CPZ_MCB_MCG_MCY_MCP_PUR_APL,48,EBA_MCY,true,EBA_MC_EBA_x469,,,
23774,DPM_BAS_CPS_CPZ_MCB_MCG_MCY_MCP_PUR_APL,48,EBA_MCP,true,EBA_MC_EBA_x0,,,
23775,DPM_BAS_CPS_CPZ_MCB_MCG_MCY_MCP_PUR_APL,48,EBA_APL,true,EBA_PL_EBA_x687,,,
23776,DPM_BAS_CPS_CPZ_MCB_MCG_MCY_MCP_PUR_APL,48,EBA_CPS,true,EBA_CT_EBA_x1,,,
23777,DPM_BAS_CPS_CPZ_MCB_MCG_MCY_MCP_PUR_APL,48,EBA_CPZ,true,EBA_CT_EBA_x0,,,
23778,DPM_BAS_CPS_CPZ_MCB_MCG_MCY_MCP_PUR_APL,48,EBA_MCG,true,EBA_MC_EBA_x0,,,
23779,DPM_BAS_CPS_CPZ_MCB_MCG_MCY_MCP_PUR_APL,48,EBA_PUR,true,EBA_PU_EBA_x0,,,
23780,DPM_BAS_CPS_CPZ_MCB_MCG_MCY_MCP_PUR_APL,48,EBA_MCB,true,EBA_MC_EBA_x0,,,
23781,DPM_BAS_CPS_CPZ_MCB_MCG_MCY_MCP_PUR_APL,49,EBA_BAS,true,EBA_BA_EBA_x6,,,
23782,DPM_BAS_CPS_CPZ_MCB_MCG_MCY_MCP_PUR_APL,49,EBA_MCY,true,EBA_MC_EBA_x469,,,
23783,DPM_BAS_CPS_CPZ_MCB_MCG_MCY_MCP_PUR_APL,49,EBA_MCP,true,EBA_MC_EBA_x0,,,
23784,DPM_BAS_CPS_CPZ_MCB_MCG_MCY_MCP_PUR_APL,49,EBA_APL,true,EBA_PL_EBA_x687,,,
23785,DPM_BAS_CPS_CPZ_MCB_MCG_MCY_MCP_PUR_APL,49,EBA_CPS,true,EBA_CT_EBA_x12,,,
23786,DPM_BAS_CPS_CPZ_MCB_MCG_MCY_MCP_PUR_APL,49,EBA_CPZ,true,EBA_CT_EBA_x0,,,
23787,DPM_BAS_CPS_CPZ_MCB_MCG_MCY_MCP_PUR_APL,49,EBA_MCG,true,EBA_MC_EBA_x0,,,
23788,DPM_BAS_CPS_CPZ_MCB_MCG_MCY_MCP_PUR_APL,49,EBA_PUR,true,EBA_PU_EBA_x0,,,
23789,DPM_BAS_CPS_CPZ_MCB_MCG_MCY_MCP_PUR_APL,49,EBA_MCB,true,EBA_MC_EBA_x0,,,
23790,DPM_BAS_CPS_CPZ_MCB_MCG_MCY_MCP_PUR_APL,50,EBA_BAS,true,EBA_BA_EBA_x6,,,
23791,DPM_BAS_CPS_CPZ_MCB_MCG_MCY_MCP_PUR_APL,50,EBA_MCY,true,EBA_MC_EBA_x469,,,
23792,DPM_BAS_CPS_CPZ_MCB_MCG_MCY_MCP_PUR_APL,50,EBA_MCP,true,EBA_MC_EBA_x0,,,
23793,DPM_BAS_CPS_CPZ_MCB_MCG_MCY_MCP_PUR_APL,50,EBA_APL,true,EBA_PL_EBA_x687,,,
23794,DPM_BAS_CPS_CPZ_MCB_MCG_MCY_MCP_PUR_APL,50,EBA_CPS,true,EBA_CT_EBA_x18,,,
23795,DPM_BAS_CPS_CPZ_MCB_MCG_MCY_MCP_PUR_APL,50,EBA_CPZ,true,EBA_CT_EBA_x0,,,
23796,DPM_BAS_CPS_CPZ_MCB_MCG_MCY_MCP_PUR_APL,50,EBA_MCG,true,EBA_MC_EBA_x0,,,
23797,DPM_BAS_CPS_CPZ_MCB_MCG_MCY_MCP_PUR_APL,50,EBA_PUR,true,EBA_PU_EBA_x0,,,
23798,DPM_BAS_CPS_CPZ_MCB_MCG_MCY_MCP_PUR_APL,50,EBA_MCB,true,EBA_MC_EBA_x0,,,
23799,DPM_BAS_CPS_CPZ_MCB_MCG_MCY_MCP_PUR_APL,51,EBA_BAS,true,EBA_BA_EBA_x6,,,
23800,DPM_BAS_CPS_CPZ_MCB_MCG_MCY_MCP_PUR_APL,51,EBA_MCY,true,EBA_MC_EBA_x469,,,
23801,DPM_BAS_CPS_CPZ_MCB_MCG_MCY_MCP_PUR_APL,51,EBA_MCP,true,EBA_MC_EBA_x0,,,
23802,DPM_BAS_CPS_CPZ_MCB_MCG_MCY_MCP_PUR_APL,51,EBA_APL,true,EBA_PL_EBA_x687,,,
23803,DPM_BAS_CPS_CPZ_MCB_MCG_MCY_MCP_PUR_APL,51,EBA_CPS,true,EBA_CT_EBA_x20,,,
23804,DPM_BAS_CPS_CPZ_MCB_MCG_MCY_MCP_PUR_APL,51,EBA_CPZ,true,EBA_CT_EBA_x0,,,
23805,DPM_BAS_CPS_CPZ_MCB_MCG_MCY_MCP_PUR_APL,51,EBA_MCG,true,EBA_MC_EBA_x0,,,
23806,DPM_BAS_CPS_CPZ_MCB_MCG_MCY_MCP_PUR_APL,51,EBA_PUR,true,EBA_PU_EBA_x0,,,
23807,DPM_BAS_CPS_CPZ_MCB_MCG_MCY_MCP_PUR_APL,51,EBA_MCB,true,EBA_MC_EBA_x0,,,
23808,DPM_BAS_CPS_CPZ_MCB_MCG_MCY_MCP_PUR_APL,52,EBA_BAS,true,EBA_BA_EBA_x6,,,
23809,DPM_BAS_CPS_CPZ_MCB_MCG_MCY_MCP_PUR_APL,52,EBA_MCY,true,EBA_MC_EBA_x469,,,
23810,DPM_BAS_CPS_CPZ_MCB_MCG_MCY_MCP_PUR_APL,52,EBA_MCP,true,EBA_MC_EBA_x0,,,
23811,DPM_BAS_CPS_CPZ_MCB_MCG_MCY_MCP_PUR_APL,52,EBA_APL,true,EBA_PL_EBA_x687,,,
23812,DPM_BAS_CPS_CPZ_MCB_MCG_MCY_MCP_PUR_APL,52,EBA_CPS,true,EBA_CT_EBA_x20,,,
23813,DPM_BAS_CPS_CPZ_MCB_MCG_MCY_MCP_PUR_APL,52,EBA_CPZ,true,EBA_CT_EBA_x23,,,
23814,DPM_BAS_CPS_CPZ_MCB_MCG_MCY_MCP_PUR_APL,52,EBA_MCG,true,EBA_MC_EBA_x0,,,
23815,DPM_BAS_CPS_CPZ_MCB_MCG_MCY_MCP_PUR_APL,52,EBA_PUR,true,EBA_PU_EBA_x0,,,
23816,DPM_BAS_CPS_CPZ_MCB_MCG_MCY_MCP_PUR_APL,52,EBA_MCB,true,EBA_MC_EBA_x0,,,
23817,DPM_BAS_CPS_CPZ_MCB_MCG_MCY_MCP_PUR_APL,53,EBA_BAS,true,EBA_BA_EBA_x6,,,
23818,DPM_BAS_CPS_CPZ_MCB_MCG_MCY_MCP_PUR_APL,53,EBA_MCY,true,EBA_MC_EBA_x469,,,
23819,DPM_BAS_CPS_CPZ_MCB_MCG_MCY_MCP_PUR_APL,53,EBA_MCP,true,EBA_MC_EBA_x0,,,
23820,DPM_BAS_CPS_CPZ_MCB_MCG_MCY_MCP_PUR_APL,53,EBA_APL,true,EBA_PL_EBA_x687,,,
23821,DPM_BAS_CPS_CPZ_MCB_MCG_MCY_MCP_PUR_APL,53,EBA_CPS,true,EBA_CT_EBA_x20,,,
23822,DPM_BAS_CPS_CPZ_MCB_MCG_MCY_MCP_PUR_APL,53,EBA_CPZ,true,EBA_CT_EBA_x0,,,
23823,DPM_BAS_CPS_CPZ_MCB_MCG_MCY_MCP_PUR_APL,53,EBA_MCG,true,EBA_MC_EBA_x293,,,
23824,DPM_BAS_CPS_CPZ_MCB_MCG_MCY_MCP_PUR_APL,53,EBA_PUR,true,EBA_PU_EBA_x0,,,
23825,DPM_BAS_CPS_CPZ_MCB_MCG_MCY_MCP_PUR_APL,53,EBA_MCB,true,EBA_MC_EBA_x0,,,
23826,DPM_BAS_CPS_CPZ_MCB_MCG_MCY_MCP_PUR_APL,54,EBA_BAS,true,EBA_BA_EBA_x6,,,
23827,DPM_BAS_CPS_CPZ_MCB_MCG_MCY_MCP_PUR_APL,54,EBA_MCY,true,EBA_MC_EBA_x469,,,
23828,DPM_BAS_CPS_CPZ_MCB_MCG_MCY_MCP_PUR_APL,54,EBA_MCP,true,EBA_MC_EBA_x0,,,
23829,DPM_BAS_CPS_CPZ_MCB_MCG_MCY_MCP_PUR_APL,54,EBA_APL,true,EBA_PL_EBA_x687,,,
23830,DPM_BAS_CPS_CPZ_MCB_MCG_MCY_MCP_PUR_APL,54,EBA_CPS,true,EBA_CT_EBA_x5,,,
23831,DPM_BAS_CPS_CPZ_MCB_MCG_MCY_MCP_PUR_APL,54,EBA_CPZ,true,EBA_CT_EBA_x0,,,
23832,DPM_BAS_CPS_CPZ_MCB_MCG_MCY_MCP_PUR_APL,54,EBA_MCG,true,EBA_MC_EBA_x0,,,
23833,DPM_BAS_CPS_CPZ_MCB_MCG_MCY_MCP_PUR_APL,54,EBA_PUR,true,EBA_PU_EBA_x0,,,
23834,DPM_BAS_CPS_CPZ_MCB_MCG_MCY_MCP_PUR_APL,54,EBA_MCB,true,EBA_MC_EBA_x0,,,
23835,DPM_BAS_CPS_CPZ_MCB_MCG_MCY_MCP_PUR_APL,55,EBA_BAS,true,EBA_BA_EBA_x6,,,
23836,DPM_BAS_CPS_CPZ_MCB_MCG_MCY_MCP_PUR_APL,55,EBA_MCY,true,EBA_MC_EBA_x469,,,
23837,DPM_BAS_CPS_CPZ_MCB_MCG_MCY_MCP_PUR_APL,55,EBA_MCP,true,EBA_MC_EBA_x0,,,
23838,DPM_BAS_CPS_CPZ_MCB_MCG_MCY_MCP_PUR_APL,55,EBA_APL,true,EBA_PL_EBA_x687,,,
23839,DPM_BAS_CPS_CPZ_MCB_MCG_MCY_MCP_PUR_APL,55,EBA_CPS,true,EBA_CT_EBA_x5,,,
23840,DPM_BAS_CPS_CPZ_MCB_MCG_MCY_MCP_PUR_APL,55,EBA_CPZ,true,EBA_CT_EBA_x0,,,
23841,DPM_BAS_CPS_CPZ_MCB_MCG_MCY_MCP_PUR_APL,55,EBA_MCG,true,EBA_MC_EBA_x294,,,
23842,DPM_BAS_CPS_CPZ_MCB_MCG_MCY_MCP_PUR_APL,55,EBA_PUR,true,EBA_PU_EBA_x0,,,
23843,DPM_BAS_CPS_CPZ_MCB_MCG_MCY_MCP_PUR_APL,55,EBA_MCB,true,EBA_MC_EBA_x0,,,
23844,DPM_BAS_CPS_CPZ_MCB_MCG_MCY_MCP_PUR_APL,56,EBA_BAS,true,EBA_BA_EBA_x6,,,
23845,DPM_BAS_CPS_CPZ_MCB_MCG_MCY_MCP_PUR_APL,56,EBA_MCY,true,EBA_MC_EBA_x469,,,
23846,DPM_BAS_CPS_CPZ_MCB_MCG_MCY_MCP_PUR_APL,56,EBA_MCP,true,EBA_MC_EBA_x0,,,
23847,DPM_BAS_CPS_CPZ_MCB_MCG_MCY_MCP_PUR_APL,56,EBA_APL,true,EBA_PL_EBA_x687,,,
23848,DPM_BAS_CPS_CPZ_MCB_MCG_MCY_MCP_PUR_APL,56,EBA_CPS,true,EBA_CT_EBA_x5,,,
23849,DPM_BAS_CPS_CPZ_MCB_MCG_MCY_MCP_PUR_APL,56,EBA_CPZ,true,EBA_CT_EBA_x0,,,
23850,DPM_BAS_CPS_CPZ_MCB_MCG_MCY_MCP_PUR_APL,56,EBA_MCG,true,EBA_MC_EBA_x0,,,
23851,DPM_BAS_CPS_CPZ_MCB_MCG_MCY_MCP_PUR_APL,56,EBA_PUR,true,EBA_PU_EBA_x1,,,
23852,DPM_BAS_CPS_CPZ_MCB_MCG_MCY_MCP_PUR_APL,56,EBA_MCB,true,EBA_MC_EBA_x0,,,
23853,DPM_BAS_CPS_CPZ_MCB_MCG_MCY_MCP_PUR_APL,57,EBA_BAS,true,EBA_BA_EBA_x6,,,
23854,DPM_BAS_CPS_CPZ_MCB_MCG_MCY_MCP_PUR_APL,57,EBA_MCY,true,EBA_MC_EBA_x469,,,
23855,DPM_BAS_CPS_CPZ_MCB_MCG_MCY_MCP_PUR_APL,57,EBA_MCP,true,EBA_MC_EBA_x0,,,
23856,DPM_BAS_CPS_CPZ_MCB_MCG_MCY_MCP_PUR_APL,57,EBA_APL,true,EBA_PL_EBA_x688,,,
23857,DPM_BAS_CPS_CPZ_MCB_MCG_MCY_MCP_PUR_APL,57,EBA_CPS,true,EBA_CT_EBA_x0,,,
23858,DPM_BAS_CPS_CPZ_MCB_MCG_MCY_MCP_PUR_APL,57,EBA_CPZ,true,EBA_CT_EBA_x0,,,
23859,DPM_BAS_CPS_CPZ_MCB_MCG_MCY_MCP_PUR_APL,57,EBA_MCG,true,EBA_MC_EBA_x0,,,
23860,DPM_BAS_CPS_CPZ_MCB_MCG_MCY_MCP_PUR_APL,57,EBA_PUR,true,EBA_PU_EBA_x0,,,
23861,DPM_BAS_CPS_CPZ_MCB_MCG_MCY_MCP_PUR_APL,57,EBA_MCB,true,EBA_MC_EBA_x0,,,
23862,DPM_BAS_CPS_CPZ_MCB_MCG_MCY_MCP_PUR_APL,58,EBA_BAS,true,EBA_BA_EBA_x6,,,
23863,DPM_BAS_CPS_CPZ_MCB_MCG_MCY_MCP_PUR_APL,58,EBA_MCY,true,EBA_MC_EBA_x469,,,
23864,DPM_BAS_CPS_CPZ_MCB_MCG_MCY_MCP_PUR_APL,58,EBA_MCP,true,EBA_MC_EBA_x0,,,
23865,DPM_BAS_CPS_CPZ_MCB_MCG_MCY_MCP_PUR_APL,58,EBA_APL,true,EBA_PL_EBA_x688,,,
23866,DPM_BAS_CPS_CPZ_MCB_MCG_MCY_MCP_PUR_APL,58,EBA_CPS,true,EBA_CT_EBA_x10,,,
23867,DPM_BAS_CPS_CPZ_MCB_MCG_MCY_MCP_PUR_APL,58,EBA_CPZ,true,EBA_CT_EBA_x0,,,
23868,DPM_BAS_CPS_CPZ_MCB_MCG_MCY_MCP_PUR_APL,58,EBA_MCG,true,EBA_MC_EBA_x0,,,
23869,DPM_BAS_CPS_CPZ_MCB_MCG_MCY_MCP_PUR_APL,58,EBA_PUR,true,EBA_PU_EBA_x0,,,
23870,DPM_BAS_CPS_CPZ_MCB_MCG_MCY_MCP_PUR_APL,58,EBA_MCB,true,EBA_MC_EBA_x0,,,
23871,DPM_BAS_CPS_CPZ_MCB_MCG_MCY_MCP_PUR_APL,59,EBA_BAS,true,EBA_BA_EBA_x6,,,
23872,DPM_BAS_CPS_CPZ_MCB_MCG_MCY_MCP_PUR_APL,59,EBA_MCY,true,EBA_MC_EBA_x469,,,
23873,DPM_BAS_CPS_CPZ_MCB_MCG_MCY_MCP_PUR_APL,59,EBA_MCP,true,EBA_MC_EBA_x0,,,
23874,DPM_BAS_CPS_CPZ_MCB_MCG_MCY_MCP_PUR_APL,59,EBA_APL,true,EBA_PL_EBA_x688,,,
23875,DPM_BAS_CPS_CPZ_MCB_MCG_MCY_MCP_PUR_APL,59,EBA_CPS,true,EBA_CT_EBA_x1,,,
23876,DPM_BAS_CPS_CPZ_MCB_MCG_MCY_MCP_PUR_APL,59,EBA_CPZ,true,EBA_CT_EBA_x0,,,
23877,DPM_BAS_CPS_CPZ_MCB_MCG_MCY_MCP_PUR_APL,59,EBA_MCG,true,EBA_MC_EBA_x0,,,
23878,DPM_BAS_CPS_CPZ_MCB_MCG_MCY_MCP_PUR_APL,59,EBA_PUR,true,EBA_PU_EBA_x0,,,
23879,DPM_BAS_CPS_CPZ_MCB_MCG_MCY_MCP_PUR_APL,59,EBA_MCB,true,EBA_MC_EBA_x0,,,
23880,DPM_BAS_CPS_CPZ_MCB_MCG_MCY_MCP_PUR_APL,60,EBA_BAS,true,EBA_BA_EBA_x6,,,
23881,DPM_BAS_CPS_CPZ_MCB_MCG_MCY_MCP_PUR_APL,60,EBA_MCY,true,EBA_MC_EBA_x469,,,
23882,DPM_BAS_CPS_CPZ_MCB_MCG_MCY_MCP_PUR_APL,60,EBA_MCP,true,EBA_MC_EBA_x0,,,
23883,DPM_BAS_CPS_CPZ_MCB_MCG_MCY_MCP_PUR_APL,60,EBA_APL,true,EBA_PL_EBA_x688,,,
23884,DPM_BAS_CPS_CPZ_MCB_MCG_MCY_MCP_PUR_APL,60,EBA_CPS,true,EBA_CT_EBA_x12,,,
23885,DPM_BAS_CPS_CPZ_MCB_MCG_MCY_MCP_PUR_APL,60,EBA_CPZ,true,EBA_CT_EBA_x0,,,
23886,DPM_BAS_CPS_CPZ_MCB_MCG_MCY_MCP_PUR_APL,60,EBA_MCG,true,EBA_MC_EBA_x0,,,
23887,DPM_BAS_CPS_CPZ_MCB_MCG_MCY_MCP_PUR_APL,60,EBA_PUR,true,EBA_PU_EBA_x0,,,
23888,DPM_BAS_CPS_CPZ_MCB_MCG_MCY_MCP_PUR_APL,60,EBA_MCB,true,EBA_MC_EBA_x0,,,
23889,DPM_BAS_CPS_CPZ_MCB_MCG_MCY_MCP_PUR_APL,61,EBA_BAS,true,EBA_BA_EBA_x6,,,
23890,DPM_BAS_CPS_CPZ_MCB_MCG_MCY_MCP_PUR_APL,61,EBA_MCY,true,EBA_MC_EBA_x469,,,
23891,DPM_BAS_CPS_CPZ_MCB_MCG_MCY_MCP_PUR_APL,61,EBA_MCP,true,EBA_MC_EBA_x0,,,
23892,DPM_BAS_CPS_CPZ_MCB_MCG_MCY_MCP_PUR_APL,61,EBA_APL,true,EBA_PL_EBA_x688,,,
23893,DPM_BAS_CPS_CPZ_MCB_MCG_MCY_MCP_PUR_APL,61,EBA_CPS,true,EBA_CT_EBA_x18,,,
23894,DPM_BAS_CPS_CPZ_MCB_MCG_MCY_MCP_PUR_APL,61,EBA_CPZ,true,EBA_CT_EBA_x0,,,
23895,DPM_BAS_CPS_CPZ_MCB_MCG_MCY_MCP_PUR_APL,61,EBA_MCG,true,EBA_MC_EBA_x0,,,
23896,DPM_BAS_CPS_CPZ_MCB_MCG_MCY_MCP_PUR_APL,61,EBA_PUR,true,EBA_PU_EBA_x0,,,
23897,DPM_BAS_CPS_CPZ_MCB_MCG_MCY_MCP_PUR_APL,61,EBA_MCB,true,EBA_MC_EBA_x0,,,
23898,DPM_BAS_CPS_CPZ_MCB_MCG_MCY_MCP_PUR_APL,62,EBA_BAS,true,EBA_BA_EBA_x6,,,
23899,DPM_BAS_CPS_CPZ_MCB_MCG_MCY_MCP_PUR_APL,62,EBA_MCY,true,EBA_MC_EBA_x469,,,
23900,DPM_BAS_CPS_CPZ_MCB_MCG_MCY_MCP_PUR_APL,62,EBA_MCP,true,EBA_MC_EBA_x0,,,
23901,DPM_BAS_CPS_CPZ_MCB_MCG_MCY_MCP_PUR_APL,62,EBA_APL,true,EBA_PL_EBA_x688,,,
23902,DPM_BAS_CPS_CPZ_MCB_MCG_MCY_MCP_PUR_APL,62,EBA_CPS,true,EBA_CT_EBA_x20,,,
23903,DPM_BAS_CPS_CPZ_MCB_MCG_MCY_MCP_PUR_APL,62,EBA_CPZ,true,EBA_CT_EBA_x0,,,
23904,DPM_BAS_CPS_CPZ_MCB_MCG_MCY_MCP_PUR_APL,62,EBA_MCG,true,EBA_MC_EBA_x0,,,
23905,DPM_BAS_CPS_CPZ_MCB_MCG_MCY_MCP_PUR_APL,62,EBA_PUR,true,EBA_PU_EBA_x0,,,
23906,DPM_BAS_CPS_CPZ_MCB_MCG_MCY_MCP_PUR_APL,62,EBA_MCB,true,EBA_MC_EBA_x0,,,
23907,DPM_BAS_CPS_CPZ_MCB_MCG_MCY_MCP_PUR_APL,63,EBA_BAS,true,EBA_BA_EBA_x6,,,
23908,DPM_BAS_CPS_CPZ_MCB_MCG_MCY_MCP_PUR_APL,63,EBA_MCY,true,EBA_MC_EBA_x469,,,
23909,DPM_BAS_CPS_CPZ_MCB_MCG_MCY_MCP_PUR_APL,63,EBA_MCP,true,EBA_MC_EBA_x0,,,
23910,DPM_BAS_CPS_CPZ_MCB_MCG_MCY_MCP_PUR_APL,63,EBA_APL,true,EBA_PL_EBA_x688,,,
23911,DPM_BAS_CPS_CPZ_MCB_MCG_MCY_MCP_PUR_APL,63,EBA_CPS,true,EBA_CT_EBA_x20,,,
23912,DPM_BAS_CPS_CPZ_MCB_MCG_MCY_MCP_PUR_APL,63,EBA_CPZ,true,EBA_CT_EBA_x23,,,
23913,DPM_BAS_CPS_CPZ_MCB_MCG_MCY_MCP_PUR_APL,63,EBA_MCG,true,EBA_MC_EBA_x0,,,
23914,DPM_BAS_CPS_CPZ_MCB_MCG_MCY_MCP_PUR_APL,63,EBA_PUR,true,EBA_PU_EBA_x0,,,
23915,DPM_BAS_CPS_CPZ_MCB_MCG_MCY_MCP_PUR_APL,63,EBA_MCB,true,EBA_MC_EBA_x0,,,
23916,DPM_BAS_CPS_CPZ_MCB_MCG_MCY_MCP_PUR_APL,64,EBA_BAS,true,EBA_BA_EBA_x6,,,
23917,DPM_BAS_CPS_CPZ_MCB_MCG_MCY_MCP_PUR_APL,64,EBA_MCY,true,EBA_MC_EBA_x469,,,
23918,DPM_BAS_CPS_CPZ_MCB_MCG_MCY_MCP_PUR_APL,64,EBA_MCP,true,EBA_MC_EBA_x0,,,
23919,DPM_BAS_CPS_CPZ_MCB_MCG_MCY_MCP_PUR_APL,64,EBA_APL,true,EBA_PL_EBA_x688,,,
23920,DPM_BAS_CPS_CPZ_MCB_MCG_MCY_MCP_PUR_APL,64,EBA_CPS,true,EBA_CT_EBA_x20,,,
23921,DPM_BAS_CPS_CPZ_MCB_MCG_MCY_MCP_PUR_APL,64,EBA_CPZ,true,EBA_CT_EBA_x0,,,
23922,DPM_BAS_CPS_CPZ_MCB_MCG_MCY_MCP_PUR_APL,64,EBA_MCG,true,EBA_MC_EBA_x293,,,
23923,DPM_BAS_CPS_CPZ_MCB_MCG_MCY_MCP_PUR_APL,64,EBA_PUR,true,EBA_PU_EBA_x0,,,
23924,DPM_BAS_CPS_CPZ_MCB_MCG_MCY_MCP_PUR_APL,64,EBA_MCB,true,EBA_MC_EBA_x0,,,
23925,DPM_BAS_CPS_CPZ_MCB_MCG_MCY_MCP_PUR_APL,65,EBA_BAS,true,EBA_BA_EBA_x6,,,
23926,DPM_BAS_CPS_CPZ_MCB_MCG_MCY_MCP_PUR_APL,65,EBA_MCY,true,EBA_MC_EBA_x469,,,
23927,DPM_BAS_CPS_CPZ_MCB_MCG_MCY_MCP_PUR_APL,65,EBA_MCP,true,EBA_MC_EBA_x0,,,
23928,DPM_BAS_CPS_CPZ_MCB_MCG_MCY_MCP_PUR_APL,65,EBA_APL,true,EBA_PL_EBA_x688,,,
23929,DPM_BAS_CPS_CPZ_MCB_MCG_MCY_MCP_PUR_APL,65,EBA_CPS,true,EBA_CT_EBA_x5,,,
23930,DPM_BAS_CPS_CPZ_MCB_MCG_MCY_MCP_PUR_APL,65,EBA_CPZ,true,EBA_CT_EBA_x0,,,
23931,DPM_BAS_CPS_CPZ_MCB_MCG_MCY_MCP_PUR_APL,65,EBA_MCG,true,EBA_MC_EBA_x0,,,
23932,DPM_BAS_CPS_CPZ_MCB_MCG_MCY_MCP_PUR_APL,65,EBA_PUR,true,EBA_PU_EBA_x0,,,
23933,DPM_BAS_CPS_CPZ_MCB_MCG_MCY_MCP_PUR_APL,65,EBA_MCB,true,EBA_MC_EBA_x0,,,
23934,DPM_BAS_CPS_CPZ_MCB_MCG_MCY_MCP_PUR_APL,66,EBA_BAS,true,EBA_BA_EBA_x6,,,
23935,DPM_BAS_CPS_CPZ_MCB_MCG_MCY_MCP_PUR_APL,66,EBA_MCY,true,EBA_MC_EBA_x469,,,
23936,DPM_BAS_CPS_CPZ_MCB_MCG_MCY_MCP_PUR_APL,66,EBA_MCP,true,EBA_MC_EBA_x0,,,
23937,DPM_BAS_CPS_CPZ_MCB_MCG_MCY_MCP_PUR_APL,66,EBA_APL,true,EBA_PL_EBA_x688,,,
23938,DPM_BAS_CPS_CPZ_MCB_MCG_MCY_MCP_PUR_APL,66,EBA_CPS,true,EBA_CT_EBA_x5,,,
23939,DPM_BAS_CPS_CPZ_MCB_MCG_MCY_MCP_PUR_APL,66,EBA_CPZ,true,EBA_CT_EBA_x0,,,
23940,DPM_BAS_CPS_CPZ_MCB_MCG_MCY_MCP_PUR_APL,66,EBA_MCG,true,EBA_MC_EBA_x294,,,
23941,DPM_BAS_CPS_CPZ_MCB_MCG_MCY_MCP_PUR_APL,66,EBA_PUR,true,EBA_PU_EBA_x0,,,
23942,DPM_BAS_CPS_CPZ_MCB_MCG_MCY_MCP_PUR_APL,66,EBA_MCB,true,EBA_MC_EBA_x0,,,
23943,DPM_BAS_CPS_CPZ_MCB_MCG_MCY_MCP_PUR_APL,67,EBA_BAS,true,EBA_BA_EBA_x6,,,
23944,DPM_BAS_CPS_CPZ_MCB_MCG_MCY_MCP_PUR_APL,67,EBA_MCY,true,EBA_MC_EBA_x469,,,
23945,DPM_BAS_CPS_CPZ_MCB_MCG_MCY_MCP_PUR_APL,67,EBA_MCP,true,EBA_MC_EBA_x0,,,
23946,DPM_BAS_CPS_CPZ_MCB_MCG_MCY_MCP_PUR_APL,67,EBA_APL,true,EBA_PL_EBA_x688,,,
23947,DPM_BAS_CPS_CPZ_MCB_MCG_MCY_MCP_PUR_APL,67,EBA_CPS,true,EBA_CT_EBA_x5,,,
23948,DPM_BAS_CPS_CPZ_MCB_MCG_MCY_MCP_PUR_APL,67,EBA_CPZ,true,EBA_CT_EBA_x0,,,
23949,DPM_BAS_CPS_CPZ_MCB_MCG_MCY_MCP_PUR_APL,67,EBA_MCG,true,EBA_MC_EBA_x0,,,
23950,DPM_BAS_CPS_CPZ_MCB_MCG_MCY_MCP_PUR_APL,67,EBA_PUR,true,EBA_PU_EBA_x1,,,
23951,DPM_BAS_CPS_CPZ_MCB_MCG_MCY_MCP_PUR_APL,67,EBA_MCB,true,EBA_MC_EBA_x0,,,
23952,DPM_BAS_CPS_CPZ_MCB_MCG_MCY_MCP_PUR_APL,68,EBA_BAS,true,EBA_BA_EBA_x6,,,
23953,DPM_BAS_CPS_CPZ_MCB_MCG_MCY_MCP_PUR_APL,68,EBA_MCY,true,EBA_MC_EBA_x469,,,
23954,DPM_BAS_CPS_CPZ_MCB_MCG_MCY_MCP_PUR_APL,68,EBA_MCP,true,EBA_MC_EBA_x0,,,
23955,DPM_BAS_CPS_CPZ_MCB_MCG_MCY_MCP_PUR_APL,68,EBA_APL,true,EBA_PL_EBA_x103,,,
23956,DPM_BAS_CPS_CPZ_MCB_MCG_MCY_MCP_PUR_APL,68,EBA_CPS,true,EBA_CT_EBA_x0,,,
23957,DPM_BAS_CPS_CPZ_MCB_MCG_MCY_MCP_PUR_APL,68,EBA_CPZ,true,EBA_CT_EBA_x0,,,
23958,DPM_BAS_CPS_CPZ_MCB_MCG_MCY_MCP_PUR_APL,68,EBA_MCG,true,EBA_MC_EBA_x0,,,
23959,DPM_BAS_CPS_CPZ_MCB_MCG_MCY_MCP_PUR_APL,68,EBA_PUR,true,EBA_PU_EBA_x0,,,
23960,DPM_BAS_CPS_CPZ_MCB_MCG_MCY_MCP_PUR_APL,68,EBA_MCB,true,EBA_MC_EBA_x0,,,
23961,DPM_BAS_CPS_CPZ_MCB_MCG_MCY_MCP_PUR_APL,69,EBA_BAS,true,EBA_BA_EBA_x6,,,
23962,DPM_BAS_CPS_CPZ_MCB_MCG_MCY_MCP_PUR_APL,69,EBA_MCY,true,EBA_MC_EBA_x469,,,
23963,DPM_BAS_CPS_CPZ_MCB_MCG_MCY_MCP_PUR_APL,69,EBA_MCP,true,EBA_MC_EBA_x0,,,
23964,DPM_BAS_CPS_CPZ_MCB_MCG_MCY_MCP_PUR_APL,69,EBA_APL,true,EBA_PL_EBA_x103,,,
23965,DPM_BAS_CPS_CPZ_MCB_MCG_MCY_MCP_PUR_APL,69,EBA_CPS,true,EBA_CT_EBA_x10,,,
23966,DPM_BAS_CPS_CPZ_MCB_MCG_MCY_MCP_PUR_APL,69,EBA_CPZ,true,EBA_CT_EBA_x0,,,
23967,DPM_BAS_CPS_CPZ_MCB_MCG_MCY_MCP_PUR_APL,69,EBA_MCG,true,EBA_MC_EBA_x0,,,
23968,DPM_BAS_CPS_CPZ_MCB_MCG_MCY_MCP_PUR_APL,69,EBA_PUR,true,EBA_PU_EBA_x0,,,
23969,DPM_BAS_CPS_CPZ_MCB_MCG_MCY_MCP_PUR_APL,69,EBA_MCB,true,EBA_MC_EBA_x0,,,
23970,DPM_BAS_CPS_CPZ_MCB_MCG_MCY_MCP_PUR_APL,70,EBA_BAS,true,EBA_BA_EBA_x6,,,
23971,DPM_BAS_CPS_CPZ_MCB_MCG_MCY_MCP_PUR_APL,70,EBA_MCY,true,EBA_MC_EBA_x469,,,
23972,DPM_BAS_CPS_CPZ_MCB_MCG_MCY_MCP_PUR_APL,70,EBA_MCP,true,EBA_MC_EBA_x0,,,
23973,DPM_BAS_CPS_CPZ_MCB_MCG_MCY_MCP_PUR_APL,70,EBA_APL,true,EBA_PL_EBA_x686,,,
23974,DPM_BAS_CPS_CPZ_MCB_MCG_MCY_MCP_PUR_APL,70,EBA_CPS,true,EBA_CT_EBA_x1,,,
23975,DPM_BAS_CPS_CPZ_MCB_MCG_MCY_MCP_PUR_APL,70,EBA_CPZ,true,EBA_CT_EBA_x0,,,
23976,DPM_BAS_CPS_CPZ_MCB_MCG_MCY_MCP_PUR_APL,70,EBA_MCG,true,EBA_MC_EBA_x0,,,
23977,DPM_BAS_CPS_CPZ_MCB_MCG_MCY_MCP_PUR_APL,70,EBA_PUR,true,EBA_PU_EBA_x0,,,
23978,DPM_BAS_CPS_CPZ_MCB_MCG_MCY_MCP_PUR_APL,70,EBA_MCB,true,EBA_MC_EBA_x0,,,
23979,DPM_BAS_CPS_CPZ_MCB_MCG_MCY_MCP_PUR_APL,71,EBA_BAS,true,EBA_BA_EBA_x6,,,
23980,DPM_BAS_CPS_CPZ_MCB_MCG_MCY_MCP_PUR_APL,71,EBA_MCY,true,EBA_MC_EBA_x469,,,
23981,DPM_BAS_CPS_CPZ_MCB_MCG_MCY_MCP_PUR_APL,71,EBA_MCP,true,EBA_MC_EBA_x0,,,
23982,DPM_BAS_CPS_CPZ_MCB_MCG_MCY_MCP_PUR_APL,71,EBA_APL,true,EBA_PL_EBA_x686,,,
23983,DPM_BAS_CPS_CPZ_MCB_MCG_MCY_MCP_PUR_APL,71,EBA_CPS,true,EBA_CT_EBA_x12,,,
23984,DPM_BAS_CPS_CPZ_MCB_MCG_MCY_MCP_PUR_APL,71,EBA_CPZ,true,EBA_CT_EBA_x0,,,
23985,DPM_BAS_CPS_CPZ_MCB_MCG_MCY_MCP_PUR_APL,71,EBA_MCG,true,EBA_MC_EBA_x0,,,
23986,DPM_BAS_CPS_CPZ_MCB_MCG_MCY_MCP_PUR_APL,71,EBA_PUR,true,EBA_PU_EBA_x0,,,
23987,DPM_BAS_CPS_CPZ_MCB_MCG_MCY_MCP_PUR_APL,71,EBA_MCB,true,EBA_MC_EBA_x0,,,
23988,DPM_BAS_CPS_CPZ_MCB_MCG_MCY_MCP_PUR_APL,72,EBA_BAS,true,EBA_BA_EBA_x6,,,
23989,DPM_BAS_CPS_CPZ_MCB_MCG_MCY_MCP_PUR_APL,72,EBA_MCY,true,EBA_MC_EBA_x469,,,
23990,DPM_BAS_CPS_CPZ_MCB_MCG_MCY_MCP_PUR_APL,72,EBA_MCP,true,EBA_MC_EBA_x0,,,
23991,DPM_BAS_CPS_CPZ_MCB_MCG_MCY_MCP_PUR_APL,72,EBA_APL,true,EBA_PL_EBA_x686,,,
23992,DPM_BAS_CPS_CPZ_MCB_MCG_MCY_MCP_PUR_APL,72,EBA_CPS,true,EBA_CT_EBA_x18,,,
23993,DPM_BAS_CPS_CPZ_MCB_MCG_MCY_MCP_PUR_APL,72,EBA_CPZ,true,EBA_CT_EBA_x0,,,
23994,DPM_BAS_CPS_CPZ_MCB_MCG_MCY_MCP_PUR_APL,72,EBA_MCG,true,EBA_MC_EBA_x0,,,
23995,DPM_BAS_CPS_CPZ_MCB_MCG_MCY_MCP_PUR_APL,72,EBA_PUR,true,EBA_PU_EBA_x0,,,
23996,DPM_BAS_CPS_CPZ_MCB_MCG_MCY_MCP_PUR_APL,72,EBA_MCB,true,EBA_MC_EBA_x0,,,
23997,DPM_BAS_CPS_CPZ_MCB_MCG_MCY_MCP_PUR_APL,73,EBA_BAS,true,EBA_BA_EBA_x6,,,
23998,DPM_BAS_CPS_CPZ_MCB_MCG_MCY_MCP_PUR_APL,73,EBA_MCY,true,EBA_MC_EBA_x469,,,
23999,DPM_BAS_CPS_CPZ_MCB_MCG_MCY_MCP_PUR_APL,73,EBA_MCP,true,EBA_MC_EBA_x0,,,
24000,DPM_BAS_CPS_CPZ_MCB_MCG_MCY_MCP_PUR_APL,73,EBA_APL,true,EBA_PL_EBA_x686,,,
24001,DPM_BAS_CPS_CPZ_MCB_MCG_MCY_MCP_PUR_APL,73,EBA_CPS,true,EBA_CT_EBA_x20,,,
24002,DPM_BAS_CPS_CPZ_MCB_MCG_MCY_MCP_PUR_APL,73,EBA_CPZ,true,EBA_CT_EBA_x0,,,
24003,DPM_BAS_CPS_CPZ_MCB_MCG_MCY_MCP_PUR_APL,73,EBA_MCG,true,EBA_MC_EBA_x0,,,
24004,DPM_BAS_CPS_CPZ_MCB_MCG_MCY_MCP_PUR_APL,73,EBA_PUR,true,EBA_PU_EBA_x0,,,
24005,DPM_BAS_CPS_CPZ_MCB_MCG_MCY_MCP_PUR_APL,73,EBA_MCB,true,EBA_MC_EBA_x0,,,
24006,DPM_BAS_CPS_CPZ_MCB_MCG_MCY_MCP_PUR_APL,74,EBA_BAS,true,EBA_BA_EBA_x6,,,
24007,DPM_BAS_CPS_CPZ_MCB_MCG_MCY_MCP_PUR_APL,74,EBA_MCY,true,EBA_MC_EBA_x469,,,
24008,DPM_BAS_CPS_CPZ_MCB_MCG_MCY_MCP_PUR_APL,74,EBA_MCP,true,EBA_MC_EBA_x0,,,
24009,DPM_BAS_CPS_CPZ_MCB_MCG_MCY_MCP_PUR_APL,74,EBA_APL,true,EBA_PL_EBA_x686,,,
24010,DPM_BAS_CPS_CPZ_MCB_MCG_MCY_MCP_PUR_APL,74,EBA_CPS,true,EBA_CT_EBA_x20,,,
24011,DPM_BAS_CPS_CPZ_MCB_MCG_MCY_MCP_PUR_APL,74,EBA_CPZ,true,EBA_CT_EBA_x23,,,
24012,DPM_BAS_CPS_CPZ_MCB_MCG_MCY_MCP_PUR_APL,74,EBA_MCG,true,EBA_MC_EBA_x0,,,
24013,DPM_BAS_CPS_CPZ_MCB_MCG_MCY_MCP_PUR_APL,74,EBA_PUR,true,EBA_PU_EBA_x0,,,
24014,DPM_BAS_CPS_CPZ_MCB_MCG_MCY_MCP_PUR_APL,74,EBA_MCB,true,EBA_MC_EBA_x0,,,
24015,DPM_BAS_CPS_CPZ_MCB_MCG_MCY_MCP_PUR_APL,75,EBA_BAS,true,EBA_BA_EBA_x6,,,
24016,DPM_BAS_CPS_CPZ_MCB_MCG_MCY_MCP_PUR_APL,75,EBA_MCY,true,EBA_MC_EBA_x469,,,
24017,DPM_BAS_CPS_CPZ_MCB_MCG_MCY_MCP_PUR_APL,75,EBA_MCP,true,EBA_MC_EBA_x0,,,
24018,DPM_BAS_CPS_CPZ_MCB_MCG_MCY_MCP_PUR_APL,75,EBA_APL,true,EBA_PL_EBA_x686,,,
24019,DPM_BAS_CPS_CPZ_MCB_MCG_MCY_MCP_PUR_APL,75,EBA_CPS,true,EBA_CT_EBA_x20,,,
24020,DPM_BAS_CPS_CPZ_MCB_MCG_MCY_MCP_PUR_APL,75,EBA_CPZ,true,EBA_CT_EBA_x0,,,
24021,DPM_BAS_CPS_CPZ_MCB_MCG_MCY_MCP_PUR_APL,75,EBA_MCG,true,EBA_MC_EBA_x293,,,
24022,DPM_BAS_CPS_CPZ_MCB_MCG_MCY_MCP_PUR_APL,75,EBA_PUR,true,EBA_PU_EBA_x0,,,
24023,DPM_BAS_CPS_CPZ_MCB_MCG_MCY_MCP_PUR_APL,75,EBA_MCB,true,EBA_MC_EBA_x0,,,
24024,DPM_BAS_CPS_CPZ_MCB_MCG_MCY_MCP_PUR_APL,76,EBA_BAS,true,EBA_BA_EBA_x6,,,
24025,DPM_BAS_CPS_CPZ_MCB_MCG_MCY_MCP_PUR_APL,76,EBA_MCY,true,EBA_MC_EBA_x469,,,
24026,DPM_BAS_CPS_CPZ_MCB_MCG_MCY_MCP_PUR_APL,76,EBA_MCP,true,EBA_MC_EBA_x0,,,
24027,DPM_BAS_CPS_CPZ_MCB_MCG_MCY_MCP_PUR_APL,76,EBA_APL,true,EBA_PL_EBA_x686,,,
24028,DPM_BAS_CPS_CPZ_MCB_MCG_MCY_MCP_PUR_APL,76,EBA_CPS,true,EBA_CT_EBA_x5,,,
24029,DPM_BAS_CPS_CPZ_MCB_MCG_MCY_MCP_PUR_APL,76,EBA_CPZ,true,EBA_CT_EBA_x0,,,
24030,DPM_BAS_CPS_CPZ_MCB_MCG_MCY_MCP_PUR_APL,76,EBA_MCG,true,EBA_MC_EBA_x0,,,
24031,DPM_BAS_CPS_CPZ_MCB_MCG_MCY_MCP_PUR_APL,76,EBA_PUR,true,EBA_PU_EBA_x0,,,
24032,DPM_BAS_CPS_CPZ_MCB_MCG_MCY_MCP_PUR_APL,76,EBA_MCB,true,EBA_MC_EBA_x0,,,
24033,DPM_BAS_CPS_CPZ_MCB_MCG_MCY_MCP_PUR_APL,77,EBA_BAS,true,EBA_BA_EBA_x6,,,
24034,DPM_BAS_CPS_CPZ_MCB_MCG_MCY_MCP_PUR_APL,77,EBA_MCY,true,EBA_MC_EBA_x469,,,
24035,DPM_BAS_CPS_CPZ_MCB_MCG_MCY_MCP_PUR_APL,77,EBA_MCP,true,EBA_MC_EBA_x0,,,
24036,DPM_BAS_CPS_CPZ_MCB_MCG_MCY_MCP_PUR_APL,77,EBA_APL,true,EBA_PL_EBA_x686,,,
24037,DPM_BAS_CPS_CPZ_MCB_MCG_MCY_MCP_PUR_APL,77,EBA_CPS,true,EBA_CT_EBA_x5,,,
24038,DPM_BAS_CPS_CPZ_MCB_MCG_MCY_MCP_PUR_APL,77,EBA_CPZ,true,EBA_CT_EBA_x0,,,
24039,DPM_BAS_CPS_CPZ_MCB_MCG_MCY_MCP_PUR_APL,77,EBA_MCG,true,EBA_MC_EBA_x294,,,
24040,DPM_BAS_CPS_CPZ_MCB_MCG_MCY_MCP_PUR_APL,77,EBA_PUR,true,EBA_PU_EBA_x0,,,
24041,DPM_BAS_CPS_CPZ_MCB_MCG_MCY_MCP_PUR_APL,77,EBA_MCB,true,EBA_MC_EBA_x0,,,
24042,DPM_BAS_CPS_CPZ_MCB_MCG_MCY_MCP_PUR_APL,78,EBA_BAS,true,EBA_BA_EBA_x6,,,
24043,DPM_BAS_CPS_CPZ_MCB_MCG_MCY_MCP_PUR_APL,78,EBA_MCY,true,EBA_MC_EBA_x469,,,
24044,DPM_BAS_CPS_CPZ_MCB_MCG_MCY_MCP_PUR_APL,78,EBA_MCP,true,EBA_MC_EBA_x0,,,
24045,DPM_BAS_CPS_CPZ_MCB_MCG_MCY_MCP_PUR_APL,78,EBA_APL,true,EBA_PL_EBA_x686,,,
24046,DPM_BAS_CPS_CPZ_MCB_MCG_MCY_MCP_PUR_APL,78,EBA_CPS,true,EBA_CT_EBA_x5,,,
24047,DPM_BAS_CPS_CPZ_MCB_MCG_MCY_MCP_PUR_APL,78,EBA_CPZ,true,EBA_CT_EBA_x0,,,
24048,DPM_BAS_CPS_CPZ_MCB_MCG_MCY_MCP_PUR_APL,78,EBA_MCG,true,EBA_MC_EBA_x0,,,
24049,DPM_BAS_CPS_CPZ_MCB_MCG_MCY_MCP_PUR_APL,78,EBA_PUR,true,EBA_PU_EBA_x1,,,
24050,DPM_BAS_CPS_CPZ_MCB_MCG_MCY_MCP_PUR_APL,78,EBA_MCB,true,EBA_MC_EBA_x0,,,
24051,DPM_BAS_CPS_CPZ_MCB_MCG_MCY_MCP_PUR_APL,79,EBA_BAS,true,EBA_BA_EBA_x6,,,
24052,DPM_BAS_CPS_CPZ_MCB_MCG_MCY_MCP_PUR_APL,79,EBA_MCY,true,EBA_MC_EBA_x469,,,
24053,DPM_BAS_CPS_CPZ_MCB_MCG_MCY_MCP_PUR_APL,79,EBA_MCP,true,EBA_MC_EBA_x0,,,
24054,DPM_BAS_CPS_CPZ_MCB_MCG_MCY_MCP_PUR_APL,79,EBA_APL,true,EBA_PL_EBA_x103,,,
24055,DPM_BAS_CPS_CPZ_MCB_MCG_MCY_MCP_PUR_APL,79,EBA_CPS,true,EBA_CT_EBA_x12,,,
24056,DPM_BAS_CPS_CPZ_MCB_MCG_MCY_MCP_PUR_APL,79,EBA_CPZ,true,EBA_CT_EBA_x0,,,
24057,DPM_BAS_CPS_CPZ_MCB_MCG_MCY_MCP_PUR_APL,79,EBA_MCG,true,EBA_MC_EBA_x0,,,
24058,DPM_BAS_CPS_CPZ_MCB_MCG_MCY_MCP_PUR_APL,79,EBA_PUR,true,EBA_PU_EBA_x0,,,
24059,DPM_BAS_CPS_CPZ_MCB_MCG_MCY_MCP_PUR_APL,79,EBA_MCB,true,EBA_MC_EBA_x0,,,
24060,DPM_IMS_PFS_TPD_2.9,0,EBA_IMS,true,EBA_IM_EBA_x0,,,
24061,DPM_IMS_PFS_TPD_2.9,0,EBA_PFS,true,EBA_IM_EBA_x0,,,
24062,DPM_IMS_PFS_TPD_2.9,0,EBA_TPD,true,EBA_TI_EBA_x0,,,
24063,DPM_IMS_PFS_TPD_2.9,1,EBA_IMS,true,EBA_IM_EBA_x0,,,
24064,DPM_IMS_PFS_TPD_2.9,1,EBA_PFS,true,EBA_IM_EBA_x17,,,
24065,DPM_IMS_PFS_TPD_2.9,1,EBA_TPD,true,EBA_TI_EBA_x0,,,
24066,DPM_IMS_PFS_TPD_2.9,2,EBA_IMS,true,EBA_IM_EBA_x33,,,
24067,DPM_IMS_PFS_TPD_2.9,2,EBA_PFS,true,EBA_IM_EBA_x17,,,
24068,DPM_IMS_PFS_TPD_2.9,2,EBA_TPD,true,EBA_TI_EBA_x0,,,
24069,DPM_IMS_PFS_TPD_2.9,3,EBA_IMS,true,EBA_IM_EBA_x34,,,
24070,DPM_IMS_PFS_TPD_2.9,3,EBA_PFS,true,EBA_IM_EBA_x17,,,
24071,DPM_IMS_PFS_TPD_2.9,3,EBA_TPD,true,EBA_TI_EBA_x0,,,
24072,DPM_IMS_PFS_TPD_2.9,4,EBA_IMS,true,EBA_IM_EBA_x0,,,
24073,DPM_IMS_PFS_TPD_2.9,4,EBA_PFS,true,EBA_IM_EBA_x16,,,
24074,DPM_IMS_PFS_TPD_2.9,4,EBA_TPD,true,EBA_TI_EBA_x0,,,
24075,DPM_IMS_PFS_TPD_2.9,5,EBA_IMS,true,EBA_IM_EBA_x0,,,
24076,DPM_IMS_PFS_TPD_2.9,5,EBA_PFS,true,EBA_IM_EBA_x16,,,
24077,DPM_IMS_PFS_TPD_2.9,5,EBA_TPD,true,EBA_TI_EBA_x33,,,
24078,DPM_IMS_PFS_TPD_2.9,6,EBA_IMS,true,EBA_IM_EBA_x0,,,
24079,DPM_IMS_PFS_TPD_2.9,6,EBA_PFS,true,EBA_IM_EBA_x16,,,
24080,DPM_IMS_PFS_TPD_2.9,6,EBA_TPD,true,EBA_TI_EBA_x5,,,
24081,DPM_IMS_PFS_TPD_2.9,7,EBA_IMS,true,EBA_IM_EBA_x0,,,
24082,DPM_IMS_PFS_TPD_2.9,7,EBA_PFS,true,EBA_IM_EBA_x16,,,
24083,DPM_IMS_PFS_TPD_2.9,7,EBA_TPD,true,EBA_TI_EBA_x2,,,
24084,DPM_IMS_PFS_TPD_2.9,8,EBA_IMS,true,EBA_IM_EBA_x0,,,
24085,DPM_IMS_PFS_TPD_2.9,8,EBA_PFS,true,EBA_IM_EBA_x16,,,
24086,DPM_IMS_PFS_TPD_2.9,8,EBA_TPD,true,EBA_TI_EBA_x27,,,
24087,DPM_IMS_PFS_TPD_2.9,9,EBA_IMS,true,EBA_IM_EBA_x0,,,
24088,DPM_IMS_PFS_TPD_2.9,9,EBA_PFS,true,EBA_IM_EBA_x16,,,
24089,DPM_IMS_PFS_TPD_2.9,9,EBA_TPD,true,EBA_TI_EBA_x29,,,
24090,DPM_IMS_PFS_TPD_2.9,10,EBA_IMS,true,EBA_IM_EBA_x0,,,
24091,DPM_IMS_PFS_TPD_2.9,10,EBA_PFS,true,EBA_IM_EBA_x16,,,
24092,DPM_IMS_PFS_TPD_2.9,10,EBA_TPD,true,EBA_TI_EBA_x125,,,
24093,DPM_IMS_PFS_TPD_2.9,11,EBA_IMS,true,EBA_IM_EBA_x0,,,
24094,DPM_IMS_PFS_TPD_2.9,11,EBA_PFS,true,EBA_IM_EBA_x16,,,
24095,DPM_IMS_PFS_TPD_2.9,11,EBA_TPD,true,EBA_TI_EBA_x126,,,
24096,DPM_IMS_PFS_TPD_2.9,12,EBA_IMS,true,EBA_IM_EBA_x34,,,
24097,DPM_IMS_PFS_TPD_2.9,12,EBA_PFS,true,EBA_IM_EBA_x16,,,
24098,DPM_IMS_PFS_TPD_2.9,12,EBA_TPD,true,EBA_TI_EBA_x0,,,
24099,DPM_IMS_PFS_TPD_2.9,13,EBA_IMS,true,EBA_IM_EBA_x35,,,
24100,DPM_IMS_PFS_TPD_2.9,13,EBA_PFS,true,EBA_IM_EBA_x16,,,
24101,DPM_IMS_PFS_TPD_2.9,13,EBA_TPD,true,EBA_TI_EBA_x0,,,
24102,DPM_PAF,0,EBA_PAF,true,EBA_RF_EBA_x52,,,
24103,DPM_PAF,1,EBA_PAF,true,EBA_RF_EBA_x0,,,
24104,DPM_TFM,0,EBA_TFM,true,EBA_IM_EBA_x50,,,
24105,DPM_TFM,1,EBA_TFM,true,EBA_IM_EBA_x51,,,
24106,DPM_TFM,2,EBA_TFM,true,EBA_IM_EBA_x52,,,
24107,DPM_TFM,3,EBA_TFM,true,EBA_IM_EBA_x53,,,
24108,DPM_TFM,4,EBA_TFM,true,EBA_IM_EBA_x54,,,
24109,DPM_TFM,5,EBA_TFM,true,EBA_IM_EBA_x55,,,
24110,DPM_TFM,6,EBA_TFM,true,EBA_IM_EBA_x56,,,
24111,DPM_TFM,7,EBA_TFM,true,EBA_IM_EBA_x0,,,
24112,DPM_FRS,0,EBA_FRS,true,EBA_AP_EBA_x682,,,
24113,DPM_FRS,1,EBA_FRS,true,EBA_AP_EBA_x0,,,
24114,DPM_FRS,2,EBA_FRS,true,EBA_AP_EBA_x683,,,
24115,DPM_FRS,3,EBA_FRS,true,EBA_AP_EBA_x680,,,
24116,DPM_FRS,4,EBA_FRS,true,EBA_AP_EBA_x679,,,
24117,DPM_FRS,5,EBA_FRS,true,EBA_AP_EBA_x681,,,
24118,DPM_MCP,0,EBA_MCP,true,EBA_MC_EBA_x0,,,
24119,DPM_MCP,1,EBA_MCP,true,EBA_MC_EBA_x221,,,
24120,DPM_MCP,2,EBA_MCP,true,EBA_MC_EBA_x154,,,
24121,DPM_MCP,3,EBA_MCP,true,EBA_MC_EBA_x52,,,
24122,DPM_MCP,4,EBA_MCP,true,EBA_MC_EBA_x251,,,
24123,DPM_ALO,0,EBA_ALO,true,EBA_IM_EBA_x1,,,
24124,DPM_ALO,1,EBA_ALO,true,EBA_IM_EBA_x111,,,
24125,DPM_ALO,2,EBA_ALO,true,EBA_IM_EBA_x112,,,
24126,DPM_RCP,0,EBA_RCP,true,EBA_GA_EBA_x29,,,
24127,DPM_RCP,1,EBA_RCP,true,EBA_GA_EBA_x31,,,
24128,DPM_RCP,2,EBA_RCP,true,EBA_GA_EBA_x32,,,
24129,DPM_RCP,3,EBA_RCP,true,EBA_GA_EBA_AD,,,
24130,DPM_RCP,4,EBA_RCP,true,EBA_GA_EBA_AE,,,
24131,DPM_RCP,5,EBA_RCP,true,EBA_GA_EBA_AF,,,
24132,DPM_RCP,6,EBA_RCP,true,EBA_GA_EBA_AG,,,
24133,DPM_RCP,7,EBA_RCP,true,EBA_GA_EBA_AI,,,
24134,DPM_RCP,8,EBA_RCP,true,EBA_GA_EBA_AL,,,
24135,DPM_RCP,9,EBA_RCP,true,EBA_GA_EBA_AM,,,
24136,DPM_RCP,10,EBA_RCP,true,EBA_GA_EBA_AO,,,
24137,DPM_RCP,11,EBA_RCP,true,EBA_GA_EBA_AQ,,,
24138,DPM_RCP,12,EBA_RCP,true,EBA_GA_EBA_AR,,,
24139,DPM_RCP,13,EBA_RCP,true,EBA_GA_EBA_AS,,,
24140,DPM_RCP,14,EBA_RCP,true,EBA_GA_EBA_AT,,,
24141,DPM_RCP,15,EBA_RCP,true,EBA_GA_EBA_AU,,,
24142,DPM_RCP,16,EBA_RCP,true,EBA_GA_EBA_AW,,,
24143,DPM_RCP,17,EBA_RCP,true,EBA_GA_EBA_AX,,,
24144,DPM_RCP,18,EBA_RCP,true,EBA_GA_EBA_AZ,,,
24145,DPM_RCP,19,EBA_RCP,true,EBA_GA_EBA_BA,,,
24146,DPM_RCP,20,EBA_RCP,true,EBA_GA_EBA_BB,,,
24147,DPM_RCP,21,EBA_RCP,true,EBA_GA_EBA_BD,,,
24148,DPM_RCP,22,EBA_RCP,true,EBA_GA_EBA_BE,,,
24149,DPM_RCP,23,EBA_RCP,true,EBA_GA_EBA_BF,,,
24150,DPM_RCP,24,EBA_RCP,true,EBA_GA_EBA_BG,,,
24151,DPM_RCP,25,EBA_RCP,true,EBA_GA_EBA_BH,,,
24152,DPM_RCP,26,EBA_RCP,true,EBA_GA_EBA_BI,,,
24153,DPM_RCP,27,EBA_RCP,true,EBA_GA_EBA_BJ,,,
24154,DPM_RCP,28,EBA_RCP,true,EBA_GA_EBA_BL,,,
24155,DPM_RCP,29,EBA_RCP,true,EBA_GA_EBA_BM,,,
24156,DPM_RCP,30,EBA_RCP,true,EBA_GA_EBA_BN,,,
24157,DPM_RCP,31,EBA_RCP,true,EBA_GA_EBA_BO,,,
24158,DPM_RCP,32,EBA_RCP,true,EBA_GA_EBA_BQ,,,
24159,DPM_RCP,33,EBA_RCP,true,EBA_GA_EBA_BR,,,
24160,DPM_RCP,34,EBA_RCP,true,EBA_GA_EBA_BS,,,
24161,DPM_RCP,35,EBA_RCP,true,EBA_GA_EBA_BT,,,
24162,DPM_RCP,36,EBA_RCP,true,EBA_GA_EBA_BV,,,
24163,DPM_RCP,37,EBA_RCP,true,EBA_GA_EBA_BW,,,
24164,DPM_RCP,38,EBA_RCP,true,EBA_GA_EBA_BY,,,
24165,DPM_RCP,39,EBA_RCP,true,EBA_GA_EBA_BZ,,,
24166,DPM_RCP,40,EBA_RCP,true,EBA_GA_EBA_CA,,,
24167,DPM_RCP,41,EBA_RCP,true,EBA_GA_EBA_CC,,,
24168,DPM_RCP,42,EBA_RCP,true,EBA_GA_EBA_CD,,,
24169,DPM_RCP,43,EBA_RCP,true,EBA_GA_EBA_CF,,,
24170,DPM_RCP,44,EBA_RCP,true,EBA_GA_EBA_CG,,,
24171,DPM_RCP,45,EBA_RCP,true,EBA_GA_EBA_CH,,,
24172,DPM_RCP,46,EBA_RCP,true,EBA_GA_EBA_CI,,,
24173,DPM_RCP,47,EBA_RCP,true,EBA_GA_EBA_CK,,,
24174,DPM_RCP,48,EBA_RCP,true,EBA_GA_EBA_CL,,,
24175,DPM_RCP,49,EBA_RCP,true,EBA_GA_EBA_CM,,,
24176,DPM_RCP,50,EBA_RCP,true,EBA_GA_EBA_CN,,,
24177,DPM_RCP,51,EBA_RCP,true,EBA_GA_EBA_CO,,,
24178,DPM_RCP,52,EBA_RCP,true,EBA_GA_EBA_CR,,,
24179,DPM_RCP,53,EBA_RCP,true,EBA_GA_EBA_CU,,,
24180,DPM_RCP,54,EBA_RCP,true,EBA_GA_EBA_CV,,,
24181,DPM_RCP,55,EBA_RCP,true,EBA_GA_EBA_CW,,,
24182,DPM_RCP,56,EBA_RCP,true,EBA_GA_EBA_CX,,,
24183,DPM_RCP,57,EBA_RCP,true,EBA_GA_EBA_CY,,,
24184,DPM_RCP,58,EBA_RCP,true,EBA_GA_EBA_CZ,,,
24185,DPM_RCP,59,EBA_RCP,true,EBA_GA_EBA_DE,,,
24186,DPM_RCP,60,EBA_RCP,true,EBA_GA_EBA_DJ,,,
24187,DPM_RCP,61,EBA_RCP,true,EBA_GA_EBA_DK,,,
24188,DPM_RCP,62,EBA_RCP,true,EBA_GA_EBA_DM,,,
24189,DPM_RCP,63,EBA_RCP,true,EBA_GA_EBA_DO,,,
24190,DPM_RCP,64,EBA_RCP,true,EBA_GA_EBA_DZ,,,
24191,DPM_RCP,65,EBA_RCP,true,EBA_GA_EBA_EC,,,
24192,DPM_RCP,66,EBA_RCP,true,EBA_GA_EBA_EE,,,
24193,DPM_RCP,67,EBA_RCP,true,EBA_GA_EBA_EG,,,
24194,DPM_RCP,68,EBA_RCP,true,EBA_GA_EBA_EH,,,
24195,DPM_RCP,69,EBA_RCP,true,EBA_GA_EBA_ER,,,
24196,DPM_RCP,70,EBA_RCP,true,EBA_GA_EBA_ES,,,
24197,DPM_RCP,71,EBA_RCP,true,EBA_GA_EBA_ET,,,
24198,DPM_RCP,72,EBA_RCP,true,EBA_GA_EBA_FI,,,
24199,DPM_RCP,73,EBA_RCP,true,EBA_GA_EBA_FJ,,,
24200,DPM_RCP,74,EBA_RCP,true,EBA_GA_EBA_FK,,,
24201,DPM_RCP,75,EBA_RCP,true,EBA_GA_EBA_FM,,,
24202,DPM_RCP,76,EBA_RCP,true,EBA_GA_EBA_FO,,,
24203,DPM_RCP,77,EBA_RCP,true,EBA_GA_EBA_FR,,,
24204,DPM_RCP,78,EBA_RCP,true,EBA_GA_EBA_GA,,,
24205,DPM_RCP,79,EBA_RCP,true,EBA_GA_EBA_GB,,,
24206,DPM_RCP,80,EBA_RCP,true,EBA_GA_EBA_GD,,,
24207,DPM_RCP,81,EBA_RCP,true,EBA_GA_EBA_GE,,,
24208,DPM_RCP,82,EBA_RCP,true,EBA_GA_EBA_GF,,,
24209,DPM_RCP,83,EBA_RCP,true,EBA_GA_EBA_GG,,,
24210,DPM_RCP,84,EBA_RCP,true,EBA_GA_EBA_GH,,,
24211,DPM_RCP,85,EBA_RCP,true,EBA_GA_EBA_GI,,,
24212,DPM_RCP,86,EBA_RCP,true,EBA_GA_EBA_GL,,,
24213,DPM_RCP,87,EBA_RCP,true,EBA_GA_EBA_GM,,,
24214,DPM_RCP,88,EBA_RCP,true,EBA_GA_EBA_GN,,,
24215,DPM_RCP,89,EBA_RCP,true,EBA_GA_EBA_GP,,,
24216,DPM_RCP,90,EBA_RCP,true,EBA_GA_EBA_GQ,,,
24217,DPM_RCP,91,EBA_RCP,true,EBA_GA_EBA_GR,,,
24218,DPM_RCP,92,EBA_RCP,true,EBA_GA_EBA_GS,,,
24219,DPM_RCP,93,EBA_RCP,true,EBA_GA_EBA_GT,,,
24220,DPM_RCP,94,EBA_RCP,true,EBA_GA_EBA_GU,,,
24221,DPM_RCP,95,EBA_RCP,true,EBA_GA_EBA_GW,,,
24222,DPM_RCP,96,EBA_RCP,true,EBA_GA_EBA_GY,,,
24223,DPM_RCP,97,EBA_RCP,true,EBA_GA_EBA_HK,,,
24224,DPM_RCP,98,EBA_RCP,true,EBA_GA_EBA_HM,,,
24225,DPM_RCP,99,EBA_RCP,true,EBA_GA_EBA_HN,,,
24226,DPM_RCP,100,EBA_RCP,true,EBA_GA_EBA_HR,,,
24227,DPM_RCP,101,EBA_RCP,true,EBA_GA_EBA_HT,,,
24228,DPM_RCP,102,EBA_RCP,true,EBA_GA_EBA_HU,,,
24229,DPM_RCP,103,EBA_RCP,true,EBA_GA_EBA_ID,,,
24230,DPM_RCP,104,EBA_RCP,true,EBA_GA_EBA_IE,,,
24231,DPM_RCP,105,EBA_RCP,true,EBA_GA_EBA_IL,,,
24232,DPM_RCP,106,EBA_RCP,true,EBA_GA_EBA_IM,,,
24233,DPM_RCP,107,EBA_RCP,true,EBA_GA_EBA_IN,,,
24234,DPM_RCP,108,EBA_RCP,true,EBA_GA_EBA_IO,,,
24235,DPM_RCP,109,EBA_RCP,true,EBA_GA_EBA_IQ,,,
24236,DPM_RCP,110,EBA_RCP,true,EBA_GA_EBA_IR,,,
24237,DPM_RCP,111,EBA_RCP,true,EBA_GA_EBA_IS,,,
24238,DPM_RCP,112,EBA_RCP,true,EBA_GA_EBA_IT,,,
24239,DPM_RCP,113,EBA_RCP,true,EBA_GA_EBA_JE,,,
24240,DPM_RCP,114,EBA_RCP,true,EBA_GA_EBA_JM,,,
24241,DPM_RCP,115,EBA_RCP,true,EBA_GA_EBA_JO,,,
24242,DPM_RCP,116,EBA_RCP,true,EBA_GA_EBA_JP,,,
24243,DPM_RCP,117,EBA_RCP,true,EBA_GA_EBA_KE,,,
24244,DPM_RCP,118,EBA_RCP,true,EBA_GA_EBA_KG,,,
24245,DPM_RCP,119,EBA_RCP,true,EBA_GA_EBA_KH,,,
24246,DPM_RCP,120,EBA_RCP,true,EBA_GA_EBA_KI,,,
24247,DPM_RCP,121,EBA_RCP,true,EBA_GA_EBA_KM,,,
24248,DPM_RCP,122,EBA_RCP,true,EBA_GA_EBA_KN,,,
24249,DPM_RCP,123,EBA_RCP,true,EBA_GA_EBA_KP,,,
24250,DPM_RCP,124,EBA_RCP,true,EBA_GA_EBA_KR,,,
24251,DPM_RCP,125,EBA_RCP,true,EBA_GA_EBA_KW,,,
24252,DPM_RCP,126,EBA_RCP,true,EBA_GA_EBA_KY,,,
24253,DPM_RCP,127,EBA_RCP,true,EBA_GA_EBA_KZ,,,
24254,DPM_RCP,128,EBA_RCP,true,EBA_GA_EBA_LA,,,
24255,DPM_RCP,129,EBA_RCP,true,EBA_GA_EBA_LB,,,
24256,DPM_RCP,130,EBA_RCP,true,EBA_GA_EBA_LC,,,
24257,DPM_RCP,131,EBA_RCP,true,EBA_GA_EBA_LI,,,
24258,DPM_RCP,132,EBA_RCP,true,EBA_GA_EBA_LK,,,
24259,DPM_RCP,133,EBA_RCP,true,EBA_GA_EBA_LR,,,
24260,DPM_RCP,134,EBA_RCP,true,EBA_GA_EBA_LS,,,
24261,DPM_RCP,135,EBA_RCP,true,EBA_GA_EBA_LT,,,
24262,DPM_RCP,136,EBA_RCP,true,EBA_GA_EBA_LU,,,
24263,DPM_RCP,137,EBA_RCP,true,EBA_GA_EBA_LV,,,
24264,DPM_RCP,138,EBA_RCP,true,EBA_GA_EBA_LY,,,
24265,DPM_RCP,139,EBA_RCP,true,EBA_GA_EBA_MA,,,
24266,DPM_RCP,140,EBA_RCP,true,EBA_GA_EBA_MC,,,
24267,DPM_RCP,141,EBA_RCP,true,EBA_GA_EBA_MD,,,
24268,DPM_RCP,142,EBA_RCP,true,EBA_GA_EBA_ME,,,
24269,DPM_RCP,143,EBA_RCP,true,EBA_GA_EBA_MF,,,
24270,DPM_RCP,144,EBA_RCP,true,EBA_GA_EBA_MG,,,
24271,DPM_RCP,145,EBA_RCP,true,EBA_GA_EBA_MH,,,
24272,DPM_RCP,146,EBA_RCP,true,EBA_GA_EBA_MK,,,
24273,DPM_RCP,147,EBA_RCP,true,EBA_GA_EBA_ML,,,
24274,DPM_RCP,148,EBA_RCP,true,EBA_GA_EBA_MM,,,
24275,DPM_RCP,149,EBA_RCP,true,EBA_GA_EBA_MN,,,
24276,DPM_RCP,150,EBA_RCP,true,EBA_GA_EBA_MO,,,
24277,DPM_RCP,151,EBA_RCP,true,EBA_GA_EBA_MP,,,
24278,DPM_RCP,152,EBA_RCP,true,EBA_GA_EBA_MQ,,,
24279,DPM_RCP,153,EBA_RCP,true,EBA_GA_EBA_MR,,,
24280,DPM_RCP,154,EBA_RCP,true,EBA_GA_EBA_MS,,,
24281,DPM_RCP,155,EBA_RCP,true,EBA_GA_EBA_MT,,,
24282,DPM_RCP,156,EBA_RCP,true,EBA_GA_EBA_MU,,,
24283,DPM_RCP,157,EBA_RCP,true,EBA_GA_EBA_MV,,,
24284,DPM_RCP,158,EBA_RCP,true,EBA_GA_EBA_MW,,,
24285,DPM_RCP,159,EBA_RCP,true,EBA_GA_EBA_MX,,,
24286,DPM_RCP,160,EBA_RCP,true,EBA_GA_EBA_MY,,,
24287,DPM_RCP,161,EBA_RCP,true,EBA_GA_EBA_MZ,,,
24288,DPM_RCP,162,EBA_RCP,true,EBA_GA_EBA_NA,,,
24289,DPM_RCP,163,EBA_RCP,true,EBA_GA_EBA_NC,,,
24290,DPM_RCP,164,EBA_RCP,true,EBA_GA_EBA_NE,,,
24291,DPM_RCP,165,EBA_RCP,true,EBA_GA_EBA_NF,,,
24292,DPM_RCP,166,EBA_RCP,true,EBA_GA_EBA_NG,,,
24293,DPM_RCP,167,EBA_RCP,true,EBA_GA_EBA_NI,,,
24294,DPM_RCP,168,EBA_RCP,true,EBA_GA_EBA_NL,,,
24295,DPM_RCP,169,EBA_RCP,true,EBA_GA_EBA_NO,,,
24296,DPM_RCP,170,EBA_RCP,true,EBA_GA_EBA_NP,,,
24297,DPM_RCP,171,EBA_RCP,true,EBA_GA_EBA_NR,,,
24298,DPM_RCP,172,EBA_RCP,true,EBA_GA_EBA_NU,,,
24299,DPM_RCP,173,EBA_RCP,true,EBA_GA_EBA_NZ,,,
24300,DPM_RCP,174,EBA_RCP,true,EBA_GA_EBA_OM,,,
24301,DPM_RCP,175,EBA_RCP,true,EBA_GA_EBA_PA,,,
24302,DPM_RCP,176,EBA_RCP,true,EBA_GA_EBA_PE,,,
24303,DPM_RCP,177,EBA_RCP,true,EBA_GA_EBA_PF,,,
24304,DPM_RCP,178,EBA_RCP,true,EBA_GA_EBA_PG,,,
24305,DPM_RCP,179,EBA_RCP,true,EBA_GA_EBA_PH,,,
24306,DPM_RCP,180,EBA_RCP,true,EBA_GA_EBA_PK,,,
24307,DPM_RCP,181,EBA_RCP,true,EBA_GA_EBA_PL,,,
24308,DPM_RCP,182,EBA_RCP,true,EBA_GA_EBA_PM,,,
24309,DPM_RCP,183,EBA_RCP,true,EBA_GA_EBA_PN,,,
24310,DPM_RCP,184,EBA_RCP,true,EBA_GA_EBA_PR,,,
24311,DPM_RCP,185,EBA_RCP,true,EBA_GA_EBA_PS,,,
24312,DPM_RCP,186,EBA_RCP,true,EBA_GA_EBA_PT,,,
24313,DPM_RCP,187,EBA_RCP,true,EBA_GA_EBA_PW,,,
24314,DPM_RCP,188,EBA_RCP,true,EBA_GA_EBA_PY,,,
24315,DPM_RCP,189,EBA_RCP,true,EBA_GA_EBA_QA,,,
24316,DPM_RCP,190,EBA_RCP,true,EBA_GA_EBA_RE,,,
24317,DPM_RCP,191,EBA_RCP,true,EBA_GA_EBA_RO,,,
24318,DPM_RCP,192,EBA_RCP,true,EBA_GA_EBA_RS,,,
24319,DPM_RCP,193,EBA_RCP,true,EBA_GA_EBA_RU,,,
24320,DPM_RCP,194,EBA_RCP,true,EBA_GA_EBA_RW,,,
24321,DPM_RCP,195,EBA_RCP,true,EBA_GA_EBA_SA,,,
24322,DPM_RCP,196,EBA_RCP,true,EBA_GA_EBA_SB,,,
24323,DPM_RCP,197,EBA_RCP,true,EBA_GA_EBA_SC,,,
24324,DPM_RCP,198,EBA_RCP,true,EBA_GA_EBA_SD,,,
24325,DPM_RCP,199,EBA_RCP,true,EBA_GA_EBA_SE,,,
24326,DPM_RCP,200,EBA_RCP,true,EBA_GA_EBA_SG,,,
24327,DPM_RCP,201,EBA_RCP,true,EBA_GA_EBA_SH,,,
24328,DPM_RCP,202,EBA_RCP,true,EBA_GA_EBA_SI,,,
24329,DPM_RCP,203,EBA_RCP,true,EBA_GA_EBA_SJ,,,
24330,DPM_RCP,204,EBA_RCP,true,EBA_GA_EBA_SK,,,
24331,DPM_RCP,205,EBA_RCP,true,EBA_GA_EBA_SL,,,
24332,DPM_RCP,206,EBA_RCP,true,EBA_GA_EBA_SM,,,
24333,DPM_RCP,207,EBA_RCP,true,EBA_GA_EBA_SN,,,
24334,DPM_RCP,208,EBA_RCP,true,EBA_GA_EBA_SO,,,
24335,DPM_RCP,209,EBA_RCP,true,EBA_GA_EBA_SR,,,
24336,DPM_RCP,210,EBA_RCP,true,EBA_GA_EBA_SS,,,
24337,DPM_RCP,211,EBA_RCP,true,EBA_GA_EBA_ST,,,
24338,DPM_RCP,212,EBA_RCP,true,EBA_GA_EBA_SV,,,
24339,DPM_RCP,213,EBA_RCP,true,EBA_GA_EBA_SX,,,
24340,DPM_RCP,214,EBA_RCP,true,EBA_GA_EBA_SY,,,
24341,DPM_RCP,215,EBA_RCP,true,EBA_GA_EBA_SZ,,,
24342,DPM_RCP,216,EBA_RCP,true,EBA_GA_EBA_TC,,,
24343,DPM_RCP,217,EBA_RCP,true,EBA_GA_EBA_TD,,,
24344,DPM_RCP,218,EBA_RCP,true,EBA_GA_EBA_TF,,,
24345,DPM_RCP,219,EBA_RCP,true,EBA_GA_EBA_TG,,,
24346,DPM_RCP,220,EBA_RCP,true,EBA_GA_EBA_TH,,,
24347,DPM_RCP,221,EBA_RCP,true,EBA_GA_EBA_TJ,,,
24348,DPM_RCP,222,EBA_RCP,true,EBA_GA_EBA_TK,,,
24349,DPM_RCP,223,EBA_RCP,true,EBA_GA_EBA_TL,,,
24350,DPM_RCP,224,EBA_RCP,true,EBA_GA_EBA_TM,,,
24351,DPM_RCP,225,EBA_RCP,true,EBA_GA_EBA_TN,,,
24352,DPM_RCP,226,EBA_RCP,true,EBA_GA_EBA_TO,,,
24353,DPM_RCP,227,EBA_RCP,true,EBA_GA_EBA_TR,,,
24354,DPM_RCP,228,EBA_RCP,true,EBA_GA_EBA_TT,,,
24355,DPM_RCP,229,EBA_RCP,true,EBA_GA_EBA_TV,,,
24356,DPM_RCP,230,EBA_RCP,true,EBA_GA_EBA_TW,,,
24357,DPM_RCP,231,EBA_RCP,true,EBA_GA_EBA_TZ,,,
24358,DPM_RCP,232,EBA_RCP,true,EBA_GA_EBA_UA,,,
24359,DPM_RCP,233,EBA_RCP,true,EBA_GA_EBA_UG,,,
24360,DPM_RCP,234,EBA_RCP,true,EBA_GA_EBA_UM,,,
24361,DPM_RCP,235,EBA_RCP,true,EBA_GA_EBA_US,,,
24362,DPM_RCP,236,EBA_RCP,true,EBA_GA_EBA_UY,,,
24363,DPM_RCP,237,EBA_RCP,true,EBA_GA_EBA_UZ,,,
24364,DPM_RCP,238,EBA_RCP,true,EBA_GA_EBA_VA,,,
24365,DPM_RCP,239,EBA_RCP,true,EBA_GA_EBA_VC,,,
24366,DPM_RCP,240,EBA_RCP,true,EBA_GA_EBA_VE,,,
24367,DPM_RCP,241,EBA_RCP,true,EBA_GA_EBA_VG,,,
24368,DPM_RCP,242,EBA_RCP,true,EBA_GA_EBA_VI,,,
24369,DPM_RCP,243,EBA_RCP,true,EBA_GA_EBA_VN,,,
24370,DPM_RCP,244,EBA_RCP,true,EBA_GA_EBA_VU,,,
24371,DPM_RCP,245,EBA_RCP,true,EBA_GA_EBA_WF,,,
24372,DPM_RCP,246,EBA_RCP,true,EBA_GA_EBA_WS,,,
24373,DPM_RCP,247,EBA_RCP,true,EBA_GA_EBA_x0,,,
24374,DPM_RCP,248,EBA_RCP,true,EBA_GA_EBA_x1,,,
24375,DPM_RCP,249,EBA_RCP,true,EBA_GA_EBA_x28,,,
24376,DPM_RCP,250,EBA_RCP,true,EBA_GA_EBA_XK,,,
24377,DPM_RCP,251,EBA_RCP,true,EBA_GA_EBA_YE,,,
24378,DPM_RCP,252,EBA_RCP,true,EBA_GA_EBA_YT,,,
24379,DPM_RCP,253,EBA_RCP,true,EBA_GA_EBA_ZA,,,
24380,DPM_RCP,254,EBA_RCP,true,EBA_GA_EBA_ZM,,,
24381,DPM_RCP,255,EBA_RCP,true,EBA_GA_EBA_ZW,,,
24382,DPM_IMS_PFS_TPD_F_18.02,0,EBA_IMS,true,EBA_IM_EBA_x0,,,
24383,DPM_IMS_PFS_TPD_F_18.02,0,EBA_PFS,true,EBA_IM_EBA_x17,,,
24384,DPM_IMS_PFS_TPD_F_18.02,0,EBA_TPD,true,EBA_TI_EBA_x0,,,
24385,DPM_IMS_PFS_TPD_F_18.02,1,EBA_IMS,true,EBA_IM_EBA_x0,,,
24386,DPM_IMS_PFS_TPD_F_18.02,1,EBA_PFS,true,EBA_IM_EBA_x17,,,
24387,DPM_IMS_PFS_TPD_F_18.02,1,EBA_TPD,true,EBA_TI_EBA_x32,,,
24388,DPM_IMS_PFS_TPD_F_18.02,2,EBA_IMS,true,EBA_IM_EBA_x0,,,
24389,DPM_IMS_PFS_TPD_F_18.02,2,EBA_PFS,true,EBA_IM_EBA_x17,,,
24390,DPM_IMS_PFS_TPD_F_18.02,2,EBA_TPD,true,EBA_TI_EBA_x79,,,
24391,DPM_IMS_PFS_TPD_F_18.02,3,EBA_IMS,true,EBA_IM_EBA_x0,,,
24392,DPM_IMS_PFS_TPD_F_18.02,3,EBA_PFS,true,EBA_IM_EBA_x16,,,
24393,DPM_IMS_PFS_TPD_F_18.02,3,EBA_TPD,true,EBA_TI_EBA_x0,,,
24394,DPM_IMS_PFS_TPD_F_18.02,4,EBA_IMS,true,EBA_IM_EBA_x0,,,
24395,DPM_IMS_PFS_TPD_F_18.02,4,EBA_PFS,true,EBA_IM_EBA_x16,,,
24396,DPM_IMS_PFS_TPD_F_18.02,4,EBA_TPD,true,EBA_TI_EBA_x33,,,
24397,DPM_IMS_PFS_TPD_F_18.02,5,EBA_IMS,true,EBA_IM_EBA_x0,,,
24398,DPM_IMS_PFS_TPD_F_18.02,5,EBA_PFS,true,EBA_IM_EBA_x16,,,
24399,DPM_IMS_PFS_TPD_F_18.02,5,EBA_TPD,true,EBA_TI_EBA_x5,,,
24400,DPM_IMS_PFS_TPD_F_18.02,6,EBA_IMS,true,EBA_IM_EBA_x0,,,
24401,DPM_IMS_PFS_TPD_F_18.02,6,EBA_PFS,true,EBA_IM_EBA_x16,,,
24402,DPM_IMS_PFS_TPD_F_18.02,6,EBA_TPD,true,EBA_TI_EBA_x2,,,
24403,DPM_IMS_PFS_TPD_F_18.02,7,EBA_IMS,true,EBA_IM_EBA_x3,,,
24404,DPM_IMS_PFS_TPD_F_18.02,7,EBA_PFS,true,EBA_IM_EBA_x16,,,
24405,DPM_IMS_PFS_TPD_F_18.02,7,EBA_TPD,true,EBA_TI_EBA_x0,,,
24406,DPM_IMS_PFS_TPD_F_18.02,8,EBA_IMS,true,EBA_IM_EBA_x0,,,
24407,DPM_IMS_PFS_TPD_F_18.02,8,EBA_PFS,true,EBA_IM_EBA_x0,,,
24408,DPM_IMS_PFS_TPD_F_18.02,8,EBA_TPD,true,EBA_TI_EBA_x0,,,
24409,DPM_IMS_PFS_TPD_F_18.02,9,EBA_IMS,true,EBA_IM_EBA_x0,,,
24410,DPM_IMS_PFS_TPD_F_18.02,9,EBA_PFS,true,EBA_IM_EBA_x18,,,
24411,DPM_IMS_PFS_TPD_F_18.02,9,EBA_TPD,true,EBA_TI_EBA_x0,,,
24412,DPM_IMS_PFS_TPD_F_18.02,10,EBA_IMS,true,EBA_IM_EBA_x0,,,
24413,DPM_IMS_PFS_TPD_F_18.02,10,EBA_PFS,true,EBA_IM_EBA_x16,,,
24414,DPM_IMS_PFS_TPD_F_18.02,10,EBA_TPD,true,EBA_TI_EBA_x27,,,
24415,DPM_IMS_PFS_TPD_F_18.02,11,EBA_IMS,true,EBA_IM_EBA_x0,,,
24416,DPM_IMS_PFS_TPD_F_18.02,11,EBA_PFS,true,EBA_IM_EBA_x16,,,
24417,DPM_IMS_PFS_TPD_F_18.02,11,EBA_TPD,true,EBA_TI_EBA_x29,,,
24418,DPM_IMS_PFS_TPD_F_18.02,12,EBA_IMS,true,EBA_IM_EBA_x0,,,
24419,DPM_IMS_PFS_TPD_F_18.02,12,EBA_PFS,true,EBA_IM_EBA_x16,,,
24420,DPM_IMS_PFS_TPD_F_18.02,12,EBA_TPD,true,EBA_TI_EBA_x125,,,
24421,DPM_IMS_PFS_TPD_F_18.02,13,EBA_IMS,true,EBA_IM_EBA_x0,,,
24422,DPM_IMS_PFS_TPD_F_18.02,13,EBA_PFS,true,EBA_IM_EBA_x16,,,
24423,DPM_IMS_PFS_TPD_F_18.02,13,EBA_TPD,true,EBA_TI_EBA_x126,,,
24424,DPM_PFS_F_26.00.b,0,EBA_PFS,true,EBA_IM_EBA_x45,,,
24425,DPM_TIS,0,EBA_TIS,true,EBA_IM_EBA_x341,,,
24426,DPM_TIS,1,EBA_TIS,true,EBA_IM_EBA_x331,,,
24427,DPM_TIS,2,EBA_TIS,true,EBA_IM_EBA_x352,,,
24428,DPM_TIS,3,EBA_TIS,true,EBA_IM_EBA_x342,,,
24429,DPM_TIS,4,EBA_TIS,true,EBA_IM_EBA_x351,,,
24430,DPM_TIS,5,EBA_TIS,true,EBA_IM_EBA_x332,,,
24431,DPM_CPS_MCY_TMA,0,EBA_MCY,true,EBA_MC_EBA_x99,,,
24432,DPM_CPS_MCY_TMA,0,EBA_CPS,true,EBA_CT_EBA_x0,,,
24433,DPM_CPS_MCY_TMA,0,EBA_TMA,true,EBA_MA_EBA_x0,,,
24434,DPM_CPS_MCY_TMA,1,EBA_MCY,true,EBA_MC_EBA_x60,,,
24435,DPM_CPS_MCY_TMA,1,EBA_CPS,true,EBA_CT_EBA_x0,,,
24436,DPM_CPS_MCY_TMA,1,EBA_TMA,true,EBA_MA_EBA_x0,,,
24437,DPM_CPS_MCY_TMA,2,EBA_MCY,true,EBA_MC_EBA_x60,,,
24438,DPM_CPS_MCY_TMA,2,EBA_CPS,true,EBA_CT_EBA_x10,,,
24439,DPM_CPS_MCY_TMA,2,EBA_TMA,true,EBA_MA_EBA_x0,,,
24440,DPM_CPS_MCY_TMA,3,EBA_MCY,true,EBA_MC_EBA_x60,,,
24441,DPM_CPS_MCY_TMA,3,EBA_CPS,true,EBA_CT_EBA_x1,,,
24442,DPM_CPS_MCY_TMA,3,EBA_TMA,true,EBA_MA_EBA_x0,,,
24443,DPM_CPS_MCY_TMA,4,EBA_MCY,true,EBA_MC_EBA_x60,,,
24444,DPM_CPS_MCY_TMA,4,EBA_CPS,true,EBA_CT_EBA_x12,,,
24445,DPM_CPS_MCY_TMA,4,EBA_TMA,true,EBA_MA_EBA_x0,,,
24446,DPM_CPS_MCY_TMA,5,EBA_MCY,true,EBA_MC_EBA_x60,,,
24447,DPM_CPS_MCY_TMA,5,EBA_CPS,true,EBA_CT_EBA_x18,,,
24448,DPM_CPS_MCY_TMA,5,EBA_TMA,true,EBA_MA_EBA_x0,,,
24449,DPM_CPS_MCY_TMA,6,EBA_MCY,true,EBA_MC_EBA_x60,,,
24450,DPM_CPS_MCY_TMA,6,EBA_CPS,true,EBA_CT_EBA_x20,,,
24451,DPM_CPS_MCY_TMA,6,EBA_TMA,true,EBA_MA_EBA_x0,,,
24452,DPM_CPS_MCY_TMA,7,EBA_MCY,true,EBA_MC_EBA_x130,,,
24453,DPM_CPS_MCY_TMA,7,EBA_CPS,true,EBA_CT_EBA_x0,,,
24454,DPM_CPS_MCY_TMA,7,EBA_TMA,true,EBA_MA_EBA_x0,,,
24455,DPM_CPS_MCY_TMA,8,EBA_MCY,true,EBA_MC_EBA_x130,,,
24456,DPM_CPS_MCY_TMA,8,EBA_CPS,true,EBA_CT_EBA_x0,,,
24457,DPM_CPS_MCY_TMA,8,EBA_TMA,true,EBA_MA_EBA_x9,,,
24458,DPM_CPS_MCY_TMA,9,EBA_MCY,true,EBA_MC_EBA_x130,,,
24459,DPM_CPS_MCY_TMA,9,EBA_CPS,true,EBA_CT_EBA_x18,,,
24460,DPM_CPS_MCY_TMA,9,EBA_TMA,true,EBA_MA_EBA_x0,,,
24461,DPM_CPS_MCY_TMA,10,EBA_MCY,true,EBA_MC_EBA_x130,,,
24462,DPM_CPS_MCY_TMA,10,EBA_CPS,true,EBA_CT_EBA_x20,,,
24463,DPM_CPS_MCY_TMA,10,EBA_TMA,true,EBA_MA_EBA_x0,,,
24464,DPM_CPS_MCY_TMA,11,EBA_MCY,true,EBA_MC_EBA_x130,,,
24465,DPM_CPS_MCY_TMA,11,EBA_CPS,true,EBA_CT_EBA_x12,,,
24466,DPM_CPS_MCY_TMA,11,EBA_TMA,true,EBA_MA_EBA_x0,,,
24467,DPM_CPS_MCY_TMA,12,EBA_MCY,true,EBA_MC_EBA_x143,,,
24468,DPM_CPS_MCY_TMA,12,EBA_CPS,true,EBA_CT_EBA_x0,,,
24469,DPM_CPS_MCY_TMA,12,EBA_TMA,true,EBA_MA_EBA_x0,,,
24470,DPM_CPS_MCY_TMA,13,EBA_MCY,true,EBA_MC_EBA_x104,,,
24471,DPM_CPS_MCY_TMA,13,EBA_CPS,true,EBA_CT_EBA_x0,,,
24472,DPM_CPS_MCY_TMA,13,EBA_TMA,true,EBA_MA_EBA_x0,,,
24473,DPM_CPS_MCY_TMA,14,EBA_MCY,true,EBA_MC_EBA_x469,,,
24474,DPM_CPS_MCY_TMA,14,EBA_CPS,true,EBA_CT_EBA_x0,,,
24475,DPM_CPS_MCY_TMA,14,EBA_TMA,true,EBA_MA_EBA_x0,,,
24476,DPM_CPS_MCY_TMA,15,EBA_MCY,true,EBA_MC_EBA_x469,,,
24477,DPM_CPS_MCY_TMA,15,EBA_CPS,true,EBA_CT_EBA_x10,,,
24478,DPM_CPS_MCY_TMA,15,EBA_TMA,true,EBA_MA_EBA_x0,,,
24479,DPM_CPS_MCY_TMA,16,EBA_MCY,true,EBA_MC_EBA_x469,,,
24480,DPM_CPS_MCY_TMA,16,EBA_CPS,true,EBA_CT_EBA_x1,,,
24481,DPM_CPS_MCY_TMA,16,EBA_TMA,true,EBA_MA_EBA_x0,,,
24482,DPM_CPS_MCY_TMA,17,EBA_MCY,true,EBA_MC_EBA_x469,,,
24483,DPM_CPS_MCY_TMA,17,EBA_CPS,true,EBA_CT_EBA_x12,,,
24484,DPM_CPS_MCY_TMA,17,EBA_TMA,true,EBA_MA_EBA_x0,,,
24485,DPM_CPS_MCY_TMA,18,EBA_MCY,true,EBA_MC_EBA_x469,,,
24486,DPM_CPS_MCY_TMA,18,EBA_CPS,true,EBA_CT_EBA_x18,,,
24487,DPM_CPS_MCY_TMA,18,EBA_TMA,true,EBA_MA_EBA_x0,,,
24488,DPM_CPS_MCY_TMA,19,EBA_MCY,true,EBA_MC_EBA_x469,,,
24489,DPM_CPS_MCY_TMA,19,EBA_CPS,true,EBA_CT_EBA_x20,,,
24490,DPM_CPS_MCY_TMA,19,EBA_TMA,true,EBA_MA_EBA_x0,,,
24491,DPM_CPS_MCY_TMA,20,EBA_MCY,true,EBA_MC_EBA_x469,,,
24492,DPM_CPS_MCY_TMA,20,EBA_CPS,true,EBA_CT_EBA_x5,,,
24493,DPM_CPS_MCY_TMA,20,EBA_TMA,true,EBA_MA_EBA_x0,,,
24494,DPM_CPS_MCP,0,EBA_MCP,true,EBA_MC_EBA_x221,,,
24495,DPM_CPS_MCP,0,EBA_CPS,true,EBA_CT_EBA_x0,,,
24496,DPM_CPS_MCP,1,EBA_MCP,true,EBA_MC_EBA_x221,,,
24497,DPM_CPS_MCP,1,EBA_CPS,true,EBA_CT_EBA_x10,,,
24498,DPM_CPS_MCP,2,EBA_MCP,true,EBA_MC_EBA_x221,,,
24499,DPM_CPS_MCP,2,EBA_CPS,true,EBA_CT_EBA_x1,,,
24500,DPM_CPS_MCP,3,EBA_MCP,true,EBA_MC_EBA_x221,,,
24501,DPM_CPS_MCP,3,EBA_CPS,true,EBA_CT_EBA_x12,,,
24502,DPM_CPS_MCP,4,EBA_MCP,true,EBA_MC_EBA_x221,,,
24503,DPM_CPS_MCP,4,EBA_CPS,true,EBA_CT_EBA_x18,,,
24504,DPM_CPS_MCP,5,EBA_MCP,true,EBA_MC_EBA_x221,,,
24505,DPM_CPS_MCP,5,EBA_CPS,true,EBA_CT_EBA_x20,,,
24506,DPM_CPS_MCP,6,EBA_MCP,true,EBA_MC_EBA_x221,,,
24507,DPM_CPS_MCP,6,EBA_CPS,true,EBA_CT_EBA_x5,,,
24508,DPM_CPS_MCP,7,EBA_MCP,true,EBA_MC_EBA_x154,,,
24509,DPM_CPS_MCP,7,EBA_CPS,true,EBA_CT_EBA_x0,,,
24510,DPM_CPS_MCP,8,EBA_MCP,true,EBA_MC_EBA_x154,,,
24511,DPM_CPS_MCP,8,EBA_CPS,true,EBA_CT_EBA_x10,,,
24512,DPM_CPS_MCP,9,EBA_MCP,true,EBA_MC_EBA_x154,,,
24513,DPM_CPS_MCP,9,EBA_CPS,true,EBA_CT_EBA_x1,,,
24514,DPM_CPS_MCP,10,EBA_MCP,true,EBA_MC_EBA_x154,,,
24515,DPM_CPS_MCP,10,EBA_CPS,true,EBA_CT_EBA_x12,,,
24516,DPM_CPS_MCP,11,EBA_MCP,true,EBA_MC_EBA_x154,,,
24517,DPM_CPS_MCP,11,EBA_CPS,true,EBA_CT_EBA_x18,,,
24518,DPM_CPS_MCP,12,EBA_MCP,true,EBA_MC_EBA_x154,,,
24519,DPM_CPS_MCP,12,EBA_CPS,true,EBA_CT_EBA_x20,,,
24520,DPM_CPS_MCP,13,EBA_MCP,true,EBA_MC_EBA_x154,,,
24521,DPM_CPS_MCP,13,EBA_CPS,true,EBA_CT_EBA_x5,,,
24522,DPM_CPS_MCP,14,EBA_MCP,true,EBA_MC_EBA_x52,,,
24523,DPM_CPS_MCP,14,EBA_CPS,true,EBA_CT_EBA_x0,,,
24524,DPM_CPS_MCP,15,EBA_MCP,true,EBA_MC_EBA_x52,,,
24525,DPM_CPS_MCP,15,EBA_CPS,true,EBA_CT_EBA_x10,,,
24526,DPM_CPS_MCP,16,EBA_MCP,true,EBA_MC_EBA_x52,,,
24527,DPM_CPS_MCP,16,EBA_CPS,true,EBA_CT_EBA_x1,,,
24528,DPM_CPS_MCP,17,EBA_MCP,true,EBA_MC_EBA_x52,,,
24529,DPM_CPS_MCP,17,EBA_CPS,true,EBA_CT_EBA_x12,,,
24530,DPM_CPS_MCP,18,EBA_MCP,true,EBA_MC_EBA_x52,,,
24531,DPM_CPS_MCP,18,EBA_CPS,true,EBA_CT_EBA_x18,,,
24532,DPM_CPS_MCP,19,EBA_MCP,true,EBA_MC_EBA_x52,,,
24533,DPM_CPS_MCP,19,EBA_CPS,true,EBA_CT_EBA_x20,,,
24534,DPM_CPS_MCP,20,EBA_MCP,true,EBA_MC_EBA_x52,,,
24535,DPM_CPS_MCP,20,EBA_CPS,true,EBA_CT_EBA_x5,,,
24536,DPM_BAS_MCP_MCY,0,EBA_BAS,true,EBA_BA_EBA_x7,,,
24537,DPM_BAS_MCP_MCY,0,EBA_MCY,true,EBA_MC_EBA_x283,,,
24538,DPM_BAS_MCP_MCY,0,EBA_MCP,true,EBA_MC_EBA_x154,,,
24539,DPM_BAS_MCP_MCY,1,EBA_BAS,true,EBA_BA_EBA_x7,,,
24540,DPM_BAS_MCP_MCY,1,EBA_MCY,true,EBA_MC_EBA_x283,,,
24541,DPM_BAS_MCP_MCY,1,EBA_MCP,true,EBA_MC_EBA_x52,,,
24542,DPM_BAS_MCP_MCY,2,EBA_BAS,true,EBA_BA_EBA_x7,,,
24543,DPM_BAS_MCP_MCY,2,EBA_MCY,true,EBA_MC_EBA_x283,,,
24544,DPM_BAS_MCP_MCY,2,EBA_MCP,true,EBA_MC_EBA_x221,,,
24545,DPM_BAS_MCP_MCY,3,EBA_BAS,true,EBA_BA_EBA_x7,,,
24546,DPM_BAS_MCP_MCY,3,EBA_MCY,true,EBA_MC_EBA_x283,,,
24547,DPM_BAS_MCP_MCY,3,EBA_MCP,true,EBA_MC_EBA_x891,,,
24548,DPM_BAS_MCP_MCY,4,EBA_BAS,true,EBA_BA_EBA_x7,,,
24549,DPM_BAS_MCP_MCY,4,EBA_MCY,true,EBA_MC_EBA_x283,,,
24550,DPM_BAS_MCP_MCY,4,EBA_MCP,true,EBA_MC_EBA_x890,,,
24551,DPM_BAS_MCP_MCY,5,EBA_BAS,true,EBA_BA_EBA_x7,,,
24552,DPM_BAS_MCP_MCY,5,EBA_MCY,true,EBA_MC_EBA_x283,,,
24553,DPM_BAS_MCP_MCY,5,EBA_MCP,true,EBA_MC_EBA_x895,,,
24554,DPM_BAS_MCP_MCY,6,EBA_BAS,true,EBA_BA_EBA_x7,,,
24555,DPM_BAS_MCP_MCY,6,EBA_MCY,true,EBA_MC_EBA_x283,,,
24556,DPM_BAS_MCP_MCY,6,EBA_MCP,true,EBA_MC_EBA_x894,,,
24557,DPM_BAS_MCP_MCY,7,EBA_BAS,true,EBA_BA_EBA_x7,,,
24558,DPM_BAS_MCP_MCY,7,EBA_MCY,true,EBA_MC_EBA_x283,,,
24559,DPM_BAS_MCP_MCY,7,EBA_MCP,true,EBA_MC_EBA_x251,,,
24560,DPM_BAS_MCP_MCY,8,EBA_BAS,true,EBA_BA_EBA_x7,,,
24561,DPM_BAS_MCP_MCY,8,EBA_MCY,true,EBA_MC_EBA_x283,,,
24562,DPM_BAS_MCP_MCY,8,EBA_MCP,true,EBA_MC_EBA_x893,,,
24563,DPM_BAS_MCP_MCY,9,EBA_BAS,true,EBA_BA_EBA_x7,,,
24564,DPM_BAS_MCP_MCY,9,EBA_MCY,true,EBA_MC_EBA_x691,,,
24565,DPM_BAS_MCP_MCY,9,EBA_MCP,true,EBA_MC_EBA_x0,,,
24566,DPM_BAS_MCP_MCY,10,EBA_BAS,true,EBA_BA_EBA_x7,,,
24567,DPM_BAS_MCP_MCY,10,EBA_MCY,true,EBA_MC_EBA_x283,,,
24568,DPM_BAS_MCP_MCY,10,EBA_MCP,true,EBA_MC_EBA_x0,,,
24569,DPM_BAS_MCP_MCY,11,EBA_BAS,true,EBA_BA_EBA_x7,,,
24570,DPM_BAS_MCP_MCY,11,EBA_MCY,true,EBA_MC_EBA_x283,,,
24571,DPM_BAS_MCP_MCY,11,EBA_MCP,true,EBA_MC_EBA_x179,,,
24572,DPM_BAS_MCP_MCY,12,EBA_BAS,true,EBA_BA_EBA_x7,,,
24573,DPM_BAS_MCP_MCY,12,EBA_MCY,true,EBA_MC_EBA_x335,,,
24574,DPM_BAS_MCP_MCY,12,EBA_MCP,true,EBA_MC_EBA_x0,,,
24575,DPM_BAS_MCP_MCY,13,EBA_BAS,true,EBA_BA_EBA_x7,,,
24576,DPM_BAS_MCP_MCY,13,EBA_MCY,true,EBA_MC_EBA_x57,,,
24577,DPM_BAS_MCP_MCY,13,EBA_MCP,true,EBA_MC_EBA_x0,,,
24578,DPM_BAS_MCP_MCY,14,EBA_BAS,true,EBA_BA_EBA_x7,,,
24579,DPM_BAS_MCP_MCY,14,EBA_MCY,true,EBA_MC_EBA_x81,,,
24580,DPM_BAS_MCP_MCY,14,EBA_MCP,true,EBA_MC_EBA_x0,,,
24581,DPM_BAS_MCP_MCY,15,EBA_BAS,true,EBA_BA_EBA_x7,,,
24582,DPM_BAS_MCP_MCY,15,EBA_MCY,true,EBA_MC_EBA_x320,,,
24583,DPM_BAS_MCP_MCY,15,EBA_MCP,true,EBA_MC_EBA_x0,,,
24584,DPM_BAS_MCP_MCY,16,EBA_BAS,true,EBA_BA_EBA_x7,,,
24585,DPM_BAS_MCP_MCY,16,EBA_MCY,true,EBA_MC_EBA_x220,,,
24586,DPM_BAS_MCP_MCY,16,EBA_MCP,true,EBA_MC_EBA_x0,,,
24587,DPM_BAS_MCP_MCY,17,EBA_BAS,true,EBA_BA_EBA_x7,,,
24588,DPM_BAS_MCP_MCY,17,EBA_MCY,true,EBA_MC_EBA_x31,,,
24589,DPM_BAS_MCP_MCY,17,EBA_MCP,true,EBA_MC_EBA_x0,,,
24590,DPM_BAS_MCP_MCY,18,EBA_BAS,true,EBA_BA_EBA_x7,,,
24591,DPM_BAS_MCP_MCY,18,EBA_MCY,true,EBA_MC_EBA_x635,,,
24592,DPM_BAS_MCP_MCY,18,EBA_MCP,true,EBA_MC_EBA_x0,,,
24593,DPM_BAS_MCP_MCY,19,EBA_BAS,true,EBA_BA_EBA_x7,,,
24594,DPM_BAS_MCP_MCY,19,EBA_MCY,true,EBA_MC_EBA_x99,,,
24595,DPM_BAS_MCP_MCY,19,EBA_MCP,true,EBA_MC_EBA_x0,,,
24596,DPM_BAS_MCP_MCY,20,EBA_BAS,true,EBA_BA_EBA_x7,,,
24597,DPM_BAS_MCP_MCY,20,EBA_MCY,true,EBA_MC_EBA_x135,,,
24598,DPM_BAS_MCP_MCY,20,EBA_MCP,true,EBA_MC_EBA_x0,,,
24599,DPM_BAS_MCP_MCY,21,EBA_BAS,true,EBA_BA_EBA_x7,,,
24600,DPM_BAS_MCP_MCY,21,EBA_MCY,true,EBA_MC_EBA_x264,,,
24601,DPM_BAS_MCP_MCY,21,EBA_MCP,true,EBA_MC_EBA_x0,,,
24602,DPM_BAS_MCP_MCY,22,EBA_BAS,true,EBA_BA_EBA_x10,,,
24603,DPM_BAS_MCP_MCY,22,EBA_MCY,true,EBA_MC_EBA_x246,,,
24604,DPM_BAS_MCP_MCY,22,EBA_MCP,true,EBA_MC_EBA_x221,,,
24605,DPM_BAS_MCP_MCY,23,EBA_BAS,true,EBA_BA_EBA_x10,,,
24606,DPM_BAS_MCP_MCY,23,EBA_MCY,true,EBA_MC_EBA_x246,,,
24607,DPM_BAS_MCP_MCY,23,EBA_MCP,true,EBA_MC_EBA_x154,,,
24608,DPM_BAS_MCP_MCY,24,EBA_BAS,true,EBA_BA_EBA_x10,,,
24609,DPM_BAS_MCP_MCY,24,EBA_MCY,true,EBA_MC_EBA_x246,,,
24610,DPM_BAS_MCP_MCY,24,EBA_MCP,true,EBA_MC_EBA_x52,,,
24611,DPM_BAS_MCP_MCY,25,EBA_BAS,true,EBA_BA_EBA_x7,,,
24612,DPM_BAS_MCP_MCY,25,EBA_MCY,true,EBA_MC_EBA_x146,,,
24613,DPM_BAS_MCP_MCY,25,EBA_MCP,true,EBA_MC_EBA_x0,,,
24614,DPM_BAS_MCP_MCY,26,EBA_BAS,true,EBA_BA_EBA_x7,,,
24615,DPM_BAS_MCP_MCY,26,EBA_MCY,true,EBA_MC_EBA_x93,,,
24616,DPM_BAS_MCP_MCY,26,EBA_MCP,true,EBA_MC_EBA_x0,,,
24617,DPM_BAS_MCP_MCY,27,EBA_BAS,true,EBA_BA_EBA_x7,,,
24618,DPM_BAS_MCP_MCY,27,EBA_MCY,true,EBA_MC_EBA_x111,,,
24619,DPM_BAS_MCP_MCY,27,EBA_MCP,true,EBA_MC_EBA_x0,,,
24620,DPM_BAS_MCP_MCY,28,EBA_BAS,true,EBA_BA_EBA_x7,,,
24621,DPM_BAS_MCP_MCY,28,EBA_MCY,true,EBA_MC_EBA_x323,,,
24622,DPM_BAS_MCP_MCY,28,EBA_MCP,true,EBA_MC_EBA_x0,,,
24623,DPM_BAS_MDC_MCP_MCY_RPR,0,EBA_BAS,true,EBA_BA_EBA_x17,,,
24624,DPM_BAS_MDC_MCP_MCY_RPR,0,EBA_MCY,true,EBA_MC_EBA_x89,,,
24625,DPM_BAS_MDC_MCP_MCY_RPR,0,EBA_MCP,true,EBA_MC_EBA_x0,,,
24626,DPM_BAS_MDC_MCP_MCY_RPR,0,EBA_MCD,true,EBA_MC_EBA_x0,,,
24627,DPM_BAS_MDC_MCP_MCY_RPR,0,EBA_RPR,true,EBA_RP_EBA_x0,,,
24628,DPM_BAS_MDC_MCP_MCY_RPR,1,EBA_BAS,true,EBA_BA_EBA_x17,,,
24629,DPM_BAS_MDC_MCP_MCY_RPR,1,EBA_MCY,true,EBA_MC_EBA_x89,,,
24630,DPM_BAS_MDC_MCP_MCY_RPR,1,EBA_MCP,true,EBA_MC_EBA_x0,,,
24631,DPM_BAS_MDC_MCP_MCY_RPR,1,EBA_MCD,true,EBA_MC_EBA_x130,,,
24632,DPM_BAS_MDC_MCP_MCY_RPR,1,EBA_RPR,true,EBA_RP_EBA_x0,,,
24633,DPM_BAS_MDC_MCP_MCY_RPR,2,EBA_BAS,true,EBA_BA_EBA_x17,,,
24634,DPM_BAS_MDC_MCP_MCY_RPR,2,EBA_MCY,true,EBA_MC_EBA_x89,,,
24635,DPM_BAS_MDC_MCP_MCY_RPR,2,EBA_MCP,true,EBA_MC_EBA_x0,,,
24636,DPM_BAS_MDC_MCP_MCY_RPR,2,EBA_MCD,true,EBA_MC_EBA_x223,,,
24637,DPM_BAS_MDC_MCP_MCY_RPR,2,EBA_RPR,true,EBA_RP_EBA_x0,,,
24638,DPM_BAS_MDC_MCP_MCY_RPR,3,EBA_BAS,true,EBA_BA_EBA_x17,,,
24639,DPM_BAS_MDC_MCP_MCY_RPR,3,EBA_MCY,true,EBA_MC_EBA_x86,,,
24640,DPM_BAS_MDC_MCP_MCY_RPR,3,EBA_MCP,true,EBA_MC_EBA_x0,,,
24641,DPM_BAS_MDC_MCP_MCY_RPR,3,EBA_MCD,true,EBA_MC_EBA_x0,,,
24642,DPM_BAS_MDC_MCP_MCY_RPR,3,EBA_RPR,true,EBA_RP_EBA_x0,,,
24643,DPM_BAS_MDC_MCP_MCY_RPR,4,EBA_BAS,true,EBA_BA_EBA_x17,,,
24644,DPM_BAS_MDC_MCP_MCY_RPR,4,EBA_MCY,true,EBA_MC_EBA_x89,,,
24645,DPM_BAS_MDC_MCP_MCY_RPR,4,EBA_MCP,true,EBA_MC_EBA_x0,,,
24646,DPM_BAS_MDC_MCP_MCY_RPR,4,EBA_MCD,true,EBA_MC_EBA_x331,,,
24647,DPM_BAS_MDC_MCP_MCY_RPR,4,EBA_RPR,true,EBA_RP_EBA_x0,,,
24648,DPM_BAS_MDC_MCP_MCY_RPR,5,EBA_BAS,true,EBA_BA_EBA_x17,,,
24649,DPM_BAS_MDC_MCP_MCY_RPR,5,EBA_MCY,true,EBA_MC_EBA_x90,,,
24650,DPM_BAS_MDC_MCP_MCY_RPR,5,EBA_MCP,true,EBA_MC_EBA_x0,,,
24651,DPM_BAS_MDC_MCP_MCY_RPR,5,EBA_MCD,true,EBA_MC_EBA_x0,,,
24652,DPM_BAS_MDC_MCP_MCY_RPR,5,EBA_RPR,true,EBA_RP_EBA_x0,,,
24653,DPM_BAS_MDC_MCP_MCY_RPR,6,EBA_BAS,true,EBA_BA_EBA_x6,,,
24654,DPM_BAS_MDC_MCP_MCY_RPR,6,EBA_MCY,true,EBA_MC_EBA_x90,,,
24655,DPM_BAS_MDC_MCP_MCY_RPR,6,EBA_MCP,true,EBA_MC_EBA_x0,,,
24656,DPM_BAS_MDC_MCP_MCY_RPR,6,EBA_MCD,true,EBA_MC_EBA_x0,,,
24657,DPM_BAS_MDC_MCP_MCY_RPR,6,EBA_RPR,true,EBA_RP_EBA_x0,,,
24658,DPM_BAS_MDC_MCP_MCY_RPR,7,EBA_BAS,true,EBA_BA_EBA_x8,,,
24659,DPM_BAS_MDC_MCP_MCY_RPR,7,EBA_MCY,true,EBA_MC_EBA_x106,,,
24660,DPM_BAS_MDC_MCP_MCY_RPR,7,EBA_MCP,true,EBA_MC_EBA_x0,,,
24661,DPM_BAS_MDC_MCP_MCY_RPR,7,EBA_MCD,true,EBA_MC_EBA_x0,,,
24662,DPM_BAS_MDC_MCP_MCY_RPR,7,EBA_RPR,true,EBA_RP_EBA_x9,,,
24663,DPM_BAS_MDC_MCP_MCY_RPR,8,EBA_BAS,true,EBA_BA_EBA_x7,,,
24664,DPM_BAS_MDC_MCP_MCY_RPR,8,EBA_MCY,true,EBA_MC_EBA_x283,,,
24665,DPM_BAS_MDC_MCP_MCY_RPR,8,EBA_MCP,true,EBA_MC_EBA_x891,,,
24666,DPM_BAS_MDC_MCP_MCY_RPR,8,EBA_MCD,true,EBA_MC_EBA_x0,,,
24667,DPM_BAS_MDC_MCP_MCY_RPR,8,EBA_RPR,true,EBA_RP_EBA_x0,,,
24668,DPM_BAS_MDC_MCP_MCY_RPR,9,EBA_BAS,true,EBA_BA_EBA_x6,,,
24669,DPM_BAS_MDC_MCP_MCY_RPR,9,EBA_MCY,true,EBA_MC_EBA_x304,,,
24670,DPM_BAS_MDC_MCP_MCY_RPR,9,EBA_MCP,true,EBA_MC_EBA_x0,,,
24671,DPM_BAS_MDC_MCP_MCY_RPR,9,EBA_MCD,true,EBA_MC_EBA_x0,,,
24672,DPM_BAS_MDC_MCP_MCY_RPR,9,EBA_RPR,true,EBA_RP_EBA_x0,,,
24673,DPM_BAS_MDC_MCP_MCY_RPR,10,EBA_BAS,true,EBA_BA_EBA_x17,,,
24674,DPM_BAS_MDC_MCP_MCY_RPR,10,EBA_MCY,true,EBA_MC_EBA_x89,,,
24675,DPM_BAS_MDC_MCP_MCY_RPR,10,EBA_MCP,true,EBA_MC_EBA_x0,,,
24676,DPM_BAS_MDC_MCP_MCY_RPR,10,EBA_MCD,true,EBA_MC_EBA_x40,,,
24677,DPM_BAS_MDC_MCP_MCY_RPR,10,EBA_RPR,true,EBA_RP_EBA_x0,,,
24678,DPM_TRI,0,EBA_TRI,true,EBA_TR_EBA_x0,,,
24679,DPM_TRI,1,EBA_TRI,true,EBA_TR_EBA_x12,,,
24680,DPM_TRI,2,EBA_TRI,true,EBA_TR_EBA_x14,,,
24681,DPM_TRI,3,EBA_TRI,true,EBA_TR_EBA_x16,,,
24682,DPM_TRI,4,EBA_TRI,true,EBA_TR_EBA_x2,,,
24683,DPM_TRI,5,EBA_TRI,true,EBA_TR_EBA_x25,,,
24684,DPM_TRI,6,EBA_TRI,true,EBA_TR_EBA_x28,,,
24685,DPM_TRI,7,EBA_TRI,true,EBA_TR_EBA_x9,,,
24686,DPM_MCI,0,EBA_MCI,true,EBA_MC_EBA_x133,,,
24687,DPM_MCI,1,EBA_MCI,true,EBA_MC_EBA_x28,,,
24688,DPM_MCI,2,EBA_MCI,true,EBA_MC_EBA_x25,,,
24689,DPM_MCI,3,EBA_MCI,true,EBA_MC_EBA_x276,,,
24690,DPM_MCI,4,EBA_MCI,true,EBA_MC_EBA_x0,,,
24691,DPM_TMA,0,EBA_TMA,true,EBA_MA_EBA_x6,,,
24692,DPM_TMA,1,EBA_TMA,true,EBA_MA_EBA_x0,,,
24693,DPM_TYH,0,EBA_TYH,true,EBA_MC_EBA_x681,,,
24694,DPM_TYH,1,EBA_TYH,true,EBA_MC_EBA_x0,,,
24695,DPM_TYH,2,EBA_TYH,true,EBA_MC_EBA_x692,,,
24696,DPM_TYH,3,EBA_TYH,true,EBA_MC_EBA_x693,,,
24697,DPM_TYH,4,EBA_TYH,true,EBA_MC_EBA_x694,,,
24698,DPM_TYH,5,EBA_TYH,true,EBA_MC_EBA_x678,,,
24699,DPM_TYH,6,EBA_TYH,true,EBA_MC_EBA_x679,,,
24700,DPM_TYH,7,EBA_TYH,true,EBA_MC_EBA_x680,,,
24701,DPM_TYH,8,EBA_TYH,true,EBA_MC_EBA_x682,,,
24702,DPM_TYH,9,EBA_TYH,true,EBA_MC_EBA_x683,,,
24703,DPM_TYH,10,EBA_TYH,true,EBA_MC_EBA_x685,,,
24704,DPM_TYH,11,EBA_TYH,true,EBA_MC_EBA_x686,,,
24705,DPM_TYH,12,EBA_TYH,true,EBA_MC_EBA_x687,,,
24706,DPM_TYH,13,EBA_TYH,true,EBA_MC_EBA_x688,,,
24707,DPM_TYH,14,EBA_TYH,true,EBA_MC_EBA_x689,,,
24708,DPM_TYH,15,EBA_TYH,true,EBA_MC_EBA_x697,,,
24709,DPM_BAS_CNO_MCB_MCY_APL,0,EBA_MCY,true,EBA_MC_EBA_x9,,,
24710,DPM_BAS_CNO_MCB_MCY_APL,0,EBA_MCB,true,EBA_MC_EBA_x0,,,
24711,DPM_BAS_CNO_MCB_MCY_APL,0,EBA_APL,true,EBA_PL_EBA_x0,,,
24712,DPM_BAS_CNO_MCB_MCY_APL,0,EBA_BAS,true,EBA_BA_EBA_x2,,,
24713,DPM_BAS_CNO_MCB_MCY_APL,0,EBA_CNO,true,EBA_BT_EBA_x4,,,
24714,DPM_BAS_CNO_MCB_MCY_APL,1,EBA_MCY,true,EBA_MC_EBA_x28,,,
24715,DPM_BAS_CNO_MCB_MCY_APL,1,EBA_MCB,true,EBA_MC_EBA_x0,,,
24716,DPM_BAS_CNO_MCB_MCY_APL,1,EBA_APL,true,EBA_PL_EBA_x0,,,
24717,DPM_BAS_CNO_MCB_MCY_APL,1,EBA_BAS,true,EBA_BA_EBA_x2,,,
24718,DPM_BAS_CNO_MCB_MCY_APL,1,EBA_CNO,true,EBA_BT_EBA_x0,,,
24719,DPM_BAS_CNO_MCB_MCY_APL,2,EBA_MCY,true,EBA_MC_EBA_x28,,,
24720,DPM_BAS_CNO_MCB_MCY_APL,2,EBA_MCB,true,EBA_MC_EBA_x0,,,
24721,DPM_BAS_CNO_MCB_MCY_APL,2,EBA_APL,true,EBA_PL_EBA_x0,,,
24722,DPM_BAS_CNO_MCB_MCY_APL,2,EBA_BAS,true,EBA_BA_EBA_x2,,,
24723,DPM_BAS_CNO_MCB_MCY_APL,2,EBA_CNO,true,EBA_BT_EBA_x3,,,
24724,DPM_BAS_CNO_MCB_MCY_APL,3,EBA_MCY,true,EBA_MC_EBA_x132,,,
24725,DPM_BAS_CNO_MCB_MCY_APL,3,EBA_MCB,true,EBA_MC_EBA_x816,,,
24726,DPM_BAS_CNO_MCB_MCY_APL,3,EBA_APL,true,EBA_PL_EBA_x0,,,
24727,DPM_BAS_CNO_MCB_MCY_APL,3,EBA_BAS,true,EBA_BA_EBA_x2,,,
24728,DPM_BAS_CNO_MCB_MCY_APL,3,EBA_CNO,true,EBA_BT_EBA_x4,,,
24729,DPM_BAS_CNO_MCB_MCY_APL,4,EBA_MCY,true,EBA_MC_EBA_x132,,,
24730,DPM_BAS_CNO_MCB_MCY_APL,4,EBA_MCB,true,EBA_MC_EBA_x822,,,
24731,DPM_BAS_CNO_MCB_MCY_APL,4,EBA_APL,true,EBA_PL_EBA_x0,,,
24732,DPM_BAS_CNO_MCB_MCY_APL,4,EBA_BAS,true,EBA_BA_EBA_x2,,,
24733,DPM_BAS_CNO_MCB_MCY_APL,4,EBA_CNO,true,EBA_BT_EBA_x4,,,
24734,DPM_BAS_CNO_MCB_MCY_APL,5,EBA_MCY,true,EBA_MC_EBA_x61,,,
24735,DPM_BAS_CNO_MCB_MCY_APL,5,EBA_MCB,true,EBA_MC_EBA_x0,,,
24736,DPM_BAS_CNO_MCB_MCY_APL,5,EBA_APL,true,EBA_PL_EBA_x0,,,
24737,DPM_BAS_CNO_MCB_MCY_APL,5,EBA_BAS,true,EBA_BA_EBA_x2,,,
24738,DPM_BAS_CNO_MCB_MCY_APL,5,EBA_CNO,true,EBA_BT_EBA_x4,,,
24739,DPM_BAS_CNO_MCB_MCY_APL,6,EBA_MCY,true,EBA_MC_EBA_x492,,,
24740,DPM_BAS_CNO_MCB_MCY_APL,6,EBA_MCB,true,EBA_MC_EBA_x0,,,
24741,DPM_BAS_CNO_MCB_MCY_APL,6,EBA_APL,true,EBA_PL_EBA_x0,,,
24742,DPM_BAS_CNO_MCB_MCY_APL,6,EBA_BAS,true,EBA_BA_EBA_x2,,,
24743,DPM_BAS_CNO_MCB_MCY_APL,6,EBA_CNO,true,EBA_BT_EBA_x4,,,
24744,DPM_BAS_CNO_MCB_MCY_APL,7,EBA_MCY,true,EBA_MC_EBA_x497,,,
24745,DPM_BAS_CNO_MCB_MCY_APL,7,EBA_MCB,true,EBA_MC_EBA_x0,,,
24746,DPM_BAS_CNO_MCB_MCY_APL,7,EBA_APL,true,EBA_PL_EBA_x0,,,
24747,DPM_BAS_CNO_MCB_MCY_APL,7,EBA_BAS,true,EBA_BA_EBA_x2,,,
24748,DPM_BAS_CNO_MCB_MCY_APL,7,EBA_CNO,true,EBA_BT_EBA_x4,,,
24749,DPM_BAS_CNO_MCB_MCY_APL,8,EBA_MCY,true,EBA_MC_EBA_x213,,,
24750,DPM_BAS_CNO_MCB_MCY_APL,8,EBA_MCB,true,EBA_MC_EBA_x0,,,
24751,DPM_BAS_CNO_MCB_MCY_APL,8,EBA_APL,true,EBA_PL_EBA_x0,,,
24752,DPM_BAS_CNO_MCB_MCY_APL,8,EBA_BAS,true,EBA_BA_EBA_x2,,,
24753,DPM_BAS_CNO_MCB_MCY_APL,8,EBA_CNO,true,EBA_BT_EBA_x4,,,
24754,DPM_BAS_CNO_MCB_MCY_APL,9,EBA_MCY,true,EBA_MC_EBA_x269,,,
24755,DPM_BAS_CNO_MCB_MCY_APL,9,EBA_MCB,true,EBA_MC_EBA_x0,,,
24756,DPM_BAS_CNO_MCB_MCY_APL,9,EBA_APL,true,EBA_PL_EBA_x0,,,
24757,DPM_BAS_CNO_MCB_MCY_APL,9,EBA_BAS,true,EBA_BA_EBA_x2,,,
24758,DPM_BAS_CNO_MCB_MCY_APL,9,EBA_CNO,true,EBA_BT_EBA_x4,,,
24759,DPM_BAS_CNO_MCB_MCY_APL,10,EBA_MCY,true,EBA_MC_EBA_x273,,,
24760,DPM_BAS_CNO_MCB_MCY_APL,10,EBA_MCB,true,EBA_MC_EBA_x0,,,
24761,DPM_BAS_CNO_MCB_MCY_APL,10,EBA_APL,true,EBA_PL_EBA_x0,,,
24762,DPM_BAS_CNO_MCB_MCY_APL,10,EBA_BAS,true,EBA_BA_EBA_x2,,,
24763,DPM_BAS_CNO_MCB_MCY_APL,10,EBA_CNO,true,EBA_BT_EBA_x4,,,
24764,DPM_BAS_CNO_MCB_MCY_APL,11,EBA_MCY,true,EBA_MC_EBA_x276,,,
24765,DPM_BAS_CNO_MCB_MCY_APL,11,EBA_MCB,true,EBA_MC_EBA_x0,,,
24766,DPM_BAS_CNO_MCB_MCY_APL,11,EBA_APL,true,EBA_PL_EBA_x0,,,
24767,DPM_BAS_CNO_MCB_MCY_APL,11,EBA_BAS,true,EBA_BA_EBA_x2,,,
24768,DPM_BAS_CNO_MCB_MCY_APL,11,EBA_CNO,true,EBA_BT_EBA_x4,,,
24769,DPM_BAS_CNO_MCB_MCY_APL,12,EBA_MCY,true,EBA_MC_EBA_x301,,,
24770,DPM_BAS_CNO_MCB_MCY_APL,12,EBA_MCB,true,EBA_MC_EBA_x0,,,
24771,DPM_BAS_CNO_MCB_MCY_APL,12,EBA_APL,true,EBA_PL_EBA_x0,,,
24772,DPM_BAS_CNO_MCB_MCY_APL,12,EBA_BAS,true,EBA_BA_EBA_x2,,,
24773,DPM_BAS_CNO_MCB_MCY_APL,12,EBA_CNO,true,EBA_BT_EBA_x4,,,
24774,DPM_BAS_CNO_MCB_MCY_APL,13,EBA_MCY,true,EBA_MC_EBA_x302,,,
24775,DPM_BAS_CNO_MCB_MCY_APL,13,EBA_MCB,true,EBA_MC_EBA_x0,,,
24776,DPM_BAS_CNO_MCB_MCY_APL,13,EBA_APL,true,EBA_PL_EBA_x0,,,
24777,DPM_BAS_CNO_MCB_MCY_APL,13,EBA_BAS,true,EBA_BA_EBA_x2,,,
24778,DPM_BAS_CNO_MCB_MCY_APL,13,EBA_CNO,true,EBA_BT_EBA_x4,,,
24779,DPM_BAS_CNO_MCB_MCY_APL,14,EBA_MCY,true,EBA_MC_EBA_x322,,,
24780,DPM_BAS_CNO_MCB_MCY_APL,14,EBA_MCB,true,EBA_MC_EBA_x0,,,
24781,DPM_BAS_CNO_MCB_MCY_APL,14,EBA_APL,true,EBA_PL_EBA_x0,,,
24782,DPM_BAS_CNO_MCB_MCY_APL,14,EBA_BAS,true,EBA_BA_EBA_x2,,,
24783,DPM_BAS_CNO_MCB_MCY_APL,14,EBA_CNO,true,EBA_BT_EBA_x4,,,
24784,DPM_BAS_CNO_MCB_MCY_APL,15,EBA_MCY,true,EBA_MC_EBA_x31,,,
24785,DPM_BAS_CNO_MCB_MCY_APL,15,EBA_MCB,true,EBA_MC_EBA_x0,,,
24786,DPM_BAS_CNO_MCB_MCY_APL,15,EBA_APL,true,EBA_PL_EBA_x13,,,
24787,DPM_BAS_CNO_MCB_MCY_APL,15,EBA_BAS,true,EBA_BA_EBA_x7,,,
24788,DPM_BAS_CNO_MCB_MCY_APL,15,EBA_CNO,true,EBA_BT_EBA_x0,,,
24789,DPM_BAS_CNO_MCB_MCY_APL,16,EBA_MCY,true,EBA_MC_EBA_x31,,,
24790,DPM_BAS_CNO_MCB_MCY_APL,16,EBA_MCB,true,EBA_MC_EBA_x0,,,
24791,DPM_BAS_CNO_MCB_MCY_APL,16,EBA_APL,true,EBA_PL_EBA_x0,,,
24792,DPM_BAS_CNO_MCB_MCY_APL,16,EBA_BAS,true,EBA_BA_EBA_x7,,,
24793,DPM_BAS_CNO_MCB_MCY_APL,16,EBA_CNO,true,EBA_BT_EBA_x0,,,
24794,DPM_BAS_CNO_MCB_MCY_APL,17,EBA_MCY,true,EBA_MC_EBA_x635,,,
24795,DPM_BAS_CNO_MCB_MCY_APL,17,EBA_MCB,true,EBA_MC_EBA_x0,,,
24796,DPM_BAS_CNO_MCB_MCY_APL,17,EBA_APL,true,EBA_PL_EBA_x0,,,
24797,DPM_BAS_CNO_MCB_MCY_APL,17,EBA_BAS,true,EBA_BA_EBA_x7,,,
24798,DPM_BAS_CNO_MCB_MCY_APL,17,EBA_CNO,true,EBA_BT_EBA_x0,,,
24799,DPM_BAS_CNO_MCB_MCY_APL,18,EBA_MCY,true,EBA_MC_EBA_x57,,,
24800,DPM_BAS_CNO_MCB_MCY_APL,18,EBA_MCB,true,EBA_MC_EBA_x0,,,
24801,DPM_BAS_CNO_MCB_MCY_APL,18,EBA_APL,true,EBA_PL_EBA_x79,,,
24802,DPM_BAS_CNO_MCB_MCY_APL,18,EBA_BAS,true,EBA_BA_EBA_x7,,,
24803,DPM_BAS_CNO_MCB_MCY_APL,18,EBA_CNO,true,EBA_BT_EBA_x0,,,
24804,DPM_BAS_CNO_MCB_MCY_APL,19,EBA_MCY,true,EBA_MC_EBA_x81,,,
24805,DPM_BAS_CNO_MCB_MCY_APL,19,EBA_MCB,true,EBA_MC_EBA_x0,,,
24806,DPM_BAS_CNO_MCB_MCY_APL,19,EBA_APL,true,EBA_PL_EBA_x79,,,
24807,DPM_BAS_CNO_MCB_MCY_APL,19,EBA_BAS,true,EBA_BA_EBA_x7,,,
24808,DPM_BAS_CNO_MCB_MCY_APL,19,EBA_CNO,true,EBA_BT_EBA_x0,,,
24809,DPM_BAS_CNO_MCB_MCY_APL,20,EBA_MCY,true,EBA_MC_EBA_x691,,,
24810,DPM_BAS_CNO_MCB_MCY_APL,20,EBA_MCB,true,EBA_MC_EBA_x0,,,
24811,DPM_BAS_CNO_MCB_MCY_APL,20,EBA_APL,true,EBA_PL_EBA_x79,,,
24812,DPM_BAS_CNO_MCB_MCY_APL,20,EBA_BAS,true,EBA_BA_EBA_x7,,,
24813,DPM_BAS_CNO_MCB_MCY_APL,20,EBA_CNO,true,EBA_BT_EBA_x0,,,
24814,DPM_BAS_CNO_MCB_MCY_APL,21,EBA_MCY,true,EBA_MC_EBA_x220,,,
24815,DPM_BAS_CNO_MCB_MCY_APL,21,EBA_MCB,true,EBA_MC_EBA_x0,,,
24816,DPM_BAS_CNO_MCB_MCY_APL,21,EBA_APL,true,EBA_PL_EBA_x79,,,
24817,DPM_BAS_CNO_MCB_MCY_APL,21,EBA_BAS,true,EBA_BA_EBA_x7,,,
24818,DPM_BAS_CNO_MCB_MCY_APL,21,EBA_CNO,true,EBA_BT_EBA_x0,,,
24819,DPM_BAS_CNO_MCB_MCY_APL,22,EBA_MCY,true,EBA_MC_EBA_x449,,,
24820,DPM_BAS_CNO_MCB_MCY_APL,22,EBA_MCB,true,EBA_MC_EBA_x0,,,
24821,DPM_BAS_CNO_MCB_MCY_APL,22,EBA_APL,true,EBA_PL_EBA_x79,,,
24822,DPM_BAS_CNO_MCB_MCY_APL,22,EBA_BAS,true,EBA_BA_EBA_x7,,,
24823,DPM_BAS_CNO_MCB_MCY_APL,22,EBA_CNO,true,EBA_BT_EBA_x0,,,
24824,DPM_BAS_CNO_MCB_MCY_APL,23,EBA_MCY,true,EBA_MC_EBA_x283,,,
24825,DPM_BAS_CNO_MCB_MCY_APL,23,EBA_MCB,true,EBA_MC_EBA_x0,,,
24826,DPM_BAS_CNO_MCB_MCY_APL,23,EBA_APL,true,EBA_PL_EBA_x79,,,
24827,DPM_BAS_CNO_MCB_MCY_APL,23,EBA_BAS,true,EBA_BA_EBA_x7,,,
24828,DPM_BAS_CNO_MCB_MCY_APL,23,EBA_CNO,true,EBA_BT_EBA_x0,,,
24829,DPM_BAS_CNO_MCB_MCY_APL,24,EBA_MCY,true,EBA_MC_EBA_x320,,,
24830,DPM_BAS_CNO_MCB_MCY_APL,24,EBA_MCB,true,EBA_MC_EBA_x0,,,
24831,DPM_BAS_CNO_MCB_MCY_APL,24,EBA_APL,true,EBA_PL_EBA_x79,,,
24832,DPM_BAS_CNO_MCB_MCY_APL,24,EBA_BAS,true,EBA_BA_EBA_x7,,,
24833,DPM_BAS_CNO_MCB_MCY_APL,24,EBA_CNO,true,EBA_BT_EBA_x0,,,
24834,DPM_BAS_CNO_MCB_MCY_APL,25,EBA_MCY,true,EBA_MC_EBA_x335,,,
24835,DPM_BAS_CNO_MCB_MCY_APL,25,EBA_MCB,true,EBA_MC_EBA_x0,,,
24836,DPM_BAS_CNO_MCB_MCY_APL,25,EBA_APL,true,EBA_PL_EBA_x79,,,
24837,DPM_BAS_CNO_MCB_MCY_APL,25,EBA_BAS,true,EBA_BA_EBA_x7,,,
24838,DPM_BAS_CNO_MCB_MCY_APL,25,EBA_CNO,true,EBA_BT_EBA_x0,,,
24839,DPM_BAS_CNO_MCB_MCY_APL,26,EBA_MCY,true,EBA_MC_EBA_x29,,,
24840,DPM_BAS_CNO_MCB_MCY_APL,26,EBA_MCB,true,EBA_MC_EBA_x0,,,
24841,DPM_BAS_CNO_MCB_MCY_APL,26,EBA_APL,true,EBA_PL_EBA_x0,,,
24842,DPM_BAS_CNO_MCB_MCY_APL,26,EBA_BAS,true,EBA_BA_EBA_x8,,,
24843,DPM_BAS_CNO_MCB_MCY_APL,26,EBA_CNO,true,EBA_BT_EBA_x0,,,
24844,DPM_BAS_CNO_MCB_MCY_APL,27,EBA_MCY,true,EBA_MC_EBA_x99,,,
24845,DPM_BAS_CNO_MCB_MCY_APL,27,EBA_MCB,true,EBA_MC_EBA_x0,,,
24846,DPM_BAS_CNO_MCB_MCY_APL,27,EBA_APL,true,EBA_PL_EBA_x28,,,
24847,DPM_BAS_CNO_MCB_MCY_APL,27,EBA_BAS,true,EBA_BA_EBA_x7,,,
24848,DPM_BAS_CNO_MCB_MCY_APL,27,EBA_CNO,true,EBA_BT_EBA_x0,,,
24849,DPM_BAS_CNO_MCB_MCY_APL,28,EBA_MCY,true,EBA_MC_EBA_x99,,,
24850,DPM_BAS_CNO_MCB_MCY_APL,28,EBA_MCB,true,EBA_MC_EBA_x0,,,
24851,DPM_BAS_CNO_MCB_MCY_APL,28,EBA_APL,true,EBA_PL_EBA_x26,,,
24852,DPM_BAS_CNO_MCB_MCY_APL,28,EBA_BAS,true,EBA_BA_EBA_x7,,,
24853,DPM_BAS_CNO_MCB_MCY_APL,28,EBA_CNO,true,EBA_BT_EBA_x0,,,
24854,DPM_BAS_CNO_MCB_MCY_APL,29,EBA_MCY,true,EBA_MC_EBA_x99,,,
24855,DPM_BAS_CNO_MCB_MCY_APL,29,EBA_MCB,true,EBA_MC_EBA_x0,,,
24856,DPM_BAS_CNO_MCB_MCY_APL,29,EBA_APL,true,EBA_PL_EBA_x68,,,
24857,DPM_BAS_CNO_MCB_MCY_APL,29,EBA_BAS,true,EBA_BA_EBA_x7,,,
24858,DPM_BAS_CNO_MCB_MCY_APL,29,EBA_CNO,true,EBA_BT_EBA_x0,,,
24859,DPM_BAS_CNO_MCB_MCY_APL,30,EBA_MCY,true,EBA_MC_EBA_x135,,,
24860,DPM_BAS_CNO_MCB_MCY_APL,30,EBA_MCB,true,EBA_MC_EBA_x0,,,
24861,DPM_BAS_CNO_MCB_MCY_APL,30,EBA_APL,true,EBA_PL_EBA_x25,,,
24862,DPM_BAS_CNO_MCB_MCY_APL,30,EBA_BAS,true,EBA_BA_EBA_x7,,,
24863,DPM_BAS_CNO_MCB_MCY_APL,30,EBA_CNO,true,EBA_BT_EBA_x0,,,
24864,DPM_BAS_CNO_MCB_MCY_APL,31,EBA_MCY,true,EBA_MC_EBA_x135,,,
24865,DPM_BAS_CNO_MCB_MCY_APL,31,EBA_MCB,true,EBA_MC_EBA_x0,,,
24866,DPM_BAS_CNO_MCB_MCY_APL,31,EBA_APL,true,EBA_PL_EBA_x26,,,
24867,DPM_BAS_CNO_MCB_MCY_APL,31,EBA_BAS,true,EBA_BA_EBA_x7,,,
24868,DPM_BAS_CNO_MCB_MCY_APL,31,EBA_CNO,true,EBA_BT_EBA_x0,,,
24869,DPM_BAS_CNO_MCB_MCY_APL,32,EBA_MCY,true,EBA_MC_EBA_x135,,,
24870,DPM_BAS_CNO_MCB_MCY_APL,32,EBA_MCB,true,EBA_MC_EBA_x0,,,
24871,DPM_BAS_CNO_MCB_MCY_APL,32,EBA_APL,true,EBA_PL_EBA_x68,,,
24872,DPM_BAS_CNO_MCB_MCY_APL,32,EBA_BAS,true,EBA_BA_EBA_x7,,,
24873,DPM_BAS_CNO_MCB_MCY_APL,32,EBA_CNO,true,EBA_BT_EBA_x0,,,
24874,DPM_BAS_CNO_MCB_MCY_APL,33,EBA_MCY,true,EBA_MC_EBA_x135,,,
24875,DPM_BAS_CNO_MCB_MCY_APL,33,EBA_MCB,true,EBA_MC_EBA_x0,,,
24876,DPM_BAS_CNO_MCB_MCY_APL,33,EBA_APL,true,EBA_PL_EBA_x27,,,
24877,DPM_BAS_CNO_MCB_MCY_APL,33,EBA_BAS,true,EBA_BA_EBA_x7,,,
24878,DPM_BAS_CNO_MCB_MCY_APL,33,EBA_CNO,true,EBA_BT_EBA_x0,,,
24879,DPM_BAS_CNO_MCB_MCY_APL,34,EBA_MCY,true,EBA_MC_EBA_x135,,,
24880,DPM_BAS_CNO_MCB_MCY_APL,34,EBA_MCB,true,EBA_MC_EBA_x0,,,
24881,DPM_BAS_CNO_MCB_MCY_APL,34,EBA_APL,true,EBA_PL_EBA_x65,,,
24882,DPM_BAS_CNO_MCB_MCY_APL,34,EBA_BAS,true,EBA_BA_EBA_x7,,,
24883,DPM_BAS_CNO_MCB_MCY_APL,34,EBA_CNO,true,EBA_BT_EBA_x0,,,
24884,DPM_BAS_CNO_MCB_MCY_APL,35,EBA_MCY,true,EBA_MC_EBA_x264,,,
24885,DPM_BAS_CNO_MCB_MCY_APL,35,EBA_MCB,true,EBA_MC_EBA_x0,,,
24886,DPM_BAS_CNO_MCB_MCY_APL,35,EBA_APL,true,EBA_PL_EBA_x25,,,
24887,DPM_BAS_CNO_MCB_MCY_APL,35,EBA_BAS,true,EBA_BA_EBA_x7,,,
24888,DPM_BAS_CNO_MCB_MCY_APL,35,EBA_CNO,true,EBA_BT_EBA_x0,,,
24889,DPM_BAS_CNO_MCB_MCY_APL,36,EBA_MCY,true,EBA_MC_EBA_x264,,,
24890,DPM_BAS_CNO_MCB_MCY_APL,36,EBA_MCB,true,EBA_MC_EBA_x0,,,
24891,DPM_BAS_CNO_MCB_MCY_APL,36,EBA_APL,true,EBA_PL_EBA_x26,,,
24892,DPM_BAS_CNO_MCB_MCY_APL,36,EBA_BAS,true,EBA_BA_EBA_x7,,,
24893,DPM_BAS_CNO_MCB_MCY_APL,36,EBA_CNO,true,EBA_BT_EBA_x0,,,
24894,DPM_BAS_CNO_MCB_MCY_APL,37,EBA_MCY,true,EBA_MC_EBA_x264,,,
24895,DPM_BAS_CNO_MCB_MCY_APL,37,EBA_MCB,true,EBA_MC_EBA_x0,,,
24896,DPM_BAS_CNO_MCB_MCY_APL,37,EBA_APL,true,EBA_PL_EBA_x68,,,
24897,DPM_BAS_CNO_MCB_MCY_APL,37,EBA_BAS,true,EBA_BA_EBA_x7,,,
24898,DPM_BAS_CNO_MCB_MCY_APL,37,EBA_CNO,true,EBA_BT_EBA_x0,,,
24899,DPM_BAS_CNO_MCB_MCY_APL,38,EBA_MCY,true,EBA_MC_EBA_x264,,,
24900,DPM_BAS_CNO_MCB_MCY_APL,38,EBA_MCB,true,EBA_MC_EBA_x0,,,
24901,DPM_BAS_CNO_MCB_MCY_APL,38,EBA_APL,true,EBA_PL_EBA_x27,,,
24902,DPM_BAS_CNO_MCB_MCY_APL,38,EBA_BAS,true,EBA_BA_EBA_x7,,,
24903,DPM_BAS_CNO_MCB_MCY_APL,38,EBA_CNO,true,EBA_BT_EBA_x0,,,
24904,DPM_BAS_CNO_MCB_MCY_APL,39,EBA_MCY,true,EBA_MC_EBA_x264,,,
24905,DPM_BAS_CNO_MCB_MCY_APL,39,EBA_MCB,true,EBA_MC_EBA_x0,,,
24906,DPM_BAS_CNO_MCB_MCY_APL,39,EBA_APL,true,EBA_PL_EBA_x65,,,
24907,DPM_BAS_CNO_MCB_MCY_APL,39,EBA_BAS,true,EBA_BA_EBA_x7,,,
24908,DPM_BAS_CNO_MCB_MCY_APL,39,EBA_CNO,true,EBA_BT_EBA_x0,,,
24909,DPM_BAS_CNO_MCB_MCY_APL,40,EBA_MCY,true,EBA_MC_EBA_x93,,,
24910,DPM_BAS_CNO_MCB_MCY_APL,40,EBA_MCB,true,EBA_MC_EBA_x0,,,
24911,DPM_BAS_CNO_MCB_MCY_APL,40,EBA_APL,true,EBA_PL_EBA_x25,,,
24912,DPM_BAS_CNO_MCB_MCY_APL,40,EBA_BAS,true,EBA_BA_EBA_x7,,,
24913,DPM_BAS_CNO_MCB_MCY_APL,40,EBA_CNO,true,EBA_BT_EBA_x0,,,
24914,DPM_BAS_CNO_MCB_MCY_APL,41,EBA_MCY,true,EBA_MC_EBA_x93,,,
24915,DPM_BAS_CNO_MCB_MCY_APL,41,EBA_MCB,true,EBA_MC_EBA_x0,,,
24916,DPM_BAS_CNO_MCB_MCY_APL,41,EBA_APL,true,EBA_PL_EBA_x27,,,
24917,DPM_BAS_CNO_MCB_MCY_APL,41,EBA_BAS,true,EBA_BA_EBA_x7,,,
24918,DPM_BAS_CNO_MCB_MCY_APL,41,EBA_CNO,true,EBA_BT_EBA_x0,,,
24919,DPM_BAS_CNO_MCB_MCY_APL,42,EBA_MCY,true,EBA_MC_EBA_x93,,,
24920,DPM_BAS_CNO_MCB_MCY_APL,42,EBA_MCB,true,EBA_MC_EBA_x0,,,
24921,DPM_BAS_CNO_MCB_MCY_APL,42,EBA_APL,true,EBA_PL_EBA_x65,,,
24922,DPM_BAS_CNO_MCB_MCY_APL,42,EBA_BAS,true,EBA_BA_EBA_x7,,,
24923,DPM_BAS_CNO_MCB_MCY_APL,42,EBA_CNO,true,EBA_BT_EBA_x0,,,
24924,DPM_BAS_CNO_MCB_MCY_APL,43,EBA_MCY,true,EBA_MC_EBA_x111,,,
24925,DPM_BAS_CNO_MCB_MCY_APL,43,EBA_MCB,true,EBA_MC_EBA_x0,,,
24926,DPM_BAS_CNO_MCB_MCY_APL,43,EBA_APL,true,EBA_PL_EBA_x26,,,
24927,DPM_BAS_CNO_MCB_MCY_APL,43,EBA_BAS,true,EBA_BA_EBA_x7,,,
24928,DPM_BAS_CNO_MCB_MCY_APL,43,EBA_CNO,true,EBA_BT_EBA_x0,,,
24929,DPM_BAS_CNO_MCB_MCY_APL,44,EBA_MCY,true,EBA_MC_EBA_x111,,,
24930,DPM_BAS_CNO_MCB_MCY_APL,44,EBA_MCB,true,EBA_MC_EBA_x0,,,
24931,DPM_BAS_CNO_MCB_MCY_APL,44,EBA_APL,true,EBA_PL_EBA_x68,,,
24932,DPM_BAS_CNO_MCB_MCY_APL,44,EBA_BAS,true,EBA_BA_EBA_x7,,,
24933,DPM_BAS_CNO_MCB_MCY_APL,44,EBA_CNO,true,EBA_BT_EBA_x0,,,
24934,DPM_BAS_CNO_MCB_MCY_APL,45,EBA_MCY,true,EBA_MC_EBA_x146,,,
24935,DPM_BAS_CNO_MCB_MCY_APL,45,EBA_MCB,true,EBA_MC_EBA_x0,,,
24936,DPM_BAS_CNO_MCB_MCY_APL,45,EBA_APL,true,EBA_PL_EBA_x25,,,
24937,DPM_BAS_CNO_MCB_MCY_APL,45,EBA_BAS,true,EBA_BA_EBA_x7,,,
24938,DPM_BAS_CNO_MCB_MCY_APL,45,EBA_CNO,true,EBA_BT_EBA_x0,,,
24939,DPM_BAS_CNO_MCB_MCY_APL,46,EBA_MCY,true,EBA_MC_EBA_x146,,,
24940,DPM_BAS_CNO_MCB_MCY_APL,46,EBA_MCB,true,EBA_MC_EBA_x0,,,
24941,DPM_BAS_CNO_MCB_MCY_APL,46,EBA_APL,true,EBA_PL_EBA_x26,,,
24942,DPM_BAS_CNO_MCB_MCY_APL,46,EBA_BAS,true,EBA_BA_EBA_x7,,,
24943,DPM_BAS_CNO_MCB_MCY_APL,46,EBA_CNO,true,EBA_BT_EBA_x0,,,
24944,DPM_BAS_CNO_MCB_MCY_APL,47,EBA_MCY,true,EBA_MC_EBA_x146,,,
24945,DPM_BAS_CNO_MCB_MCY_APL,47,EBA_MCB,true,EBA_MC_EBA_x0,,,
24946,DPM_BAS_CNO_MCB_MCY_APL,47,EBA_APL,true,EBA_PL_EBA_x68,,,
24947,DPM_BAS_CNO_MCB_MCY_APL,47,EBA_BAS,true,EBA_BA_EBA_x7,,,
24948,DPM_BAS_CNO_MCB_MCY_APL,47,EBA_CNO,true,EBA_BT_EBA_x0,,,
24949,DPM_BAS_CNO_MCB_MCY_APL,48,EBA_MCY,true,EBA_MC_EBA_x146,,,
24950,DPM_BAS_CNO_MCB_MCY_APL,48,EBA_MCB,true,EBA_MC_EBA_x0,,,
24951,DPM_BAS_CNO_MCB_MCY_APL,48,EBA_APL,true,EBA_PL_EBA_x27,,,
24952,DPM_BAS_CNO_MCB_MCY_APL,48,EBA_BAS,true,EBA_BA_EBA_x7,,,
24953,DPM_BAS_CNO_MCB_MCY_APL,48,EBA_CNO,true,EBA_BT_EBA_x0,,,
24954,DPM_BAS_CNO_MCB_MCY_APL,49,EBA_MCY,true,EBA_MC_EBA_x146,,,
24955,DPM_BAS_CNO_MCB_MCY_APL,49,EBA_MCB,true,EBA_MC_EBA_x0,,,
24956,DPM_BAS_CNO_MCB_MCY_APL,49,EBA_APL,true,EBA_PL_EBA_x65,,,
24957,DPM_BAS_CNO_MCB_MCY_APL,49,EBA_BAS,true,EBA_BA_EBA_x7,,,
24958,DPM_BAS_CNO_MCB_MCY_APL,49,EBA_CNO,true,EBA_BT_EBA_x0,,,
24959,DPM_BAS_CNO_MCB_MCY_APL,50,EBA_MCY,true,EBA_MC_EBA_x323,,,
24960,DPM_BAS_CNO_MCB_MCY_APL,50,EBA_MCB,true,EBA_MC_EBA_x0,,,
24961,DPM_BAS_CNO_MCB_MCY_APL,50,EBA_APL,true,EBA_PL_EBA_x26,,,
24962,DPM_BAS_CNO_MCB_MCY_APL,50,EBA_BAS,true,EBA_BA_EBA_x7,,,
24963,DPM_BAS_CNO_MCB_MCY_APL,50,EBA_CNO,true,EBA_BT_EBA_x0,,,
24964,DPM_BAS_CNO_MCB_MCY_APL,51,EBA_MCY,true,EBA_MC_EBA_x323,,,
24965,DPM_BAS_CNO_MCB_MCY_APL,51,EBA_MCB,true,EBA_MC_EBA_x0,,,
24966,DPM_BAS_CNO_MCB_MCY_APL,51,EBA_APL,true,EBA_PL_EBA_x68,,,
24967,DPM_BAS_CNO_MCB_MCY_APL,51,EBA_BAS,true,EBA_BA_EBA_x7,,,
24968,DPM_BAS_CNO_MCB_MCY_APL,51,EBA_CNO,true,EBA_BT_EBA_x0,,,
24969,DPM_SCO,0,EBA_SCO,true,EBA_SC_EBA_x1,,,
24970,DPM_SOL,0,EBA_SOL,true,EBA_BT_EBA_x5,,,
24971,DPM_SOL,1,EBA_SOL,true,EBA_BT_EBA_x0,,,
24972,DPM_MCE_APL_PLD,0,EBA_MCE,true,EBA_MC_EBA_x146,,,
24973,DPM_MCE_APL_PLD,0,EBA_APL,true,EBA_PL_EBA_x61,,,
24974,DPM_MCE_APL_PLD,0,EBA_PLD,true,EBA_PL_EBA_x0,,,
24975,DPM_MCE_APL_PLD,1,EBA_MCE,true,EBA_MC_EBA_x146,,,
24976,DPM_MCE_APL_PLD,1,EBA_APL,true,EBA_PL_EBA_x25,,,
24977,DPM_MCE_APL_PLD,1,EBA_PLD,true,EBA_PL_EBA_x0,,,
24978,DPM_MCE_APL_PLD,2,EBA_MCE,true,EBA_MC_EBA_x135,,,
24979,DPM_MCE_APL_PLD,2,EBA_APL,true,EBA_PL_EBA_x61,,,
24980,DPM_MCE_APL_PLD,2,EBA_PLD,true,EBA_PL_EBA_x0,,,
24981,DPM_MCE_APL_PLD,3,EBA_MCE,true,EBA_MC_EBA_x135,,,
24982,DPM_MCE_APL_PLD,3,EBA_APL,true,EBA_PL_EBA_x25,,,
24983,DPM_MCE_APL_PLD,3,EBA_PLD,true,EBA_PL_EBA_x0,,,
24984,DPM_MCE_APL_PLD,4,EBA_MCE,true,EBA_MC_EBA_x264,,,
24985,DPM_MCE_APL_PLD,4,EBA_APL,true,EBA_PL_EBA_x61,,,
24986,DPM_MCE_APL_PLD,4,EBA_PLD,true,EBA_PL_EBA_x0,,,
24987,DPM_MCE_APL_PLD,5,EBA_MCE,true,EBA_MC_EBA_x264,,,
24988,DPM_MCE_APL_PLD,5,EBA_APL,true,EBA_PL_EBA_x25,,,
24989,DPM_MCE_APL_PLD,5,EBA_PLD,true,EBA_PL_EBA_x0,,,
24990,DPM_MCE_APL_PLD,6,EBA_MCE,true,EBA_MC_EBA_x60,,,
24991,DPM_MCE_APL_PLD,6,EBA_APL,true,EBA_PL_EBA_x61,,,
24992,DPM_MCE_APL_PLD,6,EBA_PLD,true,EBA_PL_EBA_x0,,,
24993,DPM_MCE_APL_PLD,7,EBA_MCE,true,EBA_MC_EBA_x60,,,
24994,DPM_MCE_APL_PLD,7,EBA_APL,true,EBA_PL_EBA_x14,,,
24995,DPM_MCE_APL_PLD,7,EBA_PLD,true,EBA_PL_EBA_x0,,,
24996,DPM_MCE_APL_PLD,8,EBA_MCE,true,EBA_MC_EBA_x45,,,
24997,DPM_MCE_APL_PLD,8,EBA_APL,true,EBA_PL_EBA_x61,,,
24998,DPM_MCE_APL_PLD,8,EBA_PLD,true,EBA_PL_EBA_x0,,,
24999,DPM_MCE_APL_PLD,9,EBA_MCE,true,EBA_MC_EBA_x45,,,
25000,DPM_MCE_APL_PLD,9,EBA_APL,true,EBA_PL_EBA_x15,,,
25001,DPM_MCE_APL_PLD,9,EBA_PLD,true,EBA_PL_EBA_x0,,,
25002,DPM_MCE_APL_PLD,10,EBA_MCE,true,EBA_MC_EBA_x45,,,
25003,DPM_MCE_APL_PLD,10,EBA_APL,true,EBA_PL_EBA_x15,,,
25004,DPM_MCE_APL_PLD,10,EBA_PLD,true,EBA_PL_EBA_x691,,,
25005,DPM_MCE_APL_PLD,11,EBA_MCE,true,EBA_MC_EBA_x45,,,
25006,DPM_MCE_APL_PLD,11,EBA_APL,true,EBA_PL_EBA_x15,,,
25007,DPM_MCE_APL_PLD,11,EBA_PLD,true,EBA_PL_EBA_x692,,,
25008,DPM_MCE_APL_PLD,12,EBA_MCE,true,EBA_MC_EBA_x130,,,
25009,DPM_MCE_APL_PLD,12,EBA_APL,true,EBA_PL_EBA_x61,,,
25010,DPM_MCE_APL_PLD,12,EBA_PLD,true,EBA_PL_EBA_x0,,,
25011,DPM_MCE_APL_PLD,13,EBA_MCE,true,EBA_MC_EBA_x130,,,
25012,DPM_MCE_APL_PLD,13,EBA_APL,true,EBA_PL_EBA_x14,,,
25013,DPM_MCE_APL_PLD,13,EBA_PLD,true,EBA_PL_EBA_x0,,,
25014,DPM_MCE_APL_PLD,14,EBA_MCE,true,EBA_MC_EBA_x469,,,
25015,DPM_MCE_APL_PLD,14,EBA_APL,true,EBA_PL_EBA_x61,,,
25016,DPM_MCE_APL_PLD,14,EBA_PLD,true,EBA_PL_EBA_x0,,,
25017,DPM_MCE_APL_PLD,15,EBA_MCE,true,EBA_MC_EBA_x469,,,
25018,DPM_MCE_APL_PLD,15,EBA_APL,true,EBA_PL_EBA_x14,,,
25019,DPM_MCE_APL_PLD,15,EBA_PLD,true,EBA_PL_EBA_x0,,,
25020,DPM_BAS_MCB_MCY,0,EBA_BAS,true,EBA_BA_EBA_x2,,,
25021,DPM_BAS_MCB_MCY,0,EBA_MCB,true,EBA_MC_EBA_x0,,,
25022,DPM_BAS_MCB_MCY,0,EBA_MCY,true,EBA_MC_EBA_x9,,,
25023,DPM_BAS_MCB_MCY,1,EBA_BAS,true,EBA_BA_EBA_x2,,,
25024,DPM_BAS_MCB_MCY,1,EBA_MCB,true,EBA_MC_EBA_x0,,,
25025,DPM_BAS_MCB_MCY,1,EBA_MCY,true,EBA_MC_EBA_x28,,,
25026,DPM_BAS_MCB_MCY,2,EBA_BAS,true,EBA_BA_EBA_x2,,,
25027,DPM_BAS_MCB_MCY,2,EBA_MCB,true,EBA_MC_EBA_x816,,,
25028,DPM_BAS_MCB_MCY,2,EBA_MCY,true,EBA_MC_EBA_x132,,,
25029,DPM_BAS_MCB_MCY,3,EBA_BAS,true,EBA_BA_EBA_x2,,,
25030,DPM_BAS_MCB_MCY,3,EBA_MCB,true,EBA_MC_EBA_x822,,,
25031,DPM_BAS_MCB_MCY,3,EBA_MCY,true,EBA_MC_EBA_x132,,,
25032,DPM_BAS_MCB_MCY,4,EBA_BAS,true,EBA_BA_EBA_x2,,,
25033,DPM_BAS_MCB_MCY,4,EBA_MCB,true,EBA_MC_EBA_x0,,,
25034,DPM_BAS_MCB_MCY,4,EBA_MCY,true,EBA_MC_EBA_x132,,,
25035,DPM_BAS_MCB_MCY,5,EBA_BAS,true,EBA_BA_EBA_x2,,,
25036,DPM_BAS_MCB_MCY,5,EBA_MCB,true,EBA_MC_EBA_x0,,,
25037,DPM_BAS_MCB_MCY,5,EBA_MCY,true,EBA_MC_EBA_x61,,,
25038,DPM_BAS_MCB_MCY,6,EBA_BAS,true,EBA_BA_EBA_x2,,,
25039,DPM_BAS_MCB_MCY,6,EBA_MCB,true,EBA_MC_EBA_x0,,,
25040,DPM_BAS_MCB_MCY,6,EBA_MCY,true,EBA_MC_EBA_x147,,,
25041,DPM_BAS_MCB_MCY,7,EBA_BAS,true,EBA_BA_EBA_x2,,,
25042,DPM_BAS_MCB_MCY,7,EBA_MCB,true,EBA_MC_EBA_x0,,,
25043,DPM_BAS_MCB_MCY,7,EBA_MCY,true,EBA_MC_EBA_x492,,,
25044,DPM_BAS_MCB_MCY,8,EBA_BAS,true,EBA_BA_EBA_x2,,,
25045,DPM_BAS_MCB_MCY,8,EBA_MCB,true,EBA_MC_EBA_x0,,,
25046,DPM_BAS_MCB_MCY,8,EBA_MCY,true,EBA_MC_EBA_x497,,,
25047,DPM_BAS_MCB_MCY,9,EBA_BAS,true,EBA_BA_EBA_x2,,,
25048,DPM_BAS_MCB_MCY,9,EBA_MCB,true,EBA_MC_EBA_x0,,,
25049,DPM_BAS_MCB_MCY,9,EBA_MCY,true,EBA_MC_EBA_x213,,,
25050,DPM_BAS_MCB_MCY,10,EBA_BAS,true,EBA_BA_EBA_x2,,,
25051,DPM_BAS_MCB_MCY,10,EBA_MCB,true,EBA_MC_EBA_x0,,,
25052,DPM_BAS_MCB_MCY,10,EBA_MCY,true,EBA_MC_EBA_x269,,,
25053,DPM_BAS_MCB_MCY,11,EBA_BAS,true,EBA_BA_EBA_x2,,,
25054,DPM_BAS_MCB_MCY,11,EBA_MCB,true,EBA_MC_EBA_x0,,,
25055,DPM_BAS_MCB_MCY,11,EBA_MCY,true,EBA_MC_EBA_x273,,,
25056,DPM_BAS_MCB_MCY,12,EBA_BAS,true,EBA_BA_EBA_x2,,,
25057,DPM_BAS_MCB_MCY,12,EBA_MCB,true,EBA_MC_EBA_x0,,,
25058,DPM_BAS_MCB_MCY,12,EBA_MCY,true,EBA_MC_EBA_x276,,,
25059,DPM_BAS_MCB_MCY,13,EBA_BAS,true,EBA_BA_EBA_x2,,,
25060,DPM_BAS_MCB_MCY,13,EBA_MCB,true,EBA_MC_EBA_x0,,,
25061,DPM_BAS_MCB_MCY,13,EBA_MCY,true,EBA_MC_EBA_x301,,,
25062,DPM_BAS_MCB_MCY,14,EBA_BAS,true,EBA_BA_EBA_x2,,,
25063,DPM_BAS_MCB_MCY,14,EBA_MCB,true,EBA_MC_EBA_x0,,,
25064,DPM_BAS_MCB_MCY,14,EBA_MCY,true,EBA_MC_EBA_x302,,,
25065,DPM_BAS_MCB_MCY,15,EBA_BAS,true,EBA_BA_EBA_x2,,,
25066,DPM_BAS_MCB_MCY,15,EBA_MCB,true,EBA_MC_EBA_x0,,,
25067,DPM_BAS_MCB_MCY,15,EBA_MCY,true,EBA_MC_EBA_x322,,,
25068,DPM_CNO_F_46.00,0,EBA_CNO,true,EBA_BT_EBA_x4,,,
25069,DPM_CNO_F_46.00,1,EBA_CNO,true,EBA_BT_EBA_x3,,,
25070,DPM_CNO_F_46.00,2,EBA_CNO,true,EBA_BT_EBA_x0,,,
25071,DPM_PFS_F_31.02,0,EBA_PFS,true,EBA_IM_EBA_x16,,,
25072,DPM_PFS_F_31.02,1,EBA_PFS,true,EBA_IM_EBA_x0,,,
25073,DPM_BAS_MCE_MCY_TYA,0,EBA_MCY,true,EBA_MC_EBA_x153,,,
25074,DPM_BAS_MCE_MCY_TYA,0,EBA_BAS,true,EBA_BA_EBA_x5,,,
25075,DPM_BAS_MCE_MCY_TYA,0,EBA_MCE,true,EBA_MC_EBA_x0,,,
25076,DPM_BAS_MCE_MCY_TYA,0,EBA_TYA,true,EBA_TA_EBA_x0,,,
25077,DPM_BAS_MCE_MCY_TYA,1,EBA_MCY,true,EBA_MC_EBA_x153,,,
25078,DPM_BAS_MCE_MCY_TYA,1,EBA_BAS,true,EBA_BA_EBA_x5,,,
25079,DPM_BAS_MCE_MCY_TYA,1,EBA_MCE,true,EBA_MC_EBA_x0,,,
25080,DPM_BAS_MCE_MCY_TYA,1,EBA_TYA,true,EBA_TA_EBA_x31,,,
25081,DPM_BAS_MCE_MCY_TYA,2,EBA_MCY,true,EBA_MC_EBA_x153,,,
25082,DPM_BAS_MCE_MCY_TYA,2,EBA_BAS,true,EBA_BA_EBA_x5,,,
25083,DPM_BAS_MCE_MCY_TYA,2,EBA_MCE,true,EBA_MC_EBA_x0,,,
25084,DPM_BAS_MCE_MCY_TYA,2,EBA_TYA,true,EBA_TA_EBA_x32,,,
25085,DPM_BAS_MCE_MCY_TYA,3,EBA_MCY,true,EBA_MC_EBA_x153,,,
25086,DPM_BAS_MCE_MCY_TYA,3,EBA_BAS,true,EBA_BA_EBA_x5,,,
25087,DPM_BAS_MCE_MCY_TYA,3,EBA_MCE,true,EBA_MC_EBA_x0,,,
25088,DPM_BAS_MCE_MCY_TYA,3,EBA_TYA,true,EBA_TA_EBA_x34,,,
25089,DPM_BAS_MCE_MCY_TYA,4,EBA_MCY,true,EBA_MC_EBA_x153,,,
25090,DPM_BAS_MCE_MCY_TYA,4,EBA_BAS,true,EBA_BA_EBA_x5,,,
25091,DPM_BAS_MCE_MCY_TYA,4,EBA_MCE,true,EBA_MC_EBA_x0,,,
25092,DPM_BAS_MCE_MCY_TYA,4,EBA_TYA,true,EBA_TA_EBA_x33,,,
25093,DPM_BAS_MCE_MCY_TYA,5,EBA_MCY,true,EBA_MC_EBA_x153,,,
25094,DPM_BAS_MCE_MCY_TYA,5,EBA_BAS,true,EBA_BA_EBA_x5,,,
25095,DPM_BAS_MCE_MCY_TYA,5,EBA_MCE,true,EBA_MC_EBA_x0,,,
25096,DPM_BAS_MCE_MCY_TYA,5,EBA_TYA,true,EBA_TA_EBA_x10,,,
25097,DPM_BAS_MCE_MCY_TYA,6,EBA_MCY,true,EBA_MC_EBA_x153,,,
25098,DPM_BAS_MCE_MCY_TYA,6,EBA_BAS,true,EBA_BA_EBA_x5,,,
25099,DPM_BAS_MCE_MCY_TYA,6,EBA_MCE,true,EBA_MC_EBA_x0,,,
25100,DPM_BAS_MCE_MCY_TYA,6,EBA_TYA,true,EBA_TA_EBA_x5,,,
25101,DPM_BAS_MCE_MCY_TYA,7,EBA_MCY,true,EBA_MC_EBA_x153,,,
25102,DPM_BAS_MCE_MCY_TYA,7,EBA_BAS,true,EBA_BA_EBA_x5,,,
25103,DPM_BAS_MCE_MCY_TYA,7,EBA_MCE,true,EBA_MC_EBA_x0,,,
25104,DPM_BAS_MCE_MCY_TYA,7,EBA_TYA,true,EBA_TA_EBA_x14,,,
25105,DPM_BAS_MCE_MCY_TYA,8,EBA_MCY,true,EBA_MC_EBA_x153,,,
25106,DPM_BAS_MCE_MCY_TYA,8,EBA_BAS,true,EBA_BA_EBA_x5,,,
25107,DPM_BAS_MCE_MCY_TYA,8,EBA_MCE,true,EBA_MC_EBA_x0,,,
25108,DPM_BAS_MCE_MCY_TYA,8,EBA_TYA,true,EBA_TA_EBA_x15,,,
25109,DPM_BAS_MCE_MCY_TYA,9,EBA_MCY,true,EBA_MC_EBA_x153,,,
25110,DPM_BAS_MCE_MCY_TYA,9,EBA_BAS,true,EBA_BA_EBA_x5,,,
25111,DPM_BAS_MCE_MCY_TYA,9,EBA_MCE,true,EBA_MC_EBA_x0,,,
25112,DPM_BAS_MCE_MCY_TYA,9,EBA_TYA,true,EBA_TA_EBA_x16,,,
25113,DPM_BAS_MCE_MCY_TYA,10,EBA_MCY,true,EBA_MC_EBA_x153,,,
25114,DPM_BAS_MCE_MCY_TYA,10,EBA_BAS,true,EBA_BA_EBA_x5,,,
25115,DPM_BAS_MCE_MCY_TYA,10,EBA_MCE,true,EBA_MC_EBA_x0,,,
25116,DPM_BAS_MCE_MCY_TYA,10,EBA_TYA,true,EBA_TA_EBA_x9,,,
25117,DPM_BAS_MCE_MCY_TYA,11,EBA_MCY,true,EBA_MC_EBA_x153,,,
25118,DPM_BAS_MCE_MCY_TYA,11,EBA_BAS,true,EBA_BA_EBA_x5,,,
25119,DPM_BAS_MCE_MCY_TYA,11,EBA_MCE,true,EBA_MC_EBA_x0,,,
25120,DPM_BAS_MCE_MCY_TYA,11,EBA_TYA,true,EBA_TA_EBA_x22,,,
25121,DPM_BAS_MCE_MCY_TYA,12,EBA_MCY,true,EBA_MC_EBA_x153,,,
25122,DPM_BAS_MCE_MCY_TYA,12,EBA_BAS,true,EBA_BA_EBA_x5,,,
25123,DPM_BAS_MCE_MCY_TYA,12,EBA_MCE,true,EBA_MC_EBA_x0,,,
25124,DPM_BAS_MCE_MCY_TYA,12,EBA_TYA,true,EBA_TA_EBA_x28,,,
25125,DPM_BAS_MCE_MCY_TYA,13,EBA_MCY,true,EBA_MC_EBA_x153,,,
25126,DPM_BAS_MCE_MCY_TYA,13,EBA_BAS,true,EBA_BA_EBA_x5,,,
25127,DPM_BAS_MCE_MCY_TYA,13,EBA_MCE,true,EBA_MC_EBA_x0,,,
25128,DPM_BAS_MCE_MCY_TYA,13,EBA_TYA,true,EBA_TA_EBA_x18,,,
25129,DPM_BAS_MCE_MCY_TYA,14,EBA_MCY,true,EBA_MC_EBA_x153,,,
25130,DPM_BAS_MCE_MCY_TYA,14,EBA_BAS,true,EBA_BA_EBA_x5,,,
25131,DPM_BAS_MCE_MCY_TYA,14,EBA_MCE,true,EBA_MC_EBA_x0,,,
25132,DPM_BAS_MCE_MCY_TYA,14,EBA_TYA,true,EBA_TA_EBA_x19,,,
25133,DPM_BAS_MCE_MCY_TYA,15,EBA_MCY,true,EBA_MC_EBA_x153,,,
25134,DPM_BAS_MCE_MCY_TYA,15,EBA_BAS,true,EBA_BA_EBA_x5,,,
25135,DPM_BAS_MCE_MCY_TYA,15,EBA_MCE,true,EBA_MC_EBA_x0,,,
25136,DPM_BAS_MCE_MCY_TYA,15,EBA_TYA,true,EBA_TA_EBA_x20,,,
25137,DPM_BAS_MCE_MCY_TYA,16,EBA_MCY,true,EBA_MC_EBA_x153,,,
25138,DPM_BAS_MCE_MCY_TYA,16,EBA_BAS,true,EBA_BA_EBA_x5,,,
25139,DPM_BAS_MCE_MCY_TYA,16,EBA_MCE,true,EBA_MC_EBA_x0,,,
25140,DPM_BAS_MCE_MCY_TYA,16,EBA_TYA,true,EBA_TA_EBA_x21,,,
25141,DPM_BAS_MCE_MCY_TYA,17,EBA_MCY,true,EBA_MC_EBA_x153,,,
25142,DPM_BAS_MCE_MCY_TYA,17,EBA_BAS,true,EBA_BA_EBA_x5,,,
25143,DPM_BAS_MCE_MCY_TYA,17,EBA_MCE,true,EBA_MC_EBA_x0,,,
25144,DPM_BAS_MCE_MCY_TYA,17,EBA_TYA,true,EBA_TA_EBA_x37,,,
25145,DPM_BAS_MCE_MCY_TYA,18,EBA_MCY,true,EBA_MC_EBA_x153,,,
25146,DPM_BAS_MCE_MCY_TYA,18,EBA_BAS,true,EBA_BA_EBA_x5,,,
25147,DPM_BAS_MCE_MCY_TYA,18,EBA_MCE,true,EBA_MC_EBA_x0,,,
25148,DPM_BAS_MCE_MCY_TYA,18,EBA_TYA,true,EBA_TA_EBA_x36,,,
25149,DPM_BAS_MCE_MCY_TYA,19,EBA_MCY,true,EBA_MC_EBA_x153,,,
25150,DPM_BAS_MCE_MCY_TYA,19,EBA_BAS,true,EBA_BA_EBA_x5,,,
25151,DPM_BAS_MCE_MCY_TYA,19,EBA_MCE,true,EBA_MC_EBA_x221,,,
25152,DPM_BAS_MCE_MCY_TYA,19,EBA_TYA,true,EBA_TA_EBA_x0,,,
25153,DPM_BAS_MCE_MCY_TYA,20,EBA_MCY,true,EBA_MC_EBA_x153,,,
25154,DPM_BAS_MCE_MCY_TYA,20,EBA_BAS,true,EBA_BA_EBA_x5,,,
25155,DPM_BAS_MCE_MCY_TYA,20,EBA_MCE,true,EBA_MC_EBA_x154,,,
25156,DPM_BAS_MCE_MCY_TYA,20,EBA_TYA,true,EBA_TA_EBA_x0,,,
25157,DPM_BAS_MCE_MCY_TYA,21,EBA_MCY,true,EBA_MC_EBA_x153,,,
25158,DPM_BAS_MCE_MCY_TYA,21,EBA_BAS,true,EBA_BA_EBA_x5,,,
25159,DPM_BAS_MCE_MCY_TYA,21,EBA_MCE,true,EBA_MC_EBA_x591,,,
25160,DPM_BAS_MCE_MCY_TYA,21,EBA_TYA,true,EBA_TA_EBA_x2,,,
25161,DPM_BAS_MCE_MCY_TYA,22,EBA_MCY,true,EBA_MC_EBA_x153,,,
25162,DPM_BAS_MCE_MCY_TYA,22,EBA_BAS,true,EBA_BA_EBA_x3,,,
25163,DPM_BAS_MCE_MCY_TYA,22,EBA_MCE,true,EBA_MC_EBA_x0,,,
25164,DPM_BAS_MCE_MCY_TYA,22,EBA_TYA,true,EBA_TA_EBA_x0,,,
25165,DPM_BAS_MCE_MCY_TYA,23,EBA_MCY,true,EBA_MC_EBA_x153,,,
25166,DPM_BAS_MCE_MCY_TYA,23,EBA_BAS,true,EBA_BA_EBA_x3,,,
25167,DPM_BAS_MCE_MCY_TYA,23,EBA_MCE,true,EBA_MC_EBA_x0,,,
25168,DPM_BAS_MCE_MCY_TYA,23,EBA_TYA,true,EBA_TA_EBA_x10,,,
25169,DPM_BAS_MCE_MCY_TYA,24,EBA_MCY,true,EBA_MC_EBA_x153,,,
25170,DPM_BAS_MCE_MCY_TYA,24,EBA_BAS,true,EBA_BA_EBA_x3,,,
25171,DPM_BAS_MCE_MCY_TYA,24,EBA_MCE,true,EBA_MC_EBA_x0,,,
25172,DPM_BAS_MCE_MCY_TYA,24,EBA_TYA,true,EBA_TA_EBA_x14,,,
25173,DPM_BAS_MCE_MCY_TYA,25,EBA_MCY,true,EBA_MC_EBA_x153,,,
25174,DPM_BAS_MCE_MCY_TYA,25,EBA_BAS,true,EBA_BA_EBA_x3,,,
25175,DPM_BAS_MCE_MCY_TYA,25,EBA_MCE,true,EBA_MC_EBA_x0,,,
25176,DPM_BAS_MCE_MCY_TYA,25,EBA_TYA,true,EBA_TA_EBA_x36,,,
25177,DPM_BAS_MCE_MCY_TYA,26,EBA_MCY,true,EBA_MC_EBA_x153,,,
25178,DPM_BAS_MCE_MCY_TYA,26,EBA_BAS,true,EBA_BA_EBA_x3,,,
25179,DPM_BAS_MCE_MCY_TYA,26,EBA_MCE,true,EBA_MC_EBA_x69,,,
25180,DPM_BAS_MCE_MCY_TYA,26,EBA_TYA,true,EBA_TA_EBA_x0,,,
25181,DPM_BAS_MCE_MCY_TYA,27,EBA_MCY,true,EBA_MC_EBA_x153,,,
25182,DPM_BAS_MCE_MCY_TYA,27,EBA_BAS,true,EBA_BA_EBA_x3,,,
25183,DPM_BAS_MCE_MCY_TYA,27,EBA_MCE,true,EBA_MC_EBA_x155,,,
25184,DPM_BAS_MCE_MCY_TYA,27,EBA_TYA,true,EBA_TA_EBA_x0,,,
25185,DPM_BAS_MCE_MCY_TYA,28,EBA_MCY,true,EBA_MC_EBA_x153,,,
25186,DPM_BAS_MCE_MCY_TYA,28,EBA_BAS,true,EBA_BA_EBA_x3,,,
25187,DPM_BAS_MCE_MCY_TYA,28,EBA_MCE,true,EBA_MC_EBA_x592,,,
25188,DPM_BAS_MCE_MCY_TYA,28,EBA_TYA,true,EBA_TA_EBA_x1,,,
25189,DPM_MCE_TYH,0,EBA_MCE,true,EBA_MC_EBA_x99,,,
25190,DPM_MCE_TYH,0,EBA_TYH,true,EBA_MC_EBA_x0,,,
25191,DPM_MCE_TYH,1,EBA_MCE,true,EBA_MC_EBA_x99,,,
25192,DPM_MCE_TYH,1,EBA_TYH,true,EBA_MC_EBA_x693,,,
25193,DPM_MCE_TYH,2,EBA_MCE,true,EBA_MC_EBA_x135,,,
25194,DPM_MCE_TYH,2,EBA_TYH,true,EBA_MC_EBA_x0,,,
25195,DPM_MCE_TYH,3,EBA_MCE,true,EBA_MC_EBA_x264,,,
25196,DPM_MCE_TYH,3,EBA_TYH,true,EBA_MC_EBA_x0,,,
25197,DPM_MCE_TYH,4,EBA_MCE,true,EBA_MC_EBA_x60,,,
25198,DPM_MCE_TYH,4,EBA_TYH,true,EBA_MC_EBA_x0,,,
25199,DPM_MCE_TYH,5,EBA_MCE,true,EBA_MC_EBA_x146,,,
25200,DPM_MCE_TYH,5,EBA_TYH,true,EBA_MC_EBA_x0,,,
25201,DPM_MCE_TYH,6,EBA_MCE,true,EBA_MC_EBA_x109,,,
25202,DPM_MCE_TYH,6,EBA_TYH,true,EBA_MC_EBA_x0,,,
25203,DPM_MCE_TYH,7,EBA_MCE,true,EBA_MC_EBA_x323,,,
25204,DPM_MCE_TYH,7,EBA_TYH,true,EBA_MC_EBA_x0,,,
25205,DPM_MCE_TYH,8,EBA_MCE,true,EBA_MC_EBA_x130,,,
25206,DPM_MCE_TYH,8,EBA_TYH,true,EBA_MC_EBA_x0,,,
25207,DPM_MCE_TYH,9,EBA_MCE,true,EBA_MC_EBA_x223,,,
25208,DPM_MCE_TYH,9,EBA_TYH,true,EBA_MC_EBA_x0,,,
25209,DPM_MCE_TYH,10,EBA_MCE,true,EBA_MC_EBA_x469,,,
25210,DPM_MCE_TYH,10,EBA_TYH,true,EBA_MC_EBA_x0,,,
25211,DPM_TYA,0,EBA_TYA,true,EBA_TA_EBA_x1,,,
25212,DPM_TYA,1,EBA_TYA,true,EBA_TA_EBA_x2,,,
25213,DPM_TYA,2,EBA_TYA,true,EBA_TA_EBA_x5,,,
25214,DPM_TYA,3,EBA_TYA,true,EBA_TA_EBA_x25,,,
25215,DPM_TYA,4,EBA_TYA,true,EBA_TA_EBA_x6,,,
25216,DPM_TYA,5,EBA_TYA,true,EBA_TA_EBA_x7,,,
25217,DPM_TYA,6,EBA_TYA,true,EBA_TA_EBA_x8,,,
25218,DPM_TYA,7,EBA_TYA,true,EBA_TA_EBA_x9,,,
25219,DPM_TYA,8,EBA_TYA,true,EBA_TA_EBA_x10,,,
25220,DPM_TYA,9,EBA_TYA,true,EBA_TA_EBA_x14,,,
25221,DPM_TYA,10,EBA_TYA,true,EBA_TA_EBA_x15,,,
25222,DPM_TYA,11,EBA_TYA,true,EBA_TA_EBA_x16,,,
25223,DPM_TYA,12,EBA_TYA,true,EBA_TA_EBA_x17,,,
25224,DPM_TYA,13,EBA_TYA,true,EBA_TA_EBA_x18,,,
25225,DPM_TYA,14,EBA_TYA,true,EBA_TA_EBA_x19,,,
25226,DPM_TYA,15,EBA_TYA,true,EBA_TA_EBA_x20,,,
25227,DPM_TYA,16,EBA_TYA,true,EBA_TA_EBA_x21,,,
25228,DPM_TYA,17,EBA_TYA,true,EBA_TA_EBA_x22,,,
25229,DPM_TYA,18,EBA_TYA,true,EBA_TA_EBA_x36,,,
25230,DPM_TYA,19,EBA_TYA,true,EBA_TA_EBA_x28,,,
25231,DPM_TYA,20,EBA_TYA,true,EBA_TA_EBA_x31,,,
25232,DPM_TYA,21,EBA_TYA,true,EBA_TA_EBA_x32,,,
25233,DPM_TYA,22,EBA_TYA,true,EBA_TA_EBA_x33,,,
25234,DPM_TYA,23,EBA_TYA,true,EBA_TA_EBA_x34,,,
25235,DPM_TYA,24,EBA_TYA,true,EBA_TA_EBA_x37,,,
25236,DPM_TYA,25,EBA_TYA,true,EBA_TA_EBA_x0,,,
25237,DPM_FVH,0,EBA_FVH,true,EBA_MA_EBA_x1,,,
25238,DPM_FVH,1,EBA_FVH,true,EBA_MA_EBA_x2,,,
25239,DPM_FVH,2,EBA_FVH,true,EBA_MA_EBA_x3,,,
25240,DPM_FVH,3,EBA_FVH,true,EBA_MA_EBA_x0,,,
25241,DPM_ALO_F_12.00,0,EBA_ALO,true,EBA_IM_EBA_x22,,,
25242,DPM_ALO_F_12.00,1,EBA_ALO,true,EBA_IM_EBA_x23,,,
25243,DPM_ALO_F_12.00,2,EBA_ALO,true,EBA_IM_EBA_x24,,,
25244,DPM_ALO_F_12.00,3,EBA_ALO,true,EBA_IM_EBA_x0,,,
25245,DPM_ALO_F_12.00,4,EBA_ALO,true,EBA_IM_EBA_x1,,,
25246,DPM_DPS,0,EBA_DPS,true,EBA_MC_EBA_x123,,,
25247,DPM_DPS,1,EBA_DPS,true,EBA_MC_EBA_x0,,,
25248,DPM_CPS_MCB_MCY_TMA_TRI,0,EBA_MCY,true,EBA_MC_EBA_x99,,,
25249,DPM_CPS_MCB_MCY_TMA_TRI,0,EBA_CPS,true,EBA_CT_EBA_x0,,,
25250,DPM_CPS_MCB_MCY_TMA_TRI,0,EBA_TRI,true,EBA_TR_EBA_x9,,,
25251,DPM_CPS_MCB_MCY_TMA_TRI,0,EBA_TMA,true,EBA_MA_EBA_x0,,,
25252,DPM_CPS_MCB_MCY_TMA_TRI,0,EBA_MCB,true,EBA_MC_EBA_x0,,,
25253,DPM_CPS_MCB_MCY_TMA_TRI,1,EBA_MCY,true,EBA_MC_EBA_x99,,,
25254,DPM_CPS_MCB_MCY_TMA_TRI,1,EBA_CPS,true,EBA_CT_EBA_x0,,,
25255,DPM_CPS_MCB_MCY_TMA_TRI,1,EBA_TRI,true,EBA_TR_EBA_x9,,,
25256,DPM_CPS_MCB_MCY_TMA_TRI,1,EBA_TMA,true,EBA_MA_EBA_x5,,,
25257,DPM_CPS_MCB_MCY_TMA_TRI,1,EBA_MCB,true,EBA_MC_EBA_x813,,,
25258,DPM_CPS_MCB_MCY_TMA_TRI,2,EBA_MCY,true,EBA_MC_EBA_x99,,,
25259,DPM_CPS_MCB_MCY_TMA_TRI,2,EBA_CPS,true,EBA_CT_EBA_x0,,,
25260,DPM_CPS_MCB_MCY_TMA_TRI,2,EBA_TRI,true,EBA_TR_EBA_x9,,,
25261,DPM_CPS_MCB_MCY_TMA_TRI,2,EBA_TMA,true,EBA_MA_EBA_x5,,,
25262,DPM_CPS_MCB_MCY_TMA_TRI,2,EBA_MCB,true,EBA_MC_EBA_x815,,,
25263,DPM_CPS_MCB_MCY_TMA_TRI,3,EBA_MCY,true,EBA_MC_EBA_x99,,,
25264,DPM_CPS_MCB_MCY_TMA_TRI,3,EBA_CPS,true,EBA_CT_EBA_x0,,,
25265,DPM_CPS_MCB_MCY_TMA_TRI,3,EBA_TRI,true,EBA_TR_EBA_x9,,,
25266,DPM_CPS_MCB_MCY_TMA_TRI,3,EBA_TMA,true,EBA_MA_EBA_x4,,,
25267,DPM_CPS_MCB_MCY_TMA_TRI,3,EBA_MCB,true,EBA_MC_EBA_x813,,,
25268,DPM_CPS_MCB_MCY_TMA_TRI,4,EBA_MCY,true,EBA_MC_EBA_x99,,,
25269,DPM_CPS_MCB_MCY_TMA_TRI,4,EBA_CPS,true,EBA_CT_EBA_x0,,,
25270,DPM_CPS_MCB_MCY_TMA_TRI,4,EBA_TRI,true,EBA_TR_EBA_x9,,,
25271,DPM_CPS_MCB_MCY_TMA_TRI,4,EBA_TMA,true,EBA_MA_EBA_x4,,,
25272,DPM_CPS_MCB_MCY_TMA_TRI,4,EBA_MCB,true,EBA_MC_EBA_x815,,,
25273,DPM_CPS_MCB_MCY_TMA_TRI,5,EBA_MCY,true,EBA_MC_EBA_x99,,,
25274,DPM_CPS_MCB_MCY_TMA_TRI,5,EBA_CPS,true,EBA_CT_EBA_x0,,,
25275,DPM_CPS_MCB_MCY_TMA_TRI,5,EBA_TRI,true,EBA_TR_EBA_x14,,,
25276,DPM_CPS_MCB_MCY_TMA_TRI,5,EBA_TMA,true,EBA_MA_EBA_x0,,,
25277,DPM_CPS_MCB_MCY_TMA_TRI,5,EBA_MCB,true,EBA_MC_EBA_x0,,,
25278,DPM_CPS_MCB_MCY_TMA_TRI,6,EBA_MCY,true,EBA_MC_EBA_x99,,,
25279,DPM_CPS_MCB_MCY_TMA_TRI,6,EBA_CPS,true,EBA_CT_EBA_x0,,,
25280,DPM_CPS_MCB_MCY_TMA_TRI,6,EBA_TRI,true,EBA_TR_EBA_x14,,,
25281,DPM_CPS_MCB_MCY_TMA_TRI,6,EBA_TMA,true,EBA_MA_EBA_x5,,,
25282,DPM_CPS_MCB_MCY_TMA_TRI,6,EBA_MCB,true,EBA_MC_EBA_x813,,,
25283,DPM_CPS_MCB_MCY_TMA_TRI,7,EBA_MCY,true,EBA_MC_EBA_x99,,,
25284,DPM_CPS_MCB_MCY_TMA_TRI,7,EBA_CPS,true,EBA_CT_EBA_x0,,,
25285,DPM_CPS_MCB_MCY_TMA_TRI,7,EBA_TRI,true,EBA_TR_EBA_x14,,,
25286,DPM_CPS_MCB_MCY_TMA_TRI,7,EBA_TMA,true,EBA_MA_EBA_x5,,,
25287,DPM_CPS_MCB_MCY_TMA_TRI,7,EBA_MCB,true,EBA_MC_EBA_x815,,,
25288,DPM_CPS_MCB_MCY_TMA_TRI,8,EBA_MCY,true,EBA_MC_EBA_x99,,,
25289,DPM_CPS_MCB_MCY_TMA_TRI,8,EBA_CPS,true,EBA_CT_EBA_x0,,,
25290,DPM_CPS_MCB_MCY_TMA_TRI,8,EBA_TRI,true,EBA_TR_EBA_x14,,,
25291,DPM_CPS_MCB_MCY_TMA_TRI,8,EBA_TMA,true,EBA_MA_EBA_x4,,,
25292,DPM_CPS_MCB_MCY_TMA_TRI,8,EBA_MCB,true,EBA_MC_EBA_x813,,,
25293,DPM_CPS_MCB_MCY_TMA_TRI,9,EBA_MCY,true,EBA_MC_EBA_x99,,,
25294,DPM_CPS_MCB_MCY_TMA_TRI,9,EBA_CPS,true,EBA_CT_EBA_x0,,,
25295,DPM_CPS_MCB_MCY_TMA_TRI,9,EBA_TRI,true,EBA_TR_EBA_x14,,,
25296,DPM_CPS_MCB_MCY_TMA_TRI,9,EBA_TMA,true,EBA_MA_EBA_x4,,,
25297,DPM_CPS_MCB_MCY_TMA_TRI,9,EBA_MCB,true,EBA_MC_EBA_x815,,,
25298,DPM_CPS_MCB_MCY_TMA_TRI,10,EBA_MCY,true,EBA_MC_EBA_x99,,,
25299,DPM_CPS_MCB_MCY_TMA_TRI,10,EBA_CPS,true,EBA_CT_EBA_x0,,,
25300,DPM_CPS_MCB_MCY_TMA_TRI,10,EBA_TRI,true,EBA_TR_EBA_x16,,,
25301,DPM_CPS_MCB_MCY_TMA_TRI,10,EBA_TMA,true,EBA_MA_EBA_x0,,,
25302,DPM_CPS_MCB_MCY_TMA_TRI,10,EBA_MCB,true,EBA_MC_EBA_x0,,,
25303,DPM_CPS_MCB_MCY_TMA_TRI,11,EBA_MCY,true,EBA_MC_EBA_x99,,,
25304,DPM_CPS_MCB_MCY_TMA_TRI,11,EBA_CPS,true,EBA_CT_EBA_x0,,,
25305,DPM_CPS_MCB_MCY_TMA_TRI,11,EBA_TRI,true,EBA_TR_EBA_x16,,,
25306,DPM_CPS_MCB_MCY_TMA_TRI,11,EBA_TMA,true,EBA_MA_EBA_x5,,,
25307,DPM_CPS_MCB_MCY_TMA_TRI,11,EBA_MCB,true,EBA_MC_EBA_x813,,,
25308,DPM_CPS_MCB_MCY_TMA_TRI,12,EBA_MCY,true,EBA_MC_EBA_x99,,,
25309,DPM_CPS_MCB_MCY_TMA_TRI,12,EBA_CPS,true,EBA_CT_EBA_x0,,,
25310,DPM_CPS_MCB_MCY_TMA_TRI,12,EBA_TRI,true,EBA_TR_EBA_x16,,,
25311,DPM_CPS_MCB_MCY_TMA_TRI,12,EBA_TMA,true,EBA_MA_EBA_x5,,,
25312,DPM_CPS_MCB_MCY_TMA_TRI,12,EBA_MCB,true,EBA_MC_EBA_x815,,,
25313,DPM_CPS_MCB_MCY_TMA_TRI,13,EBA_MCY,true,EBA_MC_EBA_x99,,,
25314,DPM_CPS_MCB_MCY_TMA_TRI,13,EBA_CPS,true,EBA_CT_EBA_x0,,,
25315,DPM_CPS_MCB_MCY_TMA_TRI,13,EBA_TRI,true,EBA_TR_EBA_x16,,,
25316,DPM_CPS_MCB_MCY_TMA_TRI,13,EBA_TMA,true,EBA_MA_EBA_x4,,,
25317,DPM_CPS_MCB_MCY_TMA_TRI,13,EBA_MCB,true,EBA_MC_EBA_x813,,,
25318,DPM_CPS_MCB_MCY_TMA_TRI,14,EBA_MCY,true,EBA_MC_EBA_x99,,,
25319,DPM_CPS_MCB_MCY_TMA_TRI,14,EBA_CPS,true,EBA_CT_EBA_x0,,,
25320,DPM_CPS_MCB_MCY_TMA_TRI,14,EBA_TRI,true,EBA_TR_EBA_x16,,,
25321,DPM_CPS_MCB_MCY_TMA_TRI,14,EBA_TMA,true,EBA_MA_EBA_x4,,,
25322,DPM_CPS_MCB_MCY_TMA_TRI,14,EBA_MCB,true,EBA_MC_EBA_x815,,,
25323,DPM_CPS_MCB_MCY_TMA_TRI,15,EBA_MCY,true,EBA_MC_EBA_x99,,,
25324,DPM_CPS_MCB_MCY_TMA_TRI,15,EBA_CPS,true,EBA_CT_EBA_x0,,,
25325,DPM_CPS_MCB_MCY_TMA_TRI,15,EBA_TRI,true,EBA_TR_EBA_x2,,,
25326,DPM_CPS_MCB_MCY_TMA_TRI,15,EBA_TMA,true,EBA_MA_EBA_x0,,,
25327,DPM_CPS_MCB_MCY_TMA_TRI,15,EBA_MCB,true,EBA_MC_EBA_x0,,,
25328,DPM_CPS_MCB_MCY_TMA_TRI,16,EBA_MCY,true,EBA_MC_EBA_x99,,,
25329,DPM_CPS_MCB_MCY_TMA_TRI,16,EBA_CPS,true,EBA_CT_EBA_x0,,,
25330,DPM_CPS_MCB_MCY_TMA_TRI,16,EBA_TRI,true,EBA_TR_EBA_x2,,,
25331,DPM_CPS_MCB_MCY_TMA_TRI,16,EBA_TMA,true,EBA_MA_EBA_x0,,,
25332,DPM_CPS_MCB_MCY_TMA_TRI,16,EBA_MCB,true,EBA_MC_EBA_x170,,,
25333,DPM_CPS_MCB_MCY_TMA_TRI,17,EBA_MCY,true,EBA_MC_EBA_x99,,,
25334,DPM_CPS_MCB_MCY_TMA_TRI,17,EBA_CPS,true,EBA_CT_EBA_x0,,,
25335,DPM_CPS_MCB_MCY_TMA_TRI,17,EBA_TRI,true,EBA_TR_EBA_x2,,,
25336,DPM_CPS_MCB_MCY_TMA_TRI,17,EBA_TMA,true,EBA_MA_EBA_x0,,,
25337,DPM_CPS_MCB_MCY_TMA_TRI,17,EBA_MCB,true,EBA_MC_EBA_x812,,,
25338,DPM_CPS_MCB_MCY_TMA_TRI,18,EBA_MCY,true,EBA_MC_EBA_x99,,,
25339,DPM_CPS_MCB_MCY_TMA_TRI,18,EBA_CPS,true,EBA_CT_EBA_x0,,,
25340,DPM_CPS_MCB_MCY_TMA_TRI,18,EBA_TRI,true,EBA_TR_EBA_x2,,,
25341,DPM_CPS_MCB_MCY_TMA_TRI,18,EBA_TMA,true,EBA_MA_EBA_x0,,,
25342,DPM_CPS_MCB_MCY_TMA_TRI,18,EBA_MCB,true,EBA_MC_EBA_x169,,,
25343,DPM_CPS_MCB_MCY_TMA_TRI,19,EBA_MCY,true,EBA_MC_EBA_x99,,,
25344,DPM_CPS_MCB_MCY_TMA_TRI,19,EBA_CPS,true,EBA_CT_EBA_x0,,,
25345,DPM_CPS_MCB_MCY_TMA_TRI,19,EBA_TRI,true,EBA_TR_EBA_x2,,,
25346,DPM_CPS_MCB_MCY_TMA_TRI,19,EBA_TMA,true,EBA_MA_EBA_x0,,,
25347,DPM_CPS_MCB_MCY_TMA_TRI,19,EBA_MCB,true,EBA_MC_EBA_x814,,,
25348,DPM_CPS_MCB_MCY_TMA_TRI,20,EBA_MCY,true,EBA_MC_EBA_x99,,,
25349,DPM_CPS_MCB_MCY_TMA_TRI,20,EBA_CPS,true,EBA_CT_EBA_x0,,,
25350,DPM_CPS_MCB_MCY_TMA_TRI,20,EBA_TRI,true,EBA_TR_EBA_x12,,,
25351,DPM_CPS_MCB_MCY_TMA_TRI,20,EBA_TMA,true,EBA_MA_EBA_x0,,,
25352,DPM_CPS_MCB_MCY_TMA_TRI,20,EBA_MCB,true,EBA_MC_EBA_x0,,,
25353,DPM_CPS_MCB_MCY_TMA_TRI,21,EBA_MCY,true,EBA_MC_EBA_x99,,,
25354,DPM_CPS_MCB_MCY_TMA_TRI,21,EBA_CPS,true,EBA_CT_EBA_x0,,,
25355,DPM_CPS_MCB_MCY_TMA_TRI,21,EBA_TRI,true,EBA_TR_EBA_x28,,,
25356,DPM_CPS_MCB_MCY_TMA_TRI,21,EBA_TMA,true,EBA_MA_EBA_x0,,,
25357,DPM_CPS_MCB_MCY_TMA_TRI,21,EBA_MCB,true,EBA_MC_EBA_x0,,,
25358,DPM_CPS_MCB_MCY_TMA_TRI,22,EBA_MCY,true,EBA_MC_EBA_x99,,,
25359,DPM_CPS_MCB_MCY_TMA_TRI,22,EBA_CPS,true,EBA_CT_EBA_x0,,,
25360,DPM_CPS_MCB_MCY_TMA_TRI,22,EBA_TRI,true,EBA_TR_EBA_x0,,,
25361,DPM_CPS_MCB_MCY_TMA_TRI,22,EBA_TMA,true,EBA_MA_EBA_x0,,,
25362,DPM_CPS_MCB_MCY_TMA_TRI,22,EBA_MCB,true,EBA_MC_EBA_x0,,,
25363,DPM_CPS_MCB_MCY_TMA_TRI,23,EBA_MCY,true,EBA_MC_EBA_x99,,,
25364,DPM_CPS_MCB_MCY_TMA_TRI,23,EBA_CPS,true,EBA_CT_EBA_x12,,,
25365,DPM_CPS_MCB_MCY_TMA_TRI,23,EBA_TRI,true,EBA_TR_EBA_x0,,,
25366,DPM_CPS_MCB_MCY_TMA_TRI,23,EBA_TMA,true,EBA_MA_EBA_x5,,,
25367,DPM_CPS_MCB_MCY_TMA_TRI,23,EBA_MCB,true,EBA_MC_EBA_x0,,,
25368,DPM_CPS_MCB_MCY_TMA_TRI,24,EBA_MCY,true,EBA_MC_EBA_x99,,,
25369,DPM_CPS_MCB_MCY_TMA_TRI,24,EBA_CPS,true,EBA_CT_EBA_x18,,,
25370,DPM_CPS_MCB_MCY_TMA_TRI,24,EBA_TRI,true,EBA_TR_EBA_x0,,,
25371,DPM_CPS_MCB_MCY_TMA_TRI,24,EBA_TMA,true,EBA_MA_EBA_x5,,,
25372,DPM_CPS_MCB_MCY_TMA_TRI,24,EBA_MCB,true,EBA_MC_EBA_x0,,,
25373,DPM_CPS_MCB_MCY_TMA_TRI,25,EBA_MCY,true,EBA_MC_EBA_x99,,,
25374,DPM_CPS_MCB_MCY_TMA_TRI,25,EBA_CPS,true,EBA_CT_EBA_x4,,,
25375,DPM_CPS_MCB_MCY_TMA_TRI,25,EBA_TRI,true,EBA_TR_EBA_x0,,,
25376,DPM_CPS_MCB_MCY_TMA_TRI,25,EBA_TMA,true,EBA_MA_EBA_x5,,,
25377,DPM_CPS_MCB_MCY_TMA_TRI,25,EBA_MCB,true,EBA_MC_EBA_x0,,,
25378,DPM_PLD,0,EBA_PLD,true,EBA_PL_EBA_x90,,,
25379,DPM_PLD,1,EBA_PLD,true,EBA_PL_EBA_x92,,,
25380,DPM_PLD,2,EBA_PLD,true,EBA_PL_EBA_x91,,,
25381,DPM_PLD,3,EBA_PLD,true,EBA_PL_EBA_x93,,,
25382,DPM_BAS_MCB_MCY_APL,0,EBA_BAS,true,EBA_BA_EBA_x6,,,
25383,DPM_BAS_MCB_MCY_APL,0,EBA_MCY,true,EBA_MC_EBA_x329,,,
25384,DPM_BAS_MCB_MCY_APL,0,EBA_APL,true,EBA_PL_EBA_x46,,,
25385,DPM_BAS_MCB_MCY_APL,0,EBA_MCB,true,EBA_MC_EBA_x0,,,
25386,DPM_BAS_MCB_MCY_APL,1,EBA_BAS,true,EBA_BA_EBA_x6,,,
25387,DPM_BAS_MCB_MCY_APL,1,EBA_MCY,true,EBA_MC_EBA_x25,,,
25388,DPM_BAS_MCB_MCY_APL,1,EBA_APL,true,EBA_PL_EBA_x491,,,
25389,DPM_BAS_MCB_MCY_APL,1,EBA_MCB,true,EBA_MC_EBA_x0,,,
25390,DPM_BAS_MCB_MCY_APL,2,EBA_BAS,true,EBA_BA_EBA_x6,,,
25391,DPM_BAS_MCB_MCY_APL,2,EBA_MCY,true,EBA_MC_EBA_x329,,,
25392,DPM_BAS_MCB_MCY_APL,2,EBA_APL,true,EBA_PL_EBA_x491,,,
25393,DPM_BAS_MCB_MCY_APL,2,EBA_MCB,true,EBA_MC_EBA_x294,,,
25394,DPM_BAS_MCB_MCY_APL,3,EBA_BAS,true,EBA_BA_EBA_x6,,,
25395,DPM_BAS_MCB_MCY_APL,3,EBA_MCY,true,EBA_MC_EBA_x329,,,
25396,DPM_BAS_MCB_MCY_APL,3,EBA_APL,true,EBA_PL_EBA_x491,,,
25397,DPM_BAS_MCB_MCY_APL,3,EBA_MCB,true,EBA_MC_EBA_x293,,,
25398,DPM_BAS_MCB_MCY_APL,4,EBA_BAS,true,EBA_BA_EBA_x6,,,
25399,DPM_BAS_MCB_MCY_APL,4,EBA_MCY,true,EBA_MC_EBA_x329,,,
25400,DPM_BAS_MCB_MCY_APL,4,EBA_APL,true,EBA_PL_EBA_x491,,,
25401,DPM_BAS_MCB_MCY_APL,4,EBA_MCB,true,EBA_MC_EBA_x736,,,
25402,DPM_BAS_MCB_MCY_APL,5,EBA_BAS,true,EBA_BA_EBA_x6,,,
25403,DPM_BAS_MCB_MCY_APL,5,EBA_MCY,true,EBA_MC_EBA_x420,,,
25404,DPM_BAS_MCB_MCY_APL,5,EBA_APL,true,EBA_PL_EBA_x491,,,
25405,DPM_BAS_MCB_MCY_APL,5,EBA_MCB,true,EBA_MC_EBA_x0,,,
25406,DPM_BAS_MCB_MCY_APL,6,EBA_BAS,true,EBA_BA_EBA_x6,,,
25407,DPM_BAS_MCB_MCY_APL,6,EBA_MCY,true,EBA_MC_EBA_x938,,,
25408,DPM_BAS_MCB_MCY_APL,6,EBA_APL,true,EBA_PL_EBA_x491,,,
25409,DPM_BAS_MCB_MCY_APL,6,EBA_MCB,true,EBA_MC_EBA_x0,,,
25410,DPM_BAS_MCB_MCY_APL,7,EBA_BAS,true,EBA_BA_EBA_x6,,,
25411,DPM_BAS_MCB_MCY_APL,7,EBA_MCY,true,EBA_MC_EBA_x25,,,
25412,DPM_BAS_MCB_MCY_APL,7,EBA_APL,true,EBA_PL_EBA_x0,,,
25413,DPM_BAS_MCB_MCY_APL,7,EBA_MCB,true,EBA_MC_EBA_x0,,,
25414,DPM_BAS_MCB_MCY_APL,8,EBA_BAS,true,EBA_BA_EBA_x6,,,
25415,DPM_BAS_MCB_MCY_APL,8,EBA_MCY,true,EBA_MC_EBA_x25,,,
25416,DPM_BAS_MCB_MCY_APL,8,EBA_APL,true,EBA_PL_EBA_x492,,,
25417,DPM_BAS_MCB_MCY_APL,8,EBA_MCB,true,EBA_MC_EBA_x0,,,
25418,DPM_BAS_MCB_MCY_APL,9,EBA_BAS,true,EBA_BA_EBA_x6,,,
25419,DPM_BAS_MCB_MCY_APL,9,EBA_MCY,true,EBA_MC_EBA_x329,,,
25420,DPM_BAS_MCB_MCY_APL,9,EBA_APL,true,EBA_PL_EBA_x492,,,
25421,DPM_BAS_MCB_MCY_APL,9,EBA_MCB,true,EBA_MC_EBA_x294,,,
25422,DPM_BAS_MCB_MCY_APL,10,EBA_BAS,true,EBA_BA_EBA_x6,,,
25423,DPM_BAS_MCB_MCY_APL,10,EBA_MCY,true,EBA_MC_EBA_x329,,,
25424,DPM_BAS_MCB_MCY_APL,10,EBA_APL,true,EBA_PL_EBA_x492,,,
25425,DPM_BAS_MCB_MCY_APL,10,EBA_MCB,true,EBA_MC_EBA_x293,,,
25426,DPM_BAS_MCB_MCY_APL,11,EBA_BAS,true,EBA_BA_EBA_x6,,,
25427,DPM_BAS_MCB_MCY_APL,11,EBA_MCY,true,EBA_MC_EBA_x329,,,
25428,DPM_BAS_MCB_MCY_APL,11,EBA_APL,true,EBA_PL_EBA_x492,,,
25429,DPM_BAS_MCB_MCY_APL,11,EBA_MCB,true,EBA_MC_EBA_x736,,,
25430,DPM_BAS_MCB_MCY_APL,12,EBA_BAS,true,EBA_BA_EBA_x6,,,
25431,DPM_BAS_MCB_MCY_APL,12,EBA_MCY,true,EBA_MC_EBA_x420,,,
25432,DPM_BAS_MCB_MCY_APL,12,EBA_APL,true,EBA_PL_EBA_x492,,,
25433,DPM_BAS_MCB_MCY_APL,12,EBA_MCB,true,EBA_MC_EBA_x0,,,
25434,DPM_BAS_MCB_MCY_APL,13,EBA_BAS,true,EBA_BA_EBA_x6,,,
25435,DPM_BAS_MCB_MCY_APL,13,EBA_MCY,true,EBA_MC_EBA_x938,,,
25436,DPM_BAS_MCB_MCY_APL,13,EBA_APL,true,EBA_PL_EBA_x492,,,
25437,DPM_BAS_MCB_MCY_APL,13,EBA_MCB,true,EBA_MC_EBA_x0,,,
25438,DPM_BAS_MCB_MCY_APL,14,EBA_BAS,true,EBA_BA_EBA_x6,,,
25439,DPM_BAS_MCB_MCY_APL,14,EBA_MCY,true,EBA_MC_EBA_x25,,,
25440,DPM_BAS_MCB_MCY_APL,14,EBA_APL,true,EBA_PL_EBA_x13,,,
25441,DPM_BAS_MCB_MCY_APL,14,EBA_MCB,true,EBA_MC_EBA_x0,,,
25442,DPM_CPS_CPZ_MCG_MCY_PUR,0,EBA_MCY,true,EBA_MC_EBA_x60,,,
25443,DPM_CPS_CPZ_MCG_MCY_PUR,0,EBA_CPS,true,EBA_CT_EBA_x0,,,
25444,DPM_CPS_CPZ_MCG_MCY_PUR,0,EBA_CPZ,true,EBA_CT_EBA_x0,,,
25445,DPM_CPS_CPZ_MCG_MCY_PUR,0,EBA_MCG,true,EBA_MC_EBA_x0,,,
25446,DPM_CPS_CPZ_MCG_MCY_PUR,0,EBA_PUR,true,EBA_PU_EBA_x0,,,
25447,DPM_CPS_CPZ_MCG_MCY_PUR,1,EBA_MCY,true,EBA_MC_EBA_x60,,,
25448,DPM_CPS_CPZ_MCG_MCY_PUR,1,EBA_CPS,true,EBA_CT_EBA_x10,,,
25449,DPM_CPS_CPZ_MCG_MCY_PUR,1,EBA_CPZ,true,EBA_CT_EBA_x0,,,
25450,DPM_CPS_CPZ_MCG_MCY_PUR,1,EBA_MCG,true,EBA_MC_EBA_x0,,,
25451,DPM_CPS_CPZ_MCG_MCY_PUR,1,EBA_PUR,true,EBA_PU_EBA_x0,,,
25452,DPM_CPS_CPZ_MCG_MCY_PUR,2,EBA_MCY,true,EBA_MC_EBA_x60,,,
25453,DPM_CPS_CPZ_MCG_MCY_PUR,2,EBA_CPS,true,EBA_CT_EBA_x1,,,
25454,DPM_CPS_CPZ_MCG_MCY_PUR,2,EBA_CPZ,true,EBA_CT_EBA_x0,,,
25455,DPM_CPS_CPZ_MCG_MCY_PUR,2,EBA_MCG,true,EBA_MC_EBA_x0,,,
25456,DPM_CPS_CPZ_MCG_MCY_PUR,2,EBA_PUR,true,EBA_PU_EBA_x0,,,
25457,DPM_CPS_CPZ_MCG_MCY_PUR,3,EBA_MCY,true,EBA_MC_EBA_x60,,,
25458,DPM_CPS_CPZ_MCG_MCY_PUR,3,EBA_CPS,true,EBA_CT_EBA_x12,,,
25459,DPM_CPS_CPZ_MCG_MCY_PUR,3,EBA_CPZ,true,EBA_CT_EBA_x0,,,
25460,DPM_CPS_CPZ_MCG_MCY_PUR,3,EBA_MCG,true,EBA_MC_EBA_x0,,,
25461,DPM_CPS_CPZ_MCG_MCY_PUR,3,EBA_PUR,true,EBA_PU_EBA_x0,,,
25462,DPM_CPS_CPZ_MCG_MCY_PUR,4,EBA_MCY,true,EBA_MC_EBA_x60,,,
25463,DPM_CPS_CPZ_MCG_MCY_PUR,4,EBA_CPS,true,EBA_CT_EBA_x18,,,
25464,DPM_CPS_CPZ_MCG_MCY_PUR,4,EBA_CPZ,true,EBA_CT_EBA_x0,,,
25465,DPM_CPS_CPZ_MCG_MCY_PUR,4,EBA_MCG,true,EBA_MC_EBA_x0,,,
25466,DPM_CPS_CPZ_MCG_MCY_PUR,4,EBA_PUR,true,EBA_PU_EBA_x0,,,
25467,DPM_CPS_CPZ_MCG_MCY_PUR,5,EBA_MCY,true,EBA_MC_EBA_x60,,,
25468,DPM_CPS_CPZ_MCG_MCY_PUR,5,EBA_CPS,true,EBA_CT_EBA_x20,,,
25469,DPM_CPS_CPZ_MCG_MCY_PUR,5,EBA_CPZ,true,EBA_CT_EBA_x0,,,
25470,DPM_CPS_CPZ_MCG_MCY_PUR,5,EBA_MCG,true,EBA_MC_EBA_x0,,,
25471,DPM_CPS_CPZ_MCG_MCY_PUR,5,EBA_PUR,true,EBA_PU_EBA_x0,,,
25472,DPM_CPS_CPZ_MCG_MCY_PUR,6,EBA_MCY,true,EBA_MC_EBA_x223,,,
25473,DPM_CPS_CPZ_MCG_MCY_PUR,6,EBA_CPS,true,EBA_CT_EBA_x0,,,
25474,DPM_CPS_CPZ_MCG_MCY_PUR,6,EBA_CPZ,true,EBA_CT_EBA_x0,,,
25475,DPM_CPS_CPZ_MCG_MCY_PUR,6,EBA_MCG,true,EBA_MC_EBA_x0,,,
25476,DPM_CPS_CPZ_MCG_MCY_PUR,6,EBA_PUR,true,EBA_PU_EBA_x0,,,
25477,DPM_CPS_CPZ_MCG_MCY_PUR,7,EBA_MCY,true,EBA_MC_EBA_x99,,,
25478,DPM_CPS_CPZ_MCG_MCY_PUR,7,EBA_CPS,true,EBA_CT_EBA_x0,,,
25479,DPM_CPS_CPZ_MCG_MCY_PUR,7,EBA_CPZ,true,EBA_CT_EBA_x0,,,
25480,DPM_CPS_CPZ_MCG_MCY_PUR,7,EBA_MCG,true,EBA_MC_EBA_x0,,,
25481,DPM_CPS_CPZ_MCG_MCY_PUR,7,EBA_PUR,true,EBA_PU_EBA_x0,,,
25482,DPM_CPS_CPZ_MCG_MCY_PUR,8,EBA_MCY,true,EBA_MC_EBA_x99,,,
25483,DPM_CPS_CPZ_MCG_MCY_PUR,8,EBA_CPS,true,EBA_CT_EBA_x12,,,
25484,DPM_CPS_CPZ_MCG_MCY_PUR,8,EBA_CPZ,true,EBA_CT_EBA_x0,,,
25485,DPM_CPS_CPZ_MCG_MCY_PUR,8,EBA_MCG,true,EBA_MC_EBA_x0,,,
25486,DPM_CPS_CPZ_MCG_MCY_PUR,8,EBA_PUR,true,EBA_PU_EBA_x0,,,
25487,DPM_CPS_CPZ_MCG_MCY_PUR,9,EBA_MCY,true,EBA_MC_EBA_x99,,,
25488,DPM_CPS_CPZ_MCG_MCY_PUR,9,EBA_CPS,true,EBA_CT_EBA_x18,,,
25489,DPM_CPS_CPZ_MCG_MCY_PUR,9,EBA_CPZ,true,EBA_CT_EBA_x0,,,
25490,DPM_CPS_CPZ_MCG_MCY_PUR,9,EBA_MCG,true,EBA_MC_EBA_x0,,,
25491,DPM_CPS_CPZ_MCG_MCY_PUR,9,EBA_PUR,true,EBA_PU_EBA_x0,,,
25492,DPM_CPS_CPZ_MCG_MCY_PUR,10,EBA_MCY,true,EBA_MC_EBA_x130,,,
25493,DPM_CPS_CPZ_MCG_MCY_PUR,10,EBA_CPS,true,EBA_CT_EBA_x0,,,
25494,DPM_CPS_CPZ_MCG_MCY_PUR,10,EBA_CPZ,true,EBA_CT_EBA_x0,,,
25495,DPM_CPS_CPZ_MCG_MCY_PUR,10,EBA_MCG,true,EBA_MC_EBA_x0,,,
25496,DPM_CPS_CPZ_MCG_MCY_PUR,10,EBA_PUR,true,EBA_PU_EBA_x0,,,
25497,DPM_CPS_CPZ_MCG_MCY_PUR,11,EBA_MCY,true,EBA_MC_EBA_x130,,,
25498,DPM_CPS_CPZ_MCG_MCY_PUR,11,EBA_CPS,true,EBA_CT_EBA_x12,,,
25499,DPM_CPS_CPZ_MCG_MCY_PUR,11,EBA_CPZ,true,EBA_CT_EBA_x0,,,
25500,DPM_CPS_CPZ_MCG_MCY_PUR,11,EBA_MCG,true,EBA_MC_EBA_x0,,,
25501,DPM_CPS_CPZ_MCG_MCY_PUR,11,EBA_PUR,true,EBA_PU_EBA_x0,,,
25502,DPM_CPS_CPZ_MCG_MCY_PUR,12,EBA_MCY,true,EBA_MC_EBA_x130,,,
25503,DPM_CPS_CPZ_MCG_MCY_PUR,12,EBA_CPS,true,EBA_CT_EBA_x18,,,
25504,DPM_CPS_CPZ_MCG_MCY_PUR,12,EBA_CPZ,true,EBA_CT_EBA_x0,,,
25505,DPM_CPS_CPZ_MCG_MCY_PUR,12,EBA_MCG,true,EBA_MC_EBA_x0,,,
25506,DPM_CPS_CPZ_MCG_MCY_PUR,12,EBA_PUR,true,EBA_PU_EBA_x0,,,
25507,DPM_CPS_CPZ_MCG_MCY_PUR,13,EBA_MCY,true,EBA_MC_EBA_x130,,,
25508,DPM_CPS_CPZ_MCG_MCY_PUR,13,EBA_CPS,true,EBA_CT_EBA_x20,,,
25509,DPM_CPS_CPZ_MCG_MCY_PUR,13,EBA_CPZ,true,EBA_CT_EBA_x0,,,
25510,DPM_CPS_CPZ_MCG_MCY_PUR,13,EBA_MCG,true,EBA_MC_EBA_x0,,,
25511,DPM_CPS_CPZ_MCG_MCY_PUR,13,EBA_PUR,true,EBA_PU_EBA_x0,,,
25512,DPM_CPS_CPZ_MCG_MCY_PUR,14,EBA_MCY,true,EBA_MC_EBA_x154,,,
25513,DPM_CPS_CPZ_MCG_MCY_PUR,14,EBA_CPS,true,EBA_CT_EBA_x0,,,
25514,DPM_CPS_CPZ_MCG_MCY_PUR,14,EBA_CPZ,true,EBA_CT_EBA_x0,,,
25515,DPM_CPS_CPZ_MCG_MCY_PUR,14,EBA_MCG,true,EBA_MC_EBA_x0,,,
25516,DPM_CPS_CPZ_MCG_MCY_PUR,14,EBA_PUR,true,EBA_PU_EBA_x0,,,
25517,DPM_CPS_CPZ_MCG_MCY_PUR,15,EBA_MCY,true,EBA_MC_EBA_x154,,,
25518,DPM_CPS_CPZ_MCG_MCY_PUR,15,EBA_CPS,true,EBA_CT_EBA_x10,,,
25519,DPM_CPS_CPZ_MCG_MCY_PUR,15,EBA_CPZ,true,EBA_CT_EBA_x0,,,
25520,DPM_CPS_CPZ_MCG_MCY_PUR,15,EBA_MCG,true,EBA_MC_EBA_x0,,,
25521,DPM_CPS_CPZ_MCG_MCY_PUR,15,EBA_PUR,true,EBA_PU_EBA_x0,,,
25522,DPM_CPS_CPZ_MCG_MCY_PUR,16,EBA_MCY,true,EBA_MC_EBA_x154,,,
25523,DPM_CPS_CPZ_MCG_MCY_PUR,16,EBA_CPS,true,EBA_CT_EBA_x1,,,
25524,DPM_CPS_CPZ_MCG_MCY_PUR,16,EBA_CPZ,true,EBA_CT_EBA_x0,,,
25525,DPM_CPS_CPZ_MCG_MCY_PUR,16,EBA_MCG,true,EBA_MC_EBA_x0,,,
25526,DPM_CPS_CPZ_MCG_MCY_PUR,16,EBA_PUR,true,EBA_PU_EBA_x0,,,
25527,DPM_CPS_CPZ_MCG_MCY_PUR,17,EBA_MCY,true,EBA_MC_EBA_x154,,,
25528,DPM_CPS_CPZ_MCG_MCY_PUR,17,EBA_CPS,true,EBA_CT_EBA_x12,,,
25529,DPM_CPS_CPZ_MCG_MCY_PUR,17,EBA_CPZ,true,EBA_CT_EBA_x0,,,
25530,DPM_CPS_CPZ_MCG_MCY_PUR,17,EBA_MCG,true,EBA_MC_EBA_x0,,,
25531,DPM_CPS_CPZ_MCG_MCY_PUR,17,EBA_PUR,true,EBA_PU_EBA_x0,,,
25532,DPM_CPS_CPZ_MCG_MCY_PUR,18,EBA_MCY,true,EBA_MC_EBA_x154,,,
25533,DPM_CPS_CPZ_MCG_MCY_PUR,18,EBA_CPS,true,EBA_CT_EBA_x18,,,
25534,DPM_CPS_CPZ_MCG_MCY_PUR,18,EBA_CPZ,true,EBA_CT_EBA_x0,,,
25535,DPM_CPS_CPZ_MCG_MCY_PUR,18,EBA_MCG,true,EBA_MC_EBA_x0,,,
25536,DPM_CPS_CPZ_MCG_MCY_PUR,18,EBA_PUR,true,EBA_PU_EBA_x0,,,
25537,DPM_CPS_CPZ_MCG_MCY_PUR,19,EBA_MCY,true,EBA_MC_EBA_x154,,,
25538,DPM_CPS_CPZ_MCG_MCY_PUR,19,EBA_CPS,true,EBA_CT_EBA_x20,,,
25539,DPM_CPS_CPZ_MCG_MCY_PUR,19,EBA_CPZ,true,EBA_CT_EBA_x0,,,
25540,DPM_CPS_CPZ_MCG_MCY_PUR,19,EBA_MCG,true,EBA_MC_EBA_x0,,,
25541,DPM_CPS_CPZ_MCG_MCY_PUR,19,EBA_PUR,true,EBA_PU_EBA_x0,,,
25542,DPM_CPS_CPZ_MCG_MCY_PUR,20,EBA_MCY,true,EBA_MC_EBA_x154,,,
25543,DPM_CPS_CPZ_MCG_MCY_PUR,20,EBA_CPS,true,EBA_CT_EBA_x5,,,
25544,DPM_CPS_CPZ_MCG_MCY_PUR,20,EBA_CPZ,true,EBA_CT_EBA_x0,,,
25545,DPM_CPS_CPZ_MCG_MCY_PUR,20,EBA_MCG,true,EBA_MC_EBA_x0,,,
25546,DPM_CPS_CPZ_MCG_MCY_PUR,20,EBA_PUR,true,EBA_PU_EBA_x0,,,
25547,DPM_CPS_CPZ_MCG_MCY_PUR,21,EBA_MCY,true,EBA_MC_EBA_x221,,,
25548,DPM_CPS_CPZ_MCG_MCY_PUR,21,EBA_CPS,true,EBA_CT_EBA_x0,,,
25549,DPM_CPS_CPZ_MCG_MCY_PUR,21,EBA_CPZ,true,EBA_CT_EBA_x0,,,
25550,DPM_CPS_CPZ_MCG_MCY_PUR,21,EBA_MCG,true,EBA_MC_EBA_x0,,,
25551,DPM_CPS_CPZ_MCG_MCY_PUR,21,EBA_PUR,true,EBA_PU_EBA_x0,,,
25552,DPM_CPS_CPZ_MCG_MCY_PUR,22,EBA_MCY,true,EBA_MC_EBA_x221,,,
25553,DPM_CPS_CPZ_MCG_MCY_PUR,22,EBA_CPS,true,EBA_CT_EBA_x10,,,
25554,DPM_CPS_CPZ_MCG_MCY_PUR,22,EBA_CPZ,true,EBA_CT_EBA_x0,,,
25555,DPM_CPS_CPZ_MCG_MCY_PUR,22,EBA_MCG,true,EBA_MC_EBA_x0,,,
25556,DPM_CPS_CPZ_MCG_MCY_PUR,22,EBA_PUR,true,EBA_PU_EBA_x0,,,
25557,DPM_CPS_CPZ_MCG_MCY_PUR,23,EBA_MCY,true,EBA_MC_EBA_x221,,,
25558,DPM_CPS_CPZ_MCG_MCY_PUR,23,EBA_CPS,true,EBA_CT_EBA_x1,,,
25559,DPM_CPS_CPZ_MCG_MCY_PUR,23,EBA_CPZ,true,EBA_CT_EBA_x0,,,
25560,DPM_CPS_CPZ_MCG_MCY_PUR,23,EBA_MCG,true,EBA_MC_EBA_x0,,,
25561,DPM_CPS_CPZ_MCG_MCY_PUR,23,EBA_PUR,true,EBA_PU_EBA_x0,,,
25562,DPM_CPS_CPZ_MCG_MCY_PUR,24,EBA_MCY,true,EBA_MC_EBA_x221,,,
25563,DPM_CPS_CPZ_MCG_MCY_PUR,24,EBA_CPS,true,EBA_CT_EBA_x12,,,
25564,DPM_CPS_CPZ_MCG_MCY_PUR,24,EBA_CPZ,true,EBA_CT_EBA_x0,,,
25565,DPM_CPS_CPZ_MCG_MCY_PUR,24,EBA_MCG,true,EBA_MC_EBA_x0,,,
25566,DPM_CPS_CPZ_MCG_MCY_PUR,24,EBA_PUR,true,EBA_PU_EBA_x0,,,
25567,DPM_CPS_CPZ_MCG_MCY_PUR,25,EBA_MCY,true,EBA_MC_EBA_x221,,,
25568,DPM_CPS_CPZ_MCG_MCY_PUR,25,EBA_CPS,true,EBA_CT_EBA_x18,,,
25569,DPM_CPS_CPZ_MCG_MCY_PUR,25,EBA_CPZ,true,EBA_CT_EBA_x0,,,
25570,DPM_CPS_CPZ_MCG_MCY_PUR,25,EBA_MCG,true,EBA_MC_EBA_x0,,,
25571,DPM_CPS_CPZ_MCG_MCY_PUR,25,EBA_PUR,true,EBA_PU_EBA_x0,,,
25572,DPM_CPS_CPZ_MCG_MCY_PUR,26,EBA_MCY,true,EBA_MC_EBA_x221,,,
25573,DPM_CPS_CPZ_MCG_MCY_PUR,26,EBA_CPS,true,EBA_CT_EBA_x20,,,
25574,DPM_CPS_CPZ_MCG_MCY_PUR,26,EBA_CPZ,true,EBA_CT_EBA_x0,,,
25575,DPM_CPS_CPZ_MCG_MCY_PUR,26,EBA_MCG,true,EBA_MC_EBA_x0,,,
25576,DPM_CPS_CPZ_MCG_MCY_PUR,26,EBA_PUR,true,EBA_PU_EBA_x0,,,
25577,DPM_CPS_CPZ_MCG_MCY_PUR,27,EBA_MCY,true,EBA_MC_EBA_x221,,,
25578,DPM_CPS_CPZ_MCG_MCY_PUR,27,EBA_CPS,true,EBA_CT_EBA_x5,,,
25579,DPM_CPS_CPZ_MCG_MCY_PUR,27,EBA_CPZ,true,EBA_CT_EBA_x0,,,
25580,DPM_CPS_CPZ_MCG_MCY_PUR,27,EBA_MCG,true,EBA_MC_EBA_x0,,,
25581,DPM_CPS_CPZ_MCG_MCY_PUR,27,EBA_PUR,true,EBA_PU_EBA_x0,,,
25582,DPM_CPS_CPZ_MCG_MCY_PUR,28,EBA_MCY,true,EBA_MC_EBA_x251,,,
25583,DPM_CPS_CPZ_MCG_MCY_PUR,28,EBA_CPS,true,EBA_CT_EBA_x0,,,
25584,DPM_CPS_CPZ_MCG_MCY_PUR,28,EBA_CPZ,true,EBA_CT_EBA_x0,,,
25585,DPM_CPS_CPZ_MCG_MCY_PUR,28,EBA_MCG,true,EBA_MC_EBA_x0,,,
25586,DPM_CPS_CPZ_MCG_MCY_PUR,28,EBA_PUR,true,EBA_PU_EBA_x0,,,
25587,DPM_CPS_CPZ_MCG_MCY_PUR,29,EBA_MCY,true,EBA_MC_EBA_x52,,,
25588,DPM_CPS_CPZ_MCG_MCY_PUR,29,EBA_CPS,true,EBA_CT_EBA_x0,,,
25589,DPM_CPS_CPZ_MCG_MCY_PUR,29,EBA_CPZ,true,EBA_CT_EBA_x0,,,
25590,DPM_CPS_CPZ_MCG_MCY_PUR,29,EBA_MCG,true,EBA_MC_EBA_x0,,,
25591,DPM_CPS_CPZ_MCG_MCY_PUR,29,EBA_PUR,true,EBA_PU_EBA_x0,,,
25592,DPM_CPS_CPZ_MCG_MCY_PUR,30,EBA_MCY,true,EBA_MC_EBA_x52,,,
25593,DPM_CPS_CPZ_MCG_MCY_PUR,30,EBA_CPS,true,EBA_CT_EBA_x10,,,
25594,DPM_CPS_CPZ_MCG_MCY_PUR,30,EBA_CPZ,true,EBA_CT_EBA_x0,,,
25595,DPM_CPS_CPZ_MCG_MCY_PUR,30,EBA_MCG,true,EBA_MC_EBA_x0,,,
25596,DPM_CPS_CPZ_MCG_MCY_PUR,30,EBA_PUR,true,EBA_PU_EBA_x0,,,
25597,DPM_CPS_CPZ_MCG_MCY_PUR,31,EBA_MCY,true,EBA_MC_EBA_x52,,,
25598,DPM_CPS_CPZ_MCG_MCY_PUR,31,EBA_CPS,true,EBA_CT_EBA_x1,,,
25599,DPM_CPS_CPZ_MCG_MCY_PUR,31,EBA_CPZ,true,EBA_CT_EBA_x0,,,
25600,DPM_CPS_CPZ_MCG_MCY_PUR,31,EBA_MCG,true,EBA_MC_EBA_x0,,,
25601,DPM_CPS_CPZ_MCG_MCY_PUR,31,EBA_PUR,true,EBA_PU_EBA_x0,,,
25602,DPM_CPS_CPZ_MCG_MCY_PUR,32,EBA_MCY,true,EBA_MC_EBA_x52,,,
25603,DPM_CPS_CPZ_MCG_MCY_PUR,32,EBA_CPS,true,EBA_CT_EBA_x12,,,
25604,DPM_CPS_CPZ_MCG_MCY_PUR,32,EBA_CPZ,true,EBA_CT_EBA_x0,,,
25605,DPM_CPS_CPZ_MCG_MCY_PUR,32,EBA_MCG,true,EBA_MC_EBA_x0,,,
25606,DPM_CPS_CPZ_MCG_MCY_PUR,32,EBA_PUR,true,EBA_PU_EBA_x0,,,
25607,DPM_CPS_CPZ_MCG_MCY_PUR,33,EBA_MCY,true,EBA_MC_EBA_x52,,,
25608,DPM_CPS_CPZ_MCG_MCY_PUR,33,EBA_CPS,true,EBA_CT_EBA_x18,,,
25609,DPM_CPS_CPZ_MCG_MCY_PUR,33,EBA_CPZ,true,EBA_CT_EBA_x0,,,
25610,DPM_CPS_CPZ_MCG_MCY_PUR,33,EBA_MCG,true,EBA_MC_EBA_x0,,,
25611,DPM_CPS_CPZ_MCG_MCY_PUR,33,EBA_PUR,true,EBA_PU_EBA_x0,,,
25612,DPM_CPS_CPZ_MCG_MCY_PUR,34,EBA_MCY,true,EBA_MC_EBA_x52,,,
25613,DPM_CPS_CPZ_MCG_MCY_PUR,34,EBA_CPS,true,EBA_CT_EBA_x20,,,
25614,DPM_CPS_CPZ_MCG_MCY_PUR,34,EBA_CPZ,true,EBA_CT_EBA_x0,,,
25615,DPM_CPS_CPZ_MCG_MCY_PUR,34,EBA_MCG,true,EBA_MC_EBA_x0,,,
25616,DPM_CPS_CPZ_MCG_MCY_PUR,34,EBA_PUR,true,EBA_PU_EBA_x0,,,
25617,DPM_CPS_CPZ_MCG_MCY_PUR,35,EBA_MCY,true,EBA_MC_EBA_x52,,,
25618,DPM_CPS_CPZ_MCG_MCY_PUR,35,EBA_CPS,true,EBA_CT_EBA_x5,,,
25619,DPM_CPS_CPZ_MCG_MCY_PUR,35,EBA_CPZ,true,EBA_CT_EBA_x0,,,
25620,DPM_CPS_CPZ_MCG_MCY_PUR,35,EBA_MCG,true,EBA_MC_EBA_x0,,,
25621,DPM_CPS_CPZ_MCG_MCY_PUR,35,EBA_PUR,true,EBA_PU_EBA_x0,,,
25622,DPM_CPS_CPZ_MCG_MCY_PUR,36,EBA_MCY,true,EBA_MC_EBA_x469,,,
25623,DPM_CPS_CPZ_MCG_MCY_PUR,36,EBA_CPS,true,EBA_CT_EBA_x0,,,
25624,DPM_CPS_CPZ_MCG_MCY_PUR,36,EBA_CPZ,true,EBA_CT_EBA_x0,,,
25625,DPM_CPS_CPZ_MCG_MCY_PUR,36,EBA_MCG,true,EBA_MC_EBA_x0,,,
25626,DPM_CPS_CPZ_MCG_MCY_PUR,36,EBA_PUR,true,EBA_PU_EBA_x0,,,
25627,DPM_CPS_CPZ_MCG_MCY_PUR,37,EBA_MCY,true,EBA_MC_EBA_x469,,,
25628,DPM_CPS_CPZ_MCG_MCY_PUR,37,EBA_CPS,true,EBA_CT_EBA_x10,,,
25629,DPM_CPS_CPZ_MCG_MCY_PUR,37,EBA_CPZ,true,EBA_CT_EBA_x0,,,
25630,DPM_CPS_CPZ_MCG_MCY_PUR,37,EBA_MCG,true,EBA_MC_EBA_x0,,,
25631,DPM_CPS_CPZ_MCG_MCY_PUR,37,EBA_PUR,true,EBA_PU_EBA_x0,,,
25632,DPM_CPS_CPZ_MCG_MCY_PUR,38,EBA_MCY,true,EBA_MC_EBA_x469,,,
25633,DPM_CPS_CPZ_MCG_MCY_PUR,38,EBA_CPS,true,EBA_CT_EBA_x1,,,
25634,DPM_CPS_CPZ_MCG_MCY_PUR,38,EBA_CPZ,true,EBA_CT_EBA_x0,,,
25635,DPM_CPS_CPZ_MCG_MCY_PUR,38,EBA_MCG,true,EBA_MC_EBA_x0,,,
25636,DPM_CPS_CPZ_MCG_MCY_PUR,38,EBA_PUR,true,EBA_PU_EBA_x0,,,
25637,DPM_CPS_CPZ_MCG_MCY_PUR,39,EBA_MCY,true,EBA_MC_EBA_x469,,,
25638,DPM_CPS_CPZ_MCG_MCY_PUR,39,EBA_CPS,true,EBA_CT_EBA_x12,,,
25639,DPM_CPS_CPZ_MCG_MCY_PUR,39,EBA_CPZ,true,EBA_CT_EBA_x0,,,
25640,DPM_CPS_CPZ_MCG_MCY_PUR,39,EBA_MCG,true,EBA_MC_EBA_x0,,,
25641,DPM_CPS_CPZ_MCG_MCY_PUR,39,EBA_PUR,true,EBA_PU_EBA_x0,,,
25642,DPM_CPS_CPZ_MCG_MCY_PUR,40,EBA_MCY,true,EBA_MC_EBA_x469,,,
25643,DPM_CPS_CPZ_MCG_MCY_PUR,40,EBA_CPS,true,EBA_CT_EBA_x18,,,
25644,DPM_CPS_CPZ_MCG_MCY_PUR,40,EBA_CPZ,true,EBA_CT_EBA_x0,,,
25645,DPM_CPS_CPZ_MCG_MCY_PUR,40,EBA_MCG,true,EBA_MC_EBA_x0,,,
25646,DPM_CPS_CPZ_MCG_MCY_PUR,40,EBA_PUR,true,EBA_PU_EBA_x0,,,
25647,DPM_CPS_CPZ_MCG_MCY_PUR,41,EBA_MCY,true,EBA_MC_EBA_x469,,,
25648,DPM_CPS_CPZ_MCG_MCY_PUR,41,EBA_CPS,true,EBA_CT_EBA_x20,,,
25649,DPM_CPS_CPZ_MCG_MCY_PUR,41,EBA_CPZ,true,EBA_CT_EBA_x0,,,
25650,DPM_CPS_CPZ_MCG_MCY_PUR,41,EBA_MCG,true,EBA_MC_EBA_x0,,,
25651,DPM_CPS_CPZ_MCG_MCY_PUR,41,EBA_PUR,true,EBA_PU_EBA_x0,,,
25652,DPM_CPS_CPZ_MCG_MCY_PUR,42,EBA_MCY,true,EBA_MC_EBA_x469,,,
25653,DPM_CPS_CPZ_MCG_MCY_PUR,42,EBA_CPS,true,EBA_CT_EBA_x20,,,
25654,DPM_CPS_CPZ_MCG_MCY_PUR,42,EBA_CPZ,true,EBA_CT_EBA_x23,,,
25655,DPM_CPS_CPZ_MCG_MCY_PUR,42,EBA_MCG,true,EBA_MC_EBA_x0,,,
25656,DPM_CPS_CPZ_MCG_MCY_PUR,42,EBA_PUR,true,EBA_PU_EBA_x0,,,
25657,DPM_CPS_CPZ_MCG_MCY_PUR,43,EBA_MCY,true,EBA_MC_EBA_x469,,,
25658,DPM_CPS_CPZ_MCG_MCY_PUR,43,EBA_CPS,true,EBA_CT_EBA_x5,,,
25659,DPM_CPS_CPZ_MCG_MCY_PUR,43,EBA_CPZ,true,EBA_CT_EBA_x0,,,
25660,DPM_CPS_CPZ_MCG_MCY_PUR,43,EBA_MCG,true,EBA_MC_EBA_x0,,,
25661,DPM_CPS_CPZ_MCG_MCY_PUR,43,EBA_PUR,true,EBA_PU_EBA_x0,,,
25662,DPM_CPS_CPZ_MCG_MCY_PUR,44,EBA_MCY,true,EBA_MC_EBA_x469,,,
25663,DPM_CPS_CPZ_MCG_MCY_PUR,44,EBA_CPS,true,EBA_CT_EBA_x5,,,
25664,DPM_CPS_CPZ_MCG_MCY_PUR,44,EBA_CPZ,true,EBA_CT_EBA_x0,,,
25665,DPM_CPS_CPZ_MCG_MCY_PUR,44,EBA_MCG,true,EBA_MC_EBA_x0,,,
25666,DPM_CPS_CPZ_MCG_MCY_PUR,44,EBA_PUR,true,EBA_PU_EBA_x1,,,
25667,DPM_CPS_CPZ_MCG_MCY_PUR,45,EBA_MCY,true,EBA_MC_EBA_x469,,,
25668,DPM_CPS_CPZ_MCG_MCY_PUR,45,EBA_CPS,true,EBA_CT_EBA_x20,,,
25669,DPM_CPS_CPZ_MCG_MCY_PUR,45,EBA_CPZ,true,EBA_CT_EBA_x0,,,
25670,DPM_CPS_CPZ_MCG_MCY_PUR,45,EBA_MCG,true,EBA_MC_EBA_x293,,,
25671,DPM_CPS_CPZ_MCG_MCY_PUR,45,EBA_PUR,true,EBA_PU_EBA_x0,,,
25672,DPM_CPS_CPZ_MCG_MCY_PUR,46,EBA_MCY,true,EBA_MC_EBA_x469,,,
25673,DPM_CPS_CPZ_MCG_MCY_PUR,46,EBA_CPS,true,EBA_CT_EBA_x20,,,
25674,DPM_CPS_CPZ_MCG_MCY_PUR,46,EBA_CPZ,true,EBA_CT_EBA_x0,,,
25675,DPM_CPS_CPZ_MCG_MCY_PUR,46,EBA_MCG,true,EBA_MC_EBA_x484,,,
25676,DPM_CPS_CPZ_MCG_MCY_PUR,46,EBA_PUR,true,EBA_PU_EBA_x0,,,
25677,DPM_CPS_CPZ_MCG_MCY_PUR,47,EBA_MCY,true,EBA_MC_EBA_x469,,,
25678,DPM_CPS_CPZ_MCG_MCY_PUR,47,EBA_CPS,true,EBA_CT_EBA_x5,,,
25679,DPM_CPS_CPZ_MCG_MCY_PUR,47,EBA_CPZ,true,EBA_CT_EBA_x0,,,
25680,DPM_CPS_CPZ_MCG_MCY_PUR,47,EBA_MCG,true,EBA_MC_EBA_x485,,,
25681,DPM_CPS_CPZ_MCG_MCY_PUR,47,EBA_PUR,true,EBA_PU_EBA_x0,,,
25682,DPM_CPS_CPZ_MCG_MCY_PUR,48,EBA_MCY,true,EBA_MC_EBA_x60,,,
25683,DPM_CPS_CPZ_MCG_MCY_PUR,48,EBA_CPS,true,EBA_CT_EBA_x0,,,
25684,DPM_CPS_CPZ_MCG_MCY_PUR,48,EBA_CPZ,true,EBA_CT_EBA_x0,,,
25685,DPM_CPS_CPZ_MCG_MCY_PUR,48,EBA_MCG,true,EBA_MC_EBA_x155,,,
25686,DPM_CPS_CPZ_MCG_MCY_PUR,48,EBA_PUR,true,EBA_PU_EBA_x0,,,
25687,DPM_CPS_CPZ_MCG_MCY_PUR,49,EBA_MCY,true,EBA_MC_EBA_x60,,,
25688,DPM_CPS_CPZ_MCG_MCY_PUR,49,EBA_CPS,true,EBA_CT_EBA_x10,,,
25689,DPM_CPS_CPZ_MCG_MCY_PUR,49,EBA_CPZ,true,EBA_CT_EBA_x0,,,
25690,DPM_CPS_CPZ_MCG_MCY_PUR,49,EBA_MCG,true,EBA_MC_EBA_x155,,,
25691,DPM_CPS_CPZ_MCG_MCY_PUR,49,EBA_PUR,true,EBA_PU_EBA_x0,,,
25692,DPM_CPS_CPZ_MCG_MCY_PUR,50,EBA_MCY,true,EBA_MC_EBA_x60,,,
25693,DPM_CPS_CPZ_MCG_MCY_PUR,50,EBA_CPS,true,EBA_CT_EBA_x1,,,
25694,DPM_CPS_CPZ_MCG_MCY_PUR,50,EBA_CPZ,true,EBA_CT_EBA_x0,,,
25695,DPM_CPS_CPZ_MCG_MCY_PUR,50,EBA_MCG,true,EBA_MC_EBA_x155,,,
25696,DPM_CPS_CPZ_MCG_MCY_PUR,50,EBA_PUR,true,EBA_PU_EBA_x0,,,
25697,DPM_CPS_CPZ_MCG_MCY_PUR,51,EBA_MCY,true,EBA_MC_EBA_x60,,,
25698,DPM_CPS_CPZ_MCG_MCY_PUR,51,EBA_CPS,true,EBA_CT_EBA_x12,,,
25699,DPM_CPS_CPZ_MCG_MCY_PUR,51,EBA_CPZ,true,EBA_CT_EBA_x0,,,
25700,DPM_CPS_CPZ_MCG_MCY_PUR,51,EBA_MCG,true,EBA_MC_EBA_x155,,,
25701,DPM_CPS_CPZ_MCG_MCY_PUR,51,EBA_PUR,true,EBA_PU_EBA_x0,,,
25702,DPM_CPS_CPZ_MCG_MCY_PUR,52,EBA_MCY,true,EBA_MC_EBA_x60,,,
25703,DPM_CPS_CPZ_MCG_MCY_PUR,52,EBA_CPS,true,EBA_CT_EBA_x18,,,
25704,DPM_CPS_CPZ_MCG_MCY_PUR,52,EBA_CPZ,true,EBA_CT_EBA_x0,,,
25705,DPM_CPS_CPZ_MCG_MCY_PUR,52,EBA_MCG,true,EBA_MC_EBA_x155,,,
25706,DPM_CPS_CPZ_MCG_MCY_PUR,52,EBA_PUR,true,EBA_PU_EBA_x0,,,
25707,DPM_CPS_CPZ_MCG_MCY_PUR,53,EBA_MCY,true,EBA_MC_EBA_x60,,,
25708,DPM_CPS_CPZ_MCG_MCY_PUR,53,EBA_CPS,true,EBA_CT_EBA_x20,,,
25709,DPM_CPS_CPZ_MCG_MCY_PUR,53,EBA_CPZ,true,EBA_CT_EBA_x0,,,
25710,DPM_CPS_CPZ_MCG_MCY_PUR,53,EBA_MCG,true,EBA_MC_EBA_x155,,,
25711,DPM_CPS_CPZ_MCG_MCY_PUR,53,EBA_PUR,true,EBA_PU_EBA_x0,,,
25712,DPM_CPS_CPZ_MCG_MCY_PUR,54,EBA_MCY,true,EBA_MC_EBA_x223,,,
25713,DPM_CPS_CPZ_MCG_MCY_PUR,54,EBA_CPS,true,EBA_CT_EBA_x0,,,
25714,DPM_CPS_CPZ_MCG_MCY_PUR,54,EBA_CPZ,true,EBA_CT_EBA_x0,,,
25715,DPM_CPS_CPZ_MCG_MCY_PUR,54,EBA_MCG,true,EBA_MC_EBA_x155,,,
25716,DPM_CPS_CPZ_MCG_MCY_PUR,54,EBA_PUR,true,EBA_PU_EBA_x0,,,
25717,DPM_CPS_CPZ_MCG_MCY_PUR,55,EBA_MCY,true,EBA_MC_EBA_x154,,,
25718,DPM_CPS_CPZ_MCG_MCY_PUR,55,EBA_CPS,true,EBA_CT_EBA_x0,,,
25719,DPM_CPS_CPZ_MCG_MCY_PUR,55,EBA_CPZ,true,EBA_CT_EBA_x0,,,
25720,DPM_CPS_CPZ_MCG_MCY_PUR,55,EBA_MCG,true,EBA_MC_EBA_x155,,,
25721,DPM_CPS_CPZ_MCG_MCY_PUR,55,EBA_PUR,true,EBA_PU_EBA_x0,,,
25722,DPM_CPS_CPZ_MCG_MCY_PUR,56,EBA_MCY,true,EBA_MC_EBA_x154,,,
25723,DPM_CPS_CPZ_MCG_MCY_PUR,56,EBA_CPS,true,EBA_CT_EBA_x10,,,
25724,DPM_CPS_CPZ_MCG_MCY_PUR,56,EBA_CPZ,true,EBA_CT_EBA_x0,,,
25725,DPM_CPS_CPZ_MCG_MCY_PUR,56,EBA_MCG,true,EBA_MC_EBA_x155,,,
25726,DPM_CPS_CPZ_MCG_MCY_PUR,56,EBA_PUR,true,EBA_PU_EBA_x0,,,
25727,DPM_CPS_CPZ_MCG_MCY_PUR,57,EBA_MCY,true,EBA_MC_EBA_x154,,,
25728,DPM_CPS_CPZ_MCG_MCY_PUR,57,EBA_CPS,true,EBA_CT_EBA_x1,,,
25729,DPM_CPS_CPZ_MCG_MCY_PUR,57,EBA_CPZ,true,EBA_CT_EBA_x0,,,
25730,DPM_CPS_CPZ_MCG_MCY_PUR,57,EBA_MCG,true,EBA_MC_EBA_x155,,,
25731,DPM_CPS_CPZ_MCG_MCY_PUR,57,EBA_PUR,true,EBA_PU_EBA_x0,,,
25732,DPM_CPS_CPZ_MCG_MCY_PUR,58,EBA_MCY,true,EBA_MC_EBA_x154,,,
25733,DPM_CPS_CPZ_MCG_MCY_PUR,58,EBA_CPS,true,EBA_CT_EBA_x12,,,
25734,DPM_CPS_CPZ_MCG_MCY_PUR,58,EBA_CPZ,true,EBA_CT_EBA_x0,,,
25735,DPM_CPS_CPZ_MCG_MCY_PUR,58,EBA_MCG,true,EBA_MC_EBA_x155,,,
25736,DPM_CPS_CPZ_MCG_MCY_PUR,58,EBA_PUR,true,EBA_PU_EBA_x0,,,
25737,DPM_CPS_CPZ_MCG_MCY_PUR,59,EBA_MCY,true,EBA_MC_EBA_x154,,,
25738,DPM_CPS_CPZ_MCG_MCY_PUR,59,EBA_CPS,true,EBA_CT_EBA_x18,,,
25739,DPM_CPS_CPZ_MCG_MCY_PUR,59,EBA_CPZ,true,EBA_CT_EBA_x0,,,
25740,DPM_CPS_CPZ_MCG_MCY_PUR,59,EBA_MCG,true,EBA_MC_EBA_x155,,,
25741,DPM_CPS_CPZ_MCG_MCY_PUR,59,EBA_PUR,true,EBA_PU_EBA_x0,,,
25742,DPM_CPS_CPZ_MCG_MCY_PUR,60,EBA_MCY,true,EBA_MC_EBA_x154,,,
25743,DPM_CPS_CPZ_MCG_MCY_PUR,60,EBA_CPS,true,EBA_CT_EBA_x20,,,
25744,DPM_CPS_CPZ_MCG_MCY_PUR,60,EBA_CPZ,true,EBA_CT_EBA_x0,,,
25745,DPM_CPS_CPZ_MCG_MCY_PUR,60,EBA_MCG,true,EBA_MC_EBA_x155,,,
25746,DPM_CPS_CPZ_MCG_MCY_PUR,60,EBA_PUR,true,EBA_PU_EBA_x0,,,
25747,DPM_CPS_CPZ_MCG_MCY_PUR,61,EBA_MCY,true,EBA_MC_EBA_x154,,,
25748,DPM_CPS_CPZ_MCG_MCY_PUR,61,EBA_CPS,true,EBA_CT_EBA_x5,,,
25749,DPM_CPS_CPZ_MCG_MCY_PUR,61,EBA_CPZ,true,EBA_CT_EBA_x0,,,
25750,DPM_CPS_CPZ_MCG_MCY_PUR,61,EBA_MCG,true,EBA_MC_EBA_x155,,,
25751,DPM_CPS_CPZ_MCG_MCY_PUR,61,EBA_PUR,true,EBA_PU_EBA_x0,,,
25752,DPM_CPS_CPZ_MCG_MCY_PUR,62,EBA_MCY,true,EBA_MC_EBA_x221,,,
25753,DPM_CPS_CPZ_MCG_MCY_PUR,62,EBA_CPS,true,EBA_CT_EBA_x0,,,
25754,DPM_CPS_CPZ_MCG_MCY_PUR,62,EBA_CPZ,true,EBA_CT_EBA_x0,,,
25755,DPM_CPS_CPZ_MCG_MCY_PUR,62,EBA_MCG,true,EBA_MC_EBA_x155,,,
25756,DPM_CPS_CPZ_MCG_MCY_PUR,62,EBA_PUR,true,EBA_PU_EBA_x0,,,
25757,DPM_CPS_CPZ_MCG_MCY_PUR,63,EBA_MCY,true,EBA_MC_EBA_x221,,,
25758,DPM_CPS_CPZ_MCG_MCY_PUR,63,EBA_CPS,true,EBA_CT_EBA_x10,,,
25759,DPM_CPS_CPZ_MCG_MCY_PUR,63,EBA_CPZ,true,EBA_CT_EBA_x0,,,
25760,DPM_CPS_CPZ_MCG_MCY_PUR,63,EBA_MCG,true,EBA_MC_EBA_x155,,,
25761,DPM_CPS_CPZ_MCG_MCY_PUR,63,EBA_PUR,true,EBA_PU_EBA_x0,,,
25762,DPM_CPS_CPZ_MCG_MCY_PUR,64,EBA_MCY,true,EBA_MC_EBA_x221,,,
25763,DPM_CPS_CPZ_MCG_MCY_PUR,64,EBA_CPS,true,EBA_CT_EBA_x1,,,
25764,DPM_CPS_CPZ_MCG_MCY_PUR,64,EBA_CPZ,true,EBA_CT_EBA_x0,,,
25765,DPM_CPS_CPZ_MCG_MCY_PUR,64,EBA_MCG,true,EBA_MC_EBA_x155,,,
25766,DPM_CPS_CPZ_MCG_MCY_PUR,64,EBA_PUR,true,EBA_PU_EBA_x0,,,
25767,DPM_CPS_CPZ_MCG_MCY_PUR,65,EBA_MCY,true,EBA_MC_EBA_x221,,,
25768,DPM_CPS_CPZ_MCG_MCY_PUR,65,EBA_CPS,true,EBA_CT_EBA_x12,,,
25769,DPM_CPS_CPZ_MCG_MCY_PUR,65,EBA_CPZ,true,EBA_CT_EBA_x0,,,
25770,DPM_CPS_CPZ_MCG_MCY_PUR,65,EBA_MCG,true,EBA_MC_EBA_x155,,,
25771,DPM_CPS_CPZ_MCG_MCY_PUR,65,EBA_PUR,true,EBA_PU_EBA_x0,,,
25772,DPM_CPS_CPZ_MCG_MCY_PUR,66,EBA_MCY,true,EBA_MC_EBA_x221,,,
25773,DPM_CPS_CPZ_MCG_MCY_PUR,66,EBA_CPS,true,EBA_CT_EBA_x18,,,
25774,DPM_CPS_CPZ_MCG_MCY_PUR,66,EBA_CPZ,true,EBA_CT_EBA_x0,,,
25775,DPM_CPS_CPZ_MCG_MCY_PUR,66,EBA_MCG,true,EBA_MC_EBA_x155,,,
25776,DPM_CPS_CPZ_MCG_MCY_PUR,66,EBA_PUR,true,EBA_PU_EBA_x0,,,
25777,DPM_CPS_CPZ_MCG_MCY_PUR,67,EBA_MCY,true,EBA_MC_EBA_x221,,,
25778,DPM_CPS_CPZ_MCG_MCY_PUR,67,EBA_CPS,true,EBA_CT_EBA_x20,,,
25779,DPM_CPS_CPZ_MCG_MCY_PUR,67,EBA_CPZ,true,EBA_CT_EBA_x0,,,
25780,DPM_CPS_CPZ_MCG_MCY_PUR,67,EBA_MCG,true,EBA_MC_EBA_x155,,,
25781,DPM_CPS_CPZ_MCG_MCY_PUR,67,EBA_PUR,true,EBA_PU_EBA_x0,,,
25782,DPM_CPS_CPZ_MCG_MCY_PUR,68,EBA_MCY,true,EBA_MC_EBA_x221,,,
25783,DPM_CPS_CPZ_MCG_MCY_PUR,68,EBA_CPS,true,EBA_CT_EBA_x5,,,
25784,DPM_CPS_CPZ_MCG_MCY_PUR,68,EBA_CPZ,true,EBA_CT_EBA_x0,,,
25785,DPM_CPS_CPZ_MCG_MCY_PUR,68,EBA_MCG,true,EBA_MC_EBA_x155,,,
25786,DPM_CPS_CPZ_MCG_MCY_PUR,68,EBA_PUR,true,EBA_PU_EBA_x0,,,
25787,DPM_CPS_CPZ_MCG_MCY_PUR,69,EBA_MCY,true,EBA_MC_EBA_x469,,,
25788,DPM_CPS_CPZ_MCG_MCY_PUR,69,EBA_CPS,true,EBA_CT_EBA_x0,,,
25789,DPM_CPS_CPZ_MCG_MCY_PUR,69,EBA_CPZ,true,EBA_CT_EBA_x0,,,
25790,DPM_CPS_CPZ_MCG_MCY_PUR,69,EBA_MCG,true,EBA_MC_EBA_x155,,,
25791,DPM_CPS_CPZ_MCG_MCY_PUR,69,EBA_PUR,true,EBA_PU_EBA_x0,,,
25792,DPM_CPS_CPZ_MCG_MCY_PUR,70,EBA_MCY,true,EBA_MC_EBA_x469,,,
25793,DPM_CPS_CPZ_MCG_MCY_PUR,70,EBA_CPS,true,EBA_CT_EBA_x10,,,
25794,DPM_CPS_CPZ_MCG_MCY_PUR,70,EBA_CPZ,true,EBA_CT_EBA_x0,,,
25795,DPM_CPS_CPZ_MCG_MCY_PUR,70,EBA_MCG,true,EBA_MC_EBA_x155,,,
25796,DPM_CPS_CPZ_MCG_MCY_PUR,70,EBA_PUR,true,EBA_PU_EBA_x0,,,
25797,DPM_CPS_CPZ_MCG_MCY_PUR,71,EBA_MCY,true,EBA_MC_EBA_x469,,,
25798,DPM_CPS_CPZ_MCG_MCY_PUR,71,EBA_CPS,true,EBA_CT_EBA_x1,,,
25799,DPM_CPS_CPZ_MCG_MCY_PUR,71,EBA_CPZ,true,EBA_CT_EBA_x0,,,
25800,DPM_CPS_CPZ_MCG_MCY_PUR,71,EBA_MCG,true,EBA_MC_EBA_x155,,,
25801,DPM_CPS_CPZ_MCG_MCY_PUR,71,EBA_PUR,true,EBA_PU_EBA_x0,,,
25802,DPM_CPS_CPZ_MCG_MCY_PUR,72,EBA_MCY,true,EBA_MC_EBA_x469,,,
25803,DPM_CPS_CPZ_MCG_MCY_PUR,72,EBA_CPS,true,EBA_CT_EBA_x12,,,
25804,DPM_CPS_CPZ_MCG_MCY_PUR,72,EBA_CPZ,true,EBA_CT_EBA_x0,,,
25805,DPM_CPS_CPZ_MCG_MCY_PUR,72,EBA_MCG,true,EBA_MC_EBA_x155,,,
25806,DPM_CPS_CPZ_MCG_MCY_PUR,72,EBA_PUR,true,EBA_PU_EBA_x0,,,
25807,DPM_CPS_CPZ_MCG_MCY_PUR,73,EBA_MCY,true,EBA_MC_EBA_x469,,,
25808,DPM_CPS_CPZ_MCG_MCY_PUR,73,EBA_CPS,true,EBA_CT_EBA_x18,,,
25809,DPM_CPS_CPZ_MCG_MCY_PUR,73,EBA_CPZ,true,EBA_CT_EBA_x0,,,
25810,DPM_CPS_CPZ_MCG_MCY_PUR,73,EBA_MCG,true,EBA_MC_EBA_x155,,,
25811,DPM_CPS_CPZ_MCG_MCY_PUR,73,EBA_PUR,true,EBA_PU_EBA_x0,,,
25812,DPM_CPS_CPZ_MCG_MCY_PUR,74,EBA_MCY,true,EBA_MC_EBA_x469,,,
25813,DPM_CPS_CPZ_MCG_MCY_PUR,74,EBA_CPS,true,EBA_CT_EBA_x20,,,
25814,DPM_CPS_CPZ_MCG_MCY_PUR,74,EBA_CPZ,true,EBA_CT_EBA_x0,,,
25815,DPM_CPS_CPZ_MCG_MCY_PUR,74,EBA_MCG,true,EBA_MC_EBA_x155,,,
25816,DPM_CPS_CPZ_MCG_MCY_PUR,74,EBA_PUR,true,EBA_PU_EBA_x0,,,
25817,DPM_CPS_CPZ_MCG_MCY_PUR,75,EBA_MCY,true,EBA_MC_EBA_x469,,,
25818,DPM_CPS_CPZ_MCG_MCY_PUR,75,EBA_CPS,true,EBA_CT_EBA_x20,,,
25819,DPM_CPS_CPZ_MCG_MCY_PUR,75,EBA_CPZ,true,EBA_CT_EBA_x23,,,
25820,DPM_CPS_CPZ_MCG_MCY_PUR,75,EBA_MCG,true,EBA_MC_EBA_x155,,,
25821,DPM_CPS_CPZ_MCG_MCY_PUR,75,EBA_PUR,true,EBA_PU_EBA_x0,,,
25822,DPM_CPS_CPZ_MCG_MCY_PUR,76,EBA_MCY,true,EBA_MC_EBA_x469,,,
25823,DPM_CPS_CPZ_MCG_MCY_PUR,76,EBA_CPS,true,EBA_CT_EBA_x5,,,
25824,DPM_CPS_CPZ_MCG_MCY_PUR,76,EBA_CPZ,true,EBA_CT_EBA_x0,,,
25825,DPM_CPS_CPZ_MCG_MCY_PUR,76,EBA_MCG,true,EBA_MC_EBA_x155,,,
25826,DPM_CPS_CPZ_MCG_MCY_PUR,76,EBA_PUR,true,EBA_PU_EBA_x0,,,
25827,DPM_CPS_CPZ_MCG_MCY_PUR,77,EBA_MCY,true,EBA_MC_EBA_x469,,,
25828,DPM_CPS_CPZ_MCG_MCY_PUR,77,EBA_CPS,true,EBA_CT_EBA_x5,,,
25829,DPM_CPS_CPZ_MCG_MCY_PUR,77,EBA_CPZ,true,EBA_CT_EBA_x0,,,
25830,DPM_CPS_CPZ_MCG_MCY_PUR,77,EBA_MCG,true,EBA_MC_EBA_x155,,,
25831,DPM_CPS_CPZ_MCG_MCY_PUR,77,EBA_PUR,true,EBA_PU_EBA_x1,,,
25832,DPM_CPS_CPZ_MCG_MCY_PUR,78,EBA_MCY,true,EBA_MC_EBA_x251,,,
25833,DPM_CPS_CPZ_MCG_MCY_PUR,78,EBA_CPS,true,EBA_CT_EBA_x0,,,
25834,DPM_CPS_CPZ_MCG_MCY_PUR,78,EBA_CPZ,true,EBA_CT_EBA_x0,,,
25835,DPM_CPS_CPZ_MCG_MCY_PUR,78,EBA_MCG,true,EBA_MC_EBA_x155,,,
25836,DPM_CPS_CPZ_MCG_MCY_PUR,78,EBA_PUR,true,EBA_PU_EBA_x0,,,
25837,DPM_CPS_CPZ_MCG_MCY_PUR,79,EBA_MCY,true,EBA_MC_EBA_x52,,,
25838,DPM_CPS_CPZ_MCG_MCY_PUR,79,EBA_CPS,true,EBA_CT_EBA_x0,,,
25839,DPM_CPS_CPZ_MCG_MCY_PUR,79,EBA_CPZ,true,EBA_CT_EBA_x0,,,
25840,DPM_CPS_CPZ_MCG_MCY_PUR,79,EBA_MCG,true,EBA_MC_EBA_x155,,,
25841,DPM_CPS_CPZ_MCG_MCY_PUR,79,EBA_PUR,true,EBA_PU_EBA_x0,,,
25842,DPM_CPS_CPZ_MCG_MCY_PUR,80,EBA_MCY,true,EBA_MC_EBA_x52,,,
25843,DPM_CPS_CPZ_MCG_MCY_PUR,80,EBA_CPS,true,EBA_CT_EBA_x10,,,
25844,DPM_CPS_CPZ_MCG_MCY_PUR,80,EBA_CPZ,true,EBA_CT_EBA_x0,,,
25845,DPM_CPS_CPZ_MCG_MCY_PUR,80,EBA_MCG,true,EBA_MC_EBA_x155,,,
25846,DPM_CPS_CPZ_MCG_MCY_PUR,80,EBA_PUR,true,EBA_PU_EBA_x0,,,
25847,DPM_CPS_CPZ_MCG_MCY_PUR,81,EBA_MCY,true,EBA_MC_EBA_x52,,,
25848,DPM_CPS_CPZ_MCG_MCY_PUR,81,EBA_CPS,true,EBA_CT_EBA_x1,,,
25849,DPM_CPS_CPZ_MCG_MCY_PUR,81,EBA_CPZ,true,EBA_CT_EBA_x0,,,
25850,DPM_CPS_CPZ_MCG_MCY_PUR,81,EBA_MCG,true,EBA_MC_EBA_x155,,,
25851,DPM_CPS_CPZ_MCG_MCY_PUR,81,EBA_PUR,true,EBA_PU_EBA_x0,,,
25852,DPM_CPS_CPZ_MCG_MCY_PUR,82,EBA_MCY,true,EBA_MC_EBA_x52,,,
25853,DPM_CPS_CPZ_MCG_MCY_PUR,82,EBA_CPS,true,EBA_CT_EBA_x12,,,
25854,DPM_CPS_CPZ_MCG_MCY_PUR,82,EBA_CPZ,true,EBA_CT_EBA_x0,,,
25855,DPM_CPS_CPZ_MCG_MCY_PUR,82,EBA_MCG,true,EBA_MC_EBA_x155,,,
25856,DPM_CPS_CPZ_MCG_MCY_PUR,82,EBA_PUR,true,EBA_PU_EBA_x0,,,
25857,DPM_CPS_CPZ_MCG_MCY_PUR,83,EBA_MCY,true,EBA_MC_EBA_x52,,,
25858,DPM_CPS_CPZ_MCG_MCY_PUR,83,EBA_CPS,true,EBA_CT_EBA_x18,,,
25859,DPM_CPS_CPZ_MCG_MCY_PUR,83,EBA_CPZ,true,EBA_CT_EBA_x0,,,
25860,DPM_CPS_CPZ_MCG_MCY_PUR,83,EBA_MCG,true,EBA_MC_EBA_x155,,,
25861,DPM_CPS_CPZ_MCG_MCY_PUR,83,EBA_PUR,true,EBA_PU_EBA_x0,,,
25862,DPM_CPS_CPZ_MCG_MCY_PUR,84,EBA_MCY,true,EBA_MC_EBA_x52,,,
25863,DPM_CPS_CPZ_MCG_MCY_PUR,84,EBA_CPS,true,EBA_CT_EBA_x20,,,
25864,DPM_CPS_CPZ_MCG_MCY_PUR,84,EBA_CPZ,true,EBA_CT_EBA_x0,,,
25865,DPM_CPS_CPZ_MCG_MCY_PUR,84,EBA_MCG,true,EBA_MC_EBA_x155,,,
25866,DPM_CPS_CPZ_MCG_MCY_PUR,84,EBA_PUR,true,EBA_PU_EBA_x0,,,
25867,DPM_CPS_CPZ_MCG_MCY_PUR,85,EBA_MCY,true,EBA_MC_EBA_x52,,,
25868,DPM_CPS_CPZ_MCG_MCY_PUR,85,EBA_CPS,true,EBA_CT_EBA_x5,,,
25869,DPM_CPS_CPZ_MCG_MCY_PUR,85,EBA_CPZ,true,EBA_CT_EBA_x0,,,
25870,DPM_CPS_CPZ_MCG_MCY_PUR,85,EBA_MCG,true,EBA_MC_EBA_x155,,,
25871,DPM_CPS_CPZ_MCG_MCY_PUR,85,EBA_PUR,true,EBA_PU_EBA_x0,,,
25872,DPM_CPS_CPZ_MCG_MCY_PUR,86,EBA_MCY,true,EBA_MC_EBA_x469,,,
25873,DPM_CPS_CPZ_MCG_MCY_PUR,86,EBA_CPS,true,EBA_CT_EBA_x5,,,
25874,DPM_CPS_CPZ_MCG_MCY_PUR,86,EBA_CPZ,true,EBA_CT_EBA_x0,,,
25875,DPM_CPS_CPZ_MCG_MCY_PUR,86,EBA_MCG,true,EBA_MC_EBA_x294,,,
25876,DPM_CPS_CPZ_MCG_MCY_PUR,86,EBA_PUR,true,EBA_PU_EBA_x0,,,
25877,DPM_ACT,0,EBA_ACT,true,EBA_RT_EBA_x0,,,
25878,DPM_ACT,1,EBA_ACT,true,EBA_RT_EBA_x3,,,
25879,DPM_ACT,2,EBA_ACT,true,EBA_RT_EBA_x6,,,
25880,DPM_ACT,3,EBA_ACT,true,EBA_RT_EBA_x5,,,
25881,DPM_TRT,0,EBA_TRT,true,EBA_RT_EBA_x0,,,
25882,DPM_TRT,1,EBA_TRT,true,EBA_RT_EBA_x8,,,
25883,DPM_TRT,2,EBA_TRT,true,EBA_RT_EBA_x9,,,
25884,DPM_MCT_PLT,0,EBA_MCT,true,EBA_MC_EBA_x0,,,
25885,DPM_MCT_PLT,0,EBA_PLT,true,EBA_PL_EBA_x0,,,
25886,DPM_MCT_PLT,1,EBA_MCT,true,EBA_MC_EBA_x60,,,
25887,DPM_MCT_PLT,1,EBA_PLT,true,EBA_PL_EBA_x62,,,
25888,DPM_MCT_PLT,2,EBA_MCT,true,EBA_MC_EBA_x60,,,
25889,DPM_MCT_PLT,2,EBA_PLT,true,EBA_PL_EBA_x69,,,
25890,DPM_MCT_PLT,3,EBA_MCT,true,EBA_MC_EBA_x60,,,
25891,DPM_MCT_PLT,3,EBA_PLT,true,EBA_PL_EBA_x20,,,
25892,DPM_MCT_PLT,4,EBA_MCT,true,EBA_MC_EBA_x60,,,
25893,DPM_MCT_PLT,4,EBA_PLT,true,EBA_PL_EBA_x66,,,
25894,DPM_MCT_PLT,5,EBA_MCT,true,EBA_MC_EBA_x60,,,
25895,DPM_MCT_PLT,5,EBA_PLT,true,EBA_PL_EBA_x14,,,
25896,DPM_MCT_PLT,6,EBA_MCT,true,EBA_MC_EBA_x60,,,
25897,DPM_MCT_PLT,6,EBA_PLT,true,EBA_PL_EBA_x500,,,
25898,DPM_MCT_PLT,7,EBA_MCT,true,EBA_MC_EBA_x60,,,
25899,DPM_MCT_PLT,7,EBA_PLT,true,EBA_PL_EBA_x75,,,
25900,DPM_MCT_PLT,8,EBA_MCT,true,EBA_MC_EBA_x60,,,
25901,DPM_MCT_PLT,8,EBA_PLT,true,EBA_PL_EBA_x63,,,
25902,DPM_MCT_PLT,9,EBA_MCT,true,EBA_MC_EBA_x60,,,
25903,DPM_MCT_PLT,9,EBA_PLT,true,EBA_PL_EBA_x750,,,
25904,DPM_MCT_PLT,10,EBA_MCT,true,EBA_MC_EBA_x60,,,
25905,DPM_MCT_PLT,10,EBA_PLT,true,EBA_PL_EBA_x64,,,
25906,DPM_MCT_PLT,11,EBA_MCT,true,EBA_MC_EBA_x130,,,
25907,DPM_MCT_PLT,11,EBA_PLT,true,EBA_PL_EBA_x62,,,
25908,DPM_MCT_PLT,12,EBA_MCT,true,EBA_MC_EBA_x130,,,
25909,DPM_MCT_PLT,12,EBA_PLT,true,EBA_PL_EBA_x69,,,
25910,DPM_MCT_PLT,13,EBA_MCT,true,EBA_MC_EBA_x130,,,
25911,DPM_MCT_PLT,13,EBA_PLT,true,EBA_PL_EBA_x20,,,
25912,DPM_MCT_PLT,14,EBA_MCT,true,EBA_MC_EBA_x130,,,
25913,DPM_MCT_PLT,14,EBA_PLT,true,EBA_PL_EBA_x66,,,
25914,DPM_MCT_PLT,15,EBA_MCT,true,EBA_MC_EBA_x130,,,
25915,DPM_MCT_PLT,15,EBA_PLT,true,EBA_PL_EBA_x500,,,
25916,DPM_MCT_PLT,16,EBA_MCT,true,EBA_MC_EBA_x130,,,
25917,DPM_MCT_PLT,16,EBA_PLT,true,EBA_PL_EBA_x14,,,
25918,DPM_MCT_PLT,17,EBA_MCT,true,EBA_MC_EBA_x130,,,
25919,DPM_MCT_PLT,17,EBA_PLT,true,EBA_PL_EBA_x63,,,
25920,DPM_MCT_PLT,18,EBA_MCT,true,EBA_MC_EBA_x130,,,
25921,DPM_MCT_PLT,18,EBA_PLT,true,EBA_PL_EBA_x750,,,
25922,DPM_MCT_PLT,19,EBA_MCT,true,EBA_MC_EBA_x130,,,
25923,DPM_MCT_PLT,19,EBA_PLT,true,EBA_PL_EBA_x64,,,
25924,DPM_MCT_PLT,20,EBA_MCT,true,EBA_MC_EBA_x223,,,
25925,DPM_MCT_PLT,20,EBA_PLT,true,EBA_PL_EBA_x75,,,
25926,DPM_MCT_PLT,21,EBA_MCT,true,EBA_MC_EBA_x143,,,
25927,DPM_MCT_PLT,21,EBA_PLT,true,EBA_PL_EBA_x62,,,
25928,DPM_MCT_PLT,22,EBA_MCT,true,EBA_MC_EBA_x143,,,
25929,DPM_MCT_PLT,22,EBA_PLT,true,EBA_PL_EBA_x69,,,
25930,DPM_MCT_PLT,23,EBA_MCT,true,EBA_MC_EBA_x143,,,
25931,DPM_MCT_PLT,23,EBA_PLT,true,EBA_PL_EBA_x20,,,
25932,DPM_MCT_PLT,24,EBA_MCT,true,EBA_MC_EBA_x143,,,
25933,DPM_MCT_PLT,24,EBA_PLT,true,EBA_PL_EBA_x66,,,
25934,DPM_MCT_PLT,25,EBA_MCT,true,EBA_MC_EBA_x143,,,
25935,DPM_MCT_PLT,25,EBA_PLT,true,EBA_PL_EBA_x14,,,
25936,DPM_MCT_PLT,26,EBA_MCT,true,EBA_MC_EBA_x143,,,
25937,DPM_MCT_PLT,26,EBA_PLT,true,EBA_PL_EBA_x500,,,
25938,DPM_MCT_PLT,27,EBA_MCT,true,EBA_MC_EBA_x143,,,
25939,DPM_MCT_PLT,27,EBA_PLT,true,EBA_PL_EBA_x63,,,
25940,DPM_MCT_PLT,28,EBA_MCT,true,EBA_MC_EBA_x143,,,
25941,DPM_MCT_PLT,28,EBA_PLT,true,EBA_PL_EBA_x750,,,
25942,DPM_MCT_PLT,29,EBA_MCT,true,EBA_MC_EBA_x143,,,
25943,DPM_MCT_PLT,29,EBA_PLT,true,EBA_PL_EBA_x64,,,
25944,DPM_MCT_PLT,30,EBA_MCT,true,EBA_MC_EBA_x469,,,
25945,DPM_MCT_PLT,30,EBA_PLT,true,EBA_PL_EBA_x62,,,
25946,DPM_MCT_PLT,31,EBA_MCT,true,EBA_MC_EBA_x469,,,
25947,DPM_MCT_PLT,31,EBA_PLT,true,EBA_PL_EBA_x69,,,
25948,DPM_MCT_PLT,32,EBA_MCT,true,EBA_MC_EBA_x469,,,
25949,DPM_MCT_PLT,32,EBA_PLT,true,EBA_PL_EBA_x20,,,
25950,DPM_MCT_PLT,33,EBA_MCT,true,EBA_MC_EBA_x469,,,
25951,DPM_MCT_PLT,33,EBA_PLT,true,EBA_PL_EBA_x66,,,
25952,DPM_MCT_PLT,34,EBA_MCT,true,EBA_MC_EBA_x469,,,
25953,DPM_MCT_PLT,34,EBA_PLT,true,EBA_PL_EBA_x14,,,
25954,DPM_MCT_PLT,35,EBA_MCT,true,EBA_MC_EBA_x469,,,
25955,DPM_MCT_PLT,35,EBA_PLT,true,EBA_PL_EBA_x500,,,
25956,DPM_MCT_PLT,36,EBA_MCT,true,EBA_MC_EBA_x469,,,
25957,DPM_MCT_PLT,36,EBA_PLT,true,EBA_PL_EBA_x75,,,
25958,DPM_MCT_PLT,37,EBA_MCT,true,EBA_MC_EBA_x469,,,
25959,DPM_MCT_PLT,37,EBA_PLT,true,EBA_PL_EBA_x63,,,
25960,DPM_MCT_PLT,38,EBA_MCT,true,EBA_MC_EBA_x469,,,
25961,DPM_MCT_PLT,38,EBA_PLT,true,EBA_PL_EBA_x750,,,
25962,DPM_MCT_PLT,39,EBA_MCT,true,EBA_MC_EBA_x469,,,
25963,DPM_MCT_PLT,39,EBA_PLT,true,EBA_PL_EBA_x64,,,
25964,DPM_BAS_CPS_CPZ_MCG_MCY_MCP_PUR_APL,0,EBA_BAS,true,EBA_BA_EBA_x7,,,
25965,DPM_BAS_CPS_CPZ_MCG_MCY_MCP_PUR_APL,0,EBA_MCY,true,EBA_MC_EBA_x283,,,
25966,DPM_BAS_CPS_CPZ_MCG_MCY_MCP_PUR_APL,0,EBA_MCP,true,EBA_MC_EBA_x221,,,
25967,DPM_BAS_CPS_CPZ_MCG_MCY_MCP_PUR_APL,0,EBA_APL,true,EBA_PL_EBA_x0,,,
25968,DPM_BAS_CPS_CPZ_MCG_MCY_MCP_PUR_APL,0,EBA_CPS,true,EBA_CT_EBA_x0,,,
25969,DPM_BAS_CPS_CPZ_MCG_MCY_MCP_PUR_APL,0,EBA_CPZ,true,EBA_CT_EBA_x0,,,
25970,DPM_BAS_CPS_CPZ_MCG_MCY_MCP_PUR_APL,0,EBA_MCG,true,EBA_MC_EBA_x0,,,
25971,DPM_BAS_CPS_CPZ_MCG_MCY_MCP_PUR_APL,0,EBA_PUR,true,EBA_PU_EBA_x0,,,
25972,DPM_BAS_CPS_CPZ_MCG_MCY_MCP_PUR_APL,1,EBA_BAS,true,EBA_BA_EBA_x7,,,
25973,DPM_BAS_CPS_CPZ_MCG_MCY_MCP_PUR_APL,1,EBA_MCY,true,EBA_MC_EBA_x283,,,
25974,DPM_BAS_CPS_CPZ_MCG_MCY_MCP_PUR_APL,1,EBA_MCP,true,EBA_MC_EBA_x221,,,
25975,DPM_BAS_CPS_CPZ_MCG_MCY_MCP_PUR_APL,1,EBA_APL,true,EBA_PL_EBA_x0,,,
25976,DPM_BAS_CPS_CPZ_MCG_MCY_MCP_PUR_APL,1,EBA_CPS,true,EBA_CT_EBA_x10,,,
25977,DPM_BAS_CPS_CPZ_MCG_MCY_MCP_PUR_APL,1,EBA_CPZ,true,EBA_CT_EBA_x0,,,
25978,DPM_BAS_CPS_CPZ_MCG_MCY_MCP_PUR_APL,1,EBA_MCG,true,EBA_MC_EBA_x0,,,
25979,DPM_BAS_CPS_CPZ_MCG_MCY_MCP_PUR_APL,1,EBA_PUR,true,EBA_PU_EBA_x0,,,
25980,DPM_BAS_CPS_CPZ_MCG_MCY_MCP_PUR_APL,2,EBA_BAS,true,EBA_BA_EBA_x7,,,
25981,DPM_BAS_CPS_CPZ_MCG_MCY_MCP_PUR_APL,2,EBA_MCY,true,EBA_MC_EBA_x283,,,
25982,DPM_BAS_CPS_CPZ_MCG_MCY_MCP_PUR_APL,2,EBA_MCP,true,EBA_MC_EBA_x221,,,
25983,DPM_BAS_CPS_CPZ_MCG_MCY_MCP_PUR_APL,2,EBA_APL,true,EBA_PL_EBA_x0,,,
25984,DPM_BAS_CPS_CPZ_MCG_MCY_MCP_PUR_APL,2,EBA_CPS,true,EBA_CT_EBA_x1,,,
25985,DPM_BAS_CPS_CPZ_MCG_MCY_MCP_PUR_APL,2,EBA_CPZ,true,EBA_CT_EBA_x0,,,
25986,DPM_BAS_CPS_CPZ_MCG_MCY_MCP_PUR_APL,2,EBA_MCG,true,EBA_MC_EBA_x0,,,
25987,DPM_BAS_CPS_CPZ_MCG_MCY_MCP_PUR_APL,2,EBA_PUR,true,EBA_PU_EBA_x0,,,
25988,DPM_BAS_CPS_CPZ_MCG_MCY_MCP_PUR_APL,3,EBA_BAS,true,EBA_BA_EBA_x7,,,
25989,DPM_BAS_CPS_CPZ_MCG_MCY_MCP_PUR_APL,3,EBA_MCY,true,EBA_MC_EBA_x283,,,
25990,DPM_BAS_CPS_CPZ_MCG_MCY_MCP_PUR_APL,3,EBA_MCP,true,EBA_MC_EBA_x221,,,
25991,DPM_BAS_CPS_CPZ_MCG_MCY_MCP_PUR_APL,3,EBA_APL,true,EBA_PL_EBA_x0,,,
25992,DPM_BAS_CPS_CPZ_MCG_MCY_MCP_PUR_APL,3,EBA_CPS,true,EBA_CT_EBA_x12,,,
25993,DPM_BAS_CPS_CPZ_MCG_MCY_MCP_PUR_APL,3,EBA_CPZ,true,EBA_CT_EBA_x0,,,
25994,DPM_BAS_CPS_CPZ_MCG_MCY_MCP_PUR_APL,3,EBA_MCG,true,EBA_MC_EBA_x0,,,
25995,DPM_BAS_CPS_CPZ_MCG_MCY_MCP_PUR_APL,3,EBA_PUR,true,EBA_PU_EBA_x0,,,
25996,DPM_BAS_CPS_CPZ_MCG_MCY_MCP_PUR_APL,4,EBA_BAS,true,EBA_BA_EBA_x7,,,
25997,DPM_BAS_CPS_CPZ_MCG_MCY_MCP_PUR_APL,4,EBA_MCY,true,EBA_MC_EBA_x283,,,
25998,DPM_BAS_CPS_CPZ_MCG_MCY_MCP_PUR_APL,4,EBA_MCP,true,EBA_MC_EBA_x221,,,
25999,DPM_BAS_CPS_CPZ_MCG_MCY_MCP_PUR_APL,4,EBA_APL,true,EBA_PL_EBA_x0,,,
26000,DPM_BAS_CPS_CPZ_MCG_MCY_MCP_PUR_APL,4,EBA_CPS,true,EBA_CT_EBA_x18,,,
26001,DPM_BAS_CPS_CPZ_MCG_MCY_MCP_PUR_APL,4,EBA_CPZ,true,EBA_CT_EBA_x0,,,
26002,DPM_BAS_CPS_CPZ_MCG_MCY_MCP_PUR_APL,4,EBA_MCG,true,EBA_MC_EBA_x0,,,
26003,DPM_BAS_CPS_CPZ_MCG_MCY_MCP_PUR_APL,4,EBA_PUR,true,EBA_PU_EBA_x0,,,
26004,DPM_BAS_CPS_CPZ_MCG_MCY_MCP_PUR_APL,5,EBA_BAS,true,EBA_BA_EBA_x7,,,
26005,DPM_BAS_CPS_CPZ_MCG_MCY_MCP_PUR_APL,5,EBA_MCY,true,EBA_MC_EBA_x283,,,
26006,DPM_BAS_CPS_CPZ_MCG_MCY_MCP_PUR_APL,5,EBA_MCP,true,EBA_MC_EBA_x221,,,
26007,DPM_BAS_CPS_CPZ_MCG_MCY_MCP_PUR_APL,5,EBA_APL,true,EBA_PL_EBA_x0,,,
26008,DPM_BAS_CPS_CPZ_MCG_MCY_MCP_PUR_APL,5,EBA_CPS,true,EBA_CT_EBA_x20,,,
26009,DPM_BAS_CPS_CPZ_MCG_MCY_MCP_PUR_APL,5,EBA_CPZ,true,EBA_CT_EBA_x0,,,
26010,DPM_BAS_CPS_CPZ_MCG_MCY_MCP_PUR_APL,5,EBA_MCG,true,EBA_MC_EBA_x0,,,
26011,DPM_BAS_CPS_CPZ_MCG_MCY_MCP_PUR_APL,5,EBA_PUR,true,EBA_PU_EBA_x0,,,
26012,DPM_BAS_CPS_CPZ_MCG_MCY_MCP_PUR_APL,6,EBA_BAS,true,EBA_BA_EBA_x7,,,
26013,DPM_BAS_CPS_CPZ_MCG_MCY_MCP_PUR_APL,6,EBA_MCY,true,EBA_MC_EBA_x283,,,
26014,DPM_BAS_CPS_CPZ_MCG_MCY_MCP_PUR_APL,6,EBA_MCP,true,EBA_MC_EBA_x221,,,
26015,DPM_BAS_CPS_CPZ_MCG_MCY_MCP_PUR_APL,6,EBA_APL,true,EBA_PL_EBA_x0,,,
26016,DPM_BAS_CPS_CPZ_MCG_MCY_MCP_PUR_APL,6,EBA_CPS,true,EBA_CT_EBA_x5,,,
26017,DPM_BAS_CPS_CPZ_MCG_MCY_MCP_PUR_APL,6,EBA_CPZ,true,EBA_CT_EBA_x0,,,
26018,DPM_BAS_CPS_CPZ_MCG_MCY_MCP_PUR_APL,6,EBA_MCG,true,EBA_MC_EBA_x0,,,
26019,DPM_BAS_CPS_CPZ_MCG_MCY_MCP_PUR_APL,6,EBA_PUR,true,EBA_PU_EBA_x0,,,
26020,DPM_BAS_CPS_CPZ_MCG_MCY_MCP_PUR_APL,7,EBA_BAS,true,EBA_BA_EBA_x7,,,
26021,DPM_BAS_CPS_CPZ_MCG_MCY_MCP_PUR_APL,7,EBA_MCY,true,EBA_MC_EBA_x283,,,
26022,DPM_BAS_CPS_CPZ_MCG_MCY_MCP_PUR_APL,7,EBA_MCP,true,EBA_MC_EBA_x154,,,
26023,DPM_BAS_CPS_CPZ_MCG_MCY_MCP_PUR_APL,7,EBA_APL,true,EBA_PL_EBA_x0,,,
26024,DPM_BAS_CPS_CPZ_MCG_MCY_MCP_PUR_APL,7,EBA_CPS,true,EBA_CT_EBA_x0,,,
26025,DPM_BAS_CPS_CPZ_MCG_MCY_MCP_PUR_APL,7,EBA_CPZ,true,EBA_CT_EBA_x0,,,
26026,DPM_BAS_CPS_CPZ_MCG_MCY_MCP_PUR_APL,7,EBA_MCG,true,EBA_MC_EBA_x0,,,
26027,DPM_BAS_CPS_CPZ_MCG_MCY_MCP_PUR_APL,7,EBA_PUR,true,EBA_PU_EBA_x0,,,
26028,DPM_BAS_CPS_CPZ_MCG_MCY_MCP_PUR_APL,8,EBA_BAS,true,EBA_BA_EBA_x7,,,
26029,DPM_BAS_CPS_CPZ_MCG_MCY_MCP_PUR_APL,8,EBA_MCY,true,EBA_MC_EBA_x283,,,
26030,DPM_BAS_CPS_CPZ_MCG_MCY_MCP_PUR_APL,8,EBA_MCP,true,EBA_MC_EBA_x154,,,
26031,DPM_BAS_CPS_CPZ_MCG_MCY_MCP_PUR_APL,8,EBA_APL,true,EBA_PL_EBA_x0,,,
26032,DPM_BAS_CPS_CPZ_MCG_MCY_MCP_PUR_APL,8,EBA_CPS,true,EBA_CT_EBA_x10,,,
26033,DPM_BAS_CPS_CPZ_MCG_MCY_MCP_PUR_APL,8,EBA_CPZ,true,EBA_CT_EBA_x0,,,
26034,DPM_BAS_CPS_CPZ_MCG_MCY_MCP_PUR_APL,8,EBA_MCG,true,EBA_MC_EBA_x0,,,
26035,DPM_BAS_CPS_CPZ_MCG_MCY_MCP_PUR_APL,8,EBA_PUR,true,EBA_PU_EBA_x0,,,
26036,DPM_BAS_CPS_CPZ_MCG_MCY_MCP_PUR_APL,9,EBA_BAS,true,EBA_BA_EBA_x7,,,
26037,DPM_BAS_CPS_CPZ_MCG_MCY_MCP_PUR_APL,9,EBA_MCY,true,EBA_MC_EBA_x283,,,
26038,DPM_BAS_CPS_CPZ_MCG_MCY_MCP_PUR_APL,9,EBA_MCP,true,EBA_MC_EBA_x154,,,
26039,DPM_BAS_CPS_CPZ_MCG_MCY_MCP_PUR_APL,9,EBA_APL,true,EBA_PL_EBA_x0,,,
26040,DPM_BAS_CPS_CPZ_MCG_MCY_MCP_PUR_APL,9,EBA_CPS,true,EBA_CT_EBA_x1,,,
26041,DPM_BAS_CPS_CPZ_MCG_MCY_MCP_PUR_APL,9,EBA_CPZ,true,EBA_CT_EBA_x0,,,
26042,DPM_BAS_CPS_CPZ_MCG_MCY_MCP_PUR_APL,9,EBA_MCG,true,EBA_MC_EBA_x0,,,
26043,DPM_BAS_CPS_CPZ_MCG_MCY_MCP_PUR_APL,9,EBA_PUR,true,EBA_PU_EBA_x0,,,
26044,DPM_BAS_CPS_CPZ_MCG_MCY_MCP_PUR_APL,10,EBA_BAS,true,EBA_BA_EBA_x7,,,
26045,DPM_BAS_CPS_CPZ_MCG_MCY_MCP_PUR_APL,10,EBA_MCY,true,EBA_MC_EBA_x283,,,
26046,DPM_BAS_CPS_CPZ_MCG_MCY_MCP_PUR_APL,10,EBA_MCP,true,EBA_MC_EBA_x154,,,
26047,DPM_BAS_CPS_CPZ_MCG_MCY_MCP_PUR_APL,10,EBA_APL,true,EBA_PL_EBA_x0,,,
26048,DPM_BAS_CPS_CPZ_MCG_MCY_MCP_PUR_APL,10,EBA_CPS,true,EBA_CT_EBA_x12,,,
26049,DPM_BAS_CPS_CPZ_MCG_MCY_MCP_PUR_APL,10,EBA_CPZ,true,EBA_CT_EBA_x0,,,
26050,DPM_BAS_CPS_CPZ_MCG_MCY_MCP_PUR_APL,10,EBA_MCG,true,EBA_MC_EBA_x0,,,
26051,DPM_BAS_CPS_CPZ_MCG_MCY_MCP_PUR_APL,10,EBA_PUR,true,EBA_PU_EBA_x0,,,
26052,DPM_BAS_CPS_CPZ_MCG_MCY_MCP_PUR_APL,11,EBA_BAS,true,EBA_BA_EBA_x7,,,
26053,DPM_BAS_CPS_CPZ_MCG_MCY_MCP_PUR_APL,11,EBA_MCY,true,EBA_MC_EBA_x283,,,
26054,DPM_BAS_CPS_CPZ_MCG_MCY_MCP_PUR_APL,11,EBA_MCP,true,EBA_MC_EBA_x154,,,
26055,DPM_BAS_CPS_CPZ_MCG_MCY_MCP_PUR_APL,11,EBA_APL,true,EBA_PL_EBA_x0,,,
26056,DPM_BAS_CPS_CPZ_MCG_MCY_MCP_PUR_APL,11,EBA_CPS,true,EBA_CT_EBA_x18,,,
26057,DPM_BAS_CPS_CPZ_MCG_MCY_MCP_PUR_APL,11,EBA_CPZ,true,EBA_CT_EBA_x0,,,
26058,DPM_BAS_CPS_CPZ_MCG_MCY_MCP_PUR_APL,11,EBA_MCG,true,EBA_MC_EBA_x0,,,
26059,DPM_BAS_CPS_CPZ_MCG_MCY_MCP_PUR_APL,11,EBA_PUR,true,EBA_PU_EBA_x0,,,
26060,DPM_BAS_CPS_CPZ_MCG_MCY_MCP_PUR_APL,12,EBA_BAS,true,EBA_BA_EBA_x7,,,
26061,DPM_BAS_CPS_CPZ_MCG_MCY_MCP_PUR_APL,12,EBA_MCY,true,EBA_MC_EBA_x283,,,
26062,DPM_BAS_CPS_CPZ_MCG_MCY_MCP_PUR_APL,12,EBA_MCP,true,EBA_MC_EBA_x154,,,
26063,DPM_BAS_CPS_CPZ_MCG_MCY_MCP_PUR_APL,12,EBA_APL,true,EBA_PL_EBA_x0,,,
26064,DPM_BAS_CPS_CPZ_MCG_MCY_MCP_PUR_APL,12,EBA_CPS,true,EBA_CT_EBA_x20,,,
26065,DPM_BAS_CPS_CPZ_MCG_MCY_MCP_PUR_APL,12,EBA_CPZ,true,EBA_CT_EBA_x0,,,
26066,DPM_BAS_CPS_CPZ_MCG_MCY_MCP_PUR_APL,12,EBA_MCG,true,EBA_MC_EBA_x0,,,
26067,DPM_BAS_CPS_CPZ_MCG_MCY_MCP_PUR_APL,12,EBA_PUR,true,EBA_PU_EBA_x0,,,
26068,DPM_BAS_CPS_CPZ_MCG_MCY_MCP_PUR_APL,13,EBA_BAS,true,EBA_BA_EBA_x7,,,
26069,DPM_BAS_CPS_CPZ_MCG_MCY_MCP_PUR_APL,13,EBA_MCY,true,EBA_MC_EBA_x283,,,
26070,DPM_BAS_CPS_CPZ_MCG_MCY_MCP_PUR_APL,13,EBA_MCP,true,EBA_MC_EBA_x154,,,
26071,DPM_BAS_CPS_CPZ_MCG_MCY_MCP_PUR_APL,13,EBA_APL,true,EBA_PL_EBA_x0,,,
26072,DPM_BAS_CPS_CPZ_MCG_MCY_MCP_PUR_APL,13,EBA_CPS,true,EBA_CT_EBA_x5,,,
26073,DPM_BAS_CPS_CPZ_MCG_MCY_MCP_PUR_APL,13,EBA_CPZ,true,EBA_CT_EBA_x0,,,
26074,DPM_BAS_CPS_CPZ_MCG_MCY_MCP_PUR_APL,13,EBA_MCG,true,EBA_MC_EBA_x0,,,
26075,DPM_BAS_CPS_CPZ_MCG_MCY_MCP_PUR_APL,13,EBA_PUR,true,EBA_PU_EBA_x0,,,
26076,DPM_BAS_CPS_CPZ_MCG_MCY_MCP_PUR_APL,14,EBA_BAS,true,EBA_BA_EBA_x7,,,
26077,DPM_BAS_CPS_CPZ_MCG_MCY_MCP_PUR_APL,14,EBA_MCY,true,EBA_MC_EBA_x283,,,
26078,DPM_BAS_CPS_CPZ_MCG_MCY_MCP_PUR_APL,14,EBA_MCP,true,EBA_MC_EBA_x52,,,
26079,DPM_BAS_CPS_CPZ_MCG_MCY_MCP_PUR_APL,14,EBA_APL,true,EBA_PL_EBA_x0,,,
26080,DPM_BAS_CPS_CPZ_MCG_MCY_MCP_PUR_APL,14,EBA_CPS,true,EBA_CT_EBA_x0,,,
26081,DPM_BAS_CPS_CPZ_MCG_MCY_MCP_PUR_APL,14,EBA_CPZ,true,EBA_CT_EBA_x0,,,
26082,DPM_BAS_CPS_CPZ_MCG_MCY_MCP_PUR_APL,14,EBA_MCG,true,EBA_MC_EBA_x0,,,
26083,DPM_BAS_CPS_CPZ_MCG_MCY_MCP_PUR_APL,14,EBA_PUR,true,EBA_PU_EBA_x0,,,
26084,DPM_BAS_CPS_CPZ_MCG_MCY_MCP_PUR_APL,15,EBA_BAS,true,EBA_BA_EBA_x7,,,
26085,DPM_BAS_CPS_CPZ_MCG_MCY_MCP_PUR_APL,15,EBA_MCY,true,EBA_MC_EBA_x283,,,
26086,DPM_BAS_CPS_CPZ_MCG_MCY_MCP_PUR_APL,15,EBA_MCP,true,EBA_MC_EBA_x52,,,
26087,DPM_BAS_CPS_CPZ_MCG_MCY_MCP_PUR_APL,15,EBA_APL,true,EBA_PL_EBA_x0,,,
26088,DPM_BAS_CPS_CPZ_MCG_MCY_MCP_PUR_APL,15,EBA_CPS,true,EBA_CT_EBA_x10,,,
26089,DPM_BAS_CPS_CPZ_MCG_MCY_MCP_PUR_APL,15,EBA_CPZ,true,EBA_CT_EBA_x0,,,
26090,DPM_BAS_CPS_CPZ_MCG_MCY_MCP_PUR_APL,15,EBA_MCG,true,EBA_MC_EBA_x0,,,
26091,DPM_BAS_CPS_CPZ_MCG_MCY_MCP_PUR_APL,15,EBA_PUR,true,EBA_PU_EBA_x0,,,
26092,DPM_BAS_CPS_CPZ_MCG_MCY_MCP_PUR_APL,16,EBA_BAS,true,EBA_BA_EBA_x7,,,
26093,DPM_BAS_CPS_CPZ_MCG_MCY_MCP_PUR_APL,16,EBA_MCY,true,EBA_MC_EBA_x283,,,
26094,DPM_BAS_CPS_CPZ_MCG_MCY_MCP_PUR_APL,16,EBA_MCP,true,EBA_MC_EBA_x52,,,
26095,DPM_BAS_CPS_CPZ_MCG_MCY_MCP_PUR_APL,16,EBA_APL,true,EBA_PL_EBA_x0,,,
26096,DPM_BAS_CPS_CPZ_MCG_MCY_MCP_PUR_APL,16,EBA_CPS,true,EBA_CT_EBA_x1,,,
26097,DPM_BAS_CPS_CPZ_MCG_MCY_MCP_PUR_APL,16,EBA_CPZ,true,EBA_CT_EBA_x0,,,
26098,DPM_BAS_CPS_CPZ_MCG_MCY_MCP_PUR_APL,16,EBA_MCG,true,EBA_MC_EBA_x0,,,
26099,DPM_BAS_CPS_CPZ_MCG_MCY_MCP_PUR_APL,16,EBA_PUR,true,EBA_PU_EBA_x0,,,
26100,DPM_BAS_CPS_CPZ_MCG_MCY_MCP_PUR_APL,17,EBA_BAS,true,EBA_BA_EBA_x7,,,
26101,DPM_BAS_CPS_CPZ_MCG_MCY_MCP_PUR_APL,17,EBA_MCY,true,EBA_MC_EBA_x283,,,
26102,DPM_BAS_CPS_CPZ_MCG_MCY_MCP_PUR_APL,17,EBA_MCP,true,EBA_MC_EBA_x52,,,
26103,DPM_BAS_CPS_CPZ_MCG_MCY_MCP_PUR_APL,17,EBA_APL,true,EBA_PL_EBA_x0,,,
26104,DPM_BAS_CPS_CPZ_MCG_MCY_MCP_PUR_APL,17,EBA_CPS,true,EBA_CT_EBA_x12,,,
26105,DPM_BAS_CPS_CPZ_MCG_MCY_MCP_PUR_APL,17,EBA_CPZ,true,EBA_CT_EBA_x0,,,
26106,DPM_BAS_CPS_CPZ_MCG_MCY_MCP_PUR_APL,17,EBA_MCG,true,EBA_MC_EBA_x0,,,
26107,DPM_BAS_CPS_CPZ_MCG_MCY_MCP_PUR_APL,17,EBA_PUR,true,EBA_PU_EBA_x0,,,
26108,DPM_BAS_CPS_CPZ_MCG_MCY_MCP_PUR_APL,18,EBA_BAS,true,EBA_BA_EBA_x7,,,
26109,DPM_BAS_CPS_CPZ_MCG_MCY_MCP_PUR_APL,18,EBA_MCY,true,EBA_MC_EBA_x283,,,
26110,DPM_BAS_CPS_CPZ_MCG_MCY_MCP_PUR_APL,18,EBA_MCP,true,EBA_MC_EBA_x52,,,
26111,DPM_BAS_CPS_CPZ_MCG_MCY_MCP_PUR_APL,18,EBA_APL,true,EBA_PL_EBA_x0,,,
26112,DPM_BAS_CPS_CPZ_MCG_MCY_MCP_PUR_APL,18,EBA_CPS,true,EBA_CT_EBA_x18,,,
26113,DPM_BAS_CPS_CPZ_MCG_MCY_MCP_PUR_APL,18,EBA_CPZ,true,EBA_CT_EBA_x0,,,
26114,DPM_BAS_CPS_CPZ_MCG_MCY_MCP_PUR_APL,18,EBA_MCG,true,EBA_MC_EBA_x0,,,
26115,DPM_BAS_CPS_CPZ_MCG_MCY_MCP_PUR_APL,18,EBA_PUR,true,EBA_PU_EBA_x0,,,
26116,DPM_BAS_CPS_CPZ_MCG_MCY_MCP_PUR_APL,19,EBA_BAS,true,EBA_BA_EBA_x7,,,
26117,DPM_BAS_CPS_CPZ_MCG_MCY_MCP_PUR_APL,19,EBA_MCY,true,EBA_MC_EBA_x283,,,
26118,DPM_BAS_CPS_CPZ_MCG_MCY_MCP_PUR_APL,19,EBA_MCP,true,EBA_MC_EBA_x52,,,
26119,DPM_BAS_CPS_CPZ_MCG_MCY_MCP_PUR_APL,19,EBA_APL,true,EBA_PL_EBA_x0,,,
26120,DPM_BAS_CPS_CPZ_MCG_MCY_MCP_PUR_APL,19,EBA_CPS,true,EBA_CT_EBA_x20,,,
26121,DPM_BAS_CPS_CPZ_MCG_MCY_MCP_PUR_APL,19,EBA_CPZ,true,EBA_CT_EBA_x0,,,
26122,DPM_BAS_CPS_CPZ_MCG_MCY_MCP_PUR_APL,19,EBA_MCG,true,EBA_MC_EBA_x0,,,
26123,DPM_BAS_CPS_CPZ_MCG_MCY_MCP_PUR_APL,19,EBA_PUR,true,EBA_PU_EBA_x0,,,
26124,DPM_BAS_CPS_CPZ_MCG_MCY_MCP_PUR_APL,20,EBA_BAS,true,EBA_BA_EBA_x7,,,
26125,DPM_BAS_CPS_CPZ_MCG_MCY_MCP_PUR_APL,20,EBA_MCY,true,EBA_MC_EBA_x283,,,
26126,DPM_BAS_CPS_CPZ_MCG_MCY_MCP_PUR_APL,20,EBA_MCP,true,EBA_MC_EBA_x52,,,
26127,DPM_BAS_CPS_CPZ_MCG_MCY_MCP_PUR_APL,20,EBA_APL,true,EBA_PL_EBA_x0,,,
26128,DPM_BAS_CPS_CPZ_MCG_MCY_MCP_PUR_APL,20,EBA_CPS,true,EBA_CT_EBA_x5,,,
26129,DPM_BAS_CPS_CPZ_MCG_MCY_MCP_PUR_APL,20,EBA_CPZ,true,EBA_CT_EBA_x0,,,
26130,DPM_BAS_CPS_CPZ_MCG_MCY_MCP_PUR_APL,20,EBA_MCG,true,EBA_MC_EBA_x0,,,
26131,DPM_BAS_CPS_CPZ_MCG_MCY_MCP_PUR_APL,20,EBA_PUR,true,EBA_PU_EBA_x0,,,
26132,DPM_BAS_CPS_CPZ_MCG_MCY_MCP_PUR_APL,21,EBA_BAS,true,EBA_BA_EBA_x7,,,
26133,DPM_BAS_CPS_CPZ_MCG_MCY_MCP_PUR_APL,21,EBA_MCY,true,EBA_MC_EBA_x283,,,
26134,DPM_BAS_CPS_CPZ_MCG_MCY_MCP_PUR_APL,21,EBA_MCP,true,EBA_MC_EBA_x251,,,
26135,DPM_BAS_CPS_CPZ_MCG_MCY_MCP_PUR_APL,21,EBA_APL,true,EBA_PL_EBA_x0,,,
26136,DPM_BAS_CPS_CPZ_MCG_MCY_MCP_PUR_APL,21,EBA_CPS,true,EBA_CT_EBA_x0,,,
26137,DPM_BAS_CPS_CPZ_MCG_MCY_MCP_PUR_APL,21,EBA_CPZ,true,EBA_CT_EBA_x0,,,
26138,DPM_BAS_CPS_CPZ_MCG_MCY_MCP_PUR_APL,21,EBA_MCG,true,EBA_MC_EBA_x0,,,
26139,DPM_BAS_CPS_CPZ_MCG_MCY_MCP_PUR_APL,21,EBA_PUR,true,EBA_PU_EBA_x0,,,
26140,DPM_BAS_CPS_CPZ_MCG_MCY_MCP_PUR_APL,22,EBA_BAS,true,EBA_BA_EBA_x6,,,
26141,DPM_BAS_CPS_CPZ_MCG_MCY_MCP_PUR_APL,22,EBA_MCY,true,EBA_MC_EBA_x60,,,
26142,DPM_BAS_CPS_CPZ_MCG_MCY_MCP_PUR_APL,22,EBA_MCP,true,EBA_MC_EBA_x0,,,
26143,DPM_BAS_CPS_CPZ_MCG_MCY_MCP_PUR_APL,22,EBA_APL,true,EBA_PL_EBA_x687,,,
26144,DPM_BAS_CPS_CPZ_MCG_MCY_MCP_PUR_APL,22,EBA_CPS,true,EBA_CT_EBA_x0,,,
26145,DPM_BAS_CPS_CPZ_MCG_MCY_MCP_PUR_APL,22,EBA_CPZ,true,EBA_CT_EBA_x0,,,
26146,DPM_BAS_CPS_CPZ_MCG_MCY_MCP_PUR_APL,22,EBA_MCG,true,EBA_MC_EBA_x0,,,
26147,DPM_BAS_CPS_CPZ_MCG_MCY_MCP_PUR_APL,22,EBA_PUR,true,EBA_PU_EBA_x0,,,
26148,DPM_BAS_CPS_CPZ_MCG_MCY_MCP_PUR_APL,23,EBA_BAS,true,EBA_BA_EBA_x6,,,
26149,DPM_BAS_CPS_CPZ_MCG_MCY_MCP_PUR_APL,23,EBA_MCY,true,EBA_MC_EBA_x60,,,
26150,DPM_BAS_CPS_CPZ_MCG_MCY_MCP_PUR_APL,23,EBA_MCP,true,EBA_MC_EBA_x0,,,
26151,DPM_BAS_CPS_CPZ_MCG_MCY_MCP_PUR_APL,23,EBA_APL,true,EBA_PL_EBA_x687,,,
26152,DPM_BAS_CPS_CPZ_MCG_MCY_MCP_PUR_APL,23,EBA_CPS,true,EBA_CT_EBA_x10,,,
26153,DPM_BAS_CPS_CPZ_MCG_MCY_MCP_PUR_APL,23,EBA_CPZ,true,EBA_CT_EBA_x0,,,
26154,DPM_BAS_CPS_CPZ_MCG_MCY_MCP_PUR_APL,23,EBA_MCG,true,EBA_MC_EBA_x0,,,
26155,DPM_BAS_CPS_CPZ_MCG_MCY_MCP_PUR_APL,23,EBA_PUR,true,EBA_PU_EBA_x0,,,
26156,DPM_BAS_CPS_CPZ_MCG_MCY_MCP_PUR_APL,24,EBA_BAS,true,EBA_BA_EBA_x6,,,
26157,DPM_BAS_CPS_CPZ_MCG_MCY_MCP_PUR_APL,24,EBA_MCY,true,EBA_MC_EBA_x60,,,
26158,DPM_BAS_CPS_CPZ_MCG_MCY_MCP_PUR_APL,24,EBA_MCP,true,EBA_MC_EBA_x0,,,
26159,DPM_BAS_CPS_CPZ_MCG_MCY_MCP_PUR_APL,24,EBA_APL,true,EBA_PL_EBA_x687,,,
26160,DPM_BAS_CPS_CPZ_MCG_MCY_MCP_PUR_APL,24,EBA_CPS,true,EBA_CT_EBA_x1,,,
26161,DPM_BAS_CPS_CPZ_MCG_MCY_MCP_PUR_APL,24,EBA_CPZ,true,EBA_CT_EBA_x0,,,
26162,DPM_BAS_CPS_CPZ_MCG_MCY_MCP_PUR_APL,24,EBA_MCG,true,EBA_MC_EBA_x0,,,
26163,DPM_BAS_CPS_CPZ_MCG_MCY_MCP_PUR_APL,24,EBA_PUR,true,EBA_PU_EBA_x0,,,
26164,DPM_BAS_CPS_CPZ_MCG_MCY_MCP_PUR_APL,25,EBA_BAS,true,EBA_BA_EBA_x6,,,
26165,DPM_BAS_CPS_CPZ_MCG_MCY_MCP_PUR_APL,25,EBA_MCY,true,EBA_MC_EBA_x60,,,
26166,DPM_BAS_CPS_CPZ_MCG_MCY_MCP_PUR_APL,25,EBA_MCP,true,EBA_MC_EBA_x0,,,
26167,DPM_BAS_CPS_CPZ_MCG_MCY_MCP_PUR_APL,25,EBA_APL,true,EBA_PL_EBA_x687,,,
26168,DPM_BAS_CPS_CPZ_MCG_MCY_MCP_PUR_APL,25,EBA_CPS,true,EBA_CT_EBA_x12,,,
26169,DPM_BAS_CPS_CPZ_MCG_MCY_MCP_PUR_APL,25,EBA_CPZ,true,EBA_CT_EBA_x0,,,
26170,DPM_BAS_CPS_CPZ_MCG_MCY_MCP_PUR_APL,25,EBA_MCG,true,EBA_MC_EBA_x0,,,
26171,DPM_BAS_CPS_CPZ_MCG_MCY_MCP_PUR_APL,25,EBA_PUR,true,EBA_PU_EBA_x0,,,
26172,DPM_BAS_CPS_CPZ_MCG_MCY_MCP_PUR_APL,26,EBA_BAS,true,EBA_BA_EBA_x6,,,
26173,DPM_BAS_CPS_CPZ_MCG_MCY_MCP_PUR_APL,26,EBA_MCY,true,EBA_MC_EBA_x60,,,
26174,DPM_BAS_CPS_CPZ_MCG_MCY_MCP_PUR_APL,26,EBA_MCP,true,EBA_MC_EBA_x0,,,
26175,DPM_BAS_CPS_CPZ_MCG_MCY_MCP_PUR_APL,26,EBA_APL,true,EBA_PL_EBA_x687,,,
26176,DPM_BAS_CPS_CPZ_MCG_MCY_MCP_PUR_APL,26,EBA_CPS,true,EBA_CT_EBA_x18,,,
26177,DPM_BAS_CPS_CPZ_MCG_MCY_MCP_PUR_APL,26,EBA_CPZ,true,EBA_CT_EBA_x0,,,
26178,DPM_BAS_CPS_CPZ_MCG_MCY_MCP_PUR_APL,26,EBA_MCG,true,EBA_MC_EBA_x0,,,
26179,DPM_BAS_CPS_CPZ_MCG_MCY_MCP_PUR_APL,26,EBA_PUR,true,EBA_PU_EBA_x0,,,
26180,DPM_BAS_CPS_CPZ_MCG_MCY_MCP_PUR_APL,27,EBA_BAS,true,EBA_BA_EBA_x6,,,
26181,DPM_BAS_CPS_CPZ_MCG_MCY_MCP_PUR_APL,27,EBA_MCY,true,EBA_MC_EBA_x60,,,
26182,DPM_BAS_CPS_CPZ_MCG_MCY_MCP_PUR_APL,27,EBA_MCP,true,EBA_MC_EBA_x0,,,
26183,DPM_BAS_CPS_CPZ_MCG_MCY_MCP_PUR_APL,27,EBA_APL,true,EBA_PL_EBA_x687,,,
26184,DPM_BAS_CPS_CPZ_MCG_MCY_MCP_PUR_APL,27,EBA_CPS,true,EBA_CT_EBA_x20,,,
26185,DPM_BAS_CPS_CPZ_MCG_MCY_MCP_PUR_APL,27,EBA_CPZ,true,EBA_CT_EBA_x0,,,
26186,DPM_BAS_CPS_CPZ_MCG_MCY_MCP_PUR_APL,27,EBA_MCG,true,EBA_MC_EBA_x0,,,
26187,DPM_BAS_CPS_CPZ_MCG_MCY_MCP_PUR_APL,27,EBA_PUR,true,EBA_PU_EBA_x0,,,
26188,DPM_BAS_CPS_CPZ_MCG_MCY_MCP_PUR_APL,28,EBA_BAS,true,EBA_BA_EBA_x6,,,
26189,DPM_BAS_CPS_CPZ_MCG_MCY_MCP_PUR_APL,28,EBA_MCY,true,EBA_MC_EBA_x60,,,
26190,DPM_BAS_CPS_CPZ_MCG_MCY_MCP_PUR_APL,28,EBA_MCP,true,EBA_MC_EBA_x0,,,
26191,DPM_BAS_CPS_CPZ_MCG_MCY_MCP_PUR_APL,28,EBA_APL,true,EBA_PL_EBA_x688,,,
26192,DPM_BAS_CPS_CPZ_MCG_MCY_MCP_PUR_APL,28,EBA_CPS,true,EBA_CT_EBA_x0,,,
26193,DPM_BAS_CPS_CPZ_MCG_MCY_MCP_PUR_APL,28,EBA_CPZ,true,EBA_CT_EBA_x0,,,
26194,DPM_BAS_CPS_CPZ_MCG_MCY_MCP_PUR_APL,28,EBA_MCG,true,EBA_MC_EBA_x0,,,
26195,DPM_BAS_CPS_CPZ_MCG_MCY_MCP_PUR_APL,28,EBA_PUR,true,EBA_PU_EBA_x0,,,
26196,DPM_BAS_CPS_CPZ_MCG_MCY_MCP_PUR_APL,29,EBA_BAS,true,EBA_BA_EBA_x6,,,
26197,DPM_BAS_CPS_CPZ_MCG_MCY_MCP_PUR_APL,29,EBA_MCY,true,EBA_MC_EBA_x60,,,
26198,DPM_BAS_CPS_CPZ_MCG_MCY_MCP_PUR_APL,29,EBA_MCP,true,EBA_MC_EBA_x0,,,
26199,DPM_BAS_CPS_CPZ_MCG_MCY_MCP_PUR_APL,29,EBA_APL,true,EBA_PL_EBA_x688,,,
26200,DPM_BAS_CPS_CPZ_MCG_MCY_MCP_PUR_APL,29,EBA_CPS,true,EBA_CT_EBA_x10,,,
26201,DPM_BAS_CPS_CPZ_MCG_MCY_MCP_PUR_APL,29,EBA_CPZ,true,EBA_CT_EBA_x0,,,
26202,DPM_BAS_CPS_CPZ_MCG_MCY_MCP_PUR_APL,29,EBA_MCG,true,EBA_MC_EBA_x0,,,
26203,DPM_BAS_CPS_CPZ_MCG_MCY_MCP_PUR_APL,29,EBA_PUR,true,EBA_PU_EBA_x0,,,
26204,DPM_BAS_CPS_CPZ_MCG_MCY_MCP_PUR_APL,30,EBA_BAS,true,EBA_BA_EBA_x6,,,
26205,DPM_BAS_CPS_CPZ_MCG_MCY_MCP_PUR_APL,30,EBA_MCY,true,EBA_MC_EBA_x60,,,
26206,DPM_BAS_CPS_CPZ_MCG_MCY_MCP_PUR_APL,30,EBA_MCP,true,EBA_MC_EBA_x0,,,
26207,DPM_BAS_CPS_CPZ_MCG_MCY_MCP_PUR_APL,30,EBA_APL,true,EBA_PL_EBA_x688,,,
26208,DPM_BAS_CPS_CPZ_MCG_MCY_MCP_PUR_APL,30,EBA_CPS,true,EBA_CT_EBA_x1,,,
26209,DPM_BAS_CPS_CPZ_MCG_MCY_MCP_PUR_APL,30,EBA_CPZ,true,EBA_CT_EBA_x0,,,
26210,DPM_BAS_CPS_CPZ_MCG_MCY_MCP_PUR_APL,30,EBA_MCG,true,EBA_MC_EBA_x0,,,
26211,DPM_BAS_CPS_CPZ_MCG_MCY_MCP_PUR_APL,30,EBA_PUR,true,EBA_PU_EBA_x0,,,
26212,DPM_BAS_CPS_CPZ_MCG_MCY_MCP_PUR_APL,31,EBA_BAS,true,EBA_BA_EBA_x6,,,
26213,DPM_BAS_CPS_CPZ_MCG_MCY_MCP_PUR_APL,31,EBA_MCY,true,EBA_MC_EBA_x60,,,
26214,DPM_BAS_CPS_CPZ_MCG_MCY_MCP_PUR_APL,31,EBA_MCP,true,EBA_MC_EBA_x0,,,
26215,DPM_BAS_CPS_CPZ_MCG_MCY_MCP_PUR_APL,31,EBA_APL,true,EBA_PL_EBA_x688,,,
26216,DPM_BAS_CPS_CPZ_MCG_MCY_MCP_PUR_APL,31,EBA_CPS,true,EBA_CT_EBA_x12,,,
26217,DPM_BAS_CPS_CPZ_MCG_MCY_MCP_PUR_APL,31,EBA_CPZ,true,EBA_CT_EBA_x0,,,
26218,DPM_BAS_CPS_CPZ_MCG_MCY_MCP_PUR_APL,31,EBA_MCG,true,EBA_MC_EBA_x0,,,
26219,DPM_BAS_CPS_CPZ_MCG_MCY_MCP_PUR_APL,31,EBA_PUR,true,EBA_PU_EBA_x0,,,
26220,DPM_BAS_CPS_CPZ_MCG_MCY_MCP_PUR_APL,32,EBA_BAS,true,EBA_BA_EBA_x6,,,
26221,DPM_BAS_CPS_CPZ_MCG_MCY_MCP_PUR_APL,32,EBA_MCY,true,EBA_MC_EBA_x60,,,
26222,DPM_BAS_CPS_CPZ_MCG_MCY_MCP_PUR_APL,32,EBA_MCP,true,EBA_MC_EBA_x0,,,
26223,DPM_BAS_CPS_CPZ_MCG_MCY_MCP_PUR_APL,32,EBA_APL,true,EBA_PL_EBA_x688,,,
26224,DPM_BAS_CPS_CPZ_MCG_MCY_MCP_PUR_APL,32,EBA_CPS,true,EBA_CT_EBA_x18,,,
26225,DPM_BAS_CPS_CPZ_MCG_MCY_MCP_PUR_APL,32,EBA_CPZ,true,EBA_CT_EBA_x0,,,
26226,DPM_BAS_CPS_CPZ_MCG_MCY_MCP_PUR_APL,32,EBA_MCG,true,EBA_MC_EBA_x0,,,
26227,DPM_BAS_CPS_CPZ_MCG_MCY_MCP_PUR_APL,32,EBA_PUR,true,EBA_PU_EBA_x0,,,
26228,DPM_BAS_CPS_CPZ_MCG_MCY_MCP_PUR_APL,33,EBA_BAS,true,EBA_BA_EBA_x6,,,
26229,DPM_BAS_CPS_CPZ_MCG_MCY_MCP_PUR_APL,33,EBA_MCY,true,EBA_MC_EBA_x60,,,
26230,DPM_BAS_CPS_CPZ_MCG_MCY_MCP_PUR_APL,33,EBA_MCP,true,EBA_MC_EBA_x0,,,
26231,DPM_BAS_CPS_CPZ_MCG_MCY_MCP_PUR_APL,33,EBA_APL,true,EBA_PL_EBA_x688,,,
26232,DPM_BAS_CPS_CPZ_MCG_MCY_MCP_PUR_APL,33,EBA_CPS,true,EBA_CT_EBA_x20,,,
26233,DPM_BAS_CPS_CPZ_MCG_MCY_MCP_PUR_APL,33,EBA_CPZ,true,EBA_CT_EBA_x0,,,
26234,DPM_BAS_CPS_CPZ_MCG_MCY_MCP_PUR_APL,33,EBA_MCG,true,EBA_MC_EBA_x0,,,
26235,DPM_BAS_CPS_CPZ_MCG_MCY_MCP_PUR_APL,33,EBA_PUR,true,EBA_PU_EBA_x0,,,
26236,DPM_BAS_CPS_CPZ_MCG_MCY_MCP_PUR_APL,34,EBA_BAS,true,EBA_BA_EBA_x6,,,
26237,DPM_BAS_CPS_CPZ_MCG_MCY_MCP_PUR_APL,34,EBA_MCY,true,EBA_MC_EBA_x60,,,
26238,DPM_BAS_CPS_CPZ_MCG_MCY_MCP_PUR_APL,34,EBA_MCP,true,EBA_MC_EBA_x0,,,
26239,DPM_BAS_CPS_CPZ_MCG_MCY_MCP_PUR_APL,34,EBA_APL,true,EBA_PL_EBA_x686,,,
26240,DPM_BAS_CPS_CPZ_MCG_MCY_MCP_PUR_APL,34,EBA_CPS,true,EBA_CT_EBA_x0,,,
26241,DPM_BAS_CPS_CPZ_MCG_MCY_MCP_PUR_APL,34,EBA_CPZ,true,EBA_CT_EBA_x0,,,
26242,DPM_BAS_CPS_CPZ_MCG_MCY_MCP_PUR_APL,34,EBA_MCG,true,EBA_MC_EBA_x0,,,
26243,DPM_BAS_CPS_CPZ_MCG_MCY_MCP_PUR_APL,34,EBA_PUR,true,EBA_PU_EBA_x0,,,
26244,DPM_BAS_CPS_CPZ_MCG_MCY_MCP_PUR_APL,35,EBA_BAS,true,EBA_BA_EBA_x6,,,
26245,DPM_BAS_CPS_CPZ_MCG_MCY_MCP_PUR_APL,35,EBA_MCY,true,EBA_MC_EBA_x60,,,
26246,DPM_BAS_CPS_CPZ_MCG_MCY_MCP_PUR_APL,35,EBA_MCP,true,EBA_MC_EBA_x0,,,
26247,DPM_BAS_CPS_CPZ_MCG_MCY_MCP_PUR_APL,35,EBA_APL,true,EBA_PL_EBA_x686,,,
26248,DPM_BAS_CPS_CPZ_MCG_MCY_MCP_PUR_APL,35,EBA_CPS,true,EBA_CT_EBA_x10,,,
26249,DPM_BAS_CPS_CPZ_MCG_MCY_MCP_PUR_APL,35,EBA_CPZ,true,EBA_CT_EBA_x0,,,
26250,DPM_BAS_CPS_CPZ_MCG_MCY_MCP_PUR_APL,35,EBA_MCG,true,EBA_MC_EBA_x0,,,
26251,DPM_BAS_CPS_CPZ_MCG_MCY_MCP_PUR_APL,35,EBA_PUR,true,EBA_PU_EBA_x0,,,
26252,DPM_BAS_CPS_CPZ_MCG_MCY_MCP_PUR_APL,36,EBA_BAS,true,EBA_BA_EBA_x6,,,
26253,DPM_BAS_CPS_CPZ_MCG_MCY_MCP_PUR_APL,36,EBA_MCY,true,EBA_MC_EBA_x60,,,
26254,DPM_BAS_CPS_CPZ_MCG_MCY_MCP_PUR_APL,36,EBA_MCP,true,EBA_MC_EBA_x0,,,
26255,DPM_BAS_CPS_CPZ_MCG_MCY_MCP_PUR_APL,36,EBA_APL,true,EBA_PL_EBA_x686,,,
26256,DPM_BAS_CPS_CPZ_MCG_MCY_MCP_PUR_APL,36,EBA_CPS,true,EBA_CT_EBA_x1,,,
26257,DPM_BAS_CPS_CPZ_MCG_MCY_MCP_PUR_APL,36,EBA_CPZ,true,EBA_CT_EBA_x0,,,
26258,DPM_BAS_CPS_CPZ_MCG_MCY_MCP_PUR_APL,36,EBA_MCG,true,EBA_MC_EBA_x0,,,
26259,DPM_BAS_CPS_CPZ_MCG_MCY_MCP_PUR_APL,36,EBA_PUR,true,EBA_PU_EBA_x0,,,
26260,DPM_BAS_CPS_CPZ_MCG_MCY_MCP_PUR_APL,37,EBA_BAS,true,EBA_BA_EBA_x6,,,
26261,DPM_BAS_CPS_CPZ_MCG_MCY_MCP_PUR_APL,37,EBA_MCY,true,EBA_MC_EBA_x60,,,
26262,DPM_BAS_CPS_CPZ_MCG_MCY_MCP_PUR_APL,37,EBA_MCP,true,EBA_MC_EBA_x0,,,
26263,DPM_BAS_CPS_CPZ_MCG_MCY_MCP_PUR_APL,37,EBA_APL,true,EBA_PL_EBA_x686,,,
26264,DPM_BAS_CPS_CPZ_MCG_MCY_MCP_PUR_APL,37,EBA_CPS,true,EBA_CT_EBA_x12,,,
26265,DPM_BAS_CPS_CPZ_MCG_MCY_MCP_PUR_APL,37,EBA_CPZ,true,EBA_CT_EBA_x0,,,
26266,DPM_BAS_CPS_CPZ_MCG_MCY_MCP_PUR_APL,37,EBA_MCG,true,EBA_MC_EBA_x0,,,
26267,DPM_BAS_CPS_CPZ_MCG_MCY_MCP_PUR_APL,37,EBA_PUR,true,EBA_PU_EBA_x0,,,
26268,DPM_BAS_CPS_CPZ_MCG_MCY_MCP_PUR_APL,38,EBA_BAS,true,EBA_BA_EBA_x6,,,
26269,DPM_BAS_CPS_CPZ_MCG_MCY_MCP_PUR_APL,38,EBA_MCY,true,EBA_MC_EBA_x60,,,
26270,DPM_BAS_CPS_CPZ_MCG_MCY_MCP_PUR_APL,38,EBA_MCP,true,EBA_MC_EBA_x0,,,
26271,DPM_BAS_CPS_CPZ_MCG_MCY_MCP_PUR_APL,38,EBA_APL,true,EBA_PL_EBA_x686,,,
26272,DPM_BAS_CPS_CPZ_MCG_MCY_MCP_PUR_APL,38,EBA_CPS,true,EBA_CT_EBA_x18,,,
26273,DPM_BAS_CPS_CPZ_MCG_MCY_MCP_PUR_APL,38,EBA_CPZ,true,EBA_CT_EBA_x0,,,
26274,DPM_BAS_CPS_CPZ_MCG_MCY_MCP_PUR_APL,38,EBA_MCG,true,EBA_MC_EBA_x0,,,
26275,DPM_BAS_CPS_CPZ_MCG_MCY_MCP_PUR_APL,38,EBA_PUR,true,EBA_PU_EBA_x0,,,
26276,DPM_BAS_CPS_CPZ_MCG_MCY_MCP_PUR_APL,39,EBA_BAS,true,EBA_BA_EBA_x6,,,
26277,DPM_BAS_CPS_CPZ_MCG_MCY_MCP_PUR_APL,39,EBA_MCY,true,EBA_MC_EBA_x60,,,
26278,DPM_BAS_CPS_CPZ_MCG_MCY_MCP_PUR_APL,39,EBA_MCP,true,EBA_MC_EBA_x0,,,
26279,DPM_BAS_CPS_CPZ_MCG_MCY_MCP_PUR_APL,39,EBA_APL,true,EBA_PL_EBA_x686,,,
26280,DPM_BAS_CPS_CPZ_MCG_MCY_MCP_PUR_APL,39,EBA_CPS,true,EBA_CT_EBA_x20,,,
26281,DPM_BAS_CPS_CPZ_MCG_MCY_MCP_PUR_APL,39,EBA_CPZ,true,EBA_CT_EBA_x0,,,
26282,DPM_BAS_CPS_CPZ_MCG_MCY_MCP_PUR_APL,39,EBA_MCG,true,EBA_MC_EBA_x0,,,
26283,DPM_BAS_CPS_CPZ_MCG_MCY_MCP_PUR_APL,39,EBA_PUR,true,EBA_PU_EBA_x0,,,
26284,DPM_BAS_CPS_CPZ_MCG_MCY_MCP_PUR_APL,40,EBA_BAS,true,EBA_BA_EBA_x6,,,
26285,DPM_BAS_CPS_CPZ_MCG_MCY_MCP_PUR_APL,40,EBA_MCY,true,EBA_MC_EBA_x223,,,
26286,DPM_BAS_CPS_CPZ_MCG_MCY_MCP_PUR_APL,40,EBA_MCP,true,EBA_MC_EBA_x0,,,
26287,DPM_BAS_CPS_CPZ_MCG_MCY_MCP_PUR_APL,40,EBA_APL,true,EBA_PL_EBA_x13,,,
26288,DPM_BAS_CPS_CPZ_MCG_MCY_MCP_PUR_APL,40,EBA_CPS,true,EBA_CT_EBA_x0,,,
26289,DPM_BAS_CPS_CPZ_MCG_MCY_MCP_PUR_APL,40,EBA_CPZ,true,EBA_CT_EBA_x0,,,
26290,DPM_BAS_CPS_CPZ_MCG_MCY_MCP_PUR_APL,40,EBA_MCG,true,EBA_MC_EBA_x0,,,
26291,DPM_BAS_CPS_CPZ_MCG_MCY_MCP_PUR_APL,40,EBA_PUR,true,EBA_PU_EBA_x0,,,
26292,DPM_BAS_CPS_CPZ_MCG_MCY_MCP_PUR_APL,41,EBA_BAS,true,EBA_BA_EBA_x6,,,
26293,DPM_BAS_CPS_CPZ_MCG_MCY_MCP_PUR_APL,41,EBA_MCY,true,EBA_MC_EBA_x223,,,
26294,DPM_BAS_CPS_CPZ_MCG_MCY_MCP_PUR_APL,41,EBA_MCP,true,EBA_MC_EBA_x0,,,
26295,DPM_BAS_CPS_CPZ_MCG_MCY_MCP_PUR_APL,41,EBA_APL,true,EBA_PL_EBA_x687,,,
26296,DPM_BAS_CPS_CPZ_MCG_MCY_MCP_PUR_APL,41,EBA_CPS,true,EBA_CT_EBA_x0,,,
26297,DPM_BAS_CPS_CPZ_MCG_MCY_MCP_PUR_APL,41,EBA_CPZ,true,EBA_CT_EBA_x0,,,
26298,DPM_BAS_CPS_CPZ_MCG_MCY_MCP_PUR_APL,41,EBA_MCG,true,EBA_MC_EBA_x0,,,
26299,DPM_BAS_CPS_CPZ_MCG_MCY_MCP_PUR_APL,41,EBA_PUR,true,EBA_PU_EBA_x0,,,
26300,DPM_BAS_CPS_CPZ_MCG_MCY_MCP_PUR_APL,42,EBA_BAS,true,EBA_BA_EBA_x6,,,
26301,DPM_BAS_CPS_CPZ_MCG_MCY_MCP_PUR_APL,42,EBA_MCY,true,EBA_MC_EBA_x223,,,
26302,DPM_BAS_CPS_CPZ_MCG_MCY_MCP_PUR_APL,42,EBA_MCP,true,EBA_MC_EBA_x0,,,
26303,DPM_BAS_CPS_CPZ_MCG_MCY_MCP_PUR_APL,42,EBA_APL,true,EBA_PL_EBA_x688,,,
26304,DPM_BAS_CPS_CPZ_MCG_MCY_MCP_PUR_APL,42,EBA_CPS,true,EBA_CT_EBA_x0,,,
26305,DPM_BAS_CPS_CPZ_MCG_MCY_MCP_PUR_APL,42,EBA_CPZ,true,EBA_CT_EBA_x0,,,
26306,DPM_BAS_CPS_CPZ_MCG_MCY_MCP_PUR_APL,42,EBA_MCG,true,EBA_MC_EBA_x0,,,
26307,DPM_BAS_CPS_CPZ_MCG_MCY_MCP_PUR_APL,42,EBA_PUR,true,EBA_PU_EBA_x0,,,
26308,DPM_BAS_CPS_CPZ_MCG_MCY_MCP_PUR_APL,43,EBA_BAS,true,EBA_BA_EBA_x6,,,
26309,DPM_BAS_CPS_CPZ_MCG_MCY_MCP_PUR_APL,43,EBA_MCY,true,EBA_MC_EBA_x223,,,
26310,DPM_BAS_CPS_CPZ_MCG_MCY_MCP_PUR_APL,43,EBA_MCP,true,EBA_MC_EBA_x0,,,
26311,DPM_BAS_CPS_CPZ_MCG_MCY_MCP_PUR_APL,43,EBA_APL,true,EBA_PL_EBA_x686,,,
26312,DPM_BAS_CPS_CPZ_MCG_MCY_MCP_PUR_APL,43,EBA_CPS,true,EBA_CT_EBA_x0,,,
26313,DPM_BAS_CPS_CPZ_MCG_MCY_MCP_PUR_APL,43,EBA_CPZ,true,EBA_CT_EBA_x0,,,
26314,DPM_BAS_CPS_CPZ_MCG_MCY_MCP_PUR_APL,43,EBA_MCG,true,EBA_MC_EBA_x0,,,
26315,DPM_BAS_CPS_CPZ_MCG_MCY_MCP_PUR_APL,43,EBA_PUR,true,EBA_PU_EBA_x0,,,
26316,DPM_BAS_CPS_CPZ_MCG_MCY_MCP_PUR_APL,44,EBA_BAS,true,EBA_BA_EBA_x6,,,
26317,DPM_BAS_CPS_CPZ_MCG_MCY_MCP_PUR_APL,44,EBA_MCY,true,EBA_MC_EBA_x223,,,
26318,DPM_BAS_CPS_CPZ_MCG_MCY_MCP_PUR_APL,44,EBA_MCP,true,EBA_MC_EBA_x0,,,
26319,DPM_BAS_CPS_CPZ_MCG_MCY_MCP_PUR_APL,44,EBA_APL,true,EBA_PL_EBA_x77,,,
26320,DPM_BAS_CPS_CPZ_MCG_MCY_MCP_PUR_APL,44,EBA_CPS,true,EBA_CT_EBA_x0,,,
26321,DPM_BAS_CPS_CPZ_MCG_MCY_MCP_PUR_APL,44,EBA_CPZ,true,EBA_CT_EBA_x0,,,
26322,DPM_BAS_CPS_CPZ_MCG_MCY_MCP_PUR_APL,44,EBA_MCG,true,EBA_MC_EBA_x0,,,
26323,DPM_BAS_CPS_CPZ_MCG_MCY_MCP_PUR_APL,44,EBA_PUR,true,EBA_PU_EBA_x0,,,
26324,DPM_BAS_CPS_CPZ_MCG_MCY_MCP_PUR_APL,45,EBA_BAS,true,EBA_BA_EBA_x6,,,
26325,DPM_BAS_CPS_CPZ_MCG_MCY_MCP_PUR_APL,45,EBA_MCY,true,EBA_MC_EBA_x469,,,
26326,DPM_BAS_CPS_CPZ_MCG_MCY_MCP_PUR_APL,45,EBA_MCP,true,EBA_MC_EBA_x0,,,
26327,DPM_BAS_CPS_CPZ_MCG_MCY_MCP_PUR_APL,45,EBA_APL,true,EBA_PL_EBA_x687,,,
26328,DPM_BAS_CPS_CPZ_MCG_MCY_MCP_PUR_APL,45,EBA_CPS,true,EBA_CT_EBA_x0,,,
26329,DPM_BAS_CPS_CPZ_MCG_MCY_MCP_PUR_APL,45,EBA_CPZ,true,EBA_CT_EBA_x0,,,
26330,DPM_BAS_CPS_CPZ_MCG_MCY_MCP_PUR_APL,45,EBA_MCG,true,EBA_MC_EBA_x0,,,
26331,DPM_BAS_CPS_CPZ_MCG_MCY_MCP_PUR_APL,45,EBA_PUR,true,EBA_PU_EBA_x0,,,
26332,DPM_BAS_CPS_CPZ_MCG_MCY_MCP_PUR_APL,46,EBA_BAS,true,EBA_BA_EBA_x6,,,
26333,DPM_BAS_CPS_CPZ_MCG_MCY_MCP_PUR_APL,46,EBA_MCY,true,EBA_MC_EBA_x469,,,
26334,DPM_BAS_CPS_CPZ_MCG_MCY_MCP_PUR_APL,46,EBA_MCP,true,EBA_MC_EBA_x0,,,
26335,DPM_BAS_CPS_CPZ_MCG_MCY_MCP_PUR_APL,46,EBA_APL,true,EBA_PL_EBA_x687,,,
26336,DPM_BAS_CPS_CPZ_MCG_MCY_MCP_PUR_APL,46,EBA_CPS,true,EBA_CT_EBA_x10,,,
26337,DPM_BAS_CPS_CPZ_MCG_MCY_MCP_PUR_APL,46,EBA_CPZ,true,EBA_CT_EBA_x0,,,
26338,DPM_BAS_CPS_CPZ_MCG_MCY_MCP_PUR_APL,46,EBA_MCG,true,EBA_MC_EBA_x0,,,
26339,DPM_BAS_CPS_CPZ_MCG_MCY_MCP_PUR_APL,46,EBA_PUR,true,EBA_PU_EBA_x0,,,
26340,DPM_BAS_CPS_CPZ_MCG_MCY_MCP_PUR_APL,47,EBA_BAS,true,EBA_BA_EBA_x6,,,
26341,DPM_BAS_CPS_CPZ_MCG_MCY_MCP_PUR_APL,47,EBA_MCY,true,EBA_MC_EBA_x469,,,
26342,DPM_BAS_CPS_CPZ_MCG_MCY_MCP_PUR_APL,47,EBA_MCP,true,EBA_MC_EBA_x0,,,
26343,DPM_BAS_CPS_CPZ_MCG_MCY_MCP_PUR_APL,47,EBA_APL,true,EBA_PL_EBA_x687,,,
26344,DPM_BAS_CPS_CPZ_MCG_MCY_MCP_PUR_APL,47,EBA_CPS,true,EBA_CT_EBA_x1,,,
26345,DPM_BAS_CPS_CPZ_MCG_MCY_MCP_PUR_APL,47,EBA_CPZ,true,EBA_CT_EBA_x0,,,
26346,DPM_BAS_CPS_CPZ_MCG_MCY_MCP_PUR_APL,47,EBA_MCG,true,EBA_MC_EBA_x0,,,
26347,DPM_BAS_CPS_CPZ_MCG_MCY_MCP_PUR_APL,47,EBA_PUR,true,EBA_PU_EBA_x0,,,
26348,DPM_BAS_CPS_CPZ_MCG_MCY_MCP_PUR_APL,48,EBA_BAS,true,EBA_BA_EBA_x6,,,
26349,DPM_BAS_CPS_CPZ_MCG_MCY_MCP_PUR_APL,48,EBA_MCY,true,EBA_MC_EBA_x469,,,
26350,DPM_BAS_CPS_CPZ_MCG_MCY_MCP_PUR_APL,48,EBA_MCP,true,EBA_MC_EBA_x0,,,
26351,DPM_BAS_CPS_CPZ_MCG_MCY_MCP_PUR_APL,48,EBA_APL,true,EBA_PL_EBA_x687,,,
26352,DPM_BAS_CPS_CPZ_MCG_MCY_MCP_PUR_APL,48,EBA_CPS,true,EBA_CT_EBA_x12,,,
26353,DPM_BAS_CPS_CPZ_MCG_MCY_MCP_PUR_APL,48,EBA_CPZ,true,EBA_CT_EBA_x0,,,
26354,DPM_BAS_CPS_CPZ_MCG_MCY_MCP_PUR_APL,48,EBA_MCG,true,EBA_MC_EBA_x0,,,
26355,DPM_BAS_CPS_CPZ_MCG_MCY_MCP_PUR_APL,48,EBA_PUR,true,EBA_PU_EBA_x0,,,
26356,DPM_BAS_CPS_CPZ_MCG_MCY_MCP_PUR_APL,49,EBA_BAS,true,EBA_BA_EBA_x6,,,
26357,DPM_BAS_CPS_CPZ_MCG_MCY_MCP_PUR_APL,49,EBA_MCY,true,EBA_MC_EBA_x469,,,
26358,DPM_BAS_CPS_CPZ_MCG_MCY_MCP_PUR_APL,49,EBA_MCP,true,EBA_MC_EBA_x0,,,
26359,DPM_BAS_CPS_CPZ_MCG_MCY_MCP_PUR_APL,49,EBA_APL,true,EBA_PL_EBA_x687,,,
26360,DPM_BAS_CPS_CPZ_MCG_MCY_MCP_PUR_APL,49,EBA_CPS,true,EBA_CT_EBA_x18,,,
26361,DPM_BAS_CPS_CPZ_MCG_MCY_MCP_PUR_APL,49,EBA_CPZ,true,EBA_CT_EBA_x0,,,
26362,DPM_BAS_CPS_CPZ_MCG_MCY_MCP_PUR_APL,49,EBA_MCG,true,EBA_MC_EBA_x0,,,
26363,DPM_BAS_CPS_CPZ_MCG_MCY_MCP_PUR_APL,49,EBA_PUR,true,EBA_PU_EBA_x0,,,
26364,DPM_BAS_CPS_CPZ_MCG_MCY_MCP_PUR_APL,50,EBA_BAS,true,EBA_BA_EBA_x6,,,
26365,DPM_BAS_CPS_CPZ_MCG_MCY_MCP_PUR_APL,50,EBA_MCY,true,EBA_MC_EBA_x469,,,
26366,DPM_BAS_CPS_CPZ_MCG_MCY_MCP_PUR_APL,50,EBA_MCP,true,EBA_MC_EBA_x0,,,
26367,DPM_BAS_CPS_CPZ_MCG_MCY_MCP_PUR_APL,50,EBA_APL,true,EBA_PL_EBA_x687,,,
26368,DPM_BAS_CPS_CPZ_MCG_MCY_MCP_PUR_APL,50,EBA_CPS,true,EBA_CT_EBA_x20,,,
26369,DPM_BAS_CPS_CPZ_MCG_MCY_MCP_PUR_APL,50,EBA_CPZ,true,EBA_CT_EBA_x0,,,
26370,DPM_BAS_CPS_CPZ_MCG_MCY_MCP_PUR_APL,50,EBA_MCG,true,EBA_MC_EBA_x0,,,
26371,DPM_BAS_CPS_CPZ_MCG_MCY_MCP_PUR_APL,50,EBA_PUR,true,EBA_PU_EBA_x0,,,
26372,DPM_BAS_CPS_CPZ_MCG_MCY_MCP_PUR_APL,51,EBA_BAS,true,EBA_BA_EBA_x6,,,
26373,DPM_BAS_CPS_CPZ_MCG_MCY_MCP_PUR_APL,51,EBA_MCY,true,EBA_MC_EBA_x469,,,
26374,DPM_BAS_CPS_CPZ_MCG_MCY_MCP_PUR_APL,51,EBA_MCP,true,EBA_MC_EBA_x0,,,
26375,DPM_BAS_CPS_CPZ_MCG_MCY_MCP_PUR_APL,51,EBA_APL,true,EBA_PL_EBA_x687,,,
26376,DPM_BAS_CPS_CPZ_MCG_MCY_MCP_PUR_APL,51,EBA_CPS,true,EBA_CT_EBA_x5,,,
26377,DPM_BAS_CPS_CPZ_MCG_MCY_MCP_PUR_APL,51,EBA_CPZ,true,EBA_CT_EBA_x0,,,
26378,DPM_BAS_CPS_CPZ_MCG_MCY_MCP_PUR_APL,51,EBA_MCG,true,EBA_MC_EBA_x0,,,
26379,DPM_BAS_CPS_CPZ_MCG_MCY_MCP_PUR_APL,51,EBA_PUR,true,EBA_PU_EBA_x0,,,
26380,DPM_BAS_CPS_CPZ_MCG_MCY_MCP_PUR_APL,52,EBA_BAS,true,EBA_BA_EBA_x6,,,
26381,DPM_BAS_CPS_CPZ_MCG_MCY_MCP_PUR_APL,52,EBA_MCY,true,EBA_MC_EBA_x469,,,
26382,DPM_BAS_CPS_CPZ_MCG_MCY_MCP_PUR_APL,52,EBA_MCP,true,EBA_MC_EBA_x0,,,
26383,DPM_BAS_CPS_CPZ_MCG_MCY_MCP_PUR_APL,52,EBA_APL,true,EBA_PL_EBA_x688,,,
26384,DPM_BAS_CPS_CPZ_MCG_MCY_MCP_PUR_APL,52,EBA_CPS,true,EBA_CT_EBA_x0,,,
26385,DPM_BAS_CPS_CPZ_MCG_MCY_MCP_PUR_APL,52,EBA_CPZ,true,EBA_CT_EBA_x0,,,
26386,DPM_BAS_CPS_CPZ_MCG_MCY_MCP_PUR_APL,52,EBA_MCG,true,EBA_MC_EBA_x0,,,
26387,DPM_BAS_CPS_CPZ_MCG_MCY_MCP_PUR_APL,52,EBA_PUR,true,EBA_PU_EBA_x0,,,
26388,DPM_BAS_CPS_CPZ_MCG_MCY_MCP_PUR_APL,53,EBA_BAS,true,EBA_BA_EBA_x6,,,
26389,DPM_BAS_CPS_CPZ_MCG_MCY_MCP_PUR_APL,53,EBA_MCY,true,EBA_MC_EBA_x469,,,
26390,DPM_BAS_CPS_CPZ_MCG_MCY_MCP_PUR_APL,53,EBA_MCP,true,EBA_MC_EBA_x0,,,
26391,DPM_BAS_CPS_CPZ_MCG_MCY_MCP_PUR_APL,53,EBA_APL,true,EBA_PL_EBA_x688,,,
26392,DPM_BAS_CPS_CPZ_MCG_MCY_MCP_PUR_APL,53,EBA_CPS,true,EBA_CT_EBA_x10,,,
26393,DPM_BAS_CPS_CPZ_MCG_MCY_MCP_PUR_APL,53,EBA_CPZ,true,EBA_CT_EBA_x0,,,
26394,DPM_BAS_CPS_CPZ_MCG_MCY_MCP_PUR_APL,53,EBA_MCG,true,EBA_MC_EBA_x0,,,
26395,DPM_BAS_CPS_CPZ_MCG_MCY_MCP_PUR_APL,53,EBA_PUR,true,EBA_PU_EBA_x0,,,
26396,DPM_BAS_CPS_CPZ_MCG_MCY_MCP_PUR_APL,54,EBA_BAS,true,EBA_BA_EBA_x6,,,
26397,DPM_BAS_CPS_CPZ_MCG_MCY_MCP_PUR_APL,54,EBA_MCY,true,EBA_MC_EBA_x469,,,
26398,DPM_BAS_CPS_CPZ_MCG_MCY_MCP_PUR_APL,54,EBA_MCP,true,EBA_MC_EBA_x0,,,
26399,DPM_BAS_CPS_CPZ_MCG_MCY_MCP_PUR_APL,54,EBA_APL,true,EBA_PL_EBA_x688,,,
26400,DPM_BAS_CPS_CPZ_MCG_MCY_MCP_PUR_APL,54,EBA_CPS,true,EBA_CT_EBA_x1,,,
26401,DPM_BAS_CPS_CPZ_MCG_MCY_MCP_PUR_APL,54,EBA_CPZ,true,EBA_CT_EBA_x0,,,
26402,DPM_BAS_CPS_CPZ_MCG_MCY_MCP_PUR_APL,54,EBA_MCG,true,EBA_MC_EBA_x0,,,
26403,DPM_BAS_CPS_CPZ_MCG_MCY_MCP_PUR_APL,54,EBA_PUR,true,EBA_PU_EBA_x0,,,
26404,DPM_BAS_CPS_CPZ_MCG_MCY_MCP_PUR_APL,55,EBA_BAS,true,EBA_BA_EBA_x6,,,
26405,DPM_BAS_CPS_CPZ_MCG_MCY_MCP_PUR_APL,55,EBA_MCY,true,EBA_MC_EBA_x469,,,
26406,DPM_BAS_CPS_CPZ_MCG_MCY_MCP_PUR_APL,55,EBA_MCP,true,EBA_MC_EBA_x0,,,
26407,DPM_BAS_CPS_CPZ_MCG_MCY_MCP_PUR_APL,55,EBA_APL,true,EBA_PL_EBA_x688,,,
26408,DPM_BAS_CPS_CPZ_MCG_MCY_MCP_PUR_APL,55,EBA_CPS,true,EBA_CT_EBA_x12,,,
26409,DPM_BAS_CPS_CPZ_MCG_MCY_MCP_PUR_APL,55,EBA_CPZ,true,EBA_CT_EBA_x0,,,
26410,DPM_BAS_CPS_CPZ_MCG_MCY_MCP_PUR_APL,55,EBA_MCG,true,EBA_MC_EBA_x0,,,
26411,DPM_BAS_CPS_CPZ_MCG_MCY_MCP_PUR_APL,55,EBA_PUR,true,EBA_PU_EBA_x0,,,
26412,DPM_BAS_CPS_CPZ_MCG_MCY_MCP_PUR_APL,56,EBA_BAS,true,EBA_BA_EBA_x6,,,
26413,DPM_BAS_CPS_CPZ_MCG_MCY_MCP_PUR_APL,56,EBA_MCY,true,EBA_MC_EBA_x469,,,
26414,DPM_BAS_CPS_CPZ_MCG_MCY_MCP_PUR_APL,56,EBA_MCP,true,EBA_MC_EBA_x0,,,
26415,DPM_BAS_CPS_CPZ_MCG_MCY_MCP_PUR_APL,56,EBA_APL,true,EBA_PL_EBA_x688,,,
26416,DPM_BAS_CPS_CPZ_MCG_MCY_MCP_PUR_APL,56,EBA_CPS,true,EBA_CT_EBA_x18,,,
26417,DPM_BAS_CPS_CPZ_MCG_MCY_MCP_PUR_APL,56,EBA_CPZ,true,EBA_CT_EBA_x0,,,
26418,DPM_BAS_CPS_CPZ_MCG_MCY_MCP_PUR_APL,56,EBA_MCG,true,EBA_MC_EBA_x0,,,
26419,DPM_BAS_CPS_CPZ_MCG_MCY_MCP_PUR_APL,56,EBA_PUR,true,EBA_PU_EBA_x0,,,
26420,DPM_BAS_CPS_CPZ_MCG_MCY_MCP_PUR_APL,57,EBA_BAS,true,EBA_BA_EBA_x6,,,
26421,DPM_BAS_CPS_CPZ_MCG_MCY_MCP_PUR_APL,57,EBA_MCY,true,EBA_MC_EBA_x469,,,
26422,DPM_BAS_CPS_CPZ_MCG_MCY_MCP_PUR_APL,57,EBA_MCP,true,EBA_MC_EBA_x0,,,
26423,DPM_BAS_CPS_CPZ_MCG_MCY_MCP_PUR_APL,57,EBA_APL,true,EBA_PL_EBA_x688,,,
26424,DPM_BAS_CPS_CPZ_MCG_MCY_MCP_PUR_APL,57,EBA_CPS,true,EBA_CT_EBA_x20,,,
26425,DPM_BAS_CPS_CPZ_MCG_MCY_MCP_PUR_APL,57,EBA_CPZ,true,EBA_CT_EBA_x0,,,
26426,DPM_BAS_CPS_CPZ_MCG_MCY_MCP_PUR_APL,57,EBA_MCG,true,EBA_MC_EBA_x0,,,
26427,DPM_BAS_CPS_CPZ_MCG_MCY_MCP_PUR_APL,57,EBA_PUR,true,EBA_PU_EBA_x0,,,
26428,DPM_BAS_CPS_CPZ_MCG_MCY_MCP_PUR_APL,58,EBA_BAS,true,EBA_BA_EBA_x6,,,
26429,DPM_BAS_CPS_CPZ_MCG_MCY_MCP_PUR_APL,58,EBA_MCY,true,EBA_MC_EBA_x469,,,
26430,DPM_BAS_CPS_CPZ_MCG_MCY_MCP_PUR_APL,58,EBA_MCP,true,EBA_MC_EBA_x0,,,
26431,DPM_BAS_CPS_CPZ_MCG_MCY_MCP_PUR_APL,58,EBA_APL,true,EBA_PL_EBA_x688,,,
26432,DPM_BAS_CPS_CPZ_MCG_MCY_MCP_PUR_APL,58,EBA_CPS,true,EBA_CT_EBA_x5,,,
26433,DPM_BAS_CPS_CPZ_MCG_MCY_MCP_PUR_APL,58,EBA_CPZ,true,EBA_CT_EBA_x0,,,
26434,DPM_BAS_CPS_CPZ_MCG_MCY_MCP_PUR_APL,58,EBA_MCG,true,EBA_MC_EBA_x0,,,
26435,DPM_BAS_CPS_CPZ_MCG_MCY_MCP_PUR_APL,58,EBA_PUR,true,EBA_PU_EBA_x0,,,
26436,DPM_BAS_CPS_CPZ_MCG_MCY_MCP_PUR_APL,59,EBA_BAS,true,EBA_BA_EBA_x6,,,
26437,DPM_BAS_CPS_CPZ_MCG_MCY_MCP_PUR_APL,59,EBA_MCY,true,EBA_MC_EBA_x469,,,
26438,DPM_BAS_CPS_CPZ_MCG_MCY_MCP_PUR_APL,59,EBA_MCP,true,EBA_MC_EBA_x0,,,
26439,DPM_BAS_CPS_CPZ_MCG_MCY_MCP_PUR_APL,59,EBA_APL,true,EBA_PL_EBA_x686,,,
26440,DPM_BAS_CPS_CPZ_MCG_MCY_MCP_PUR_APL,59,EBA_CPS,true,EBA_CT_EBA_x0,,,
26441,DPM_BAS_CPS_CPZ_MCG_MCY_MCP_PUR_APL,59,EBA_CPZ,true,EBA_CT_EBA_x0,,,
26442,DPM_BAS_CPS_CPZ_MCG_MCY_MCP_PUR_APL,59,EBA_MCG,true,EBA_MC_EBA_x0,,,
26443,DPM_BAS_CPS_CPZ_MCG_MCY_MCP_PUR_APL,59,EBA_PUR,true,EBA_PU_EBA_x0,,,
26444,DPM_BAS_CPS_CPZ_MCG_MCY_MCP_PUR_APL,60,EBA_BAS,true,EBA_BA_EBA_x6,,,
26445,DPM_BAS_CPS_CPZ_MCG_MCY_MCP_PUR_APL,60,EBA_MCY,true,EBA_MC_EBA_x469,,,
26446,DPM_BAS_CPS_CPZ_MCG_MCY_MCP_PUR_APL,60,EBA_MCP,true,EBA_MC_EBA_x0,,,
26447,DPM_BAS_CPS_CPZ_MCG_MCY_MCP_PUR_APL,60,EBA_APL,true,EBA_PL_EBA_x686,,,
26448,DPM_BAS_CPS_CPZ_MCG_MCY_MCP_PUR_APL,60,EBA_CPS,true,EBA_CT_EBA_x10,,,
26449,DPM_BAS_CPS_CPZ_MCG_MCY_MCP_PUR_APL,60,EBA_CPZ,true,EBA_CT_EBA_x0,,,
26450,DPM_BAS_CPS_CPZ_MCG_MCY_MCP_PUR_APL,60,EBA_MCG,true,EBA_MC_EBA_x0,,,
26451,DPM_BAS_CPS_CPZ_MCG_MCY_MCP_PUR_APL,60,EBA_PUR,true,EBA_PU_EBA_x0,,,
26452,DPM_BAS_CPS_CPZ_MCG_MCY_MCP_PUR_APL,61,EBA_BAS,true,EBA_BA_EBA_x6,,,
26453,DPM_BAS_CPS_CPZ_MCG_MCY_MCP_PUR_APL,61,EBA_MCY,true,EBA_MC_EBA_x469,,,
26454,DPM_BAS_CPS_CPZ_MCG_MCY_MCP_PUR_APL,61,EBA_MCP,true,EBA_MC_EBA_x0,,,
26455,DPM_BAS_CPS_CPZ_MCG_MCY_MCP_PUR_APL,61,EBA_APL,true,EBA_PL_EBA_x686,,,
26456,DPM_BAS_CPS_CPZ_MCG_MCY_MCP_PUR_APL,61,EBA_CPS,true,EBA_CT_EBA_x1,,,
26457,DPM_BAS_CPS_CPZ_MCG_MCY_MCP_PUR_APL,61,EBA_CPZ,true,EBA_CT_EBA_x0,,,
26458,DPM_BAS_CPS_CPZ_MCG_MCY_MCP_PUR_APL,61,EBA_MCG,true,EBA_MC_EBA_x0,,,
26459,DPM_BAS_CPS_CPZ_MCG_MCY_MCP_PUR_APL,61,EBA_PUR,true,EBA_PU_EBA_x0,,,
26460,DPM_BAS_CPS_CPZ_MCG_MCY_MCP_PUR_APL,62,EBA_BAS,true,EBA_BA_EBA_x6,,,
26461,DPM_BAS_CPS_CPZ_MCG_MCY_MCP_PUR_APL,62,EBA_MCY,true,EBA_MC_EBA_x469,,,
26462,DPM_BAS_CPS_CPZ_MCG_MCY_MCP_PUR_APL,62,EBA_MCP,true,EBA_MC_EBA_x0,,,
26463,DPM_BAS_CPS_CPZ_MCG_MCY_MCP_PUR_APL,62,EBA_APL,true,EBA_PL_EBA_x686,,,
26464,DPM_BAS_CPS_CPZ_MCG_MCY_MCP_PUR_APL,62,EBA_CPS,true,EBA_CT_EBA_x12,,,
26465,DPM_BAS_CPS_CPZ_MCG_MCY_MCP_PUR_APL,62,EBA_CPZ,true,EBA_CT_EBA_x0,,,
26466,DPM_BAS_CPS_CPZ_MCG_MCY_MCP_PUR_APL,62,EBA_MCG,true,EBA_MC_EBA_x0,,,
26467,DPM_BAS_CPS_CPZ_MCG_MCY_MCP_PUR_APL,62,EBA_PUR,true,EBA_PU_EBA_x0,,,
26468,DPM_BAS_CPS_CPZ_MCG_MCY_MCP_PUR_APL,63,EBA_BAS,true,EBA_BA_EBA_x6,,,
26469,DPM_BAS_CPS_CPZ_MCG_MCY_MCP_PUR_APL,63,EBA_MCY,true,EBA_MC_EBA_x469,,,
26470,DPM_BAS_CPS_CPZ_MCG_MCY_MCP_PUR_APL,63,EBA_MCP,true,EBA_MC_EBA_x0,,,
26471,DPM_BAS_CPS_CPZ_MCG_MCY_MCP_PUR_APL,63,EBA_APL,true,EBA_PL_EBA_x686,,,
26472,DPM_BAS_CPS_CPZ_MCG_MCY_MCP_PUR_APL,63,EBA_CPS,true,EBA_CT_EBA_x18,,,
26473,DPM_BAS_CPS_CPZ_MCG_MCY_MCP_PUR_APL,63,EBA_CPZ,true,EBA_CT_EBA_x0,,,
26474,DPM_BAS_CPS_CPZ_MCG_MCY_MCP_PUR_APL,63,EBA_MCG,true,EBA_MC_EBA_x0,,,
26475,DPM_BAS_CPS_CPZ_MCG_MCY_MCP_PUR_APL,63,EBA_PUR,true,EBA_PU_EBA_x0,,,
26476,DPM_BAS_CPS_CPZ_MCG_MCY_MCP_PUR_APL,64,EBA_BAS,true,EBA_BA_EBA_x6,,,
26477,DPM_BAS_CPS_CPZ_MCG_MCY_MCP_PUR_APL,64,EBA_MCY,true,EBA_MC_EBA_x469,,,
26478,DPM_BAS_CPS_CPZ_MCG_MCY_MCP_PUR_APL,64,EBA_MCP,true,EBA_MC_EBA_x0,,,
26479,DPM_BAS_CPS_CPZ_MCG_MCY_MCP_PUR_APL,64,EBA_APL,true,EBA_PL_EBA_x686,,,
26480,DPM_BAS_CPS_CPZ_MCG_MCY_MCP_PUR_APL,64,EBA_CPS,true,EBA_CT_EBA_x20,,,
26481,DPM_BAS_CPS_CPZ_MCG_MCY_MCP_PUR_APL,64,EBA_CPZ,true,EBA_CT_EBA_x0,,,
26482,DPM_BAS_CPS_CPZ_MCG_MCY_MCP_PUR_APL,64,EBA_MCG,true,EBA_MC_EBA_x0,,,
26483,DPM_BAS_CPS_CPZ_MCG_MCY_MCP_PUR_APL,64,EBA_PUR,true,EBA_PU_EBA_x0,,,
26484,DPM_BAS_CPS_CPZ_MCG_MCY_MCP_PUR_APL,65,EBA_BAS,true,EBA_BA_EBA_x6,,,
26485,DPM_BAS_CPS_CPZ_MCG_MCY_MCP_PUR_APL,65,EBA_MCY,true,EBA_MC_EBA_x469,,,
26486,DPM_BAS_CPS_CPZ_MCG_MCY_MCP_PUR_APL,65,EBA_MCP,true,EBA_MC_EBA_x0,,,
26487,DPM_BAS_CPS_CPZ_MCG_MCY_MCP_PUR_APL,65,EBA_APL,true,EBA_PL_EBA_x686,,,
26488,DPM_BAS_CPS_CPZ_MCG_MCY_MCP_PUR_APL,65,EBA_CPS,true,EBA_CT_EBA_x20,,,
26489,DPM_BAS_CPS_CPZ_MCG_MCY_MCP_PUR_APL,65,EBA_CPZ,true,EBA_CT_EBA_x23,,,
26490,DPM_BAS_CPS_CPZ_MCG_MCY_MCP_PUR_APL,65,EBA_MCG,true,EBA_MC_EBA_x0,,,
26491,DPM_BAS_CPS_CPZ_MCG_MCY_MCP_PUR_APL,65,EBA_PUR,true,EBA_PU_EBA_x0,,,
26492,DPM_BAS_CPS_CPZ_MCG_MCY_MCP_PUR_APL,66,EBA_BAS,true,EBA_BA_EBA_x6,,,
26493,DPM_BAS_CPS_CPZ_MCG_MCY_MCP_PUR_APL,66,EBA_MCY,true,EBA_MC_EBA_x469,,,
26494,DPM_BAS_CPS_CPZ_MCG_MCY_MCP_PUR_APL,66,EBA_MCP,true,EBA_MC_EBA_x0,,,
26495,DPM_BAS_CPS_CPZ_MCG_MCY_MCP_PUR_APL,66,EBA_APL,true,EBA_PL_EBA_x686,,,
26496,DPM_BAS_CPS_CPZ_MCG_MCY_MCP_PUR_APL,66,EBA_CPS,true,EBA_CT_EBA_x20,,,
26497,DPM_BAS_CPS_CPZ_MCG_MCY_MCP_PUR_APL,66,EBA_CPZ,true,EBA_CT_EBA_x0,,,
26498,DPM_BAS_CPS_CPZ_MCG_MCY_MCP_PUR_APL,66,EBA_MCG,true,EBA_MC_EBA_x293,,,
26499,DPM_BAS_CPS_CPZ_MCG_MCY_MCP_PUR_APL,66,EBA_PUR,true,EBA_PU_EBA_x0,,,
26500,DPM_BAS_CPS_CPZ_MCG_MCY_MCP_PUR_APL,67,EBA_BAS,true,EBA_BA_EBA_x6,,,
26501,DPM_BAS_CPS_CPZ_MCG_MCY_MCP_PUR_APL,67,EBA_MCY,true,EBA_MC_EBA_x469,,,
26502,DPM_BAS_CPS_CPZ_MCG_MCY_MCP_PUR_APL,67,EBA_MCP,true,EBA_MC_EBA_x0,,,
26503,DPM_BAS_CPS_CPZ_MCG_MCY_MCP_PUR_APL,67,EBA_APL,true,EBA_PL_EBA_x686,,,
26504,DPM_BAS_CPS_CPZ_MCG_MCY_MCP_PUR_APL,67,EBA_CPS,true,EBA_CT_EBA_x5,,,
26505,DPM_BAS_CPS_CPZ_MCG_MCY_MCP_PUR_APL,67,EBA_CPZ,true,EBA_CT_EBA_x0,,,
26506,DPM_BAS_CPS_CPZ_MCG_MCY_MCP_PUR_APL,67,EBA_MCG,true,EBA_MC_EBA_x0,,,
26507,DPM_BAS_CPS_CPZ_MCG_MCY_MCP_PUR_APL,67,EBA_PUR,true,EBA_PU_EBA_x0,,,
26508,DPM_BAS_CPS_CPZ_MCG_MCY_MCP_PUR_APL,68,EBA_BAS,true,EBA_BA_EBA_x6,,,
26509,DPM_BAS_CPS_CPZ_MCG_MCY_MCP_PUR_APL,68,EBA_MCY,true,EBA_MC_EBA_x469,,,
26510,DPM_BAS_CPS_CPZ_MCG_MCY_MCP_PUR_APL,68,EBA_MCP,true,EBA_MC_EBA_x0,,,
26511,DPM_BAS_CPS_CPZ_MCG_MCY_MCP_PUR_APL,68,EBA_APL,true,EBA_PL_EBA_x686,,,
26512,DPM_BAS_CPS_CPZ_MCG_MCY_MCP_PUR_APL,68,EBA_CPS,true,EBA_CT_EBA_x5,,,
26513,DPM_BAS_CPS_CPZ_MCG_MCY_MCP_PUR_APL,68,EBA_CPZ,true,EBA_CT_EBA_x0,,,
26514,DPM_BAS_CPS_CPZ_MCG_MCY_MCP_PUR_APL,68,EBA_MCG,true,EBA_MC_EBA_x294,,,
26515,DPM_BAS_CPS_CPZ_MCG_MCY_MCP_PUR_APL,68,EBA_PUR,true,EBA_PU_EBA_x0,,,
26516,DPM_BAS_CPS_CPZ_MCG_MCY_MCP_PUR_APL,69,EBA_BAS,true,EBA_BA_EBA_x6,,,
26517,DPM_BAS_CPS_CPZ_MCG_MCY_MCP_PUR_APL,69,EBA_MCY,true,EBA_MC_EBA_x469,,,
26518,DPM_BAS_CPS_CPZ_MCG_MCY_MCP_PUR_APL,69,EBA_MCP,true,EBA_MC_EBA_x0,,,
26519,DPM_BAS_CPS_CPZ_MCG_MCY_MCP_PUR_APL,69,EBA_APL,true,EBA_PL_EBA_x686,,,
26520,DPM_BAS_CPS_CPZ_MCG_MCY_MCP_PUR_APL,69,EBA_CPS,true,EBA_CT_EBA_x5,,,
26521,DPM_BAS_CPS_CPZ_MCG_MCY_MCP_PUR_APL,69,EBA_CPZ,true,EBA_CT_EBA_x0,,,
26522,DPM_BAS_CPS_CPZ_MCG_MCY_MCP_PUR_APL,69,EBA_MCG,true,EBA_MC_EBA_x0,,,
26523,DPM_BAS_CPS_CPZ_MCG_MCY_MCP_PUR_APL,69,EBA_PUR,true,EBA_PU_EBA_x1,,,
26524,DPM_BAS_CPS_MCY_APL,0,EBA_CPS,true,EBA_CT_EBA_x0,,,
26525,DPM_BAS_CPS_MCY_APL,0,EBA_MCY,true,EBA_MC_EBA_x60,,,
26526,DPM_BAS_CPS_MCY_APL,0,EBA_APL,true,EBA_PL_EBA_x14,,,
26527,DPM_BAS_CPS_MCY_APL,0,EBA_BAS,true,EBA_BA_EBA_x6,,,
26528,DPM_BAS_CPS_MCY_APL,1,EBA_CPS,true,EBA_CT_EBA_x10,,,
26529,DPM_BAS_CPS_MCY_APL,1,EBA_MCY,true,EBA_MC_EBA_x60,,,
26530,DPM_BAS_CPS_MCY_APL,1,EBA_APL,true,EBA_PL_EBA_x14,,,
26531,DPM_BAS_CPS_MCY_APL,1,EBA_BAS,true,EBA_BA_EBA_x6,,,
26532,DPM_BAS_CPS_MCY_APL,2,EBA_CPS,true,EBA_CT_EBA_x1,,,
26533,DPM_BAS_CPS_MCY_APL,2,EBA_MCY,true,EBA_MC_EBA_x60,,,
26534,DPM_BAS_CPS_MCY_APL,2,EBA_APL,true,EBA_PL_EBA_x14,,,
26535,DPM_BAS_CPS_MCY_APL,2,EBA_BAS,true,EBA_BA_EBA_x6,,,
26536,DPM_BAS_CPS_MCY_APL,3,EBA_CPS,true,EBA_CT_EBA_x12,,,
26537,DPM_BAS_CPS_MCY_APL,3,EBA_MCY,true,EBA_MC_EBA_x60,,,
26538,DPM_BAS_CPS_MCY_APL,3,EBA_APL,true,EBA_PL_EBA_x14,,,
26539,DPM_BAS_CPS_MCY_APL,3,EBA_BAS,true,EBA_BA_EBA_x6,,,
26540,DPM_BAS_CPS_MCY_APL,4,EBA_CPS,true,EBA_CT_EBA_x18,,,
26541,DPM_BAS_CPS_MCY_APL,4,EBA_MCY,true,EBA_MC_EBA_x60,,,
26542,DPM_BAS_CPS_MCY_APL,4,EBA_APL,true,EBA_PL_EBA_x14,,,
26543,DPM_BAS_CPS_MCY_APL,4,EBA_BAS,true,EBA_BA_EBA_x6,,,
26544,DPM_BAS_CPS_MCY_APL,5,EBA_CPS,true,EBA_CT_EBA_x20,,,
26545,DPM_BAS_CPS_MCY_APL,5,EBA_MCY,true,EBA_MC_EBA_x60,,,
26546,DPM_BAS_CPS_MCY_APL,5,EBA_APL,true,EBA_PL_EBA_x14,,,
26547,DPM_BAS_CPS_MCY_APL,5,EBA_BAS,true,EBA_BA_EBA_x6,,,
26548,DPM_BAS_CPS_MCY_APL,6,EBA_CPS,true,EBA_CT_EBA_x0,,,
26549,DPM_BAS_CPS_MCY_APL,6,EBA_MCY,true,EBA_MC_EBA_x130,,,
26550,DPM_BAS_CPS_MCY_APL,6,EBA_APL,true,EBA_PL_EBA_x14,,,
26551,DPM_BAS_CPS_MCY_APL,6,EBA_BAS,true,EBA_BA_EBA_x6,,,
26552,DPM_BAS_CPS_MCY_APL,7,EBA_CPS,true,EBA_CT_EBA_x18,,,
26553,DPM_BAS_CPS_MCY_APL,7,EBA_MCY,true,EBA_MC_EBA_x130,,,
26554,DPM_BAS_CPS_MCY_APL,7,EBA_APL,true,EBA_PL_EBA_x14,,,
26555,DPM_BAS_CPS_MCY_APL,7,EBA_BAS,true,EBA_BA_EBA_x6,,,
26556,DPM_BAS_CPS_MCY_APL,8,EBA_CPS,true,EBA_CT_EBA_x20,,,
26557,DPM_BAS_CPS_MCY_APL,8,EBA_MCY,true,EBA_MC_EBA_x130,,,
26558,DPM_BAS_CPS_MCY_APL,8,EBA_APL,true,EBA_PL_EBA_x14,,,
26559,DPM_BAS_CPS_MCY_APL,8,EBA_BAS,true,EBA_BA_EBA_x6,,,
26560,DPM_BAS_CPS_MCY_APL,9,EBA_CPS,true,EBA_CT_EBA_x12,,,
26561,DPM_BAS_CPS_MCY_APL,9,EBA_MCY,true,EBA_MC_EBA_x130,,,
26562,DPM_BAS_CPS_MCY_APL,9,EBA_APL,true,EBA_PL_EBA_x14,,,
26563,DPM_BAS_CPS_MCY_APL,9,EBA_BAS,true,EBA_BA_EBA_x6,,,
26564,DPM_BAS_CPS_MCY_APL,10,EBA_CPS,true,EBA_CT_EBA_x0,,,
26565,DPM_BAS_CPS_MCY_APL,10,EBA_MCY,true,EBA_MC_EBA_x143,,,
26566,DPM_BAS_CPS_MCY_APL,10,EBA_APL,true,EBA_PL_EBA_x14,,,
26567,DPM_BAS_CPS_MCY_APL,10,EBA_BAS,true,EBA_BA_EBA_x6,,,
26568,DPM_BAS_CPS_MCY_APL,11,EBA_CPS,true,EBA_CT_EBA_x0,,,
26569,DPM_BAS_CPS_MCY_APL,11,EBA_MCY,true,EBA_MC_EBA_x469,,,
26570,DPM_BAS_CPS_MCY_APL,11,EBA_APL,true,EBA_PL_EBA_x14,,,
26571,DPM_BAS_CPS_MCY_APL,11,EBA_BAS,true,EBA_BA_EBA_x6,,,
26572,DPM_BAS_CPS_MCY_APL,12,EBA_CPS,true,EBA_CT_EBA_x10,,,
26573,DPM_BAS_CPS_MCY_APL,12,EBA_MCY,true,EBA_MC_EBA_x469,,,
26574,DPM_BAS_CPS_MCY_APL,12,EBA_APL,true,EBA_PL_EBA_x14,,,
26575,DPM_BAS_CPS_MCY_APL,12,EBA_BAS,true,EBA_BA_EBA_x6,,,
26576,DPM_BAS_CPS_MCY_APL,13,EBA_CPS,true,EBA_CT_EBA_x1,,,
26577,DPM_BAS_CPS_MCY_APL,13,EBA_MCY,true,EBA_MC_EBA_x469,,,
26578,DPM_BAS_CPS_MCY_APL,13,EBA_APL,true,EBA_PL_EBA_x14,,,
26579,DPM_BAS_CPS_MCY_APL,13,EBA_BAS,true,EBA_BA_EBA_x6,,,
26580,DPM_BAS_CPS_MCY_APL,14,EBA_CPS,true,EBA_CT_EBA_x12,,,
26581,DPM_BAS_CPS_MCY_APL,14,EBA_MCY,true,EBA_MC_EBA_x469,,,
26582,DPM_BAS_CPS_MCY_APL,14,EBA_APL,true,EBA_PL_EBA_x14,,,
26583,DPM_BAS_CPS_MCY_APL,14,EBA_BAS,true,EBA_BA_EBA_x6,,,
26584,DPM_BAS_CPS_MCY_APL,15,EBA_CPS,true,EBA_CT_EBA_x18,,,
26585,DPM_BAS_CPS_MCY_APL,15,EBA_MCY,true,EBA_MC_EBA_x469,,,
26586,DPM_BAS_CPS_MCY_APL,15,EBA_APL,true,EBA_PL_EBA_x14,,,
26587,DPM_BAS_CPS_MCY_APL,15,EBA_BAS,true,EBA_BA_EBA_x6,,,
26588,DPM_BAS_CPS_MCY_APL,16,EBA_CPS,true,EBA_CT_EBA_x20,,,
26589,DPM_BAS_CPS_MCY_APL,16,EBA_MCY,true,EBA_MC_EBA_x469,,,
26590,DPM_BAS_CPS_MCY_APL,16,EBA_APL,true,EBA_PL_EBA_x14,,,
26591,DPM_BAS_CPS_MCY_APL,16,EBA_BAS,true,EBA_BA_EBA_x6,,,
26592,DPM_BAS_CPS_MCY_APL,17,EBA_CPS,true,EBA_CT_EBA_x5,,,
26593,DPM_BAS_CPS_MCY_APL,17,EBA_MCY,true,EBA_MC_EBA_x469,,,
26594,DPM_BAS_CPS_MCY_APL,17,EBA_APL,true,EBA_PL_EBA_x14,,,
26595,DPM_BAS_CPS_MCY_APL,17,EBA_BAS,true,EBA_BA_EBA_x6,,,
26596,DPM_IMS_PFS_TPD,0,EBA_IMS,true,EBA_IM_EBA_x0,,,
26597,DPM_IMS_PFS_TPD,0,EBA_PFS,true,EBA_IM_EBA_x17,,,
26598,DPM_IMS_PFS_TPD,0,EBA_TPD,true,EBA_TI_EBA_x0,,,
26599,DPM_IMS_PFS_TPD,1,EBA_IMS,true,EBA_IM_EBA_x0,,,
26600,DPM_IMS_PFS_TPD,1,EBA_PFS,true,EBA_IM_EBA_x17,,,
26601,DPM_IMS_PFS_TPD,1,EBA_TPD,true,EBA_TI_EBA_x32,,,
26602,DPM_IMS_PFS_TPD,2,EBA_IMS,true,EBA_IM_EBA_x0,,,
26603,DPM_IMS_PFS_TPD,2,EBA_PFS,true,EBA_IM_EBA_x17,,,
26604,DPM_IMS_PFS_TPD,2,EBA_TPD,true,EBA_TI_EBA_x79,,,
26605,DPM_IMS_PFS_TPD,3,EBA_IMS,true,EBA_IM_EBA_x0,,,
26606,DPM_IMS_PFS_TPD,3,EBA_PFS,true,EBA_IM_EBA_x16,,,
26607,DPM_IMS_PFS_TPD,3,EBA_TPD,true,EBA_TI_EBA_x0,,,
26608,DPM_IMS_PFS_TPD,4,EBA_IMS,true,EBA_IM_EBA_x0,,,
26609,DPM_IMS_PFS_TPD,4,EBA_PFS,true,EBA_IM_EBA_x16,,,
26610,DPM_IMS_PFS_TPD,4,EBA_TPD,true,EBA_TI_EBA_x33,,,
26611,DPM_IMS_PFS_TPD,5,EBA_IMS,true,EBA_IM_EBA_x0,,,
26612,DPM_IMS_PFS_TPD,5,EBA_PFS,true,EBA_IM_EBA_x16,,,
26613,DPM_IMS_PFS_TPD,5,EBA_TPD,true,EBA_TI_EBA_x5,,,
26614,DPM_IMS_PFS_TPD,6,EBA_IMS,true,EBA_IM_EBA_x0,,,
26615,DPM_IMS_PFS_TPD,6,EBA_PFS,true,EBA_IM_EBA_x16,,,
26616,DPM_IMS_PFS_TPD,6,EBA_TPD,true,EBA_TI_EBA_x2,,,
26617,DPM_IMS_PFS_TPD,7,EBA_IMS,true,EBA_IM_EBA_x0,,,
26618,DPM_IMS_PFS_TPD,7,EBA_PFS,true,EBA_IM_EBA_x16,,,
26619,DPM_IMS_PFS_TPD,7,EBA_TPD,true,EBA_TI_EBA_x640,,,
26620,DPM_IMS_PFS_TPD,8,EBA_IMS,true,EBA_IM_EBA_x0,,,
26621,DPM_IMS_PFS_TPD,8,EBA_PFS,true,EBA_IM_EBA_x16,,,
26622,DPM_IMS_PFS_TPD,8,EBA_TPD,true,EBA_TI_EBA_x23,,,
26623,DPM_IMS_PFS_TPD,9,EBA_IMS,true,EBA_IM_EBA_x3,,,
26624,DPM_IMS_PFS_TPD,9,EBA_PFS,true,EBA_IM_EBA_x16,,,
26625,DPM_IMS_PFS_TPD,9,EBA_TPD,true,EBA_TI_EBA_x0,,,
26626,DPM_IMS_PFS_TPD,10,EBA_IMS,true,EBA_IM_EBA_x4,,,
26627,DPM_IMS_PFS_TPD,10,EBA_PFS,true,EBA_IM_EBA_x16,,,
26628,DPM_IMS_PFS_TPD,10,EBA_TPD,true,EBA_TI_EBA_x0,,,
26629,DPM_IMS_PFS_TPD,11,EBA_IMS,true,EBA_IM_EBA_x0,,,
26630,DPM_IMS_PFS_TPD,11,EBA_PFS,true,EBA_IM_EBA_x0,,,
26631,DPM_IMS_PFS_TPD,11,EBA_TPD,true,EBA_TI_EBA_x0,,,
26632,DPM_MCE_APL_RPR,0,EBA_MCE,true,EBA_MC_EBA_x0,,,
26633,DPM_MCE_APL_RPR,0,EBA_APL,true,EBA_PL_EBA_x41,,,
26634,DPM_MCE_APL_RPR,0,EBA_RPR,true,EBA_RP_EBA_x0,,,
26635,DPM_MCE_APL_RPR,1,EBA_MCE,true,EBA_MC_EBA_x0,,,
26636,DPM_MCE_APL_RPR,1,EBA_APL,true,EBA_PL_EBA_x41,,,
26637,DPM_MCE_APL_RPR,1,EBA_RPR,true,EBA_RP_EBA_x1,,,
26638,DPM_MCE_APL_RPR,2,EBA_MCE,true,EBA_MC_EBA_x0,,,
26639,DPM_MCE_APL_RPR,2,EBA_APL,true,EBA_PL_EBA_x41,,,
26640,DPM_MCE_APL_RPR,2,EBA_RPR,true,EBA_RP_EBA_x3,,,
26641,DPM_MCE_APL_RPR,3,EBA_MCE,true,EBA_MC_EBA_x0,,,
26642,DPM_MCE_APL_RPR,3,EBA_APL,true,EBA_PL_EBA_x41,,,
26643,DPM_MCE_APL_RPR,3,EBA_RPR,true,EBA_RP_EBA_x11,,,
26644,DPM_MCE_APL_RPR,4,EBA_MCE,true,EBA_MC_EBA_x0,,,
26645,DPM_MCE_APL_RPR,4,EBA_APL,true,EBA_PL_EBA_x79,,,
26646,DPM_MCE_APL_RPR,4,EBA_RPR,true,EBA_RP_EBA_x0,,,
26647,DPM_MCE_APL_RPR,5,EBA_MCE,true,EBA_MC_EBA_x184,,,
26648,DPM_MCE_APL_RPR,5,EBA_APL,true,EBA_PL_EBA_x79,,,
26649,DPM_MCE_APL_RPR,5,EBA_RPR,true,EBA_RP_EBA_x0,,,
26650,DPM_MCE_APL_RPR,6,EBA_MCE,true,EBA_MC_EBA_x210,,,
26651,DPM_MCE_APL_RPR,6,EBA_APL,true,EBA_PL_EBA_x43,,,
26652,DPM_MCE_APL_RPR,6,EBA_RPR,true,EBA_RP_EBA_x0,,,
26653,DPM_MCE_APL_RPR,7,EBA_MCE,true,EBA_MC_EBA_x329,,,
26654,DPM_MCE_APL_RPR,7,EBA_APL,true,EBA_PL_EBA_x37,,,
26655,DPM_MCE_APL_RPR,7,EBA_RPR,true,EBA_RP_EBA_x0,,,
26656,DPM_MCE_APL_RPR,8,EBA_MCE,true,EBA_MC_EBA_x329,,,
26657,DPM_MCE_APL_RPR,8,EBA_APL,true,EBA_PL_EBA_x46,,,
26658,DPM_MCE_APL_RPR,8,EBA_RPR,true,EBA_RP_EBA_x0,,,
26659,DPM_MCE_APL_RPR,9,EBA_MCE,true,EBA_MC_EBA_x37,,,
26660,DPM_MCE_APL_RPR,9,EBA_APL,true,EBA_PL_EBA_x79,,,
26661,DPM_MCE_APL_RPR,9,EBA_RPR,true,EBA_RP_EBA_x0,,,
26662,DPM_MCE_APL_RPR,10,EBA_MCE,true,EBA_MC_EBA_x575,,,
26663,DPM_MCE_APL_RPR,10,EBA_APL,true,EBA_PL_EBA_x79,,,
26664,DPM_MCE_APL_RPR,10,EBA_RPR,true,EBA_RP_EBA_x0,,,
26665,DPM_BAS_MCY_APL_RPR,0,EBA_MCY,true,EBA_MC_EBA_x329,,,
26666,DPM_BAS_MCY_APL_RPR,0,EBA_APL,true,EBA_PL_EBA_x37,,,
26667,DPM_BAS_MCY_APL_RPR,0,EBA_BAS,true,EBA_BA_EBA_x6,,,
26668,DPM_BAS_MCY_APL_RPR,0,EBA_RPR,true,EBA_RP_EBA_x0,,,
26669,DPM_BAS_MCY_APL_RPR,1,EBA_MCY,true,EBA_MC_EBA_x130,,,
26670,DPM_BAS_MCY_APL_RPR,1,EBA_APL,true,EBA_PL_EBA_x41,,,
26671,DPM_BAS_MCY_APL_RPR,1,EBA_BAS,true,EBA_BA_EBA_x6,,,
26672,DPM_BAS_MCY_APL_RPR,1,EBA_RPR,true,EBA_RP_EBA_x0,,,
26673,DPM_BAS_MCY_APL_RPR,2,EBA_MCY,true,EBA_MC_EBA_x130,,,
26674,DPM_BAS_MCY_APL_RPR,2,EBA_APL,true,EBA_PL_EBA_x41,,,
26675,DPM_BAS_MCY_APL_RPR,2,EBA_BAS,true,EBA_BA_EBA_x6,,,
26676,DPM_BAS_MCY_APL_RPR,2,EBA_RPR,true,EBA_RP_EBA_x1,,,
26677,DPM_BAS_MCY_APL_RPR,3,EBA_MCY,true,EBA_MC_EBA_x130,,,
26678,DPM_BAS_MCY_APL_RPR,3,EBA_APL,true,EBA_PL_EBA_x41,,,
26679,DPM_BAS_MCY_APL_RPR,3,EBA_BAS,true,EBA_BA_EBA_x6,,,
26680,DPM_BAS_MCY_APL_RPR,3,EBA_RPR,true,EBA_RP_EBA_x3,,,
26681,DPM_BAS_MCY_APL_RPR,4,EBA_MCY,true,EBA_MC_EBA_x130,,,
26682,DPM_BAS_MCY_APL_RPR,4,EBA_APL,true,EBA_PL_EBA_x41,,,
26683,DPM_BAS_MCY_APL_RPR,4,EBA_BAS,true,EBA_BA_EBA_x6,,,
26684,DPM_BAS_MCY_APL_RPR,4,EBA_RPR,true,EBA_RP_EBA_x11,,,
26685,DPM_BAS_MCY_APL_RPR,5,EBA_MCY,true,EBA_MC_EBA_x210,,,
26686,DPM_BAS_MCY_APL_RPR,5,EBA_APL,true,EBA_PL_EBA_x43,,,
26687,DPM_BAS_MCY_APL_RPR,5,EBA_BAS,true,EBA_BA_EBA_x6,,,
26688,DPM_BAS_MCY_APL_RPR,5,EBA_RPR,true,EBA_RP_EBA_x0,,,
26689,DPM_BAS_MCY_APL_RPR,6,EBA_MCY,true,EBA_MC_EBA_x37,,,
26690,DPM_BAS_MCY_APL_RPR,6,EBA_APL,true,EBA_PL_EBA_x79,,,
26691,DPM_BAS_MCY_APL_RPR,6,EBA_BAS,true,EBA_BA_EBA_x6,,,
26692,DPM_BAS_MCY_APL_RPR,6,EBA_RPR,true,EBA_RP_EBA_x0,,,
26693,DPM_BAS_MCY_APL_RPR,7,EBA_MCY,true,EBA_MC_EBA_x184,,,
26694,DPM_BAS_MCY_APL_RPR,7,EBA_APL,true,EBA_PL_EBA_x79,,,
26695,DPM_BAS_MCY_APL_RPR,7,EBA_BAS,true,EBA_BA_EBA_x6,,,
26696,DPM_BAS_MCY_APL_RPR,7,EBA_RPR,true,EBA_RP_EBA_x0,,,
26697,DPM_BAS_MCY_APL_RPR,8,EBA_MCY,true,EBA_MC_EBA_x329,,,
26698,DPM_BAS_MCY_APL_RPR,8,EBA_APL,true,EBA_PL_EBA_x46,,,
26699,DPM_BAS_MCY_APL_RPR,8,EBA_BAS,true,EBA_BA_EBA_x6,,,
26700,DPM_BAS_MCY_APL_RPR,8,EBA_RPR,true,EBA_RP_EBA_x0,,,
26701,DPM_BAS_MCY_APL_RPR,9,EBA_MCY,true,EBA_MC_EBA_x25,,,
26702,DPM_BAS_MCY_APL_RPR,9,EBA_APL,true,EBA_PL_EBA_x79,,,
26703,DPM_BAS_MCY_APL_RPR,9,EBA_BAS,true,EBA_BA_EBA_x6,,,
26704,DPM_BAS_MCY_APL_RPR,9,EBA_RPR,true,EBA_RP_EBA_x0,,,
26705,DPM_BAS_MCY_APL_RPR,10,EBA_MCY,true,EBA_MC_EBA_x575,,,
26706,DPM_BAS_MCY_APL_RPR,10,EBA_APL,true,EBA_PL_EBA_x79,,,
26707,DPM_BAS_MCY_APL_RPR,10,EBA_BAS,true,EBA_BA_EBA_x6,,,
26708,DPM_BAS_MCY_APL_RPR,10,EBA_RPR,true,EBA_RP_EBA_x0,,,
26709,DPM_BAS_CNO_MCB_MCF_MCY_REC,0,EBA_BAS,true,EBA_BA_EBA_x2,,,
26710,DPM_BAS_CNO_MCB_MCF_MCY_REC,0,EBA_MCB,true,EBA_MC_EBA_x0,,,
26711,DPM_BAS_CNO_MCB_MCF_MCY_REC,0,EBA_MCY,true,EBA_MC_EBA_x13,,,
26712,DPM_BAS_CNO_MCB_MCF_MCY_REC,0,EBA_CNO,true,EBA_BT_EBA_x4,,,
26713,DPM_BAS_CNO_MCB_MCF_MCY_REC,0,EBA_REC,true,EBA_BT_EBA_x2,,,
26714,DPM_BAS_CNO_MCB_MCF_MCY_REC,0,EBA_MCF,true,EBA_MC_EBA_x0,,,
26715,DPM_BAS_CNO_MCB_MCF_MCY_REC,1,EBA_BAS,true,EBA_BA_EBA_x2,,,
26716,DPM_BAS_CNO_MCB_MCF_MCY_REC,1,EBA_MCB,true,EBA_MC_EBA_x0,,,
26717,DPM_BAS_CNO_MCB_MCF_MCY_REC,1,EBA_MCY,true,EBA_MC_EBA_x16,,,
26718,DPM_BAS_CNO_MCB_MCF_MCY_REC,1,EBA_CNO,true,EBA_BT_EBA_x4,,,
26719,DPM_BAS_CNO_MCB_MCF_MCY_REC,1,EBA_REC,true,EBA_BT_EBA_x2,,,
26720,DPM_BAS_CNO_MCB_MCF_MCY_REC,1,EBA_MCF,true,EBA_MC_EBA_x0,,,
26721,DPM_BAS_CNO_MCB_MCF_MCY_REC,2,EBA_BAS,true,EBA_BA_EBA_x2,,,
26722,DPM_BAS_CNO_MCB_MCF_MCY_REC,2,EBA_MCB,true,EBA_MC_EBA_x0,,,
26723,DPM_BAS_CNO_MCB_MCF_MCY_REC,2,EBA_MCY,true,EBA_MC_EBA_x17,,,
26724,DPM_BAS_CNO_MCB_MCF_MCY_REC,2,EBA_CNO,true,EBA_BT_EBA_x4,,,
26725,DPM_BAS_CNO_MCB_MCF_MCY_REC,2,EBA_REC,true,EBA_BT_EBA_x5,,,
26726,DPM_BAS_CNO_MCB_MCF_MCY_REC,2,EBA_MCF,true,EBA_MC_EBA_x0,,,
26727,DPM_BAS_CNO_MCB_MCF_MCY_REC,3,EBA_BAS,true,EBA_BA_EBA_x2,,,
26728,DPM_BAS_CNO_MCB_MCF_MCY_REC,3,EBA_MCB,true,EBA_MC_EBA_x0,,,
26729,DPM_BAS_CNO_MCB_MCF_MCY_REC,3,EBA_MCY,true,EBA_MC_EBA_x17,,,
26730,DPM_BAS_CNO_MCB_MCF_MCY_REC,3,EBA_CNO,true,EBA_BT_EBA_x4,,,
26731,DPM_BAS_CNO_MCB_MCF_MCY_REC,3,EBA_REC,true,EBA_BT_EBA_x2,,,
26732,DPM_BAS_CNO_MCB_MCF_MCY_REC,3,EBA_MCF,true,EBA_MC_EBA_x0,,,
26733,DPM_BAS_CNO_MCB_MCF_MCY_REC,4,EBA_BAS,true,EBA_BA_EBA_x2,,,
26734,DPM_BAS_CNO_MCB_MCF_MCY_REC,4,EBA_MCB,true,EBA_MC_EBA_x0,,,
26735,DPM_BAS_CNO_MCB_MCF_MCY_REC,4,EBA_MCY,true,EBA_MC_EBA_x641,,,
26736,DPM_BAS_CNO_MCB_MCF_MCY_REC,4,EBA_CNO,true,EBA_BT_EBA_x4,,,
26737,DPM_BAS_CNO_MCB_MCF_MCY_REC,4,EBA_REC,true,EBA_BT_EBA_x5,,,
26738,DPM_BAS_CNO_MCB_MCF_MCY_REC,4,EBA_MCF,true,EBA_MC_EBA_x0,,,
26739,DPM_BAS_CNO_MCB_MCF_MCY_REC,5,EBA_BAS,true,EBA_BA_EBA_x2,,,
26740,DPM_BAS_CNO_MCB_MCF_MCY_REC,5,EBA_MCB,true,EBA_MC_EBA_x0,,,
26741,DPM_BAS_CNO_MCB_MCF_MCY_REC,5,EBA_MCY,true,EBA_MC_EBA_x18,,,
26742,DPM_BAS_CNO_MCB_MCF_MCY_REC,5,EBA_CNO,true,EBA_BT_EBA_x4,,,
26743,DPM_BAS_CNO_MCB_MCF_MCY_REC,5,EBA_REC,true,EBA_BT_EBA_x2,,,
26744,DPM_BAS_CNO_MCB_MCF_MCY_REC,5,EBA_MCF,true,EBA_MC_EBA_x0,,,
26745,DPM_BAS_CNO_MCB_MCF_MCY_REC,6,EBA_BAS,true,EBA_BA_EBA_x2,,,
26746,DPM_BAS_CNO_MCB_MCF_MCY_REC,6,EBA_MCB,true,EBA_MC_EBA_x0,,,
26747,DPM_BAS_CNO_MCB_MCF_MCY_REC,6,EBA_MCY,true,EBA_MC_EBA_x14,,,
26748,DPM_BAS_CNO_MCB_MCF_MCY_REC,6,EBA_CNO,true,EBA_BT_EBA_x4,,,
26749,DPM_BAS_CNO_MCB_MCF_MCY_REC,6,EBA_REC,true,EBA_BT_EBA_x5,,,
26750,DPM_BAS_CNO_MCB_MCF_MCY_REC,6,EBA_MCF,true,EBA_MC_EBA_x0,,,
26751,DPM_BAS_CNO_MCB_MCF_MCY_REC,7,EBA_BAS,true,EBA_BA_EBA_x2,,,
26752,DPM_BAS_CNO_MCB_MCF_MCY_REC,7,EBA_MCB,true,EBA_MC_EBA_x0,,,
26753,DPM_BAS_CNO_MCB_MCF_MCY_REC,7,EBA_MCY,true,EBA_MC_EBA_x515,,,
26754,DPM_BAS_CNO_MCB_MCF_MCY_REC,7,EBA_CNO,true,EBA_BT_EBA_x4,,,
26755,DPM_BAS_CNO_MCB_MCF_MCY_REC,7,EBA_REC,true,EBA_BT_EBA_x2,,,
26756,DPM_BAS_CNO_MCB_MCF_MCY_REC,7,EBA_MCF,true,EBA_MC_EBA_x0,,,
26757,DPM_BAS_CNO_MCB_MCF_MCY_REC,8,EBA_BAS,true,EBA_BA_EBA_x2,,,
26758,DPM_BAS_CNO_MCB_MCF_MCY_REC,8,EBA_MCB,true,EBA_MC_EBA_x0,,,
26759,DPM_BAS_CNO_MCB_MCF_MCY_REC,8,EBA_MCY,true,EBA_MC_EBA_x642,,,
26760,DPM_BAS_CNO_MCB_MCF_MCY_REC,8,EBA_CNO,true,EBA_BT_EBA_x4,,,
26761,DPM_BAS_CNO_MCB_MCF_MCY_REC,8,EBA_REC,true,EBA_BT_EBA_x5,,,
26762,DPM_BAS_CNO_MCB_MCF_MCY_REC,8,EBA_MCF,true,EBA_MC_EBA_x0,,,
26763,DPM_BAS_CNO_MCB_MCF_MCY_REC,9,EBA_BAS,true,EBA_BA_EBA_x2,,,
26764,DPM_BAS_CNO_MCB_MCF_MCY_REC,9,EBA_MCB,true,EBA_MC_EBA_x0,,,
26765,DPM_BAS_CNO_MCB_MCF_MCY_REC,9,EBA_MCY,true,EBA_MC_EBA_x636,,,
26766,DPM_BAS_CNO_MCB_MCF_MCY_REC,9,EBA_CNO,true,EBA_BT_EBA_x4,,,
26767,DPM_BAS_CNO_MCB_MCF_MCY_REC,9,EBA_REC,true,EBA_BT_EBA_x2,,,
26768,DPM_BAS_CNO_MCB_MCF_MCY_REC,9,EBA_MCF,true,EBA_MC_EBA_x0,,,
26769,DPM_BAS_CNO_MCB_MCF_MCY_REC,10,EBA_BAS,true,EBA_BA_EBA_x2,,,
26770,DPM_BAS_CNO_MCB_MCF_MCY_REC,10,EBA_MCB,true,EBA_MC_EBA_x0,,,
26771,DPM_BAS_CNO_MCB_MCF_MCY_REC,10,EBA_MCY,true,EBA_MC_EBA_x516,,,
26772,DPM_BAS_CNO_MCB_MCF_MCY_REC,10,EBA_CNO,true,EBA_BT_EBA_x4,,,
26773,DPM_BAS_CNO_MCB_MCF_MCY_REC,10,EBA_REC,true,EBA_BT_EBA_x5,,,
26774,DPM_BAS_CNO_MCB_MCF_MCY_REC,10,EBA_MCF,true,EBA_MC_EBA_x0,,,
26775,DPM_BAS_CNO_MCB_MCF_MCY_REC,11,EBA_BAS,true,EBA_BA_EBA_x2,,,
26776,DPM_BAS_CNO_MCB_MCF_MCY_REC,11,EBA_MCB,true,EBA_MC_EBA_x0,,,
26777,DPM_BAS_CNO_MCB_MCF_MCY_REC,11,EBA_MCY,true,EBA_MC_EBA_x637,,,
26778,DPM_BAS_CNO_MCB_MCF_MCY_REC,11,EBA_CNO,true,EBA_BT_EBA_x4,,,
26779,DPM_BAS_CNO_MCB_MCF_MCY_REC,11,EBA_REC,true,EBA_BT_EBA_x2,,,
26780,DPM_BAS_CNO_MCB_MCF_MCY_REC,11,EBA_MCF,true,EBA_MC_EBA_x0,,,
26781,DPM_BAS_CNO_MCB_MCF_MCY_REC,12,EBA_BAS,true,EBA_BA_EBA_x2,,,
26782,DPM_BAS_CNO_MCB_MCF_MCY_REC,12,EBA_MCB,true,EBA_MC_EBA_x0,,,
26783,DPM_BAS_CNO_MCB_MCF_MCY_REC,12,EBA_MCY,true,EBA_MC_EBA_x640,,,
26784,DPM_BAS_CNO_MCB_MCF_MCY_REC,12,EBA_CNO,true,EBA_BT_EBA_x4,,,
26785,DPM_BAS_CNO_MCB_MCF_MCY_REC,12,EBA_REC,true,EBA_BT_EBA_x2,,,
26786,DPM_BAS_CNO_MCB_MCF_MCY_REC,12,EBA_MCF,true,EBA_MC_EBA_x0,,,
26787,DPM_BAS_CNO_MCB_MCF_MCY_REC,13,EBA_BAS,true,EBA_BA_EBA_x2,,,
26788,DPM_BAS_CNO_MCB_MCF_MCY_REC,13,EBA_MCB,true,EBA_MC_EBA_x0,,,
26789,DPM_BAS_CNO_MCB_MCF_MCY_REC,13,EBA_MCY,true,EBA_MC_EBA_x9,,,
26790,DPM_BAS_CNO_MCB_MCF_MCY_REC,13,EBA_CNO,true,EBA_BT_EBA_x4,,,
26791,DPM_BAS_CNO_MCB_MCF_MCY_REC,13,EBA_REC,true,EBA_BT_EBA_x5,,,
26792,DPM_BAS_CNO_MCB_MCF_MCY_REC,13,EBA_MCF,true,EBA_MC_EBA_x0,,,
26793,DPM_BAS_CNO_MCB_MCF_MCY_REC,14,EBA_BAS,true,EBA_BA_EBA_x2,,,
26794,DPM_BAS_CNO_MCB_MCF_MCY_REC,14,EBA_MCB,true,EBA_MC_EBA_x0,,,
26795,DPM_BAS_CNO_MCB_MCF_MCY_REC,14,EBA_MCY,true,EBA_MC_EBA_x9,,,
26796,DPM_BAS_CNO_MCB_MCF_MCY_REC,14,EBA_CNO,true,EBA_BT_EBA_x3,,,
26797,DPM_BAS_CNO_MCB_MCF_MCY_REC,14,EBA_REC,true,EBA_BT_EBA_x0,,,
26798,DPM_BAS_CNO_MCB_MCF_MCY_REC,14,EBA_MCF,true,EBA_MC_EBA_x0,,,
26799,DPM_BAS_CNO_MCB_MCF_MCY_REC,15,EBA_BAS,true,EBA_BA_EBA_x2,,,
26800,DPM_BAS_CNO_MCB_MCF_MCY_REC,15,EBA_MCB,true,EBA_MC_EBA_x0,,,
26801,DPM_BAS_CNO_MCB_MCF_MCY_REC,15,EBA_MCY,true,EBA_MC_EBA_x9,,,
26802,DPM_BAS_CNO_MCB_MCF_MCY_REC,15,EBA_CNO,true,EBA_BT_EBA_x0,,,
26803,DPM_BAS_CNO_MCB_MCF_MCY_REC,15,EBA_REC,true,EBA_BT_EBA_x0,,,
26804,DPM_BAS_CNO_MCB_MCF_MCY_REC,15,EBA_MCF,true,EBA_MC_EBA_x0,,,
26805,DPM_BAS_CNO_MCB_MCF_MCY_REC,16,EBA_BAS,true,EBA_BA_EBA_x2,,,
26806,DPM_BAS_CNO_MCB_MCF_MCY_REC,16,EBA_MCB,true,EBA_MC_EBA_x0,,,
26807,DPM_BAS_CNO_MCB_MCF_MCY_REC,16,EBA_MCY,true,EBA_MC_EBA_x9,,,
26808,DPM_BAS_CNO_MCB_MCF_MCY_REC,16,EBA_CNO,true,EBA_BT_EBA_x4,,,
26809,DPM_BAS_CNO_MCB_MCF_MCY_REC,16,EBA_REC,true,EBA_BT_EBA_x0,,,
26810,DPM_BAS_CNO_MCB_MCF_MCY_REC,16,EBA_MCF,true,EBA_MC_EBA_x0,,,
26811,DPM_BAS_CNO_MCB_MCF_MCY_REC,17,EBA_BAS,true,EBA_BA_EBA_x2,,,
26812,DPM_BAS_CNO_MCB_MCF_MCY_REC,17,EBA_MCB,true,EBA_MC_EBA_x0,,,
26813,DPM_BAS_CNO_MCB_MCF_MCY_REC,17,EBA_MCY,true,EBA_MC_EBA_x28,,,
26814,DPM_BAS_CNO_MCB_MCF_MCY_REC,17,EBA_CNO,true,EBA_BT_EBA_x3,,,
26815,DPM_BAS_CNO_MCB_MCF_MCY_REC,17,EBA_REC,true,EBA_BT_EBA_x0,,,
26816,DPM_BAS_CNO_MCB_MCF_MCY_REC,17,EBA_MCF,true,EBA_MC_EBA_x0,,,
26817,DPM_BAS_CNO_MCB_MCF_MCY_REC,18,EBA_BAS,true,EBA_BA_EBA_x2,,,
26818,DPM_BAS_CNO_MCB_MCF_MCY_REC,18,EBA_MCB,true,EBA_MC_EBA_x816,,,
26819,DPM_BAS_CNO_MCB_MCF_MCY_REC,18,EBA_MCY,true,EBA_MC_EBA_x132,,,
26820,DPM_BAS_CNO_MCB_MCF_MCY_REC,18,EBA_CNO,true,EBA_BT_EBA_x4,,,
26821,DPM_BAS_CNO_MCB_MCF_MCY_REC,18,EBA_REC,true,EBA_BT_EBA_x0,,,
26822,DPM_BAS_CNO_MCB_MCF_MCY_REC,18,EBA_MCF,true,EBA_MC_EBA_x0,,,
26823,DPM_BAS_CNO_MCB_MCF_MCY_REC,19,EBA_BAS,true,EBA_BA_EBA_x2,,,
26824,DPM_BAS_CNO_MCB_MCF_MCY_REC,19,EBA_MCB,true,EBA_MC_EBA_x817,,,
26825,DPM_BAS_CNO_MCB_MCF_MCY_REC,19,EBA_MCY,true,EBA_MC_EBA_x132,,,
26826,DPM_BAS_CNO_MCB_MCF_MCY_REC,19,EBA_CNO,true,EBA_BT_EBA_x4,,,
26827,DPM_BAS_CNO_MCB_MCF_MCY_REC,19,EBA_REC,true,EBA_BT_EBA_x0,,,
26828,DPM_BAS_CNO_MCB_MCF_MCY_REC,19,EBA_MCF,true,EBA_MC_EBA_x0,,,
26829,DPM_BAS_CNO_MCB_MCF_MCY_REC,20,EBA_BAS,true,EBA_BA_EBA_x2,,,
26830,DPM_BAS_CNO_MCB_MCF_MCY_REC,20,EBA_MCB,true,EBA_MC_EBA_x819,,,
26831,DPM_BAS_CNO_MCB_MCF_MCY_REC,20,EBA_MCY,true,EBA_MC_EBA_x132,,,
26832,DPM_BAS_CNO_MCB_MCF_MCY_REC,20,EBA_CNO,true,EBA_BT_EBA_x4,,,
26833,DPM_BAS_CNO_MCB_MCF_MCY_REC,20,EBA_REC,true,EBA_BT_EBA_x0,,,
26834,DPM_BAS_CNO_MCB_MCF_MCY_REC,20,EBA_MCF,true,EBA_MC_EBA_x0,,,
26835,DPM_BAS_CNO_MCB_MCF_MCY_REC,21,EBA_BAS,true,EBA_BA_EBA_x2,,,
26836,DPM_BAS_CNO_MCB_MCF_MCY_REC,21,EBA_MCB,true,EBA_MC_EBA_x820,,,
26837,DPM_BAS_CNO_MCB_MCF_MCY_REC,21,EBA_MCY,true,EBA_MC_EBA_x132,,,
26838,DPM_BAS_CNO_MCB_MCF_MCY_REC,21,EBA_CNO,true,EBA_BT_EBA_x4,,,
26839,DPM_BAS_CNO_MCB_MCF_MCY_REC,21,EBA_REC,true,EBA_BT_EBA_x0,,,
26840,DPM_BAS_CNO_MCB_MCF_MCY_REC,21,EBA_MCF,true,EBA_MC_EBA_x0,,,
26841,DPM_BAS_CNO_MCB_MCF_MCY_REC,22,EBA_BAS,true,EBA_BA_EBA_x2,,,
26842,DPM_BAS_CNO_MCB_MCF_MCY_REC,22,EBA_MCB,true,EBA_MC_EBA_x821,,,
26843,DPM_BAS_CNO_MCB_MCF_MCY_REC,22,EBA_MCY,true,EBA_MC_EBA_x132,,,
26844,DPM_BAS_CNO_MCB_MCF_MCY_REC,22,EBA_CNO,true,EBA_BT_EBA_x4,,,
26845,DPM_BAS_CNO_MCB_MCF_MCY_REC,22,EBA_REC,true,EBA_BT_EBA_x0,,,
26846,DPM_BAS_CNO_MCB_MCF_MCY_REC,22,EBA_MCF,true,EBA_MC_EBA_x0,,,
26847,DPM_BAS_CNO_MCB_MCF_MCY_REC,23,EBA_BAS,true,EBA_BA_EBA_x2,,,
26848,DPM_BAS_CNO_MCB_MCF_MCY_REC,23,EBA_MCB,true,EBA_MC_EBA_x822,,,
26849,DPM_BAS_CNO_MCB_MCF_MCY_REC,23,EBA_MCY,true,EBA_MC_EBA_x132,,,
26850,DPM_BAS_CNO_MCB_MCF_MCY_REC,23,EBA_CNO,true,EBA_BT_EBA_x4,,,
26851,DPM_BAS_CNO_MCB_MCF_MCY_REC,23,EBA_REC,true,EBA_BT_EBA_x0,,,
26852,DPM_BAS_CNO_MCB_MCF_MCY_REC,23,EBA_MCF,true,EBA_MC_EBA_x0,,,
26853,DPM_BAS_CNO_MCB_MCF_MCY_REC,24,EBA_BAS,true,EBA_BA_EBA_x2,,,
26854,DPM_BAS_CNO_MCB_MCF_MCY_REC,24,EBA_MCB,true,EBA_MC_EBA_x0,,,
26855,DPM_BAS_CNO_MCB_MCF_MCY_REC,24,EBA_MCY,true,EBA_MC_EBA_x61,,,
26856,DPM_BAS_CNO_MCB_MCF_MCY_REC,24,EBA_CNO,true,EBA_BT_EBA_x4,,,
26857,DPM_BAS_CNO_MCB_MCF_MCY_REC,24,EBA_REC,true,EBA_BT_EBA_x0,,,
26858,DPM_BAS_CNO_MCB_MCF_MCY_REC,24,EBA_MCF,true,EBA_MC_EBA_x0,,,
26859,DPM_BAS_CNO_MCB_MCF_MCY_REC,25,EBA_BAS,true,EBA_BA_EBA_x2,,,
26860,DPM_BAS_CNO_MCB_MCF_MCY_REC,25,EBA_MCB,true,EBA_MC_EBA_x0,,,
26861,DPM_BAS_CNO_MCB_MCF_MCY_REC,25,EBA_MCY,true,EBA_MC_EBA_x147,,,
26862,DPM_BAS_CNO_MCB_MCF_MCY_REC,25,EBA_CNO,true,EBA_BT_EBA_x3,,,
26863,DPM_BAS_CNO_MCB_MCF_MCY_REC,25,EBA_REC,true,EBA_BT_EBA_x0,,,
26864,DPM_BAS_CNO_MCB_MCF_MCY_REC,25,EBA_MCF,true,EBA_MC_EBA_x0,,,
26865,DPM_BAS_CNO_MCB_MCF_MCY_REC,26,EBA_BAS,true,EBA_BA_EBA_x2,,,
26866,DPM_BAS_CNO_MCB_MCF_MCY_REC,26,EBA_MCB,true,EBA_MC_EBA_x0,,,
26867,DPM_BAS_CNO_MCB_MCF_MCY_REC,26,EBA_MCY,true,EBA_MC_EBA_x492,,,
26868,DPM_BAS_CNO_MCB_MCF_MCY_REC,26,EBA_CNO,true,EBA_BT_EBA_x4,,,
26869,DPM_BAS_CNO_MCB_MCF_MCY_REC,26,EBA_REC,true,EBA_BT_EBA_x0,,,
26870,DPM_BAS_CNO_MCB_MCF_MCY_REC,26,EBA_MCF,true,EBA_MC_EBA_x0,,,
26871,DPM_BAS_CNO_MCB_MCF_MCY_REC,27,EBA_BAS,true,EBA_BA_EBA_x2,,,
26872,DPM_BAS_CNO_MCB_MCF_MCY_REC,27,EBA_MCB,true,EBA_MC_EBA_x0,,,
26873,DPM_BAS_CNO_MCB_MCF_MCY_REC,27,EBA_MCY,true,EBA_MC_EBA_x496,,,
26874,DPM_BAS_CNO_MCB_MCF_MCY_REC,27,EBA_CNO,true,EBA_BT_EBA_x4,,,
26875,DPM_BAS_CNO_MCB_MCF_MCY_REC,27,EBA_REC,true,EBA_BT_EBA_x0,,,
26876,DPM_BAS_CNO_MCB_MCF_MCY_REC,27,EBA_MCF,true,EBA_MC_EBA_x0,,,
26877,DPM_BAS_CNO_MCB_MCF_MCY_REC,28,EBA_BAS,true,EBA_BA_EBA_x2,,,
26878,DPM_BAS_CNO_MCB_MCF_MCY_REC,28,EBA_MCB,true,EBA_MC_EBA_x0,,,
26879,DPM_BAS_CNO_MCB_MCF_MCY_REC,28,EBA_MCY,true,EBA_MC_EBA_x497,,,
26880,DPM_BAS_CNO_MCB_MCF_MCY_REC,28,EBA_CNO,true,EBA_BT_EBA_x4,,,
26881,DPM_BAS_CNO_MCB_MCF_MCY_REC,28,EBA_REC,true,EBA_BT_EBA_x0,,,
26882,DPM_BAS_CNO_MCB_MCF_MCY_REC,28,EBA_MCF,true,EBA_MC_EBA_x0,,,
26883,DPM_BAS_CNO_MCB_MCF_MCY_REC,29,EBA_BAS,true,EBA_BA_EBA_x2,,,
26884,DPM_BAS_CNO_MCB_MCF_MCY_REC,29,EBA_MCB,true,EBA_MC_EBA_x0,,,
26885,DPM_BAS_CNO_MCB_MCF_MCY_REC,29,EBA_MCY,true,EBA_MC_EBA_x213,,,
26886,DPM_BAS_CNO_MCB_MCF_MCY_REC,29,EBA_CNO,true,EBA_BT_EBA_x4,,,
26887,DPM_BAS_CNO_MCB_MCF_MCY_REC,29,EBA_REC,true,EBA_BT_EBA_x0,,,
26888,DPM_BAS_CNO_MCB_MCF_MCY_REC,29,EBA_MCF,true,EBA_MC_EBA_x0,,,
26889,DPM_BAS_CNO_MCB_MCF_MCY_REC,30,EBA_BAS,true,EBA_BA_EBA_x2,,,
26890,DPM_BAS_CNO_MCB_MCF_MCY_REC,30,EBA_MCB,true,EBA_MC_EBA_x0,,,
26891,DPM_BAS_CNO_MCB_MCF_MCY_REC,30,EBA_MCY,true,EBA_MC_EBA_x269,,,
26892,DPM_BAS_CNO_MCB_MCF_MCY_REC,30,EBA_CNO,true,EBA_BT_EBA_x4,,,
26893,DPM_BAS_CNO_MCB_MCF_MCY_REC,30,EBA_REC,true,EBA_BT_EBA_x0,,,
26894,DPM_BAS_CNO_MCB_MCF_MCY_REC,30,EBA_MCF,true,EBA_MC_EBA_x0,,,
26895,DPM_BAS_CNO_MCB_MCF_MCY_REC,31,EBA_BAS,true,EBA_BA_EBA_x2,,,
26896,DPM_BAS_CNO_MCB_MCF_MCY_REC,31,EBA_MCB,true,EBA_MC_EBA_x0,,,
26897,DPM_BAS_CNO_MCB_MCF_MCY_REC,31,EBA_MCY,true,EBA_MC_EBA_x487,,,
26898,DPM_BAS_CNO_MCB_MCF_MCY_REC,31,EBA_CNO,true,EBA_BT_EBA_x4,,,
26899,DPM_BAS_CNO_MCB_MCF_MCY_REC,31,EBA_REC,true,EBA_BT_EBA_x0,,,
26900,DPM_BAS_CNO_MCB_MCF_MCY_REC,31,EBA_MCF,true,EBA_MC_EBA_x0,,,
26901,DPM_BAS_CNO_MCB_MCF_MCY_REC,32,EBA_BAS,true,EBA_BA_EBA_x2,,,
26902,DPM_BAS_CNO_MCB_MCF_MCY_REC,32,EBA_MCB,true,EBA_MC_EBA_x0,,,
26903,DPM_BAS_CNO_MCB_MCF_MCY_REC,32,EBA_MCY,true,EBA_MC_EBA_x270,,,
26904,DPM_BAS_CNO_MCB_MCF_MCY_REC,32,EBA_CNO,true,EBA_BT_EBA_x4,,,
26905,DPM_BAS_CNO_MCB_MCF_MCY_REC,32,EBA_REC,true,EBA_BT_EBA_x0,,,
26906,DPM_BAS_CNO_MCB_MCF_MCY_REC,32,EBA_MCF,true,EBA_MC_EBA_x0,,,
26907,DPM_BAS_CNO_MCB_MCF_MCY_REC,33,EBA_BAS,true,EBA_BA_EBA_x2,,,
26908,DPM_BAS_CNO_MCB_MCF_MCY_REC,33,EBA_MCB,true,EBA_MC_EBA_x0,,,
26909,DPM_BAS_CNO_MCB_MCF_MCY_REC,33,EBA_MCY,true,EBA_MC_EBA_x271,,,
26910,DPM_BAS_CNO_MCB_MCF_MCY_REC,33,EBA_CNO,true,EBA_BT_EBA_x4,,,
26911,DPM_BAS_CNO_MCB_MCF_MCY_REC,33,EBA_REC,true,EBA_BT_EBA_x0,,,
26912,DPM_BAS_CNO_MCB_MCF_MCY_REC,33,EBA_MCF,true,EBA_MC_EBA_x0,,,
26913,DPM_BAS_CNO_MCB_MCF_MCY_REC,34,EBA_BAS,true,EBA_BA_EBA_x2,,,
26914,DPM_BAS_CNO_MCB_MCF_MCY_REC,34,EBA_MCB,true,EBA_MC_EBA_x0,,,
26915,DPM_BAS_CNO_MCB_MCF_MCY_REC,34,EBA_MCY,true,EBA_MC_EBA_x273,,,
26916,DPM_BAS_CNO_MCB_MCF_MCY_REC,34,EBA_CNO,true,EBA_BT_EBA_x4,,,
26917,DPM_BAS_CNO_MCB_MCF_MCY_REC,34,EBA_REC,true,EBA_BT_EBA_x0,,,
26918,DPM_BAS_CNO_MCB_MCF_MCY_REC,34,EBA_MCF,true,EBA_MC_EBA_x0,,,
26919,DPM_BAS_CNO_MCB_MCF_MCY_REC,35,EBA_BAS,true,EBA_BA_EBA_x2,,,
26920,DPM_BAS_CNO_MCB_MCF_MCY_REC,35,EBA_MCB,true,EBA_MC_EBA_x0,,,
26921,DPM_BAS_CNO_MCB_MCF_MCY_REC,35,EBA_MCY,true,EBA_MC_EBA_x276,,,
26922,DPM_BAS_CNO_MCB_MCF_MCY_REC,35,EBA_CNO,true,EBA_BT_EBA_x4,,,
26923,DPM_BAS_CNO_MCB_MCF_MCY_REC,35,EBA_REC,true,EBA_BT_EBA_x0,,,
26924,DPM_BAS_CNO_MCB_MCF_MCY_REC,35,EBA_MCF,true,EBA_MC_EBA_x0,,,
26925,DPM_BAS_CNO_MCB_MCF_MCY_REC,36,EBA_BAS,true,EBA_BA_EBA_x2,,,
26926,DPM_BAS_CNO_MCB_MCF_MCY_REC,36,EBA_MCB,true,EBA_MC_EBA_x0,,,
26927,DPM_BAS_CNO_MCB_MCF_MCY_REC,36,EBA_MCY,true,EBA_MC_EBA_x301,,,
26928,DPM_BAS_CNO_MCB_MCF_MCY_REC,36,EBA_CNO,true,EBA_BT_EBA_x4,,,
26929,DPM_BAS_CNO_MCB_MCF_MCY_REC,36,EBA_REC,true,EBA_BT_EBA_x0,,,
26930,DPM_BAS_CNO_MCB_MCF_MCY_REC,36,EBA_MCF,true,EBA_MC_EBA_x0,,,
26931,DPM_BAS_CNO_MCB_MCF_MCY_REC,37,EBA_BAS,true,EBA_BA_EBA_x2,,,
26932,DPM_BAS_CNO_MCB_MCF_MCY_REC,37,EBA_MCB,true,EBA_MC_EBA_x0,,,
26933,DPM_BAS_CNO_MCB_MCF_MCY_REC,37,EBA_MCY,true,EBA_MC_EBA_x302,,,
26934,DPM_BAS_CNO_MCB_MCF_MCY_REC,37,EBA_CNO,true,EBA_BT_EBA_x4,,,
26935,DPM_BAS_CNO_MCB_MCF_MCY_REC,37,EBA_REC,true,EBA_BT_EBA_x0,,,
26936,DPM_BAS_CNO_MCB_MCF_MCY_REC,37,EBA_MCF,true,EBA_MC_EBA_x0,,,
26937,DPM_BAS_CNO_MCB_MCF_MCY_REC,38,EBA_BAS,true,EBA_BA_EBA_x2,,,
26938,DPM_BAS_CNO_MCB_MCF_MCY_REC,38,EBA_MCB,true,EBA_MC_EBA_x0,,,
26939,DPM_BAS_CNO_MCB_MCF_MCY_REC,38,EBA_MCY,true,EBA_MC_EBA_x488,,,
26940,DPM_BAS_CNO_MCB_MCF_MCY_REC,38,EBA_CNO,true,EBA_BT_EBA_x4,,,
26941,DPM_BAS_CNO_MCB_MCF_MCY_REC,38,EBA_REC,true,EBA_BT_EBA_x0,,,
26942,DPM_BAS_CNO_MCB_MCF_MCY_REC,38,EBA_MCF,true,EBA_MC_EBA_x0,,,
26943,DPM_BAS_CNO_MCB_MCF_MCY_REC,39,EBA_BAS,true,EBA_BA_EBA_x2,,,
26944,DPM_BAS_CNO_MCB_MCF_MCY_REC,39,EBA_MCB,true,EBA_MC_EBA_x0,,,
26945,DPM_BAS_CNO_MCB_MCF_MCY_REC,39,EBA_MCY,true,EBA_MC_EBA_x489,,,
26946,DPM_BAS_CNO_MCB_MCF_MCY_REC,39,EBA_CNO,true,EBA_BT_EBA_x4,,,
26947,DPM_BAS_CNO_MCB_MCF_MCY_REC,39,EBA_REC,true,EBA_BT_EBA_x0,,,
26948,DPM_BAS_CNO_MCB_MCF_MCY_REC,39,EBA_MCF,true,EBA_MC_EBA_x0,,,
26949,DPM_BAS_CNO_MCB_MCF_MCY_REC,40,EBA_BAS,true,EBA_BA_EBA_x2,,,
26950,DPM_BAS_CNO_MCB_MCF_MCY_REC,40,EBA_MCB,true,EBA_MC_EBA_x0,,,
26951,DPM_BAS_CNO_MCB_MCF_MCY_REC,40,EBA_MCY,true,EBA_MC_EBA_x490,,,
26952,DPM_BAS_CNO_MCB_MCF_MCY_REC,40,EBA_CNO,true,EBA_BT_EBA_x4,,,
26953,DPM_BAS_CNO_MCB_MCF_MCY_REC,40,EBA_REC,true,EBA_BT_EBA_x0,,,
26954,DPM_BAS_CNO_MCB_MCF_MCY_REC,40,EBA_MCF,true,EBA_MC_EBA_x0,,,
26955,DPM_BAS_CNO_MCB_MCF_MCY_REC,41,EBA_BAS,true,EBA_BA_EBA_x2,,,
26956,DPM_BAS_CNO_MCB_MCF_MCY_REC,41,EBA_MCB,true,EBA_MC_EBA_x0,,,
26957,DPM_BAS_CNO_MCB_MCF_MCY_REC,41,EBA_MCY,true,EBA_MC_EBA_x491,,,
26958,DPM_BAS_CNO_MCB_MCF_MCY_REC,41,EBA_CNO,true,EBA_BT_EBA_x4,,,
26959,DPM_BAS_CNO_MCB_MCF_MCY_REC,41,EBA_REC,true,EBA_BT_EBA_x0,,,
26960,DPM_BAS_CNO_MCB_MCF_MCY_REC,41,EBA_MCF,true,EBA_MC_EBA_x0,,,
26961,DPM_BAS_CNO_MCB_MCF_MCY_REC,42,EBA_BAS,true,EBA_BA_EBA_x2,,,
26962,DPM_BAS_CNO_MCB_MCF_MCY_REC,42,EBA_MCB,true,EBA_MC_EBA_x0,,,
26963,DPM_BAS_CNO_MCB_MCF_MCY_REC,42,EBA_MCY,true,EBA_MC_EBA_x322,,,
26964,DPM_BAS_CNO_MCB_MCF_MCY_REC,42,EBA_CNO,true,EBA_BT_EBA_x4,,,
26965,DPM_BAS_CNO_MCB_MCF_MCY_REC,42,EBA_REC,true,EBA_BT_EBA_x0,,,
26966,DPM_BAS_CNO_MCB_MCF_MCY_REC,42,EBA_MCF,true,EBA_MC_EBA_x0,,,
26967,DPM_BAS_CNO_MCB_MCF_MCY_REC,43,EBA_BAS,true,EBA_BA_EBA_x8,,,
26968,DPM_BAS_CNO_MCB_MCF_MCY_REC,43,EBA_MCB,true,EBA_MC_EBA_x0,,,
26969,DPM_BAS_CNO_MCB_MCF_MCY_REC,43,EBA_MCY,true,EBA_MC_EBA_x29,,,
26970,DPM_BAS_CNO_MCB_MCF_MCY_REC,43,EBA_CNO,true,EBA_BT_EBA_x0,,,
26971,DPM_BAS_CNO_MCB_MCF_MCY_REC,43,EBA_REC,true,EBA_BT_EBA_x0,,,
26972,DPM_BAS_CNO_MCB_MCF_MCY_REC,43,EBA_MCF,true,EBA_MC_EBA_x0,,,
26973,DPM_BAS_CNO_MCB_MCF_MCY_REC,44,EBA_BAS,true,EBA_BA_EBA_x2,,,
26974,DPM_BAS_CNO_MCB_MCF_MCY_REC,44,EBA_MCB,true,EBA_MC_EBA_x0,,,
26975,DPM_BAS_CNO_MCB_MCF_MCY_REC,44,EBA_MCY,true,EBA_MC_EBA_x636,,,
26976,DPM_BAS_CNO_MCB_MCF_MCY_REC,44,EBA_CNO,true,EBA_BT_EBA_x4,,,
26977,DPM_BAS_CNO_MCB_MCF_MCY_REC,44,EBA_REC,true,EBA_BT_EBA_x2,,,
26978,DPM_BAS_CNO_MCB_MCF_MCY_REC,44,EBA_MCF,true,EBA_MC_EBA_x731,,,
26979,DPM_BAS_CNO_MCB_MCF_MCY_REC,45,EBA_BAS,true,EBA_BA_EBA_x2,,,
26980,DPM_BAS_CNO_MCB_MCF_MCY_REC,45,EBA_MCB,true,EBA_MC_EBA_x0,,,
26981,DPM_BAS_CNO_MCB_MCF_MCY_REC,45,EBA_MCY,true,EBA_MC_EBA_x636,,,
26982,DPM_BAS_CNO_MCB_MCF_MCY_REC,45,EBA_CNO,true,EBA_BT_EBA_x4,,,
26983,DPM_BAS_CNO_MCB_MCF_MCY_REC,45,EBA_REC,true,EBA_BT_EBA_x2,,,
26984,DPM_BAS_CNO_MCB_MCF_MCY_REC,45,EBA_MCF,true,EBA_MC_EBA_x732,,,
26985,DPM_BAS_CNO_MCB_MCF_MCY_REC,46,EBA_BAS,true,EBA_BA_EBA_x2,,,
26986,DPM_BAS_CNO_MCB_MCF_MCY_REC,46,EBA_MCB,true,EBA_MC_EBA_x0,,,
26987,DPM_BAS_CNO_MCB_MCF_MCY_REC,46,EBA_MCY,true,EBA_MC_EBA_x28,,,
26988,DPM_BAS_CNO_MCB_MCF_MCY_REC,46,EBA_CNO,true,EBA_BT_EBA_x0,,,
26989,DPM_BAS_CNO_MCB_MCF_MCY_REC,46,EBA_REC,true,EBA_BT_EBA_x0,,,
26990,DPM_BAS_CNO_MCB_MCF_MCY_REC,46,EBA_MCF,true,EBA_MC_EBA_x0,,,
26991,DPM_BAS_CNO_MCB_MCF_MCY_REC,47,EBA_BAS,true,EBA_BA_EBA_x2,,,
26992,DPM_BAS_CNO_MCB_MCF_MCY_REC,47,EBA_MCB,true,EBA_MC_EBA_x0,,,
26993,DPM_BAS_CNO_MCB_MCF_MCY_REC,47,EBA_MCY,true,EBA_MC_EBA_x12,,,
26994,DPM_BAS_CNO_MCB_MCF_MCY_REC,47,EBA_CNO,true,EBA_BT_EBA_x4,,,
26995,DPM_BAS_CNO_MCB_MCF_MCY_REC,47,EBA_REC,true,EBA_BT_EBA_x5,,,
26996,DPM_BAS_CNO_MCB_MCF_MCY_REC,47,EBA_MCF,true,EBA_MC_EBA_x0,,,
26997,DPM_BAS_CNO_MCB_MCF_MCY_REC,48,EBA_BAS,true,EBA_BA_EBA_x2,,,
26998,DPM_BAS_CNO_MCB_MCF_MCY_REC,48,EBA_MCB,true,EBA_MC_EBA_x0,,,
26999,DPM_BAS_CNO_MCB_MCF_MCY_REC,48,EBA_MCY,true,EBA_MC_EBA_x517,,,
27000,DPM_BAS_CNO_MCB_MCF_MCY_REC,48,EBA_CNO,true,EBA_BT_EBA_x4,,,
27001,DPM_BAS_CNO_MCB_MCF_MCY_REC,48,EBA_REC,true,EBA_BT_EBA_x2,,,
27002,DPM_BAS_CNO_MCB_MCF_MCY_REC,48,EBA_MCF,true,EBA_MC_EBA_x0,,,
27003,DPM_CPS_MCB_MCU_MCY,19,EBA_MCB,true,EBA_MC_EBA_x0,,,
27004,DPM_CPS_MCB_MCU_MCY,19,EBA_MCU,true,EBA_MC_EBA_x0,,,
27005,DPM_CPS_MCB_MCU_MCY,19,EBA_CPS,true,EBA_CT_EBA_x10,,,
27006,DPM_CPS_MCB_MCU_MCY,20,EBA_MCY,true,EBA_MC_EBA_x135,,,
27007,DPM_CPS_MCB_MCU_MCY,20,EBA_MCB,true,EBA_MC_EBA_x810,,,
27008,DPM_CPS_MCB_MCU_MCY,20,EBA_MCU,true,EBA_MC_EBA_x0,,,
27009,DPM_CPS_MCB_MCU_MCY,20,EBA_CPS,true,EBA_CT_EBA_x10,,,
27010,DPM_CPS_MCB_MCU_MCY,21,EBA_MCY,true,EBA_MC_EBA_x135,,,
27011,DPM_CPS_MCB_MCU_MCY,21,EBA_MCB,true,EBA_MC_EBA_x807,,,
27012,DPM_CPS_MCB_MCU_MCY,21,EBA_MCU,true,EBA_MC_EBA_x0,,,
27013,DPM_CPS_MCB_MCU_MCY,21,EBA_CPS,true,EBA_CT_EBA_x12,,,
27014,DPM_CPS_MCB_MCU_MCY,22,EBA_MCY,true,EBA_MC_EBA_x135,,,
27015,DPM_CPS_MCB_MCU_MCY,22,EBA_MCB,true,EBA_MC_EBA_x808,,,
27016,DPM_CPS_MCB_MCU_MCY,22,EBA_MCU,true,EBA_MC_EBA_x0,,,
27017,DPM_CPS_MCB_MCU_MCY,22,EBA_CPS,true,EBA_CT_EBA_x12,,,
27018,DPM_CPS_MCB_MCU_MCY,16,EBA_MCY,true,EBA_MC_EBA_x135,,,
27019,DPM_CPS_MCB_MCU_MCY,16,EBA_MCB,true,EBA_MC_EBA_x807,,,
27020,DPM_CPS_MCB_MCU_MCY,16,EBA_MCU,true,EBA_MC_EBA_x0,,,
27021,DPM_CPS_MCB_MCU_MCY,16,EBA_CPS,true,EBA_CT_EBA_x10,,,
27022,DPM_CPS_MCB_MCU_MCY,17,EBA_MCY,true,EBA_MC_EBA_x135,,,
27023,DPM_CPS_MCB_MCU_MCY,17,EBA_MCB,true,EBA_MC_EBA_x808,,,
27024,DPM_CPS_MCB_MCU_MCY,17,EBA_MCU,true,EBA_MC_EBA_x0,,,
27025,DPM_CPS_MCB_MCU_MCY,17,EBA_CPS,true,EBA_CT_EBA_x10,,,
27026,DPM_CPS_MCB_MCU_MCY,18,EBA_MCY,true,EBA_MC_EBA_x135,,,
27027,DPM_CPS_MCB_MCU_MCY,18,EBA_MCB,true,EBA_MC_EBA_x809,,,
27028,DPM_CPS_MCB_MCU_MCY,18,EBA_MCU,true,EBA_MC_EBA_x0,,,
27029,DPM_CPS_MCB_MCU_MCY,18,EBA_CPS,true,EBA_CT_EBA_x10,,,
27030,DPM_CPS_MCB_MCU_MCY,19,EBA_MCY,true,EBA_MC_EBA_x135,,,
27031,DPM_CPS_MCB_MCU_MCY,12,EBA_CPS,true,EBA_CT_EBA_x18,,,
27032,DPM_CPS_MCB_MCU_MCY,13,EBA_MCY,true,EBA_MC_EBA_x135,,,
27033,DPM_CPS_MCB_MCU_MCY,13,EBA_MCB,true,EBA_MC_EBA_x809,,,
27034,DPM_CPS_MCB_MCU_MCY,13,EBA_MCU,true,EBA_MC_EBA_x0,,,
27035,DPM_CPS_MCB_MCU_MCY,13,EBA_CPS,true,EBA_CT_EBA_x18,,,
27036,DPM_CPS_MCB_MCU_MCY,14,EBA_MCY,true,EBA_MC_EBA_x135,,,
27037,DPM_CPS_MCB_MCU_MCY,14,EBA_MCB,true,EBA_MC_EBA_x0,,,
27038,DPM_CPS_MCB_MCU_MCY,14,EBA_MCU,true,EBA_MC_EBA_x0,,,
27039,DPM_CPS_MCB_MCU_MCY,14,EBA_CPS,true,EBA_CT_EBA_x18,,,
27040,DPM_CPS_MCB_MCU_MCY,15,EBA_MCY,true,EBA_MC_EBA_x135,,,
27041,DPM_CPS_MCB_MCU_MCY,15,EBA_MCB,true,EBA_MC_EBA_x810,,,
27042,DPM_CPS_MCB_MCU_MCY,15,EBA_MCU,true,EBA_MC_EBA_x0,,,
27043,DPM_CPS_MCB_MCU_MCY,15,EBA_CPS,true,EBA_CT_EBA_x18,,,
27044,DPM_CPS_MCB_MCU_MCY,9,EBA_MCY,true,EBA_MC_EBA_x135,,,
27045,DPM_CPS_MCB_MCU_MCY,9,EBA_MCB,true,EBA_MC_EBA_x0,,,
27046,DPM_CPS_MCB_MCU_MCY,9,EBA_MCU,true,EBA_MC_EBA_x0,,,
27047,DPM_CPS_MCB_MCU_MCY,9,EBA_CPS,true,EBA_CT_EBA_x20,,,
27048,DPM_CPS_MCB_MCU_MCY,10,EBA_MCY,true,EBA_MC_EBA_x135,,,
27049,DPM_CPS_MCB_MCU_MCY,10,EBA_MCB,true,EBA_MC_EBA_x810,,,
27050,DPM_CPS_MCB_MCU_MCY,10,EBA_MCU,true,EBA_MC_EBA_x0,,,
27051,DPM_CPS_MCB_MCU_MCY,10,EBA_CPS,true,EBA_CT_EBA_x20,,,
27052,DPM_CPS_MCB_MCU_MCY,11,EBA_MCY,true,EBA_MC_EBA_x135,,,
27053,DPM_CPS_MCB_MCU_MCY,11,EBA_MCB,true,EBA_MC_EBA_x807,,,
27054,DPM_CPS_MCB_MCU_MCY,11,EBA_MCU,true,EBA_MC_EBA_x0,,,
27055,DPM_CPS_MCB_MCU_MCY,11,EBA_CPS,true,EBA_CT_EBA_x18,,,
27056,DPM_CPS_MCB_MCU_MCY,12,EBA_MCY,true,EBA_MC_EBA_x135,,,
27057,DPM_CPS_MCB_MCU_MCY,12,EBA_MCB,true,EBA_MC_EBA_x808,,,
27058,DPM_CPS_MCB_MCU_MCY,12,EBA_MCU,true,EBA_MC_EBA_x0,,,
27059,DPM_CPS_MCB_MCE_TYH_IMS_APL_PUR,21,EBA_MCE,true,EBA_MC_EBA_x469,,,
27060,DPM_CPS_MCB_MCE_TYH_IMS_APL_PUR,21,EBA_CPS,true,EBA_CT_EBA_x18,,,
27061,DPM_CPS_MCB_MCE_TYH_IMS_APL_PUR,21,EBA_TYH,true,EBA_MC_EBA_x0,,,
27062,DPM_CPS_MCB_MCE_TYH_IMS_APL_PUR,21,EBA_PUR,true,EBA_PU_EBA_x0,,,
27063,DPM_CPS_MCB_MCE_TYH_IMS_APL_PUR,21,EBA_MCB,true,EBA_MC_EBA_x0,,,
27064,DPM_CPS_MCB_MCE_TYH_IMS_APL_PUR,21,EBA_IMS,true,EBA_IM_EBA_x0,,,
27065,DPM_CPS_MCB_MCE_TYH_IMS_APL_PUR,22,EBA_MCE,true,EBA_MC_EBA_x135,,,
27066,DPM_CPS_MCB_MCE_TYH_IMS_APL_PUR,22,EBA_CPS,true,EBA_CT_EBA_x18,,,
27067,DPM_CPS_MCB_MCE_TYH_IMS_APL_PUR,22,EBA_TYH,true,EBA_MC_EBA_x0,,,
27068,DPM_CPS_MCB_MCE_TYH_IMS_APL_PUR,22,EBA_PUR,true,EBA_PU_EBA_x0,,,
27069,DPM_CPS_MCB_MCE_TYH_IMS_APL_PUR,22,EBA_MCB,true,EBA_MC_EBA_x0,,,
27070,DPM_CPS_MCB_MCE_TYH_IMS_APL_PUR,22,EBA_IMS,true,EBA_IM_EBA_x0,,,
27071,DPM_CPS_MCB_MCE_TYH_IMS_APL_PUR,23,EBA_MCE,true,EBA_MC_EBA_x60,,,
27072,DPM_CPS_MCB_MCE_TYH_IMS_APL_PUR,23,EBA_CPS,true,EBA_CT_EBA_x10,,,
27073,DPM_CPS_MCB_MCE_TYH_IMS_APL_PUR,23,EBA_TYH,true,EBA_MC_EBA_x0,,,
27074,DPM_CPS_MCB_MCE_TYH_IMS_APL_PUR,23,EBA_PUR,true,EBA_PU_EBA_x0,,,
27075,DPM_CPS_MCB_MCE_TYH_IMS_APL_PUR,23,EBA_MCB,true,EBA_MC_EBA_x0,,,
27076,DPM_CPS_MCB_MCE_TYH_IMS_APL_PUR,23,EBA_IMS,true,EBA_IM_EBA_x0,,,
27077,DPM_CPS_MCB_MCE_TYH_IMS_APL_PUR,24,EBA_MCE,true,EBA_MC_EBA_x469,,,
27078,DPM_CPS_MCB_MCE_TYH_IMS_APL_PUR,24,EBA_CPS,true,EBA_CT_EBA_x10,,,
27079,DPM_CPS_MCB_MCE_TYH_IMS_APL_PUR,24,EBA_TYH,true,EBA_MC_EBA_x0,,,
27080,DPM_CPS_MCB_MCE_TYH_IMS_APL_PUR,24,EBA_PUR,true,EBA_PU_EBA_x0,,,
27081,DPM_CPS_MCB_MCE_TYH_IMS_APL_PUR,24,EBA_MCB,true,EBA_MC_EBA_x0,,,
27082,DPM_CPS_MCB_MCE_TYH_IMS_APL_PUR,24,EBA_IMS,true,EBA_IM_EBA_x0,,,
27083,DPM_CPS_MCB_MCE_TYH_IMS_APL_PUR,25,EBA_MCE,true,EBA_MC_EBA_x135,,,
27084,DPM_CPS_MCB_MCE_TYH_IMS_APL_PUR,25,EBA_CPS,true,EBA_CT_EBA_x10,,,
27085,DPM_CPS_MCB_MCE_TYH_IMS_APL_PUR,25,EBA_TYH,true,EBA_MC_EBA_x0,,,
27086,DPM_CPS_MCB_MCE_TYH_IMS_APL_PUR,25,EBA_PUR,true,EBA_PU_EBA_x0,,,
27087,DPM_CPS_MCB_MCE_TYH_IMS_APL_PUR,25,EBA_MCB,true,EBA_MC_EBA_x0,,,
27088,DPM_CPS_MCB_MCE_TYH_IMS_APL_PUR,25,EBA_IMS,true,EBA_IM_EBA_x0,,,
27089,DPM_CPS_MCB_MCE_TYH_IMS_APL_PUR,26,EBA_MCE,true,EBA_MC_EBA_x60,,,
27090,DPM_CPS_MCB_MCE_TYH_IMS_APL_PUR,26,EBA_CPS,true,EBA_CT_EBA_x12,,,
27091,DPM_CPS_MCB_MCE_TYH_IMS_APL_PUR,26,EBA_TYH,true,EBA_MC_EBA_x0,,,
27092,DPM_CPS_MCB_MCE_TYH_IMS_APL_PUR,26,EBA_PUR,true,EBA_PU_EBA_x0,,,
27093,DPM_CPS_MCB_MCE_TYH_IMS_APL_PUR,26,EBA_MCB,true,EBA_MC_EBA_x0,,,
27094,DPM_CPS_MCB_MCE_TYH_IMS_APL_PUR,26,EBA_IMS,true,EBA_IM_EBA_x0,,,
27095,DPM_CPS_MCB_MCE_TYH_IMS_APL_PUR,27,EBA_MCE,true,EBA_MC_EBA_x469,,,
27096,DPM_CPS_MCB_MCE_TYH_IMS_APL_PUR,27,EBA_CPS,true,EBA_CT_EBA_x12,,,
27097,DPM_CPS_MCB_MCE_TYH_IMS_APL_PUR,27,EBA_TYH,true,EBA_MC_EBA_x0,,,
27098,DPM_CPS_MCB_MCE_TYH_IMS_APL_PUR,27,EBA_PUR,true,EBA_PU_EBA_x0,,,
27099,DPM_CPS_MCB_MCE_TYH_IMS_APL_PUR,27,EBA_MCB,true,EBA_MC_EBA_x0,,,
27100,DPM_CPS_MCB_MCE_TYH_IMS_APL_PUR,27,EBA_IMS,true,EBA_IM_EBA_x0,,,
27101,DPM_CPS_MCB_MCE_TYH_IMS_APL_PUR,28,EBA_MCE,true,EBA_MC_EBA_x135,,,
27102,DPM_CPS_MCB_MCE_TYH_IMS_APL_PUR,28,EBA_CPS,true,EBA_CT_EBA_x12,,,
27103,DPM_CPS_MCB_MCE_TYH_IMS_APL_PUR,28,EBA_TYH,true,EBA_MC_EBA_x0,,,
27104,DPM_CPS_MCB_MCE_TYH_IMS_APL_PUR,28,EBA_PUR,true,EBA_PU_EBA_x0,,,
27105,DPM_CPS_MCB_MCE_TYH_IMS_APL_PUR,28,EBA_MCB,true,EBA_MC_EBA_x0,,,
27106,DPM_CPS_MCB_MCE_TYH_IMS_APL_PUR,28,EBA_IMS,true,EBA_IM_EBA_x0,,,
27107,DPM_CPS_MCB_MCE_TYH_IMS_APL_PUR,29,EBA_MCE,true,EBA_MC_EBA_x60,,,
27108,DPM_CPS_MCB_MCE_TYH_IMS_APL_PUR,29,EBA_CPS,true,EBA_CT_EBA_x1,,,
27109,DPM_CPS_MCB_MCE_TYH_IMS_APL_PUR,29,EBA_TYH,true,EBA_MC_EBA_x0,,,
27110,DPM_CPS_MCB_MCE_TYH_IMS_APL_PUR,29,EBA_PUR,true,EBA_PU_EBA_x0,,,
27111,DPM_CPS_MCB_MCE_TYH_IMS_APL_PUR,29,EBA_MCB,true,EBA_MC_EBA_x0,,,
27112,DPM_CPS_MCB_MCE_TYH_IMS_APL_PUR,29,EBA_IMS,true,EBA_IM_EBA_x0,,,
27113,DPM_CPS_MCB_MCE_TYH_IMS_APL_PUR,30,EBA_MCE,true,EBA_MC_EBA_x469,,,
27114,DPM_CPS_MCB_MCE_TYH_IMS_APL_PUR,30,EBA_CPS,true,EBA_CT_EBA_x1,,,
27115,DPM_CPS_MCB_MCE_TYH_IMS_APL_PUR,30,EBA_TYH,true,EBA_MC_EBA_x0,,,
27116,DPM_CPS_MCB_MCE_TYH_IMS_APL_PUR,30,EBA_PUR,true,EBA_PU_EBA_x0,,,
27117,DPM_CPS_MCB_MCE_TYH_IMS_APL_PUR,30,EBA_MCB,true,EBA_MC_EBA_x0,,,
27118,DPM_CPS_MCB_MCE_TYH_IMS_APL_PUR,30,EBA_IMS,true,EBA_IM_EBA_x0,,,
27119,DPM_CPS_MCB_MCE_TYH_IMS_APL_PUR,31,EBA_MCE,true,EBA_MC_EBA_x135,,,
27120,DPM_CPS_MCB_MCE_TYH_IMS_APL_PUR,31,EBA_CPS,true,EBA_CT_EBA_x1,,,
27121,DPM_CPS_MCB_MCE_TYH_IMS_APL_PUR,31,EBA_TYH,true,EBA_MC_EBA_x0,,,
27122,DPM_CPS_MCB_MCE_TYH_IMS_APL_PUR,31,EBA_PUR,true,EBA_PU_EBA_x0,,,
27123,DPM_CPS_MCB_MCE_TYH_IMS_APL_PUR,31,EBA_MCB,true,EBA_MC_EBA_x0,,,
27124,DPM_CPS_MCB_MCE_TYH_IMS_APL_PUR,31,EBA_IMS,true,EBA_IM_EBA_x0,,,
27125,DPM_CPS_MCB_MCU_MCY,0,EBA_MCY,true,EBA_MC_EBA_x135,,,
27126,DPM_CPS_MCB_MCU_MCY,0,EBA_MCB,true,EBA_MC_EBA_x0,,,
27127,DPM_CPS_MCB_MCU_MCY,0,EBA_MCU,true,EBA_MC_EBA_x0,,,
27128,DPM_CPS_MCB_MCU_MCY,0,EBA_CPS,true,EBA_CT_EBA_x0,,,
27129,DPM_CPS_MCB_MCU_MCY,1,EBA_MCY,true,EBA_MC_EBA_x135,,,
27130,DPM_CPS_MCB_MCU_MCY,1,EBA_MCB,true,EBA_MC_EBA_x807,,,
27131,DPM_CPS_MCB_MCU_MCY,1,EBA_MCU,true,EBA_MC_EBA_x0,,,
27132,DPM_CPS_MCB_MCU_MCY,1,EBA_CPS,true,EBA_CT_EBA_x5,,,
27133,DPM_CPS_MCB_MCU_MCY,2,EBA_MCY,true,EBA_MC_EBA_x135,,,
27134,DPM_CPS_MCB_MCU_MCY,2,EBA_MCB,true,EBA_MC_EBA_x808,,,
27135,DPM_CPS_MCB_MCU_MCY,2,EBA_MCU,true,EBA_MC_EBA_x0,,,
27136,DPM_CPS_MCB_MCU_MCY,2,EBA_CPS,true,EBA_CT_EBA_x5,,,
27137,DPM_CPS_MCB_MCU_MCY,3,EBA_MCY,true,EBA_MC_EBA_x135,,,
27138,DPM_CPS_MCB_MCU_MCY,3,EBA_MCB,true,EBA_MC_EBA_x809,,,
27139,DPM_CPS_MCB_MCU_MCY,3,EBA_MCU,true,EBA_MC_EBA_x0,,,
27140,DPM_CPS_MCB_MCU_MCY,3,EBA_CPS,true,EBA_CT_EBA_x5,,,
27141,DPM_CPS_MCB_MCU_MCY,4,EBA_MCY,true,EBA_MC_EBA_x135,,,
27142,DPM_CPS_MCB_MCU_MCY,4,EBA_MCB,true,EBA_MC_EBA_x0,,,
27143,DPM_CPS_MCB_MCU_MCY,4,EBA_MCU,true,EBA_MC_EBA_x0,,,
27144,DPM_CPS_MCB_MCU_MCY,4,EBA_CPS,true,EBA_CT_EBA_x5,,,
27145,DPM_CPS_MCB_MCU_MCY,5,EBA_MCY,true,EBA_MC_EBA_x135,,,
27146,DPM_CPS_MCB_MCU_MCY,5,EBA_MCB,true,EBA_MC_EBA_x810,,,
27147,DPM_CPS_MCB_MCU_MCY,5,EBA_MCU,true,EBA_MC_EBA_x0,,,
27148,DPM_CPS_MCB_MCU_MCY,5,EBA_CPS,true,EBA_CT_EBA_x5,,,
27149,DPM_CPS_MCB_MCU_MCY,6,EBA_MCY,true,EBA_MC_EBA_x135,,,
27150,DPM_CPS_MCB_MCU_MCY,6,EBA_MCB,true,EBA_MC_EBA_x807,,,
27151,DPM_CPS_MCB_MCU_MCY,6,EBA_MCU,true,EBA_MC_EBA_x0,,,
27152,DPM_CPS_MCB_MCU_MCY,6,EBA_CPS,true,EBA_CT_EBA_x20,,,
27153,DPM_CPS_MCB_MCU_MCY,7,EBA_MCY,true,EBA_MC_EBA_x135,,,
27154,DPM_CPS_MCB_MCU_MCY,7,EBA_MCB,true,EBA_MC_EBA_x808,,,
27155,DPM_CPS_MCB_MCU_MCY,7,EBA_MCU,true,EBA_MC_EBA_x0,,,
27156,DPM_CPS_MCB_MCU_MCY,7,EBA_CPS,true,EBA_CT_EBA_x20,,,
27157,DPM_CPS_MCB_MCU_MCY,8,EBA_MCY,true,EBA_MC_EBA_x135,,,
27158,DPM_CPS_MCB_MCU_MCY,8,EBA_MCB,true,EBA_MC_EBA_x809,,,
27159,DPM_CPS_MCB_MCU_MCY,8,EBA_MCU,true,EBA_MC_EBA_x0,,,
27160,DPM_CPS_MCB_MCU_MCY,8,EBA_CPS,true,EBA_CT_EBA_x20,,,
27161,DPM_CPS_MCB_MCE_TYH_IMS_APL_PUR,0,EBA_MCE,true,EBA_MC_EBA_x677,,,
27162,DPM_CPS_MCB_MCE_TYH_IMS_APL_PUR,0,EBA_CPS,true,EBA_CT_EBA_x0,,,
27163,DPM_CPS_MCB_MCE_TYH_IMS_APL_PUR,0,EBA_TYH,true,EBA_MC_EBA_x0,,,
27164,DPM_CPS_MCB_MCE_TYH_IMS_APL_PUR,0,EBA_PUR,true,EBA_PU_EBA_x0,,,
27165,DPM_CPS_MCB_MCE_TYH_IMS_APL_PUR,0,EBA_MCB,true,EBA_MC_EBA_x0,,,
27166,DPM_CPS_MCB_MCE_TYH_IMS_APL_PUR,0,EBA_IMS,true,EBA_IM_EBA_x0,,,
27167,DPM_CPS_MCB_MCE_TYH_IMS_APL_PUR,1,EBA_MCE,true,EBA_MC_EBA_x36,,,
27168,DPM_CPS_MCB_MCE_TYH_IMS_APL_PUR,1,EBA_CPS,true,EBA_CT_EBA_x0,,,
27169,DPM_CPS_MCB_MCE_TYH_IMS_APL_PUR,1,EBA_TYH,true,EBA_MC_EBA_x0,,,
27170,DPM_CPS_MCB_MCE_TYH_IMS_APL_PUR,1,EBA_PUR,true,EBA_PU_EBA_x0,,,
27171,DPM_CPS_MCB_MCE_TYH_IMS_APL_PUR,1,EBA_MCB,true,EBA_MC_EBA_x0,,,
27172,DPM_CPS_MCB_MCE_TYH_IMS_APL_PUR,1,EBA_IMS,true,EBA_IM_EBA_x0,,,
27173,DPM_CPS_MCB_MCE_TYH_IMS_APL_PUR,2,EBA_MCE,true,EBA_MC_EBA_x219,,,
27174,DPM_CPS_MCB_MCE_TYH_IMS_APL_PUR,2,EBA_CPS,true,EBA_CT_EBA_x0,,,
27175,DPM_CPS_MCB_MCE_TYH_IMS_APL_PUR,2,EBA_TYH,true,EBA_MC_EBA_x0,,,
27176,DPM_CPS_MCB_MCE_TYH_IMS_APL_PUR,2,EBA_PUR,true,EBA_PU_EBA_x0,,,
27177,DPM_CPS_MCB_MCE_TYH_IMS_APL_PUR,2,EBA_MCB,true,EBA_MC_EBA_x0,,,
27178,DPM_CPS_MCB_MCE_TYH_IMS_APL_PUR,2,EBA_IMS,true,EBA_IM_EBA_x0,,,
27179,DPM_CPS_MCB_MCE_TYH_IMS_APL_PUR,3,EBA_MCE,true,EBA_MC_EBA_x146,,,
27180,DPM_CPS_MCB_MCE_TYH_IMS_APL_PUR,3,EBA_CPS,true,EBA_CT_EBA_x0,,,
27181,DPM_CPS_MCB_MCE_TYH_IMS_APL_PUR,3,EBA_TYH,true,EBA_MC_EBA_x0,,,
27182,DPM_CPS_MCB_MCE_TYH_IMS_APL_PUR,3,EBA_PUR,true,EBA_PU_EBA_x0,,,
27183,DPM_CPS_MCB_MCE_TYH_IMS_APL_PUR,3,EBA_MCB,true,EBA_MC_EBA_x0,,,
27184,DPM_CPS_MCB_MCE_TYH_IMS_APL_PUR,3,EBA_IMS,true,EBA_IM_EBA_x0,,,
27185,DPM_CPS_MCB_MCE_TYH_IMS_APL_PUR,4,EBA_MCE,true,EBA_MC_EBA_x469,,,
27186,DPM_CPS_MCB_MCE_TYH_IMS_APL_PUR,4,EBA_CPS,true,EBA_CT_EBA_x0,,,
27187,DPM_CPS_MCB_MCE_TYH_IMS_APL_PUR,4,EBA_TYH,true,EBA_MC_EBA_x0,,,
27188,DPM_CPS_MCB_MCE_TYH_IMS_APL_PUR,4,EBA_PUR,true,EBA_PU_EBA_x0,,,
27189,DPM_CPS_MCB_MCE_TYH_IMS_APL_PUR,4,EBA_MCB,true,EBA_MC_EBA_x0,,,
27190,DPM_CPS_MCB_MCE_TYH_IMS_APL_PUR,4,EBA_IMS,true,EBA_IM_EBA_x0,,,
27191,DPM_CPS_MCB_MCE_TYH_IMS_APL_PUR,5,EBA_MCE,true,EBA_MC_EBA_x423,,,
27192,DPM_CPS_MCB_MCE_TYH_IMS_APL_PUR,5,EBA_CPS,true,EBA_CT_EBA_x0,,,
27193,DPM_CPS_MCB_MCE_TYH_IMS_APL_PUR,5,EBA_TYH,true,EBA_MC_EBA_x0,,,
27194,DPM_CPS_MCB_MCE_TYH_IMS_APL_PUR,5,EBA_PUR,true,EBA_PU_EBA_x0,,,
27195,DPM_CPS_MCB_MCE_TYH_IMS_APL_PUR,5,EBA_MCB,true,EBA_MC_EBA_x0,,,
27196,DPM_CPS_MCB_MCE_TYH_IMS_APL_PUR,5,EBA_IMS,true,EBA_IM_EBA_x0,,,
27197,DPM_CPS_MCB_MCE_TYH_IMS_APL_PUR,6,EBA_MCE,true,EBA_MC_EBA_x423,,,
27198,DPM_CPS_MCB_MCE_TYH_IMS_APL_PUR,6,EBA_CPS,true,EBA_CT_EBA_x0,,,
27199,DPM_CPS_MCB_MCE_TYH_IMS_APL_PUR,6,EBA_TYH,true,EBA_MC_EBA_x0,,,
27200,DPM_CPS_MCB_MCE_TYH_IMS_APL_PUR,6,EBA_PUR,true,EBA_PU_EBA_x0,,,
27201,DPM_CPS_MCB_MCE_TYH_IMS_APL_PUR,6,EBA_MCB,true,EBA_MC_EBA_x0,,,
27202,DPM_CPS_MCB_MCE_TYH_IMS_APL_PUR,6,EBA_IMS,true,EBA_IM_EBA_x35,,,
27203,DPM_CPS_MCB_MCE_TYH_IMS_APL_PUR,7,EBA_MCE,true,EBA_MC_EBA_x99,,,
27204,DPM_CPS_MCB_MCE_TYH_IMS_APL_PUR,7,EBA_CPS,true,EBA_CT_EBA_x0,,,
27205,DPM_CPS_MCB_MCE_TYH_IMS_APL_PUR,7,EBA_TYH,true,EBA_MC_EBA_x0,,,
27206,DPM_CPS_MCB_MCE_TYH_IMS_APL_PUR,7,EBA_PUR,true,EBA_PU_EBA_x0,,,
27207,DPM_CPS_MCB_MCE_TYH_IMS_APL_PUR,7,EBA_MCB,true,EBA_MC_EBA_x0,,,
27208,DPM_CPS_MCB_MCE_TYH_IMS_APL_PUR,7,EBA_IMS,true,EBA_IM_EBA_x0,,,
27209,DPM_CPS_MCB_MCE_TYH_IMS_APL_PUR,8,EBA_MCE,true,EBA_MC_EBA_x99,,,
27210,DPM_CPS_MCB_MCE_TYH_IMS_APL_PUR,8,EBA_CPS,true,EBA_CT_EBA_x0,,,
27211,DPM_CPS_MCB_MCE_TYH_IMS_APL_PUR,8,EBA_TYH,true,EBA_MC_EBA_x692,,,
27212,DPM_CPS_MCB_MCE_TYH_IMS_APL_PUR,8,EBA_PUR,true,EBA_PU_EBA_x0,,,
27213,DPM_CPS_MCB_MCE_TYH_IMS_APL_PUR,8,EBA_MCB,true,EBA_MC_EBA_x0,,,
27214,DPM_CPS_MCB_MCE_TYH_IMS_APL_PUR,8,EBA_IMS,true,EBA_IM_EBA_x0,,,
27215,DPM_CPS_MCB_MCE_TYH_IMS_APL_PUR,9,EBA_MCE,true,EBA_MC_EBA_x135,,,
27216,DPM_CPS_MCB_MCE_TYH_IMS_APL_PUR,9,EBA_CPS,true,EBA_CT_EBA_x0,,,
27217,DPM_CPS_MCB_MCE_TYH_IMS_APL_PUR,9,EBA_TYH,true,EBA_MC_EBA_x0,,,
27218,DPM_CPS_MCB_MCE_TYH_IMS_APL_PUR,9,EBA_PUR,true,EBA_PU_EBA_x0,,,
27219,DPM_CPS_MCB_MCE_TYH_IMS_APL_PUR,9,EBA_MCB,true,EBA_MC_EBA_x0,,,
27220,DPM_CPS_MCB_MCE_TYH_IMS_APL_PUR,9,EBA_IMS,true,EBA_IM_EBA_x0,,,
27221,DPM_CPS_MCB_MCE_TYH_IMS_APL_PUR,10,EBA_MCE,true,EBA_MC_EBA_x264,,,
27222,DPM_CPS_MCB_MCE_TYH_IMS_APL_PUR,10,EBA_CPS,true,EBA_CT_EBA_x0,,,
27223,DPM_CPS_MCB_MCE_TYH_IMS_APL_PUR,10,EBA_TYH,true,EBA_MC_EBA_x0,,,
27224,DPM_CPS_MCB_MCE_TYH_IMS_APL_PUR,10,EBA_PUR,true,EBA_PU_EBA_x0,,,
27225,DPM_CPS_MCB_MCE_TYH_IMS_APL_PUR,10,EBA_MCB,true,EBA_MC_EBA_x0,,,
27226,DPM_CPS_MCB_MCE_TYH_IMS_APL_PUR,10,EBA_IMS,true,EBA_IM_EBA_x0,,,
27227,DPM_CPS_MCB_MCE_TYH_IMS_APL_PUR,11,EBA_MCE,true,EBA_MC_EBA_x734,,,
27228,DPM_CPS_MCB_MCE_TYH_IMS_APL_PUR,11,EBA_CPS,true,EBA_CT_EBA_x0,,,
27229,DPM_CPS_MCB_MCE_TYH_IMS_APL_PUR,11,EBA_TYH,true,EBA_MC_EBA_x0,,,
27230,DPM_CPS_MCB_MCE_TYH_IMS_APL_PUR,11,EBA_PUR,true,EBA_PU_EBA_x0,,,
27231,DPM_CPS_MCB_MCE_TYH_IMS_APL_PUR,11,EBA_MCB,true,EBA_MC_EBA_x733,,,
27232,DPM_CPS_MCB_MCE_TYH_IMS_APL_PUR,11,EBA_IMS,true,EBA_IM_EBA_x0,,,
27233,DPM_CPS_MCB_MCE_TYH_IMS_APL_PUR,12,EBA_MCE,true,EBA_MC_EBA_x60,,,
27234,DPM_CPS_MCB_MCE_TYH_IMS_APL_PUR,12,EBA_CPS,true,EBA_CT_EBA_x0,,,
27235,DPM_CPS_MCB_MCE_TYH_IMS_APL_PUR,12,EBA_TYH,true,EBA_MC_EBA_x0,,,
27236,DPM_CPS_MCB_MCE_TYH_IMS_APL_PUR,12,EBA_PUR,true,EBA_PU_EBA_x0,,,
27237,DPM_CPS_MCB_MCE_TYH_IMS_APL_PUR,12,EBA_MCB,true,EBA_MC_EBA_x0,,,
27238,DPM_CPS_MCB_MCE_TYH_IMS_APL_PUR,12,EBA_IMS,true,EBA_IM_EBA_x0,,,
27239,DPM_CPS_MCB_MCE_TYH_IMS_APL_PUR,13,EBA_MCE,true,EBA_MC_EBA_x469,,,
27240,DPM_CPS_MCB_MCE_TYH_IMS_APL_PUR,13,EBA_CPS,true,EBA_CT_EBA_x5,,,
27241,DPM_CPS_MCB_MCE_TYH_IMS_APL_PUR,13,EBA_TYH,true,EBA_MC_EBA_x0,,,
27242,DPM_CPS_MCB_MCE_TYH_IMS_APL_PUR,13,EBA_PUR,true,EBA_PU_EBA_x1,,,
27243,DPM_CPS_MCB_MCE_TYH_IMS_APL_PUR,13,EBA_MCB,true,EBA_MC_EBA_x0,,,
27244,DPM_CPS_MCB_MCE_TYH_IMS_APL_PUR,13,EBA_IMS,true,EBA_IM_EBA_x0,,,
27245,DPM_CPS_MCB_MCE_TYH_IMS_APL_PUR,14,EBA_MCE,true,EBA_MC_EBA_x469,,,
27246,DPM_CPS_MCB_MCE_TYH_IMS_APL_PUR,14,EBA_CPS,true,EBA_CT_EBA_x5,,,
27247,DPM_CPS_MCB_MCE_TYH_IMS_APL_PUR,14,EBA_TYH,true,EBA_MC_EBA_x0,,,
27248,DPM_CPS_MCB_MCE_TYH_IMS_APL_PUR,14,EBA_PUR,true,EBA_PU_EBA_x0,,,
27249,DPM_CPS_MCB_MCE_TYH_IMS_APL_PUR,14,EBA_MCB,true,EBA_MC_EBA_x0,,,
27250,DPM_CPS_MCB_MCE_TYH_IMS_APL_PUR,14,EBA_IMS,true,EBA_IM_EBA_x0,,,
27251,DPM_CPS_MCB_MCE_TYH_IMS_APL_PUR,15,EBA_MCE,true,EBA_MC_EBA_x469,,,
27252,DPM_CPS_MCB_MCE_TYH_IMS_APL_PUR,15,EBA_CPS,true,EBA_CT_EBA_x5,,,
27253,DPM_CPS_MCB_MCE_TYH_IMS_APL_PUR,15,EBA_TYH,true,EBA_MC_EBA_x0,,,
27254,DPM_CPS_MCB_MCE_TYH_IMS_APL_PUR,15,EBA_PUR,true,EBA_PU_EBA_x3,,,
27255,DPM_CPS_MCB_MCE_TYH_IMS_APL_PUR,15,EBA_MCB,true,EBA_MC_EBA_x0,,,
27256,DPM_CPS_MCB_MCE_TYH_IMS_APL_PUR,15,EBA_IMS,true,EBA_IM_EBA_x0,,,
27257,DPM_CPS_MCB_MCE_TYH_IMS_APL_PUR,16,EBA_MCE,true,EBA_MC_EBA_x135,,,
27258,DPM_CPS_MCB_MCE_TYH_IMS_APL_PUR,16,EBA_CPS,true,EBA_CT_EBA_x5,,,
27259,DPM_CPS_MCB_MCE_TYH_IMS_APL_PUR,16,EBA_TYH,true,EBA_MC_EBA_x0,,,
27260,DPM_CPS_MCB_MCE_TYH_IMS_APL_PUR,16,EBA_PUR,true,EBA_PU_EBA_x0,,,
27261,DPM_CPS_MCB_MCE_TYH_IMS_APL_PUR,16,EBA_MCB,true,EBA_MC_EBA_x0,,,
27262,DPM_CPS_MCB_MCE_TYH_IMS_APL_PUR,16,EBA_IMS,true,EBA_IM_EBA_x0,,,
27263,DPM_CPS_MCB_MCE_TYH_IMS_APL_PUR,17,EBA_MCE,true,EBA_MC_EBA_x60,,,
27264,DPM_CPS_MCB_MCE_TYH_IMS_APL_PUR,17,EBA_CPS,true,EBA_CT_EBA_x20,,,
27265,DPM_CPS_MCB_MCE_TYH_IMS_APL_PUR,17,EBA_TYH,true,EBA_MC_EBA_x0,,,
27266,DPM_CPS_MCB_MCE_TYH_IMS_APL_PUR,17,EBA_PUR,true,EBA_PU_EBA_x0,,,
27267,DPM_CPS_MCB_MCE_TYH_IMS_APL_PUR,17,EBA_MCB,true,EBA_MC_EBA_x0,,,
27268,DPM_CPS_MCB_MCE_TYH_IMS_APL_PUR,17,EBA_IMS,true,EBA_IM_EBA_x0,,,
27269,DPM_CPS_MCB_MCE_TYH_IMS_APL_PUR,18,EBA_MCE,true,EBA_MC_EBA_x469,,,
27270,DPM_CPS_MCB_MCE_TYH_IMS_APL_PUR,18,EBA_CPS,true,EBA_CT_EBA_x20,,,
27271,DPM_CPS_MCB_MCE_TYH_IMS_APL_PUR,18,EBA_TYH,true,EBA_MC_EBA_x0,,,
27272,DPM_CPS_MCB_MCE_TYH_IMS_APL_PUR,18,EBA_PUR,true,EBA_PU_EBA_x0,,,
27273,DPM_CPS_MCB_MCE_TYH_IMS_APL_PUR,18,EBA_MCB,true,EBA_MC_EBA_x0,,,
27274,DPM_CPS_MCB_MCE_TYH_IMS_APL_PUR,18,EBA_IMS,true,EBA_IM_EBA_x0,,,
27275,DPM_CPS_MCB_MCE_TYH_IMS_APL_PUR,19,EBA_MCE,true,EBA_MC_EBA_x135,,,
27276,DPM_CPS_MCB_MCE_TYH_IMS_APL_PUR,19,EBA_CPS,true,EBA_CT_EBA_x20,,,
27277,DPM_CPS_MCB_MCE_TYH_IMS_APL_PUR,19,EBA_TYH,true,EBA_MC_EBA_x0,,,
27278,DPM_CPS_MCB_MCE_TYH_IMS_APL_PUR,19,EBA_PUR,true,EBA_PU_EBA_x0,,,
27279,DPM_CPS_MCB_MCE_TYH_IMS_APL_PUR,19,EBA_MCB,true,EBA_MC_EBA_x0,,,
27280,DPM_CPS_MCB_MCE_TYH_IMS_APL_PUR,19,EBA_IMS,true,EBA_IM_EBA_x0,,,
27281,DPM_CPS_MCB_MCE_TYH_IMS_APL_PUR,20,EBA_MCE,true,EBA_MC_EBA_x60,,,
27282,DPM_CPS_MCB_MCE_TYH_IMS_APL_PUR,20,EBA_CPS,true,EBA_CT_EBA_x18,,,
27283,DPM_CPS_MCB_MCE_TYH_IMS_APL_PUR,20,EBA_TYH,true,EBA_MC_EBA_x0,,,
27284,DPM_CPS_MCB_MCE_TYH_IMS_APL_PUR,20,EBA_PUR,true,EBA_PU_EBA_x0,,,
27285,DPM_CPS_MCB_MCE_TYH_IMS_APL_PUR,20,EBA_MCB,true,EBA_MC_EBA_x0,,,
27286,DPM_CPS_MCB_MCE_TYH_IMS_APL_PUR,20,EBA_IMS,true,EBA_IM_EBA_x0,,,
27287,DPM_CPS_MCB_MCU_MCY,23,EBA_MCY,true,EBA_MC_EBA_x135,,,
27288,DPM_CPS_MCB_MCU_MCY,23,EBA_MCB,true,EBA_MC_EBA_x809,,,
27289,DPM_CPS_MCB_MCU_MCY,23,EBA_MCU,true,EBA_MC_EBA_x0,,,
27290,DPM_CPS_MCB_MCU_MCY,23,EBA_CPS,true,EBA_CT_EBA_x12,,,
27291,DPM_CPS_MCB_MCU_MCY,24,EBA_MCY,true,EBA_MC_EBA_x135,,,
27292,DPM_CPS_MCB_MCU_MCY,24,EBA_MCB,true,EBA_MC_EBA_x0,,,
27293,DPM_CPS_MCB_MCU_MCY,24,EBA_MCU,true,EBA_MC_EBA_x0,,,
27294,DPM_CPS_MCB_MCU_MCY,24,EBA_CPS,true,EBA_CT_EBA_x12,,,
27295,DPM_CPS_MCB_MCU_MCY,25,EBA_MCY,true,EBA_MC_EBA_x135,,,
27296,DPM_CPS_MCB_MCU_MCY,25,EBA_MCB,true,EBA_MC_EBA_x810,,,
27297,DPM_CPS_MCB_MCU_MCY,25,EBA_MCU,true,EBA_MC_EBA_x0,,,
27298,DPM_CPS_MCB_MCU_MCY,25,EBA_CPS,true,EBA_CT_EBA_x12,,,
27299,DPM_CPS_MCB_MCU_MCY,26,EBA_MCY,true,EBA_MC_EBA_x135,,,
27300,DPM_CPS_MCB_MCU_MCY,26,EBA_MCB,true,EBA_MC_EBA_x807,,,
27301,DPM_CPS_MCB_MCU_MCY,26,EBA_MCU,true,EBA_MC_EBA_x0,,,
27302,DPM_CPS_MCB_MCU_MCY,26,EBA_CPS,true,EBA_CT_EBA_x1,,,
27303,DPM_CPS_MCB_MCU_MCY,27,EBA_MCY,true,EBA_MC_EBA_x135,,,
27304,DPM_CPS_MCB_MCU_MCY,27,EBA_MCB,true,EBA_MC_EBA_x808,,,
27305,DPM_CPS_MCB_MCU_MCY,27,EBA_MCU,true,EBA_MC_EBA_x0,,,
27306,DPM_CPS_MCB_MCU_MCY,27,EBA_CPS,true,EBA_CT_EBA_x1,,,
27307,DPM_CPS_MCB_MCU_MCY,28,EBA_MCY,true,EBA_MC_EBA_x135,,,
27308,DPM_CPS_MCB_MCU_MCY,28,EBA_MCB,true,EBA_MC_EBA_x809,,,
27309,DPM_CPS_MCB_MCU_MCY,28,EBA_MCU,true,EBA_MC_EBA_x0,,,
27310,DPM_CPS_MCB_MCU_MCY,28,EBA_CPS,true,EBA_CT_EBA_x1,,,
27311,DPM_CPS_MCB_MCU_MCY,29,EBA_MCY,true,EBA_MC_EBA_x135,,,
27312,DPM_CPS_MCB_MCU_MCY,29,EBA_MCB,true,EBA_MC_EBA_x0,,,
27313,DPM_CPS_MCB_MCU_MCY,29,EBA_MCU,true,EBA_MC_EBA_x0,,,
27314,DPM_CPS_MCB_MCU_MCY,29,EBA_CPS,true,EBA_CT_EBA_x1,,,
27315,DPM_CPS_MCB_MCU_MCY,30,EBA_MCY,true,EBA_MC_EBA_x135,,,
27316,DPM_CPS_MCB_MCU_MCY,30,EBA_MCB,true,EBA_MC_EBA_x810,,,
27317,DPM_CPS_MCB_MCU_MCY,30,EBA_MCU,true,EBA_MC_EBA_x0,,,
27318,DPM_CPS_MCB_MCU_MCY,30,EBA_CPS,true,EBA_CT_EBA_x1,,,
27319,DPM_CPS_MCB_MCU_MCY,31,EBA_MCY,true,EBA_MC_EBA_x264,,,
27320,DPM_CPS_MCB_MCU_MCY,31,EBA_MCB,true,EBA_MC_EBA_x729,,,
27321,DPM_CPS_MCB_MCU_MCY,31,EBA_MCU,true,EBA_MC_EBA_x0,,,
27322,DPM_CPS_MCB_MCU_MCY,31,EBA_CPS,true,EBA_CT_EBA_x0,,,
27323,DPM_CPS_MCB_MCU_MCY,32,EBA_MCY,true,EBA_MC_EBA_x99,,,
27324,DPM_CPS_MCB_MCU_MCY,32,EBA_MCB,true,EBA_MC_EBA_x0,,,
27325,DPM_CPS_MCB_MCU_MCY,32,EBA_MCU,true,EBA_MC_EBA_x0,,,
27326,DPM_CPS_MCB_MCU_MCY,32,EBA_CPS,true,EBA_CT_EBA_x0,,,
27327,DPM_CPS_MCB_MCU_MCY,33,EBA_MCY,true,EBA_MC_EBA_x264,,,
27328,DPM_CPS_MCB_MCU_MCY,33,EBA_MCB,true,EBA_MC_EBA_x0,,,
27329,DPM_CPS_MCB_MCU_MCY,33,EBA_MCU,true,EBA_MC_EBA_x0,,,
27330,DPM_CPS_MCB_MCU_MCY,33,EBA_CPS,true,EBA_CT_EBA_x0,,,
27331,DPM_CPS_MCB_MCU_MCY,34,EBA_MCY,true,EBA_MC_EBA_x146,,,
27332,DPM_CPS_MCB_MCU_MCY,34,EBA_MCB,true,EBA_MC_EBA_x803,,,
27333,DPM_CPS_MCB_MCU_MCY,34,EBA_MCU,true,EBA_MC_EBA_x0,,,
27334,DPM_CPS_MCB_MCU_MCY,34,EBA_CPS,true,EBA_CT_EBA_x0,,,
27335,DPM_CPS_MCB_MCU_MCY,35,EBA_MCY,true,EBA_MC_EBA_x146,,,
27336,DPM_CPS_MCB_MCU_MCY,35,EBA_MCB,true,EBA_MC_EBA_x804,,,
27337,DPM_CPS_MCB_MCU_MCY,35,EBA_MCU,true,EBA_MC_EBA_x0,,,
27338,DPM_CPS_MCB_MCU_MCY,35,EBA_CPS,true,EBA_CT_EBA_x0,,,
27339,DPM_CPS_MCB_MCU_MCY,36,EBA_MCY,true,EBA_MC_EBA_x146,,,
27340,DPM_CPS_MCB_MCU_MCY,36,EBA_MCB,true,EBA_MC_EBA_x805,,,
27341,DPM_CPS_MCB_MCU_MCY,36,EBA_MCU,true,EBA_MC_EBA_x0,,,
27342,DPM_CPS_MCB_MCU_MCY,36,EBA_CPS,true,EBA_CT_EBA_x0,,,
27343,DPM_CPS_MCB_MCU_MCY,37,EBA_MCY,true,EBA_MC_EBA_x146,,,
27344,DPM_CPS_MCB_MCU_MCY,37,EBA_MCB,true,EBA_MC_EBA_x806,,,
27345,DPM_CPS_MCB_MCU_MCY,37,EBA_MCU,true,EBA_MC_EBA_x0,,,
27346,DPM_CPS_MCB_MCU_MCY,37,EBA_CPS,true,EBA_CT_EBA_x0,,,
27347,DPM_CPS_MCB_MCU_MCY,38,EBA_MCY,true,EBA_MC_EBA_x146,,,
27348,DPM_CPS_MCB_MCU_MCY,38,EBA_MCB,true,EBA_MC_EBA_x800,,,
27349,DPM_CPS_MCB_MCU_MCY,38,EBA_MCU,true,EBA_MC_EBA_x0,,,
27350,DPM_CPS_MCB_MCU_MCY,38,EBA_CPS,true,EBA_CT_EBA_x0,,,
27351,DPM_CPS_MCB_MCU_MCY,39,EBA_MCY,true,EBA_MC_EBA_x146,,,
27352,DPM_CPS_MCB_MCU_MCY,39,EBA_MCB,true,EBA_MC_EBA_x801,,,
27353,DPM_CPS_MCB_MCU_MCY,39,EBA_MCU,true,EBA_MC_EBA_x0,,,
27354,DPM_CPS_MCB_MCU_MCY,39,EBA_CPS,true,EBA_CT_EBA_x0,,,
27355,DPM_CPS_MCB_MCU_MCY,40,EBA_MCY,true,EBA_MC_EBA_x146,,,
27356,DPM_CPS_MCB_MCU_MCY,40,EBA_MCB,true,EBA_MC_EBA_x802,,,
27357,DPM_CPS_MCB_MCU_MCY,40,EBA_MCU,true,EBA_MC_EBA_x0,,,
27358,DPM_CPS_MCB_MCU_MCY,40,EBA_CPS,true,EBA_CT_EBA_x0,,,
27359,DPM_CPS_MCB_MCU_MCY,41,EBA_MCY,true,EBA_MC_EBA_x146,,,
27360,DPM_CPS_MCB_MCU_MCY,41,EBA_MCB,true,EBA_MC_EBA_x0,,,
27361,DPM_CPS_MCB_MCU_MCY,41,EBA_MCU,true,EBA_MC_EBA_x0,,,
27362,DPM_CPS_MCB_MCU_MCY,41,EBA_CPS,true,EBA_CT_EBA_x0,,,
27363,DPM_CPS_MCB_MCU_MCY,42,EBA_MCY,true,EBA_MC_EBA_x323,,,
27364,DPM_CPS_MCB_MCU_MCY,42,EBA_MCB,true,EBA_MC_EBA_x0,,,
27365,DPM_CPS_MCB_MCU_MCY,42,EBA_MCU,true,EBA_MC_EBA_x0,,,
27366,DPM_CPS_MCB_MCU_MCY,42,EBA_CPS,true,EBA_CT_EBA_x0,,,
27367,DPM_CPS_MCB_MCU_MCY,43,EBA_MCY,true,EBA_MC_EBA_x323,,,
27368,DPM_CPS_MCB_MCU_MCY,43,EBA_MCB,true,EBA_MC_EBA_x0,,,
27369,DPM_CPS_MCB_MCU_MCY,43,EBA_MCU,true,EBA_MC_EBA_x60,,,
27370,DPM_CPS_MCB_MCU_MCY,43,EBA_CPS,true,EBA_CT_EBA_x0,,,
27371,DPM_CPS_MCB_MCU_MCY,44,EBA_MCY,true,EBA_MC_EBA_x323,,,
27372,DPM_CPS_MCB_MCU_MCY,44,EBA_MCB,true,EBA_MC_EBA_x0,,,
27373,DPM_CPS_MCB_MCU_MCY,44,EBA_MCU,true,EBA_MC_EBA_x130,,,
27374,DPM_CPS_MCB_MCU_MCY,44,EBA_CPS,true,EBA_CT_EBA_x0,,,
27375,DPM_CPS_MCE_TYH_IMS_APL,0,EBA_MCE,true,EBA_MC_EBA_x677,,,
27376,DPM_CPS_MCE_TYH_IMS_APL,0,EBA_APL,true,EBA_PL_EBA_x0,,,
27377,DPM_CPS_MCE_TYH_IMS_APL,0,EBA_CPS,true,EBA_CT_EBA_x0,,,
27378,DPM_CPS_MCE_TYH_IMS_APL,0,EBA_TYH,true,EBA_MC_EBA_x0,,,
27379,DPM_CPS_MCE_TYH_IMS_APL,0,EBA_IMS,true,EBA_IM_EBA_x0,,,
27380,DPM_CPS_MCE_TYH_IMS_APL,1,EBA_MCE,true,EBA_MC_EBA_x36,,,
27381,DPM_CPS_MCE_TYH_IMS_APL,1,EBA_APL,true,EBA_PL_EBA_x0,,,
27382,DPM_CPS_MCE_TYH_IMS_APL,1,EBA_CPS,true,EBA_CT_EBA_x0,,,
27383,DPM_CPS_MCE_TYH_IMS_APL,1,EBA_TYH,true,EBA_MC_EBA_x0,,,
27384,DPM_CPS_MCE_TYH_IMS_APL,1,EBA_IMS,true,EBA_IM_EBA_x0,,,
27385,DPM_CPS_MCE_TYH_IMS_APL,2,EBA_MCE,true,EBA_MC_EBA_x219,,,
27386,DPM_CPS_MCE_TYH_IMS_APL,2,EBA_APL,true,EBA_PL_EBA_x0,,,
27387,DPM_CPS_MCE_TYH_IMS_APL,2,EBA_CPS,true,EBA_CT_EBA_x0,,,
27388,DPM_CPS_MCE_TYH_IMS_APL,2,EBA_TYH,true,EBA_MC_EBA_x0,,,
27389,DPM_CPS_MCE_TYH_IMS_APL,2,EBA_IMS,true,EBA_IM_EBA_x0,,,
27390,DPM_CPS_MCE_TYH_IMS_APL,3,EBA_MCE,true,EBA_MC_EBA_x135,,,
27391,DPM_CPS_MCE_TYH_IMS_APL,3,EBA_APL,true,EBA_PL_EBA_x0,,,
27392,DPM_CPS_MCE_TYH_IMS_APL,3,EBA_CPS,true,EBA_CT_EBA_x0,,,
27393,DPM_CPS_MCE_TYH_IMS_APL,3,EBA_TYH,true,EBA_MC_EBA_x0,,,
27394,DPM_CPS_MCE_TYH_IMS_APL,3,EBA_IMS,true,EBA_IM_EBA_x0,,,
27395,DPM_CPS_MCE_TYH_IMS_APL,4,EBA_MCE,true,EBA_MC_EBA_x135,,,
27396,DPM_CPS_MCE_TYH_IMS_APL,4,EBA_APL,true,EBA_PL_EBA_x0,,,
27397,DPM_CPS_MCE_TYH_IMS_APL,4,EBA_CPS,true,EBA_CT_EBA_x5,,,
27398,DPM_CPS_MCE_TYH_IMS_APL,4,EBA_TYH,true,EBA_MC_EBA_x0,,,
27399,DPM_CPS_MCE_TYH_IMS_APL,4,EBA_IMS,true,EBA_IM_EBA_x0,,,
27400,DPM_CPS_MCE_TYH_IMS_APL,5,EBA_MCE,true,EBA_MC_EBA_x135,,,
27401,DPM_CPS_MCE_TYH_IMS_APL,5,EBA_APL,true,EBA_PL_EBA_x0,,,
27402,DPM_CPS_MCE_TYH_IMS_APL,5,EBA_CPS,true,EBA_CT_EBA_x20,,,
27403,DPM_CPS_MCE_TYH_IMS_APL,5,EBA_TYH,true,EBA_MC_EBA_x0,,,
27404,DPM_CPS_MCE_TYH_IMS_APL,5,EBA_IMS,true,EBA_IM_EBA_x0,,,
27405,DPM_CPS_MCE_TYH_IMS_APL,6,EBA_MCE,true,EBA_MC_EBA_x135,,,
27406,DPM_CPS_MCE_TYH_IMS_APL,6,EBA_APL,true,EBA_PL_EBA_x0,,,
27407,DPM_CPS_MCE_TYH_IMS_APL,6,EBA_CPS,true,EBA_CT_EBA_x18,,,
27408,DPM_CPS_MCE_TYH_IMS_APL,6,EBA_TYH,true,EBA_MC_EBA_x0,,,
27409,DPM_CPS_MCE_TYH_IMS_APL,6,EBA_IMS,true,EBA_IM_EBA_x0,,,
27410,DPM_CPS_MCE_TYH_IMS_APL,7,EBA_MCE,true,EBA_MC_EBA_x135,,,
27411,DPM_CPS_MCE_TYH_IMS_APL,7,EBA_APL,true,EBA_PL_EBA_x0,,,
27412,DPM_CPS_MCE_TYH_IMS_APL,7,EBA_CPS,true,EBA_CT_EBA_x10,,,
27413,DPM_CPS_MCE_TYH_IMS_APL,7,EBA_TYH,true,EBA_MC_EBA_x0,,,
27414,DPM_CPS_MCE_TYH_IMS_APL,7,EBA_IMS,true,EBA_IM_EBA_x0,,,
27415,DPM_CPS_MCE_TYH_IMS_APL,8,EBA_MCE,true,EBA_MC_EBA_x135,,,
27416,DPM_CPS_MCE_TYH_IMS_APL,8,EBA_APL,true,EBA_PL_EBA_x0,,,
27417,DPM_CPS_MCE_TYH_IMS_APL,8,EBA_CPS,true,EBA_CT_EBA_x12,,,
27418,DPM_CPS_MCE_TYH_IMS_APL,8,EBA_TYH,true,EBA_MC_EBA_x0,,,
27419,DPM_CPS_MCE_TYH_IMS_APL,8,EBA_IMS,true,EBA_IM_EBA_x0,,,
27420,DPM_CPS_MCE_TYH_IMS_APL,9,EBA_MCE,true,EBA_MC_EBA_x135,,,
27421,DPM_CPS_MCE_TYH_IMS_APL,9,EBA_APL,true,EBA_PL_EBA_x0,,,
27422,DPM_CPS_MCE_TYH_IMS_APL,9,EBA_CPS,true,EBA_CT_EBA_x1,,,
27423,DPM_CPS_MCE_TYH_IMS_APL,9,EBA_TYH,true,EBA_MC_EBA_x0,,,
27424,DPM_CPS_MCE_TYH_IMS_APL,9,EBA_IMS,true,EBA_IM_EBA_x0,,,
27425,DPM_CPS_MCE_TYH_IMS_APL,10,EBA_MCE,true,EBA_MC_EBA_x99,,,
27426,DPM_CPS_MCE_TYH_IMS_APL,10,EBA_APL,true,EBA_PL_EBA_x28,,,
27427,DPM_CPS_MCE_TYH_IMS_APL,10,EBA_CPS,true,EBA_CT_EBA_x0,,,
27428,DPM_CPS_MCE_TYH_IMS_APL,10,EBA_TYH,true,EBA_MC_EBA_x0,,,
27429,DPM_CPS_MCE_TYH_IMS_APL,10,EBA_IMS,true,EBA_IM_EBA_x0,,,
27430,DPM_CPS_MCE_TYH_IMS_APL,11,EBA_MCE,true,EBA_MC_EBA_x99,,,
27431,DPM_CPS_MCE_TYH_IMS_APL,11,EBA_APL,true,EBA_PL_EBA_x5,,,
27432,DPM_CPS_MCE_TYH_IMS_APL,11,EBA_CPS,true,EBA_CT_EBA_x0,,,
27433,DPM_CPS_MCE_TYH_IMS_APL,11,EBA_TYH,true,EBA_MC_EBA_x0,,,
27434,DPM_CPS_MCE_TYH_IMS_APL,11,EBA_IMS,true,EBA_IM_EBA_x0,,,
27435,DPM_CPS_MCE_TYH_IMS_APL,12,EBA_MCE,true,EBA_MC_EBA_x99,,,
27436,DPM_CPS_MCE_TYH_IMS_APL,12,EBA_APL,true,EBA_PL_EBA_x5,,,
27437,DPM_CPS_MCE_TYH_IMS_APL,12,EBA_CPS,true,EBA_CT_EBA_x0,,,
27438,DPM_CPS_MCE_TYH_IMS_APL,12,EBA_TYH,true,EBA_MC_EBA_x692,,,
27439,DPM_CPS_MCE_TYH_IMS_APL,12,EBA_IMS,true,EBA_IM_EBA_x0,,,
27440,DPM_CPS_MCE_TYH_IMS_APL,13,EBA_MCE,true,EBA_MC_EBA_x469,,,
27441,DPM_CPS_MCE_TYH_IMS_APL,13,EBA_APL,true,EBA_PL_EBA_x0,,,
27442,DPM_CPS_MCE_TYH_IMS_APL,13,EBA_CPS,true,EBA_CT_EBA_x0,,,
27443,DPM_CPS_MCE_TYH_IMS_APL,13,EBA_TYH,true,EBA_MC_EBA_x0,,,
27444,DPM_CPS_MCE_TYH_IMS_APL,13,EBA_IMS,true,EBA_IM_EBA_x0,,,
27445,DPM_CPS_MCE_TYH_IMS_APL,14,EBA_MCE,true,EBA_MC_EBA_x423,,,
27446,DPM_CPS_MCE_TYH_IMS_APL,14,EBA_APL,true,EBA_PL_EBA_x0,,,
27447,DPM_CPS_MCE_TYH_IMS_APL,14,EBA_CPS,true,EBA_CT_EBA_x0,,,
27448,DPM_CPS_MCE_TYH_IMS_APL,14,EBA_TYH,true,EBA_MC_EBA_x0,,,
27449,DPM_CPS_MCE_TYH_IMS_APL,14,EBA_IMS,true,EBA_IM_EBA_x35,,,
27450,DPM_CPS_MCE_TYH_IMS_APL,15,EBA_MCE,true,EBA_MC_EBA_x469,,,
27451,DPM_CPS_MCE_TYH_IMS_APL,15,EBA_APL,true,EBA_PL_EBA_x0,,,
27452,DPM_CPS_MCE_TYH_IMS_APL,15,EBA_CPS,true,EBA_CT_EBA_x5,,,
27453,DPM_CPS_MCE_TYH_IMS_APL,15,EBA_TYH,true,EBA_MC_EBA_x0,,,
27454,DPM_CPS_MCE_TYH_IMS_APL,15,EBA_IMS,true,EBA_IM_EBA_x0,,,
27455,DPM_CPS_MCE_TYH_IMS_APL,16,EBA_MCE,true,EBA_MC_EBA_x469,,,
27456,DPM_CPS_MCE_TYH_IMS_APL,16,EBA_APL,true,EBA_PL_EBA_x0,,,
27457,DPM_CPS_MCE_TYH_IMS_APL,16,EBA_CPS,true,EBA_CT_EBA_x20,,,
27458,DPM_CPS_MCE_TYH_IMS_APL,16,EBA_TYH,true,EBA_MC_EBA_x0,,,
27459,DPM_CPS_MCE_TYH_IMS_APL,16,EBA_IMS,true,EBA_IM_EBA_x0,,,
27460,DPM_CPS_MCE_TYH_IMS_APL,17,EBA_MCE,true,EBA_MC_EBA_x469,,,
27461,DPM_CPS_MCE_TYH_IMS_APL,17,EBA_APL,true,EBA_PL_EBA_x0,,,
27462,DPM_CPS_MCE_TYH_IMS_APL,17,EBA_CPS,true,EBA_CT_EBA_x18,,,
27463,DPM_CPS_MCE_TYH_IMS_APL,17,EBA_TYH,true,EBA_MC_EBA_x0,,,
27464,DPM_CPS_MCE_TYH_IMS_APL,17,EBA_IMS,true,EBA_IM_EBA_x0,,,
27465,DPM_CPS_MCE_TYH_IMS_APL,18,EBA_MCE,true,EBA_MC_EBA_x469,,,
27466,DPM_CPS_MCE_TYH_IMS_APL,18,EBA_APL,true,EBA_PL_EBA_x0,,,
27467,DPM_CPS_MCE_TYH_IMS_APL,18,EBA_CPS,true,EBA_CT_EBA_x10,,,
27468,DPM_CPS_MCE_TYH_IMS_APL,18,EBA_TYH,true,EBA_MC_EBA_x0,,,
27469,DPM_CPS_MCE_TYH_IMS_APL,18,EBA_IMS,true,EBA_IM_EBA_x0,,,
27470,DPM_CPS_MCE_TYH_IMS_APL,19,EBA_MCE,true,EBA_MC_EBA_x469,,,
27471,DPM_CPS_MCE_TYH_IMS_APL,19,EBA_APL,true,EBA_PL_EBA_x0,,,
27472,DPM_CPS_MCE_TYH_IMS_APL,19,EBA_CPS,true,EBA_CT_EBA_x12,,,
27473,DPM_CPS_MCE_TYH_IMS_APL,19,EBA_TYH,true,EBA_MC_EBA_x0,,,
27474,DPM_CPS_MCE_TYH_IMS_APL,19,EBA_IMS,true,EBA_IM_EBA_x0,,,
27475,DPM_CPS_MCE_TYH_IMS_APL,20,EBA_MCE,true,EBA_MC_EBA_x469,,,
27476,DPM_CPS_MCE_TYH_IMS_APL,20,EBA_APL,true,EBA_PL_EBA_x0,,,
27477,DPM_CPS_MCE_TYH_IMS_APL,20,EBA_CPS,true,EBA_CT_EBA_x1,,,
27478,DPM_CPS_MCE_TYH_IMS_APL,20,EBA_TYH,true,EBA_MC_EBA_x0,,,
27479,DPM_CPS_MCE_TYH_IMS_APL,20,EBA_IMS,true,EBA_IM_EBA_x0,,,
27480,DPM_CPS_MCE_TYH_IMS_APL,21,EBA_MCE,true,EBA_MC_EBA_x264,,,
27481,DPM_CPS_MCE_TYH_IMS_APL,21,EBA_APL,true,EBA_PL_EBA_x0,,,
27482,DPM_CPS_MCE_TYH_IMS_APL,21,EBA_CPS,true,EBA_CT_EBA_x0,,,
27483,DPM_CPS_MCE_TYH_IMS_APL,21,EBA_TYH,true,EBA_MC_EBA_x0,,,
27484,DPM_CPS_MCE_TYH_IMS_APL,21,EBA_IMS,true,EBA_IM_EBA_x0,,,
27485,DPM_CPS_MCE_TYH_IMS_APL,22,EBA_MCE,true,EBA_MC_EBA_x146,,,
27486,DPM_CPS_MCE_TYH_IMS_APL,22,EBA_APL,true,EBA_PL_EBA_x0,,,
27487,DPM_CPS_MCE_TYH_IMS_APL,22,EBA_CPS,true,EBA_CT_EBA_x0,,,
27488,DPM_CPS_MCE_TYH_IMS_APL,22,EBA_TYH,true,EBA_MC_EBA_x0,,,
27489,DPM_CPS_MCE_TYH_IMS_APL,22,EBA_IMS,true,EBA_IM_EBA_x0,,,
27490,DPM_CPS_MCE_TYH_IMS_APL,23,EBA_MCE,true,EBA_MC_EBA_x60,,,
27491,DPM_CPS_MCE_TYH_IMS_APL,23,EBA_APL,true,EBA_PL_EBA_x0,,,
27492,DPM_CPS_MCE_TYH_IMS_APL,23,EBA_CPS,true,EBA_CT_EBA_x0,,,
27493,DPM_CPS_MCE_TYH_IMS_APL,23,EBA_TYH,true,EBA_MC_EBA_x0,,,
27494,DPM_CPS_MCE_TYH_IMS_APL,23,EBA_IMS,true,EBA_IM_EBA_x0,,,
27495,DPM_CPS_MCE_TYH_IMS_APL,24,EBA_MCE,true,EBA_MC_EBA_x60,,,
27496,DPM_CPS_MCE_TYH_IMS_APL,24,EBA_APL,true,EBA_PL_EBA_x0,,,
27497,DPM_CPS_MCE_TYH_IMS_APL,24,EBA_CPS,true,EBA_CT_EBA_x20,,,
27498,DPM_CPS_MCE_TYH_IMS_APL,24,EBA_TYH,true,EBA_MC_EBA_x0,,,
27499,DPM_CPS_MCE_TYH_IMS_APL,24,EBA_IMS,true,EBA_IM_EBA_x0,,,
27500,DPM_CPS_MCE_TYH_IMS_APL,25,EBA_MCE,true,EBA_MC_EBA_x60,,,
27501,DPM_CPS_MCE_TYH_IMS_APL,25,EBA_APL,true,EBA_PL_EBA_x0,,,
27502,DPM_CPS_MCE_TYH_IMS_APL,25,EBA_CPS,true,EBA_CT_EBA_x18,,,
27503,DPM_CPS_MCE_TYH_IMS_APL,25,EBA_TYH,true,EBA_MC_EBA_x0,,,
27504,DPM_CPS_MCE_TYH_IMS_APL,25,EBA_IMS,true,EBA_IM_EBA_x0,,,
27505,DPM_CPS_MCE_TYH_IMS_APL,26,EBA_MCE,true,EBA_MC_EBA_x60,,,
27506,DPM_CPS_MCE_TYH_IMS_APL,26,EBA_APL,true,EBA_PL_EBA_x0,,,
27507,DPM_CPS_MCE_TYH_IMS_APL,26,EBA_CPS,true,EBA_CT_EBA_x10,,,
27508,DPM_CPS_MCE_TYH_IMS_APL,26,EBA_TYH,true,EBA_MC_EBA_x0,,,
27509,DPM_CPS_MCE_TYH_IMS_APL,26,EBA_IMS,true,EBA_IM_EBA_x0,,,
27510,DPM_CPS_MCE_TYH_IMS_APL,27,EBA_MCE,true,EBA_MC_EBA_x60,,,
27511,DPM_CPS_MCE_TYH_IMS_APL,27,EBA_APL,true,EBA_PL_EBA_x0,,,
27512,DPM_CPS_MCE_TYH_IMS_APL,27,EBA_CPS,true,EBA_CT_EBA_x12,,,
27513,DPM_CPS_MCE_TYH_IMS_APL,27,EBA_TYH,true,EBA_MC_EBA_x0,,,
27514,DPM_CPS_MCE_TYH_IMS_APL,27,EBA_IMS,true,EBA_IM_EBA_x0,,,
27515,DPM_CPS_MCE_TYH_IMS_APL,28,EBA_MCE,true,EBA_MC_EBA_x60,,,
27516,DPM_CPS_MCE_TYH_IMS_APL,28,EBA_APL,true,EBA_PL_EBA_x0,,,
27517,DPM_CPS_MCE_TYH_IMS_APL,28,EBA_CPS,true,EBA_CT_EBA_x1,,,
27518,DPM_CPS_MCE_TYH_IMS_APL,28,EBA_TYH,true,EBA_MC_EBA_x0,,,
27519,DPM_CPS_MCE_TYH_IMS_APL,28,EBA_IMS,true,EBA_IM_EBA_x0,,,
27520,DPM_CPS_MCY,0,EBA_MCY,true,EBA_MC_EBA_x99,,,
27521,DPM_CPS_MCY,0,EBA_CPS,true,EBA_CT_EBA_x0,,,
27522,DPM_CPS_MCY,1,EBA_MCY,true,EBA_MC_EBA_x99,,,
27523,DPM_CPS_MCY,1,EBA_CPS,true,EBA_CT_EBA_x12,,,
27524,DPM_CPS_MCY,2,EBA_MCY,true,EBA_MC_EBA_x99,,,
27525,DPM_CPS_MCY,2,EBA_CPS,true,EBA_CT_EBA_x18,,,
27526,DPM_CPS_MCY,3,EBA_MCY,true,EBA_MC_EBA_x135,,,
27527,DPM_CPS_MCY,3,EBA_CPS,true,EBA_CT_EBA_x0,,,
27528,DPM_CPS_MCY,4,EBA_MCY,true,EBA_MC_EBA_x135,,,
27529,DPM_CPS_MCY,4,EBA_CPS,true,EBA_CT_EBA_x10,,,
27530,DPM_CPS_MCY,5,EBA_MCY,true,EBA_MC_EBA_x135,,,
27531,DPM_CPS_MCY,5,EBA_CPS,true,EBA_CT_EBA_x1,,,
27532,DPM_CPS_MCY,6,EBA_MCY,true,EBA_MC_EBA_x135,,,
27533,DPM_CPS_MCY,6,EBA_CPS,true,EBA_CT_EBA_x12,,,
27534,DPM_CPS_MCY,7,EBA_MCY,true,EBA_MC_EBA_x135,,,
27535,DPM_CPS_MCY,7,EBA_CPS,true,EBA_CT_EBA_x18,,,
27536,DPM_CPS_MCY,8,EBA_MCY,true,EBA_MC_EBA_x135,,,
27537,DPM_CPS_MCY,8,EBA_CPS,true,EBA_CT_EBA_x20,,,
27538,DPM_CPS_MCY,9,EBA_MCY,true,EBA_MC_EBA_x135,,,
27539,DPM_CPS_MCY,9,EBA_CPS,true,EBA_CT_EBA_x5,,,
27540,DPM_CPS_MCY,10,EBA_MCY,true,EBA_MC_EBA_x60,,,
27541,DPM_CPS_MCY,10,EBA_CPS,true,EBA_CT_EBA_x0,,,
27542,DPM_CPS_MCY,11,EBA_MCY,true,EBA_MC_EBA_x60,,,
27543,DPM_CPS_MCY,11,EBA_CPS,true,EBA_CT_EBA_x10,,,
27544,DPM_CPS_MCY,12,EBA_MCY,true,EBA_MC_EBA_x60,,,
27545,DPM_CPS_MCY,12,EBA_CPS,true,EBA_CT_EBA_x1,,,
27546,DPM_CPS_MCY,13,EBA_MCY,true,EBA_MC_EBA_x60,,,
27547,DPM_CPS_MCY,13,EBA_CPS,true,EBA_CT_EBA_x12,,,
27548,DPM_CPS_MCY,14,EBA_MCY,true,EBA_MC_EBA_x60,,,
27549,DPM_CPS_MCY,14,EBA_CPS,true,EBA_CT_EBA_x18,,,
27550,DPM_CPS_MCY,15,EBA_MCY,true,EBA_MC_EBA_x60,,,
27551,DPM_CPS_MCY,15,EBA_CPS,true,EBA_CT_EBA_x20,,,
27552,DPM_CPS_MCY,16,EBA_MCY,true,EBA_MC_EBA_x130,,,
27553,DPM_CPS_MCY,16,EBA_CPS,true,EBA_CT_EBA_x0,,,
27554,DPM_CPS_MCY,17,EBA_MCY,true,EBA_MC_EBA_x130,,,
27555,DPM_CPS_MCY,17,EBA_CPS,true,EBA_CT_EBA_x18,,,
27556,DPM_CPS_MCY,18,EBA_MCY,true,EBA_MC_EBA_x130,,,
27557,DPM_CPS_MCY,18,EBA_CPS,true,EBA_CT_EBA_x20,,,
27558,DPM_CPS_MCY,19,EBA_MCY,true,EBA_MC_EBA_x130,,,
27559,DPM_CPS_MCY,19,EBA_CPS,true,EBA_CT_EBA_x12,,,
27560,DPM_CPS_MCY,20,EBA_MCY,true,EBA_MC_EBA_x223,,,
27561,DPM_CPS_MCY,20,EBA_CPS,true,EBA_CT_EBA_x0,,,
27562,DPM_CPS_MCY,21,EBA_MCY,true,EBA_MC_EBA_x143,,,
27563,DPM_CPS_MCY,21,EBA_CPS,true,EBA_CT_EBA_x0,,,
27564,DPM_CPS_MCY,22,EBA_MCY,true,EBA_MC_EBA_x104,,,
27565,DPM_CPS_MCY,22,EBA_CPS,true,EBA_CT_EBA_x0,,,
27566,DPM_CPS_MCY,23,EBA_MCY,true,EBA_MC_EBA_x469,,,
27567,DPM_CPS_MCY,23,EBA_CPS,true,EBA_CT_EBA_x0,,,
27568,DPM_CPS_MCY,24,EBA_MCY,true,EBA_MC_EBA_x469,,,
27569,DPM_CPS_MCY,24,EBA_CPS,true,EBA_CT_EBA_x10,,,
27570,DPM_CPS_MCY,25,EBA_MCY,true,EBA_MC_EBA_x469,,,
27571,DPM_CPS_MCY,25,EBA_CPS,true,EBA_CT_EBA_x1,,,
27572,DPM_CPS_MCY,26,EBA_MCY,true,EBA_MC_EBA_x469,,,
27573,DPM_CPS_MCY,26,EBA_CPS,true,EBA_CT_EBA_x12,,,
27574,DPM_CPS_MCY,27,EBA_MCY,true,EBA_MC_EBA_x469,,,
27575,DPM_CPS_MCY,27,EBA_CPS,true,EBA_CT_EBA_x18,,,
27576,DPM_CPS_MCY,28,EBA_MCY,true,EBA_MC_EBA_x469,,,
27577,DPM_CPS_MCY,28,EBA_CPS,true,EBA_CT_EBA_x20,,,
27578,DPM_CPS_MCY,29,EBA_MCY,true,EBA_MC_EBA_x469,,,
27579,DPM_CPS_MCY,29,EBA_CPS,true,EBA_CT_EBA_x5,,,
27580,DPM_CPS_MCY,30,EBA_MCY,true,EBA_MC_EBA_x323,,,
27581,DPM_CPS_MCY,30,EBA_CPS,true,EBA_CT_EBA_x0,,,
27582,DPM_CPS_MCY,31,EBA_MCY,true,EBA_MC_EBA_x323,,,
27583,DPM_CPS_MCY,31,EBA_CPS,true,EBA_CT_EBA_x12,,,
27584,DPM_CPS_MCY,32,EBA_MCY,true,EBA_MC_EBA_x323,,,
27585,DPM_CPS_MCY,32,EBA_CPS,true,EBA_CT_EBA_x18,,,
27586,DPM_BAS_CPE_CPS_MCS_MCY_AE_F32.04.a,14,EBA_BAS,true,EBA_BA_EBA_x17,,,
27587,DPM_BAS_CPE_CPS_MCS_MCY_AE_F32.04.a,14,EBA_MCY,true,EBA_MC_EBA_x461,,,
27588,DPM_BAS_CPE_CPS_MCS_MCY_AE_F32.04.a,14,EBA_MCS,true,EBA_MC_EBA_x462,,,
27589,DPM_BAS_CPE_CPS_MCS_MCY_AE_F32.04.a,14,EBA_CPE,true,EBA_CT_EBA_x0,,,
27590,DPM_BAS_CPE_CPS_MCS_MCY_AE_F32.04.a,14,EBA_CPS,true,EBA_CT_EBA_x0,,,
27591,DPM_BAS_CPE_CPS_MCS_MCY_AE_F32.04.a,15,EBA_BAS,true,EBA_BA_EBA_x17,,,
27592,DPM_BAS_CPE_CPS_MCS_MCY_AE_F32.04.a,15,EBA_MCY,true,EBA_MC_EBA_x0,,,
27593,DPM_BAS_CPE_CPS_MCS_MCY_AE_F32.04.a,15,EBA_MCS,true,EBA_MC_EBA_x462,,,
27594,DPM_BAS_CPE_CPS_MCS_MCY_AE_F32.04.a,15,EBA_CPE,true,EBA_CT_EBA_x0,,,
27595,DPM_BAS_CPE_CPS_MCS_MCY_AE_F32.04.a,15,EBA_CPS,true,EBA_CT_EBA_x0,,,
27596,DPM_BAS_CPE_CPS_MCS_MCY_AE_F32.04.a,16,EBA_BAS,true,EBA_BA_EBA_x7,,,
27597,DPM_BAS_CPE_CPS_MCS_MCY_AE_F32.04.a,16,EBA_MCY,true,EBA_MC_EBA_x146,,,
27598,DPM_BAS_CPE_CPS_MCS_MCY_AE_F32.04.a,16,EBA_MCS,true,EBA_MC_EBA_x146,,,
27599,DPM_BAS_CPE_CPS_MCS_MCY_AE_F32.04.a,16,EBA_CPE,true,EBA_CT_EBA_x0,,,
27600,DPM_BAS_CPE_CPS_MCS_MCY_AE_F32.04.a,16,EBA_CPS,true,EBA_CT_EBA_x0,,,
27601,DPM_BAS_CPE_CPS_MCS_MCY_AE_F32.04.a,17,EBA_BAS,true,EBA_BA_EBA_x7,,,
27602,DPM_BAS_CPE_CPS_MCS_MCY_AE_F32.04.a,17,EBA_MCY,true,EBA_MC_EBA_x986,,,
27603,DPM_BAS_CPE_CPS_MCS_MCY_AE_F32.04.a,17,EBA_MCS,true,EBA_MC_EBA_x986,,,
27604,DPM_BAS_CPE_CPS_MCS_MCY_AE_F32.04.a,17,EBA_CPE,true,EBA_CT_EBA_x0,,,
27605,DPM_BAS_CPE_CPS_MCS_MCY_AE_F32.04.a,17,EBA_CPS,true,EBA_CT_EBA_x0,,,
27606,DPM_BAS_CPC_ECC_EXC_MCG_MCY_AE_F32.02.a,16,EBA_BAS,true,EBA_BA_EBA_x17,,,
27607,DPM_BAS_CPC_ECC_EXC_MCG_MCY_AE_F32.02.a,16,EBA_ECC,true,EBA_EC_EBA_x0,,,
27608,DPM_BAS_CPC_ECC_EXC_MCG_MCY_AE_F32.02.a,16,EBA_EXC,true,EBA_EC_EBA_x0,,,
27609,DPM_BAS_CPC_ECC_EXC_MCG_MCY_AE_F32.02.a,16,EBA_MCG,true,EBA_MC_EBA_x980,,,
27610,DPM_BAS_CPC_ECC_EXC_MCG_MCY_AE_F32.02.a,16,EBA_MCY,true,EBA_MC_EBA_x409,,,
27611,DPM_BAS_CPC_ECC_EXC_MCG_MCY_AE_F32.02.a,16,EBA_CPC,true,EBA_CT_EBA_x5,,,
27612,DPM_BAS_CPC_ECC_EXC_MCG_MCY_AE_F32.02.a,17,EBA_BAS,true,EBA_BA_EBA_x17,,,
27613,DPM_BAS_CPC_ECC_EXC_MCG_MCY_AE_F32.02.a,17,EBA_ECC,true,EBA_EC_EBA_x0,,,
27614,DPM_BAS_CPC_ECC_EXC_MCG_MCY_AE_F32.02.a,17,EBA_EXC,true,EBA_EC_EBA_x0,,,
27615,DPM_BAS_CPC_ECC_EXC_MCG_MCY_AE_F32.02.a,17,EBA_MCG,true,EBA_MC_EBA_x475,,,
27616,DPM_BAS_CPC_ECC_EXC_MCG_MCY_AE_F32.02.a,17,EBA_MCY,true,EBA_MC_EBA_x409,,,
27617,DPM_BAS_CPC_ECC_EXC_MCG_MCY_AE_F32.02.a,17,EBA_CPC,true,EBA_CT_EBA_x5,,,
27618,DPM_BAS_CPC_ECC_EXC_MCG_MCY_AE_F32.02.a,18,EBA_BAS,true,EBA_BA_EBA_x17,,,
27619,DPM_BAS_CPC_ECC_EXC_MCG_MCY_AE_F32.02.a,18,EBA_ECC,true,EBA_EC_EBA_x0,,,
27620,DPM_BAS_CPC_ECC_EXC_MCG_MCY_AE_F32.02.a,18,EBA_EXC,true,EBA_EC_EBA_x0,,,
27621,DPM_BAS_CPC_ECC_EXC_MCG_MCY_AE_F32.02.a,18,EBA_MCG,true,EBA_MC_EBA_x60,,,
27622,DPM_BAS_CPC_ECC_EXC_MCG_MCY_AE_F32.02.a,18,EBA_MCY,true,EBA_MC_EBA_x409,,,
27623,DPM_BAS_CPC_ECC_EXC_MCG_MCY_AE_F32.02.a,18,EBA_CPC,true,EBA_CT_EBA_x8,,,
27624,DPM_BAS_CPC_ECC_EXC_MCG_MCY_AE_F32.02.a,19,EBA_BAS,true,EBA_BA_EBA_x17,,,
27625,DPM_BAS_CPC_ECC_EXC_MCG_MCY_AE_F32.02.a,19,EBA_ECC,true,EBA_EC_EBA_x0,,,
27626,DPM_BAS_CPC_ECC_EXC_MCG_MCY_AE_F32.02.a,19,EBA_EXC,true,EBA_EC_EBA_x0,,,
27627,DPM_BAS_CPC_ECC_EXC_MCG_MCY_AE_F32.02.a,19,EBA_MCG,true,EBA_MC_EBA_x475,,,
27628,DPM_BAS_CPC_ECC_EXC_MCG_MCY_AE_F32.02.a,19,EBA_MCY,true,EBA_MC_EBA_x409,,,
27629,DPM_BAS_CPC_ECC_EXC_MCG_MCY_AE_F32.02.a,19,EBA_CPC,true,EBA_CT_EBA_x8,,,
27630,DPM_BAS_MCS_MCY_AE_F35.00.a,0,EBA_BAS,true,EBA_BA_EBA_x7,,,
27631,DPM_BAS_MCS_MCY_AE_F35.00.a,0,EBA_MCY,true,EBA_MC_EBA_x64,,,
27632,DPM_BAS_MCS_MCY_AE_F35.00.a,0,EBA_MCS,true,EBA_MC_EBA_x64,,,
27633,DPM_BAS_MCS_MCY_AE_F35.00.a,1,EBA_BAS,true,EBA_BA_EBA_x6,,,
27634,DPM_BAS_MCS_MCY_AE_F35.00.a,1,EBA_MCY,true,EBA_MC_EBA_x25,,,
27635,DPM_BAS_MCS_MCY_AE_F35.00.a,1,EBA_MCS,true,EBA_MC_EBA_x64,,,
27636,DPM_BAS_MCS_MCY_AE_F35.00.a,2,EBA_BAS,true,EBA_BA_EBA_x7,,,
27637,DPM_BAS_MCS_MCY_AE_F35.00.a,2,EBA_MCY,true,EBA_MC_EBA_x99,,,
27638,DPM_BAS_MCS_MCY_AE_F35.00.a,2,EBA_MCS,true,EBA_MC_EBA_x64,,,
27639,DPM_BAS_MCS_MCY_AE_F35.00.a,3,EBA_BAS,true,EBA_BA_EBA_x6,,,
27640,DPM_BAS_MCS_MCY_AE_F35.00.a,3,EBA_MCY,true,EBA_MC_EBA_x99,,,
27641,DPM_BAS_MCS_MCY_AE_F35.00.a,3,EBA_MCS,true,EBA_MC_EBA_x64,,,
27642,DPM_BAS_MCY_AE_F32.02.b,0,EBA_BAS,true,EBA_BA_EBA_x17,,,
27643,DPM_BAS_MCY_AE_F32.02.b,0,EBA_MCY,true,EBA_MC_EBA_x983,,,
27644,DPM_BAS_AE_F32.03.a,0,EBA_BAS,true,EBA_BA_EBA_x6,,,
27645,DPM_BAS_EXC_MCY_AE_F32.04.b,0,EBA_BAS,true,EBA_BA_EBA_x17,,,
27646,DPM_BAS_EXC_MCY_AE_F32.04.b,0,EBA_EXC,true,EBA_EC_EBA_x0,,,
27647,DPM_BAS_EXC_MCY_AE_F32.04.b,0,EBA_MCY,true,EBA_MC_EBA_x983,,,
27648,DPM_BAS_EXC_MCY_AE_F32.04.b,1,EBA_BAS,true,EBA_BA_EBA_x17,,,
27649,DPM_BAS_EXC_MCY_AE_F32.04.b,1,EBA_EXC,true,EBA_EC_EBA_x0,,,
27650,DPM_BAS_EXC_MCY_AE_F32.04.b,1,EBA_MCY,true,EBA_MC_EBA_x409,,,
27651,DPM_BAS_EXC_MCY_AE_F32.04.b,2,EBA_BAS,true,EBA_BA_EBA_x17,,,
27652,DPM_BAS_EXC_MCY_AE_F32.04.b,2,EBA_EXC,true,EBA_EC_EBA_x36,,,
27653,DPM_BAS_EXC_MCY_AE_F32.04.b,2,EBA_MCY,true,EBA_MC_EBA_x981,,,
27654,DPM_BAS_CPE_CPS_MCS_MCY_AE_F32.04.a,0,EBA_BAS,true,EBA_BA_EBA_x10,,,
27655,DPM_BAS_CPE_CPS_MCS_MCY_AE_F32.04.a,0,EBA_MCY,true,EBA_MC_EBA_x69,,,
27656,DPM_BAS_CPE_CPS_MCS_MCY_AE_F32.04.a,0,EBA_MCS,true,EBA_MC_EBA_x69,,,
27657,DPM_BAS_CPE_CPS_MCS_MCY_AE_F32.04.a,0,EBA_CPE,true,EBA_CT_EBA_x0,,,
27658,DPM_BAS_CPE_CPS_MCS_MCY_AE_F32.04.a,0,EBA_CPS,true,EBA_CT_EBA_x0,,,
27659,DPM_BAS_CPE_CPS_MCS_MCY_AE_F32.04.a,1,EBA_BAS,true,EBA_BA_EBA_x7,,,
27660,DPM_BAS_CPE_CPS_MCS_MCY_AE_F32.04.a,1,EBA_MCY,true,EBA_MC_EBA_x135,,,
27661,DPM_BAS_CPE_CPS_MCS_MCY_AE_F32.04.a,1,EBA_MCS,true,EBA_MC_EBA_x135,,,
27662,DPM_BAS_CPE_CPS_MCS_MCY_AE_F32.04.a,1,EBA_CPE,true,EBA_CT_EBA_x0,,,
27663,DPM_BAS_CPE_CPS_MCS_MCY_AE_F32.04.a,1,EBA_CPS,true,EBA_CT_EBA_x0,,,
27664,DPM_BAS_CPE_CPS_MCS_MCY_AE_F32.04.a,2,EBA_BAS,true,EBA_BA_EBA_x7,,,
27665,DPM_BAS_CPE_CPS_MCS_MCY_AE_F32.04.a,2,EBA_MCY,true,EBA_MC_EBA_x135,,,
27666,DPM_BAS_CPE_CPS_MCS_MCY_AE_F32.04.a,2,EBA_MCS,true,EBA_MC_EBA_x135,,,
27667,DPM_BAS_CPE_CPS_MCS_MCY_AE_F32.04.a,2,EBA_CPE,true,EBA_CT_EBA_x10,,,
27668,DPM_BAS_CPE_CPS_MCS_MCY_AE_F32.04.a,2,EBA_CPS,true,EBA_CT_EBA_x10,,,
27669,DPM_BAS_CPE_CPS_MCS_MCY_AE_F32.04.a,3,EBA_BAS,true,EBA_BA_EBA_x7,,,
27670,DPM_BAS_CPE_CPS_MCS_MCY_AE_F32.04.a,3,EBA_MCY,true,EBA_MC_EBA_x94,,,
27671,DPM_BAS_CPE_CPS_MCS_MCY_AE_F32.04.a,3,EBA_MCS,true,EBA_MC_EBA_x94,,,
27672,DPM_BAS_CPE_CPS_MCS_MCY_AE_F32.04.a,3,EBA_CPE,true,EBA_CT_EBA_x0,,,
27673,DPM_BAS_CPE_CPS_MCS_MCY_AE_F32.04.a,3,EBA_CPS,true,EBA_CT_EBA_x0,,,
27674,DPM_BAS_CPE_CPS_MCS_MCY_AE_F32.04.a,4,EBA_BAS,true,EBA_BA_EBA_x7,,,
27675,DPM_BAS_CPE_CPS_MCS_MCY_AE_F32.04.a,4,EBA_MCY,true,EBA_MC_EBA_x94,,,
27676,DPM_BAS_CPE_CPS_MCS_MCY_AE_F32.04.a,4,EBA_MCS,true,EBA_MC_EBA_x94,,,
27677,DPM_BAS_CPE_CPS_MCS_MCY_AE_F32.04.a,4,EBA_CPE,true,EBA_CT_EBA_x10,,,
27678,DPM_BAS_CPE_CPS_MCS_MCY_AE_F32.04.a,4,EBA_CPS,true,EBA_CT_EBA_x10,,,
27679,DPM_BAS_CPE_CPS_MCS_MCY_AE_F32.04.a,5,EBA_BAS,true,EBA_BA_EBA_x7,,,
27680,DPM_BAS_CPE_CPS_MCS_MCY_AE_F32.04.a,5,EBA_MCY,true,EBA_MC_EBA_x94,,,
27681,DPM_BAS_CPE_CPS_MCS_MCY_AE_F32.04.a,5,EBA_MCS,true,EBA_MC_EBA_x94,,,
27682,DPM_BAS_CPE_CPS_MCS_MCY_AE_F32.04.a,5,EBA_CPE,true,EBA_CT_EBA_x9,,,
27683,DPM_BAS_CPE_CPS_MCS_MCY_AE_F32.04.a,5,EBA_CPS,true,EBA_CT_EBA_x9,,,
27684,DPM_BAS_CPE_CPS_MCS_MCY_AE_F32.04.a,6,EBA_BAS,true,EBA_BA_EBA_x7,,,
27685,DPM_BAS_CPE_CPS_MCS_MCY_AE_F32.04.a,6,EBA_MCY,true,EBA_MC_EBA_x477,,,
27686,DPM_BAS_CPE_CPS_MCS_MCY_AE_F32.04.a,6,EBA_MCS,true,EBA_MC_EBA_x477,,,
27687,DPM_BAS_CPE_CPS_MCS_MCY_AE_F32.04.a,6,EBA_CPE,true,EBA_CT_EBA_x0,,,
27688,DPM_BAS_CPE_CPS_MCS_MCY_AE_F32.04.a,6,EBA_CPS,true,EBA_CT_EBA_x0,,,
27689,DPM_BAS_CPE_CPS_MCS_MCY_AE_F32.04.a,7,EBA_BAS,true,EBA_BA_EBA_x7,,,
27690,DPM_BAS_CPE_CPS_MCS_MCY_AE_F32.04.a,7,EBA_MCY,true,EBA_MC_EBA_x477,,,
27691,DPM_BAS_CPE_CPS_MCS_MCY_AE_F32.04.a,7,EBA_MCS,true,EBA_MC_EBA_x477,,,
27692,DPM_BAS_CPE_CPS_MCS_MCY_AE_F32.04.a,7,EBA_CPE,true,EBA_CT_EBA_x10,,,
27693,DPM_BAS_CPE_CPS_MCS_MCY_AE_F32.04.a,7,EBA_CPS,true,EBA_CT_EBA_x10,,,
27694,DPM_BAS_CPE_CPS_MCS_MCY_AE_F32.04.a,8,EBA_BAS,true,EBA_BA_EBA_x7,,,
27695,DPM_BAS_CPE_CPS_MCS_MCY_AE_F32.04.a,8,EBA_MCY,true,EBA_MC_EBA_x477,,,
27696,DPM_BAS_CPE_CPS_MCS_MCY_AE_F32.04.a,8,EBA_MCS,true,EBA_MC_EBA_x477,,,
27697,DPM_BAS_CPE_CPS_MCS_MCY_AE_F32.04.a,8,EBA_CPE,true,EBA_CT_EBA_x9,,,
27698,DPM_BAS_CPE_CPS_MCS_MCY_AE_F32.04.a,8,EBA_CPS,true,EBA_CT_EBA_x9,,,
27699,DPM_BAS_CPE_CPS_MCS_MCY_AE_F32.04.a,9,EBA_BAS,true,EBA_BA_EBA_x10,,,
27700,DPM_BAS_CPE_CPS_MCS_MCY_AE_F32.04.a,9,EBA_MCY,true,EBA_MC_EBA_x155,,,
27701,DPM_BAS_CPE_CPS_MCS_MCY_AE_F32.04.a,9,EBA_MCS,true,EBA_MC_EBA_x155,,,
27702,DPM_BAS_CPE_CPS_MCS_MCY_AE_F32.04.a,9,EBA_CPE,true,EBA_CT_EBA_x0,,,
27703,DPM_BAS_CPE_CPS_MCS_MCY_AE_F32.04.a,9,EBA_CPS,true,EBA_CT_EBA_x0,,,
27704,DPM_BAS_CPE_CPS_MCS_MCY_AE_F32.04.a,10,EBA_BAS,true,EBA_BA_EBA_x7,,,
27705,DPM_BAS_CPE_CPS_MCS_MCY_AE_F32.04.a,10,EBA_MCY,true,EBA_MC_EBA_x99,,,
27706,DPM_BAS_CPE_CPS_MCS_MCY_AE_F32.04.a,10,EBA_MCS,true,EBA_MC_EBA_x99,,,
27707,DPM_BAS_CPE_CPS_MCS_MCY_AE_F32.04.a,10,EBA_CPE,true,EBA_CT_EBA_x0,,,
27708,DPM_BAS_CPE_CPS_MCS_MCY_AE_F32.04.a,10,EBA_CPS,true,EBA_CT_EBA_x0,,,
27709,DPM_BAS_CPE_CPS_MCS_MCY_AE_F32.04.a,11,EBA_BAS,true,EBA_BA_EBA_x7,,,
27710,DPM_BAS_CPE_CPS_MCS_MCY_AE_F32.04.a,11,EBA_MCY,true,EBA_MC_EBA_x31,,,
27711,DPM_BAS_CPE_CPS_MCS_MCY_AE_F32.04.a,11,EBA_MCS,true,EBA_MC_EBA_x31,,,
27712,DPM_BAS_CPE_CPS_MCS_MCY_AE_F32.04.a,11,EBA_CPE,true,EBA_CT_EBA_x0,,,
27713,DPM_BAS_CPE_CPS_MCS_MCY_AE_F32.04.a,11,EBA_CPS,true,EBA_CT_EBA_x0,,,
27714,DPM_BAS_CPE_CPS_MCS_MCY_AE_F32.04.a,12,EBA_BAS,true,EBA_BA_EBA_x17,,,
27715,DPM_BAS_CPE_CPS_MCS_MCY_AE_F32.04.a,12,EBA_MCY,true,EBA_MC_EBA_x176,,,
27716,DPM_BAS_CPE_CPS_MCS_MCY_AE_F32.04.a,12,EBA_MCS,true,EBA_MC_EBA_x176,,,
27717,DPM_BAS_CPE_CPS_MCS_MCY_AE_F32.04.a,12,EBA_CPE,true,EBA_CT_EBA_x0,,,
27718,DPM_BAS_CPE_CPS_MCS_MCY_AE_F32.04.a,12,EBA_CPS,true,EBA_CT_EBA_x0,,,
27719,DPM_BAS_CPE_CPS_MCS_MCY_AE_F32.04.a,13,EBA_BAS,true,EBA_BA_EBA_x17,,,
27720,DPM_BAS_CPE_CPS_MCS_MCY_AE_F32.04.a,13,EBA_MCY,true,EBA_MC_EBA_x96,,,
27721,DPM_BAS_CPE_CPS_MCS_MCY_AE_F32.04.a,13,EBA_MCS,true,EBA_MC_EBA_x96,,,
27722,DPM_BAS_CPE_CPS_MCS_MCY_AE_F32.04.a,13,EBA_CPE,true,EBA_CT_EBA_x0,,,
27723,DPM_BAS_CPE_CPS_MCS_MCY_AE_F32.04.a,13,EBA_CPS,true,EBA_CT_EBA_x0,,,
27724,DPM_BAS_CPS_EXC_MCG_MCY_AE_F32.01,0,EBA_BAS,true,EBA_BA_EBA_x6,,,
27725,DPM_BAS_CPS_EXC_MCG_MCY_AE_F32.01,0,EBA_EXC,true,EBA_EC_EBA_x0,,,
27726,DPM_BAS_CPS_EXC_MCG_MCY_AE_F32.01,0,EBA_MCG,true,EBA_MC_EBA_x0,,,
27727,DPM_BAS_CPS_EXC_MCG_MCY_AE_F32.01,0,EBA_MCY,true,EBA_MC_EBA_x25,,,
27728,DPM_BAS_CPS_EXC_MCG_MCY_AE_F32.01,0,EBA_CPS,true,EBA_CT_EBA_x0,,,
27729,DPM_BAS_CPS_EXC_MCG_MCY_AE_F32.01,1,EBA_BAS,true,EBA_BA_EBA_x6,,,
27730,DPM_BAS_CPS_EXC_MCG_MCY_AE_F32.01,1,EBA_EXC,true,EBA_EC_EBA_x0,,,
27731,DPM_BAS_CPS_EXC_MCG_MCY_AE_F32.01,1,EBA_MCG,true,EBA_MC_EBA_x0,,,
27732,DPM_BAS_CPS_EXC_MCG_MCY_AE_F32.01,1,EBA_MCY,true,EBA_MC_EBA_x1214,,,
27733,DPM_BAS_CPS_EXC_MCG_MCY_AE_F32.01,1,EBA_CPS,true,EBA_CT_EBA_x0,,,
27734,DPM_BAS_CPS_EXC_MCG_MCY_AE_F32.01,2,EBA_BAS,true,EBA_BA_EBA_x6,,,
27735,DPM_BAS_CPS_EXC_MCG_MCY_AE_F32.01,2,EBA_EXC,true,EBA_EC_EBA_x0,,,
27736,DPM_BAS_CPS_EXC_MCG_MCY_AE_F32.01,2,EBA_MCG,true,EBA_MC_EBA_x0,,,
27737,DPM_BAS_CPS_EXC_MCG_MCY_AE_F32.01,2,EBA_MCY,true,EBA_MC_EBA_x227,,,
27738,DPM_BAS_CPS_EXC_MCG_MCY_AE_F32.01,2,EBA_CPS,true,EBA_CT_EBA_x0,,,
27739,DPM_BAS_CPS_EXC_MCG_MCY_AE_F32.01,3,EBA_BAS,true,EBA_BA_EBA_x6,,,
27740,DPM_BAS_CPS_EXC_MCG_MCY_AE_F32.01,3,EBA_EXC,true,EBA_EC_EBA_x0,,,
27741,DPM_BAS_CPS_EXC_MCG_MCY_AE_F32.01,3,EBA_MCG,true,EBA_MC_EBA_x0,,,
27742,DPM_BAS_CPS_EXC_MCG_MCY_AE_F32.01,3,EBA_MCY,true,EBA_MC_EBA_x130,,,
27743,DPM_BAS_CPS_EXC_MCG_MCY_AE_F32.01,3,EBA_CPS,true,EBA_CT_EBA_x0,,,
27744,DPM_BAS_CPS_EXC_MCG_MCY_AE_F32.01,4,EBA_BAS,true,EBA_BA_EBA_x6,,,
27745,DPM_BAS_CPS_EXC_MCG_MCY_AE_F32.01,4,EBA_EXC,true,EBA_EC_EBA_x0,,,
27746,DPM_BAS_CPS_EXC_MCG_MCY_AE_F32.01,4,EBA_MCG,true,EBA_MC_EBA_x0,,,
27747,DPM_BAS_CPS_EXC_MCG_MCY_AE_F32.01,4,EBA_MCY,true,EBA_MC_EBA_x60,,,
27748,DPM_BAS_CPS_EXC_MCG_MCY_AE_F32.01,4,EBA_CPS,true,EBA_CT_EBA_x0,,,
27749,DPM_BAS_CPS_EXC_MCG_MCY_AE_F32.01,5,EBA_BAS,true,EBA_BA_EBA_x6,,,
27750,DPM_BAS_CPS_EXC_MCG_MCY_AE_F32.01,5,EBA_EXC,true,EBA_EC_EBA_x0,,,
27751,DPM_BAS_CPS_EXC_MCG_MCY_AE_F32.01,5,EBA_MCG,true,EBA_MC_EBA_x0,,,
27752,DPM_BAS_CPS_EXC_MCG_MCY_AE_F32.01,5,EBA_MCY,true,EBA_MC_EBA_x979,,,
27753,DPM_BAS_CPS_EXC_MCG_MCY_AE_F32.01,5,EBA_CPS,true,EBA_CT_EBA_x0,,,
27754,DPM_BAS_CPS_EXC_MCG_MCY_AE_F32.01,6,EBA_BAS,true,EBA_BA_EBA_x6,,,
27755,DPM_BAS_CPS_EXC_MCG_MCY_AE_F32.01,6,EBA_EXC,true,EBA_EC_EBA_x0,,,
27756,DPM_BAS_CPS_EXC_MCG_MCY_AE_F32.01,6,EBA_MCG,true,EBA_MC_EBA_x0,,,
27757,DPM_BAS_CPS_EXC_MCG_MCY_AE_F32.01,6,EBA_MCY,true,EBA_MC_EBA_x475,,,
27758,DPM_BAS_CPS_EXC_MCG_MCY_AE_F32.01,6,EBA_CPS,true,EBA_CT_EBA_x0,,,
27759,DPM_BAS_CPS_EXC_MCG_MCY_AE_F32.01,7,EBA_BAS,true,EBA_BA_EBA_x6,,,
27760,DPM_BAS_CPS_EXC_MCG_MCY_AE_F32.01,7,EBA_EXC,true,EBA_EC_EBA_x0,,,
27761,DPM_BAS_CPS_EXC_MCG_MCY_AE_F32.01,7,EBA_MCG,true,EBA_MC_EBA_x292,,,
27762,DPM_BAS_CPS_EXC_MCG_MCY_AE_F32.01,7,EBA_MCY,true,EBA_MC_EBA_x980,,,
27763,DPM_BAS_CPS_EXC_MCG_MCY_AE_F32.01,7,EBA_CPS,true,EBA_CT_EBA_x0,,,
27764,DPM_BAS_CPS_EXC_MCG_MCY_AE_F32.01,8,EBA_BAS,true,EBA_BA_EBA_x6,,,
27765,DPM_BAS_CPS_EXC_MCG_MCY_AE_F32.01,8,EBA_EXC,true,EBA_EC_EBA_x0,,,
27766,DPM_BAS_CPS_EXC_MCG_MCY_AE_F32.01,8,EBA_MCG,true,EBA_MC_EBA_x0,,,
27767,DPM_BAS_CPS_EXC_MCG_MCY_AE_F32.01,8,EBA_MCY,true,EBA_MC_EBA_x463,,,
27768,DPM_BAS_CPS_EXC_MCG_MCY_AE_F32.01,8,EBA_CPS,true,EBA_CT_EBA_x0,,,
27769,DPM_BAS_CPS_EXC_MCG_MCY_AE_F32.01,9,EBA_BAS,true,EBA_BA_EBA_x6,,,
27770,DPM_BAS_CPS_EXC_MCG_MCY_AE_F32.01,9,EBA_EXC,true,EBA_EC_EBA_x13,,,
27771,DPM_BAS_CPS_EXC_MCG_MCY_AE_F32.01,9,EBA_MCG,true,EBA_MC_EBA_x0,,,
27772,DPM_BAS_CPS_EXC_MCG_MCY_AE_F32.01,9,EBA_MCY,true,EBA_MC_EBA_x60,,,
27773,DPM_BAS_CPS_EXC_MCG_MCY_AE_F32.01,9,EBA_CPS,true,EBA_CT_EBA_x1,,,
27774,DPM_BAS_CPS_EXC_MCG_MCY_AE_F32.01,10,EBA_BAS,true,EBA_BA_EBA_x6,,,
27775,DPM_BAS_CPS_EXC_MCG_MCY_AE_F32.01,10,EBA_EXC,true,EBA_EC_EBA_x13,,,
27776,DPM_BAS_CPS_EXC_MCG_MCY_AE_F32.01,10,EBA_MCG,true,EBA_MC_EBA_x0,,,
27777,DPM_BAS_CPS_EXC_MCG_MCY_AE_F32.01,10,EBA_MCY,true,EBA_MC_EBA_x60,,,
27778,DPM_BAS_CPS_EXC_MCG_MCY_AE_F32.01,10,EBA_CPS,true,EBA_CT_EBA_x20,,,
27779,DPM_BAS_CPS_EXC_MCG_MCY_AE_F32.01,11,EBA_BAS,true,EBA_BA_EBA_x6,,,
27780,DPM_BAS_CPS_EXC_MCG_MCY_AE_F32.01,11,EBA_EXC,true,EBA_EC_EBA_x13,,,
27781,DPM_BAS_CPS_EXC_MCG_MCY_AE_F32.01,11,EBA_MCG,true,EBA_MC_EBA_x0,,,
27782,DPM_BAS_CPS_EXC_MCG_MCY_AE_F32.01,11,EBA_MCY,true,EBA_MC_EBA_x60,,,
27783,DPM_BAS_CPS_EXC_MCG_MCY_AE_F32.01,11,EBA_CPS,true,EBA_CT_EBA_x8,,,
27784,DPM_BAS_MCG_MCY_AE_F33.00.a,0,EBA_BAS,true,EBA_BA_EBA_x17,,,
27785,DPM_BAS_MCG_MCY_AE_F33.00.a,0,EBA_MCY,true,EBA_MC_EBA_x460,,,
27786,DPM_BAS_MCG_MCY_AE_F33.00.a,0,EBA_MCG,true,EBA_MC_EBA_x0,,,
27787,DPM_BAS_MCG_MCY_AE_F33.00.a,1,EBA_BAS,true,EBA_BA_EBA_x17,,,
27788,DPM_BAS_MCG_MCY_AE_F33.00.a,1,EBA_MCY,true,EBA_MC_EBA_x409,,,
27789,DPM_BAS_MCG_MCY_AE_F33.00.a,1,EBA_MCG,true,EBA_MC_EBA_x25,,,
27790,DPM_BAS_CPC_ECC_EXC_MCG_MCY_AE_F32.02.a,0,EBA_BAS,true,EBA_BA_EBA_x17,,,
27791,DPM_BAS_CPC_ECC_EXC_MCG_MCY_AE_F32.02.a,0,EBA_ECC,true,EBA_EC_EBA_x0,,,
27792,DPM_BAS_CPC_ECC_EXC_MCG_MCY_AE_F32.02.a,0,EBA_EXC,true,EBA_EC_EBA_x0,,,
27793,DPM_BAS_CPC_ECC_EXC_MCG_MCY_AE_F32.02.a,0,EBA_MCG,true,EBA_MC_EBA_x25,,,
27794,DPM_BAS_CPC_ECC_EXC_MCG_MCY_AE_F32.02.a,0,EBA_MCY,true,EBA_MC_EBA_x409,,,
27795,DPM_BAS_CPC_ECC_EXC_MCG_MCY_AE_F32.02.a,0,EBA_CPC,true,EBA_CT_EBA_x0,,,
27796,DPM_BAS_CPC_ECC_EXC_MCG_MCY_AE_F32.02.a,1,EBA_BAS,true,EBA_BA_EBA_x17,,,
27797,DPM_BAS_CPC_ECC_EXC_MCG_MCY_AE_F32.02.a,1,EBA_ECC,true,EBA_EC_EBA_x0,,,
27798,DPM_BAS_CPC_ECC_EXC_MCG_MCY_AE_F32.02.a,1,EBA_EXC,true,EBA_EC_EBA_x0,,,
27799,DPM_BAS_CPC_ECC_EXC_MCG_MCY_AE_F32.02.a,1,EBA_MCG,true,EBA_MC_EBA_x227,,,
27800,DPM_BAS_CPC_ECC_EXC_MCG_MCY_AE_F32.02.a,1,EBA_MCY,true,EBA_MC_EBA_x409,,,
27801,DPM_BAS_CPC_ECC_EXC_MCG_MCY_AE_F32.02.a,1,EBA_CPC,true,EBA_CT_EBA_x0,,,
27802,DPM_BAS_CPC_ECC_EXC_MCG_MCY_AE_F32.02.a,2,EBA_BAS,true,EBA_BA_EBA_x17,,,
27803,DPM_BAS_CPC_ECC_EXC_MCG_MCY_AE_F32.02.a,2,EBA_ECC,true,EBA_EC_EBA_x0,,,
27804,DPM_BAS_CPC_ECC_EXC_MCG_MCY_AE_F32.02.a,2,EBA_EXC,true,EBA_EC_EBA_x0,,,
27805,DPM_BAS_CPC_ECC_EXC_MCG_MCY_AE_F32.02.a,2,EBA_MCG,true,EBA_MC_EBA_x130,,,
27806,DPM_BAS_CPC_ECC_EXC_MCG_MCY_AE_F32.02.a,2,EBA_MCY,true,EBA_MC_EBA_x409,,,
27807,DPM_BAS_CPC_ECC_EXC_MCG_MCY_AE_F32.02.a,2,EBA_CPC,true,EBA_CT_EBA_x0,,,
27808,DPM_BAS_CPC_ECC_EXC_MCG_MCY_AE_F32.02.a,3,EBA_BAS,true,EBA_BA_EBA_x17,,,
27809,DPM_BAS_CPC_ECC_EXC_MCG_MCY_AE_F32.02.a,3,EBA_ECC,true,EBA_EC_EBA_x0,,,
27810,DPM_BAS_CPC_ECC_EXC_MCG_MCY_AE_F32.02.a,3,EBA_EXC,true,EBA_EC_EBA_x0,,,
27811,DPM_BAS_CPC_ECC_EXC_MCG_MCY_AE_F32.02.a,3,EBA_MCG,true,EBA_MC_EBA_x60,,,
27812,DPM_BAS_CPC_ECC_EXC_MCG_MCY_AE_F32.02.a,3,EBA_MCY,true,EBA_MC_EBA_x409,,,
27813,DPM_BAS_CPC_ECC_EXC_MCG_MCY_AE_F32.02.a,3,EBA_CPC,true,EBA_CT_EBA_x0,,,
27814,DPM_BAS_CPC_ECC_EXC_MCG_MCY_AE_F32.02.a,4,EBA_BAS,true,EBA_BA_EBA_x17,,,
27815,DPM_BAS_CPC_ECC_EXC_MCG_MCY_AE_F32.02.a,4,EBA_ECC,true,EBA_EC_EBA_x13,,,
27816,DPM_BAS_CPC_ECC_EXC_MCG_MCY_AE_F32.02.a,4,EBA_EXC,true,EBA_EC_EBA_x0,,,
27817,DPM_BAS_CPC_ECC_EXC_MCG_MCY_AE_F32.02.a,4,EBA_MCG,true,EBA_MC_EBA_x60,,,
27818,DPM_BAS_CPC_ECC_EXC_MCG_MCY_AE_F32.02.a,4,EBA_MCY,true,EBA_MC_EBA_x409,,,
27819,DPM_BAS_CPC_ECC_EXC_MCG_MCY_AE_F32.02.a,4,EBA_CPC,true,EBA_CT_EBA_x0,,,
27820,DPM_BAS_CPC_ECC_EXC_MCG_MCY_AE_F32.02.a,5,EBA_BAS,true,EBA_BA_EBA_x17,,,
27821,DPM_BAS_CPC_ECC_EXC_MCG_MCY_AE_F32.02.a,5,EBA_ECC,true,EBA_EC_EBA_x0,,,
27822,DPM_BAS_CPC_ECC_EXC_MCG_MCY_AE_F32.02.a,5,EBA_EXC,true,EBA_EC_EBA_x0,,,
27823,DPM_BAS_CPC_ECC_EXC_MCG_MCY_AE_F32.02.a,5,EBA_MCG,true,EBA_MC_EBA_x979,,,
27824,DPM_BAS_CPC_ECC_EXC_MCG_MCY_AE_F32.02.a,5,EBA_MCY,true,EBA_MC_EBA_x409,,,
27825,DPM_BAS_CPC_ECC_EXC_MCG_MCY_AE_F32.02.a,5,EBA_CPC,true,EBA_CT_EBA_x0,,,
27826,DPM_BAS_CPC_ECC_EXC_MCG_MCY_AE_F32.02.a,6,EBA_BAS,true,EBA_BA_EBA_x17,,,
27827,DPM_BAS_CPC_ECC_EXC_MCG_MCY_AE_F32.02.a,6,EBA_ECC,true,EBA_EC_EBA_x0,,,
27828,DPM_BAS_CPC_ECC_EXC_MCG_MCY_AE_F32.02.a,6,EBA_EXC,true,EBA_EC_EBA_x0,,,
27829,DPM_BAS_CPC_ECC_EXC_MCG_MCY_AE_F32.02.a,6,EBA_MCG,true,EBA_MC_EBA_x475,,,
27830,DPM_BAS_CPC_ECC_EXC_MCG_MCY_AE_F32.02.a,6,EBA_MCY,true,EBA_MC_EBA_x409,,,
27831,DPM_BAS_CPC_ECC_EXC_MCG_MCY_AE_F32.02.a,6,EBA_CPC,true,EBA_CT_EBA_x0,,,
27832,DPM_BAS_CPC_ECC_EXC_MCG_MCY_AE_F32.02.a,7,EBA_BAS,true,EBA_BA_EBA_x17,,,
27833,DPM_BAS_CPC_ECC_EXC_MCG_MCY_AE_F32.02.a,7,EBA_ECC,true,EBA_EC_EBA_x0,,,
27834,DPM_BAS_CPC_ECC_EXC_MCG_MCY_AE_F32.02.a,7,EBA_EXC,true,EBA_EC_EBA_x0,,,
27835,DPM_BAS_CPC_ECC_EXC_MCG_MCY_AE_F32.02.a,7,EBA_MCG,true,EBA_MC_EBA_x463,,,
27836,DPM_BAS_CPC_ECC_EXC_MCG_MCY_AE_F32.02.a,7,EBA_MCY,true,EBA_MC_EBA_x409,,,
27837,DPM_BAS_CPC_ECC_EXC_MCG_MCY_AE_F32.02.a,7,EBA_CPC,true,EBA_CT_EBA_x0,,,
27838,DPM_BAS_CPC_ECC_EXC_MCG_MCY_AE_F32.02.a,8,EBA_BAS,true,EBA_BA_EBA_x17,,,
27839,DPM_BAS_CPC_ECC_EXC_MCG_MCY_AE_F32.02.a,8,EBA_ECC,true,EBA_EC_EBA_x0,,,
27840,DPM_BAS_CPC_ECC_EXC_MCG_MCY_AE_F32.02.a,8,EBA_EXC,true,EBA_EC_EBA_x36,,,
27841,DPM_BAS_CPC_ECC_EXC_MCG_MCY_AE_F32.02.a,8,EBA_MCG,true,EBA_MC_EBA_x0,,,
27842,DPM_BAS_CPC_ECC_EXC_MCG_MCY_AE_F32.02.a,8,EBA_MCY,true,EBA_MC_EBA_x981,,,
27843,DPM_BAS_CPC_ECC_EXC_MCG_MCY_AE_F32.02.a,8,EBA_CPC,true,EBA_CT_EBA_x0,,,
27844,DPM_BAS_CPC_ECC_EXC_MCG_MCY_AE_F32.02.a,9,EBA_BAS,true,EBA_BA_EBA_x17,,,
27845,DPM_BAS_CPC_ECC_EXC_MCG_MCY_AE_F32.02.a,9,EBA_ECC,true,EBA_EC_EBA_x0,,,
27846,DPM_BAS_CPC_ECC_EXC_MCG_MCY_AE_F32.02.a,9,EBA_EXC,true,EBA_EC_EBA_x0,,,
27847,DPM_BAS_CPC_ECC_EXC_MCG_MCY_AE_F32.02.a,9,EBA_MCG,true,EBA_MC_EBA_x0,,,
27848,DPM_BAS_CPC_ECC_EXC_MCG_MCY_AE_F32.02.a,9,EBA_MCY,true,EBA_MC_EBA_x982,,,
27849,DPM_BAS_CPC_ECC_EXC_MCG_MCY_AE_F32.02.a,9,EBA_CPC,true,EBA_CT_EBA_x0,,,
27850,DPM_BAS_CPC_ECC_EXC_MCG_MCY_AE_F32.02.a,10,EBA_BAS,true,EBA_BA_EBA_x17,,,
27851,DPM_BAS_CPC_ECC_EXC_MCG_MCY_AE_F32.02.a,10,EBA_ECC,true,EBA_EC_EBA_x0,,,
27852,DPM_BAS_CPC_ECC_EXC_MCG_MCY_AE_F32.02.a,10,EBA_EXC,true,EBA_EC_EBA_x0,,,
27853,DPM_BAS_CPC_ECC_EXC_MCG_MCY_AE_F32.02.a,10,EBA_MCG,true,EBA_MC_EBA_x0,,,
27854,DPM_BAS_CPC_ECC_EXC_MCG_MCY_AE_F32.02.a,10,EBA_MCY,true,EBA_MC_EBA_x988,,,
27855,DPM_BAS_CPC_ECC_EXC_MCG_MCY_AE_F32.02.a,10,EBA_CPC,true,EBA_CT_EBA_x0,,,
27856,DPM_BAS_CPC_ECC_EXC_MCG_MCY_AE_F32.02.a,11,EBA_BAS,true,EBA_BA_EBA_x17,,,
27857,DPM_BAS_CPC_ECC_EXC_MCG_MCY_AE_F32.02.a,11,EBA_ECC,true,EBA_EC_EBA_x0,,,
27858,DPM_BAS_CPC_ECC_EXC_MCG_MCY_AE_F32.02.a,11,EBA_EXC,true,EBA_EC_EBA_x0,,,
27859,DPM_BAS_CPC_ECC_EXC_MCG_MCY_AE_F32.02.a,11,EBA_MCG,true,EBA_MC_EBA_x60,,,
27860,DPM_BAS_CPC_ECC_EXC_MCG_MCY_AE_F32.02.a,11,EBA_MCY,true,EBA_MC_EBA_x409,,,
27861,DPM_BAS_CPC_ECC_EXC_MCG_MCY_AE_F32.02.a,11,EBA_CPC,true,EBA_CT_EBA_x1,,,
27862,DPM_BAS_CPC_ECC_EXC_MCG_MCY_AE_F32.02.a,12,EBA_BAS,true,EBA_BA_EBA_x17,,,
27863,DPM_BAS_CPC_ECC_EXC_MCG_MCY_AE_F32.02.a,12,EBA_ECC,true,EBA_EC_EBA_x0,,,
27864,DPM_BAS_CPC_ECC_EXC_MCG_MCY_AE_F32.02.a,12,EBA_EXC,true,EBA_EC_EBA_x0,,,
27865,DPM_BAS_CPC_ECC_EXC_MCG_MCY_AE_F32.02.a,12,EBA_MCG,true,EBA_MC_EBA_x60,,,
27866,DPM_BAS_CPC_ECC_EXC_MCG_MCY_AE_F32.02.a,12,EBA_MCY,true,EBA_MC_EBA_x409,,,
27867,DPM_BAS_CPC_ECC_EXC_MCG_MCY_AE_F32.02.a,12,EBA_CPC,true,EBA_CT_EBA_x20,,,
27868,DPM_BAS_CPC_ECC_EXC_MCG_MCY_AE_F32.02.a,13,EBA_BAS,true,EBA_BA_EBA_x17,,,
27869,DPM_BAS_CPC_ECC_EXC_MCG_MCY_AE_F32.02.a,13,EBA_ECC,true,EBA_EC_EBA_x0,,,
27870,DPM_BAS_CPC_ECC_EXC_MCG_MCY_AE_F32.02.a,13,EBA_EXC,true,EBA_EC_EBA_x0,,,
27871,DPM_BAS_CPC_ECC_EXC_MCG_MCY_AE_F32.02.a,13,EBA_MCG,true,EBA_MC_EBA_x980,,,
27872,DPM_BAS_CPC_ECC_EXC_MCG_MCY_AE_F32.02.a,13,EBA_MCY,true,EBA_MC_EBA_x409,,,
27873,DPM_BAS_CPC_ECC_EXC_MCG_MCY_AE_F32.02.a,13,EBA_CPC,true,EBA_CT_EBA_x20,,,
27874,DPM_BAS_CPC_ECC_EXC_MCG_MCY_AE_F32.02.a,14,EBA_BAS,true,EBA_BA_EBA_x17,,,
27875,DPM_BAS_CPC_ECC_EXC_MCG_MCY_AE_F32.02.a,14,EBA_ECC,true,EBA_EC_EBA_x0,,,
27876,DPM_BAS_CPC_ECC_EXC_MCG_MCY_AE_F32.02.a,14,EBA_EXC,true,EBA_EC_EBA_x0,,,
27877,DPM_BAS_CPC_ECC_EXC_MCG_MCY_AE_F32.02.a,14,EBA_MCG,true,EBA_MC_EBA_x475,,,
27878,DPM_BAS_CPC_ECC_EXC_MCG_MCY_AE_F32.02.a,14,EBA_MCY,true,EBA_MC_EBA_x409,,,
27879,DPM_BAS_CPC_ECC_EXC_MCG_MCY_AE_F32.02.a,14,EBA_CPC,true,EBA_CT_EBA_x20,,,
27880,DPM_BAS_CPC_ECC_EXC_MCG_MCY_AE_F32.02.a,15,EBA_BAS,true,EBA_BA_EBA_x17,,,
27881,DPM_BAS_CPC_ECC_EXC_MCG_MCY_AE_F32.02.a,15,EBA_ECC,true,EBA_EC_EBA_x0,,,
27882,DPM_BAS_CPC_ECC_EXC_MCG_MCY_AE_F32.02.a,15,EBA_EXC,true,EBA_EC_EBA_x0,,,
27883,DPM_BAS_CPC_ECC_EXC_MCG_MCY_AE_F32.02.a,15,EBA_MCG,true,EBA_MC_EBA_x475,,,
27884,DPM_BAS_CPC_ECC_EXC_MCG_MCY_AE_F32.02.a,15,EBA_MCY,true,EBA_MC_EBA_x409,,,
27885,DPM_BAS_CPC_ECC_EXC_MCG_MCY_AE_F32.02.a,15,EBA_CPC,true,EBA_CT_EBA_x47,,,
27886,DPM_BAS_CPE_CPS_MCS_MCY_AE_F32.04.a,18,EBA_BAS,true,EBA_BA_EBA_x7,,,
27887,DPM_BAS_CPE_CPS_MCS_MCY_AE_F32.04.a,18,EBA_MCY,true,EBA_MC_EBA_x64,,,
27888,DPM_BAS_CPE_CPS_MCS_MCY_AE_F32.04.a,18,EBA_MCS,true,EBA_MC_EBA_x64,,,
27889,DPM_BAS_CPE_CPS_MCS_MCY_AE_F32.04.a,18,EBA_CPE,true,EBA_CT_EBA_x0,,,
27890,DPM_BAS_CPE_CPS_MCS_MCY_AE_F32.04.a,18,EBA_CPS,true,EBA_CT_EBA_x0,,,
27891,DPM_BAS_CPE_CPS_MCS_MCY_AE_F32.04.a,19,EBA_BAS,true,EBA_BA_EBA_x7,,,
27892,DPM_BAS_CPE_CPS_MCS_MCY_AE_F32.04.a,19,EBA_MCY,true,EBA_MC_EBA_x987,,,
27893,DPM_BAS_CPE_CPS_MCS_MCY_AE_F32.04.a,19,EBA_MCS,true,EBA_MC_EBA_x987,,,
27894,DPM_BAS_CPE_CPS_MCS_MCY_AE_F32.04.a,19,EBA_CPE,true,EBA_CT_EBA_x0,,,
27895,DPM_BAS_CPE_CPS_MCS_MCY_AE_F32.04.a,19,EBA_CPS,true,EBA_CT_EBA_x0,,,
27896,DPM_BAS_CPE_CPS_MCS_MCY_AE_F32.04.a,20,EBA_BAS,true,EBA_BA_EBA_x10,,,
27897,DPM_BAS_CPE_CPS_MCS_MCY_AE_F32.04.a,20,EBA_MCY,true,EBA_MC_EBA_x482,,,
27898,DPM_BAS_CPE_CPS_MCS_MCY_AE_F32.04.a,20,EBA_MCS,true,EBA_MC_EBA_x482,,,
27899,DPM_BAS_CPE_CPS_MCS_MCY_AE_F32.04.a,20,EBA_CPE,true,EBA_CT_EBA_x0,,,
27900,DPM_BAS_CPE_CPS_MCS_MCY_AE_F32.04.a,20,EBA_CPS,true,EBA_CT_EBA_x0,,,
27901,DPM_BAS_MCY_SST_AE_F32.03.b,0,EBA_BAS,true,EBA_BA_EBA_x17,,,
27902,DPM_BAS_MCY_SST_AE_F32.03.b,0,EBA_MCY,true,EBA_MC_EBA_x984,,,
27903,DPM_BAS_MCY_SST_AE_F32.03.b,0,EBA_SST,true,EBA_ST_EBA_x0,,,
27904,DPM_BAS_MCY_SST_AE_F32.03.b,1,EBA_BAS,true,EBA_BA_EBA_x17,,,
27905,DPM_BAS_MCY_SST_AE_F32.03.b,1,EBA_MCY,true,EBA_MC_EBA_x481,,,
27906,DPM_BAS_MCY_SST_AE_F32.03.b,1,EBA_SST,true,EBA_ST_EBA_x0,,,
27907,DPM_BAS_MCY_SST_AE_F32.03.b,2,EBA_SST,true,EBA_ST_EBA_x0,,,
27908,DPM_BAS_MCY_SST_AE_F32.03.b,3,EBA_BAS,true,EBA_BA_EBA_x17,,,
27909,DPM_BAS_MCY_SST_AE_F32.03.b,3,EBA_MCY,true,EBA_MC_EBA_x985,,,
27910,DPM_BAS_MCY_SST_AE_F32.03.b,3,EBA_SST,true,EBA_ST_EBA_x3,,,
27911,DPM_BAS_MCY_SST_AE_F32.03.b,4,EBA_BAS,true,EBA_BA_EBA_x17,,,
27912,DPM_BAS_MCY_SST_AE_F32.03.b,4,EBA_MCY,true,EBA_MC_EBA_x985,,,
27913,DPM_BAS_MCY_SST_AE_F32.03.b,4,EBA_SST,true,EBA_ST_EBA_x2,,,
27914,DPM_BAS_MCY_SST_AE_F32.03.b,5,EBA_BAS,true,EBA_BA_EBA_x17,,,
27915,DPM_BAS_MCY_SST_AE_F32.03.b,5,EBA_MCY,true,EBA_MC_EBA_x985,,,
27916,DPM_BAS_MCY_SST_AE_F32.03.b,5,EBA_SST,true,EBA_ST_EBA_x1,,,
27917,DPM_BAS_CPS_EXC_MCY_AE_F36.01.a,0,EBA_BAS,true,EBA_BA_EBA_x6,,,
27918,DPM_BAS_CPS_EXC_MCY_AE_F36.01.a,0,EBA_CPS,true,EBA_CT_EBA_x0,,,
27919,DPM_BAS_CPS_EXC_MCY_AE_F36.01.a,0,EBA_EXC,true,EBA_EC_EBA_x0,,,
27920,DPM_BAS_CPS_EXC_MCY_AE_F36.01.a,0,EBA_MCY,true,EBA_MC_EBA_x227,,,
27921,DPM_BAS_CPS_EXC_MCY_AE_F36.01.a,1,EBA_BAS,true,EBA_BA_EBA_x6,,,
27922,DPM_BAS_CPS_EXC_MCY_AE_F36.01.a,1,EBA_CPS,true,EBA_CT_EBA_x0,,,
27923,DPM_BAS_CPS_EXC_MCY_AE_F36.01.a,1,EBA_EXC,true,EBA_EC_EBA_x0,,,
27924,DPM_BAS_CPS_EXC_MCY_AE_F36.01.a,1,EBA_MCY,true,EBA_MC_EBA_x130,,,
27925,DPM_BAS_CPS_EXC_MCY_AE_F36.01.a,2,EBA_BAS,true,EBA_BA_EBA_x6,,,
27926,DPM_BAS_CPS_EXC_MCY_AE_F36.01.a,2,EBA_CPS,true,EBA_CT_EBA_x0,,,
27927,DPM_BAS_CPS_EXC_MCY_AE_F36.01.a,2,EBA_EXC,true,EBA_EC_EBA_x13,,,
27928,DPM_BAS_CPS_EXC_MCY_AE_F36.01.a,2,EBA_MCY,true,EBA_MC_EBA_x60,,,
27929,DPM_BAS_CPS_EXC_MCY_AE_F36.01.a,3,EBA_BAS,true,EBA_BA_EBA_x6,,,
27930,DPM_BAS_CPS_EXC_MCY_AE_F36.01.a,3,EBA_CPS,true,EBA_CT_EBA_x0,,,
27931,DPM_BAS_CPS_EXC_MCY_AE_F36.01.a,3,EBA_EXC,true,EBA_EC_EBA_x0,,,
27932,DPM_BAS_CPS_EXC_MCY_AE_F36.01.a,3,EBA_MCY,true,EBA_MC_EBA_x979,,,
27933,DPM_BAS_CPS_EXC_MCY_AE_F36.01.a,4,EBA_BAS,true,EBA_BA_EBA_x6,,,
27934,DPM_BAS_CPS_EXC_MCY_AE_F36.01.a,4,EBA_CPS,true,EBA_CT_EBA_x0,,,
27935,DPM_BAS_CPS_EXC_MCY_AE_F36.01.a,4,EBA_EXC,true,EBA_EC_EBA_x0,,,
27936,DPM_BAS_CPS_EXC_MCY_AE_F36.01.a,4,EBA_MCY,true,EBA_MC_EBA_x463,,,
27937,DPM_BAS_CPS_EXC_MCY_AE_F36.01.a,5,EBA_BAS,true,EBA_BA_EBA_x6,,,
27938,DPM_BAS_CPS_EXC_MCY_AE_F36.01.a,5,EBA_CPS,true,EBA_CT_EBA_x0,,,
27939,DPM_BAS_CPS_EXC_MCY_AE_F36.01.a,5,EBA_EXC,true,EBA_EC_EBA_x0,,,
27940,DPM_BAS_CPS_EXC_MCY_AE_F36.01.a,5,EBA_MCY,true,EBA_MC_EBA_x25,,,
27941,DPM_BAS_CPS_EXC_MCY_AE_F36.01.a,6,EBA_BAS,true,EBA_BA_EBA_x6,,,
27942,DPM_BAS_CPS_EXC_MCY_AE_F36.01.a,6,EBA_CPS,true,EBA_CT_EBA_x1,,,
27943,DPM_BAS_CPS_EXC_MCY_AE_F36.01.a,6,EBA_EXC,true,EBA_EC_EBA_x0,,,
27944,DPM_BAS_CPS_EXC_MCY_AE_F36.01.a,6,EBA_MCY,true,EBA_MC_EBA_x60,,,
27945,DPM_BAS_CPS_EXC_MCY_AE_F36.01.a,7,EBA_BAS,true,EBA_BA_EBA_x6,,,
27946,DPM_BAS_CPS_EXC_MCY_AE_F36.01.a,7,EBA_CPS,true,EBA_CT_EBA_x20,,,
27947,DPM_BAS_CPS_EXC_MCY_AE_F36.01.a,7,EBA_EXC,true,EBA_EC_EBA_x0,,,
27948,DPM_BAS_CPS_EXC_MCY_AE_F36.01.a,7,EBA_MCY,true,EBA_MC_EBA_x60,,,
27949,DPM_BAS_CPS_EXC_MCY_AE_F36.01.a,8,EBA_BAS,true,EBA_BA_EBA_x6,,,
27950,DPM_BAS_CPS_EXC_MCY_AE_F36.01.a,8,EBA_CPS,true,EBA_CT_EBA_x20,,,
27951,DPM_BAS_CPS_EXC_MCY_AE_F36.01.a,8,EBA_EXC,true,EBA_EC_EBA_x0,,,
27952,DPM_BAS_CPS_EXC_MCY_AE_F36.01.a,8,EBA_MCY,true,EBA_MC_EBA_x475,,,
27953,DPM_BAS_CPS_EXC_MCY_AE_F36.01.a,9,EBA_BAS,true,EBA_BA_EBA_x6,,,
27954,DPM_BAS_CPS_EXC_MCY_AE_F36.01.a,9,EBA_CPS,true,EBA_CT_EBA_x47,,,
27955,DPM_BAS_CPS_EXC_MCY_AE_F36.01.a,9,EBA_EXC,true,EBA_EC_EBA_x0,,,
27956,DPM_BAS_CPS_EXC_MCY_AE_F36.01.a,9,EBA_MCY,true,EBA_MC_EBA_x475,,,
27957,DPM_BAS_CPS_EXC_MCY_AE_F36.01.a,10,EBA_BAS,true,EBA_BA_EBA_x6,,,
27958,DPM_BAS_CPS_EXC_MCY_AE_F36.01.a,10,EBA_CPS,true,EBA_CT_EBA_x5,,,
27959,DPM_BAS_CPS_EXC_MCY_AE_F36.01.a,10,EBA_EXC,true,EBA_EC_EBA_x0,,,
27960,DPM_BAS_CPS_EXC_MCY_AE_F36.01.a,10,EBA_MCY,true,EBA_MC_EBA_x475,,,
27961,DPM_BAS_CPS_EXC_MCY_AE_F36.01.a,11,EBA_BAS,true,EBA_BA_EBA_x6,,,
27962,DPM_BAS_CPS_EXC_MCY_AE_F36.01.a,11,EBA_CPS,true,EBA_CT_EBA_x8,,,
27963,DPM_BAS_CPS_EXC_MCY_AE_F36.01.a,11,EBA_EXC,true,EBA_EC_EBA_x0,,,
27964,DPM_BAS_CPS_EXC_MCY_AE_F36.01.a,11,EBA_MCY,true,EBA_MC_EBA_x60,,,
27965,DPM_BAS_CPS_EXC_MCY_AE_F36.01.a,12,EBA_BAS,true,EBA_BA_EBA_x6,,,
27966,DPM_BAS_CPS_EXC_MCY_AE_F36.01.a,12,EBA_CPS,true,EBA_CT_EBA_x8,,,
27967,DPM_BAS_CPS_EXC_MCY_AE_F36.01.a,12,EBA_EXC,true,EBA_EC_EBA_x0,,,
27968,DPM_BAS_CPS_EXC_MCY_AE_F36.01.a,12,EBA_MCY,true,EBA_MC_EBA_x475,,,
27969,DPM_BAS_CRA_AE_F35.00.c,0,EBA_BAS,true,EBA_BA_EBA_x17,,,
27970,DPM_BAS_CRA_AE_F35.00.c,0,EBA_CRA,true,EBA_ER_EBA_x0,,,
27971,DPM_BAS_CRA_AE_F35.00.c,1,EBA_BAS,true,EBA_BA_EBA_x17,,,
27972,DPM_BAS_CRA_AE_F35.00.c,1,EBA_CRA,true,EBA_ER_EBA_x13,,,
27973,DPM_BAS_CRA_AE_F35.00.c,2,EBA_BAS,true,EBA_BA_EBA_x17,,,
27974,DPM_BAS_CRA_AE_F35.00.c,2,EBA_CRA,true,EBA_ER_EBA_x14,,,
27975,DPM_BAS_CRA_AE_F35.00.c,3,EBA_BAS,true,EBA_BA_EBA_x17,,,
27976,DPM_BAS_CRA_AE_F35.00.c,3,EBA_CRA,true,EBA_ER_EBA_x15,,,
27977,DPM_SCC_AE,7,EBA_SCC,true,EBA_MC_EBA_x457,,,
27978,DPM_SCC_AE,8,EBA_SCC,true,EBA_MC_EBA_x452,,,
27979,DPM_SCC_AE,9,EBA_SCC,true,EBA_MC_EBA_x545,,,
27980,DPM_SCC_AE,10,EBA_SCC,true,EBA_MC_EBA_x546,,,
27981,DPM_SCC_AE,11,EBA_SCC,true,EBA_MC_EBA_x547,,,
27982,DPM_SCC_AE,12,EBA_SCC,true,EBA_MC_EBA_x548,,,
27983,DPM_CPC_ECC_MCG_AE_F36.02.b,0,EBA_MCG,true,EBA_MC_EBA_x471,,,
27984,DPM_CPC_ECC_MCG_AE_F36.02.b,0,EBA_ECC,true,EBA_EC_EBA_x0,,,
27985,DPM_CPC_ECC_MCG_AE_F36.02.b,0,EBA_CPC,true,EBA_CT_EBA_x0,,,
27986,DPM_CPC_ECC_MCG_AE_F36.02.b,1,EBA_MCG,true,EBA_MC_EBA_x468,,,
27987,DPM_CPC_ECC_MCG_AE_F36.02.b,1,EBA_ECC,true,EBA_EC_EBA_x0,,,
27988,DPM_CPC_ECC_MCG_AE_F36.02.b,1,EBA_CPC,true,EBA_CT_EBA_x0,,,
27989,DPM_CPC_ECC_MCG_AE_F36.02.b,2,EBA_MCG,true,EBA_MC_EBA_x467,,,
27990,DPM_CPC_ECC_MCG_AE_F36.02.b,2,EBA_ECC,true,EBA_EC_EBA_x0,,,
27991,DPM_CUS_AE,140,EBA_CUS,true,EBA_CU_EBA_TJS,,,
27992,DPM_CUS_AE,141,EBA_CUS,true,EBA_CU_EBA_TMT,,,
27993,DPM_CUS_AE,142,EBA_CUS,true,EBA_CU_EBA_TND,,,
27994,DPM_CUS_AE,143,EBA_CUS,true,EBA_CU_EBA_TOP,,,
27995,DPM_CUS_AE,144,EBA_CUS,true,EBA_CU_EBA_TRY,,,
27996,DPM_CUS_AE,145,EBA_CUS,true,EBA_CU_EBA_TTD,,,
27997,DPM_CUS_AE,146,EBA_CUS,true,EBA_CU_EBA_TWD,,,
27998,DPM_CUS_AE,147,EBA_CUS,true,EBA_CU_EBA_TZS,,,
27999,DPM_CUS_AE,148,EBA_CUS,true,EBA_CU_EBA_UAH,,,
28000,DPM_CUS_AE,149,EBA_CUS,true,EBA_CU_EBA_UGX,,,
28001,DPM_CUS_AE,150,EBA_CUS,true,EBA_CU_EBA_USD,,,
28002,DPM_CUS_AE,151,EBA_CUS,true,EBA_CU_EBA_UYI,,,
28003,DPM_CUS_AE,152,EBA_CUS,true,EBA_CU_EBA_UYU,,,
28004,DPM_CUS_AE,153,EBA_CUS,true,EBA_CU_EBA_UZS,,,
28005,DPM_CUS_AE,154,EBA_CUS,true,EBA_CU_EBA_VEF,,,
28006,DPM_CUS_AE,155,EBA_CUS,true,EBA_CU_EBA_VND,,,
28007,DPM_CUS_AE,156,EBA_CUS,true,EBA_CU_EBA_VUV,,,
28008,DPM_CUS_AE,157,EBA_CUS,true,EBA_CU_EBA_WST,,,
28009,DPM_CUS_AE,158,EBA_CUS,true,EBA_CU_EBA_XCD,,,
28010,DPM_CUS_AE,159,EBA_CUS,true,EBA_CU_EBA_YER,,,
28011,DPM_CUS_AE,160,EBA_CUS,true,EBA_CU_EBA_ZAR,,,
28012,DPM_CUS_AE,161,EBA_CUS,true,EBA_CU_EBA_ZMK,,,
28013,DPM_CUS_AE,162,EBA_CUS,true,EBA_CU_EBA_ZMW,,,
28014,DPM_CUS_AE,163,EBA_CUS,true,EBA_CU_EBA_ZWL,,,
28015,DPM_CUS_AE,164,EBA_CUS,true,EBA_CU_EBA_x46,,,
28016,DPM_CUS_AE,165,EBA_CUS,true,EBA_CU_EBA_XPF,,,
28017,DPM_CUS_AE,166,EBA_CUS,true,EBA_CU_EBA_CNH,,,
28018,DPM_CSC_AE,0,EBA_CSC,true,EBA_CS_EBA_x1,,,
28019,DPM_CSC_AE,1,EBA_CSC,true,EBA_CS_EBA_x2,,,
28020,DPM_MCS_MCY_SST_AE_F32.03.a,0,EBA_MCY,true,EBA_MC_EBA_x415,,,
28021,DPM_MCS_MCY_SST_AE_F32.03.a,0,EBA_MCS,true,EBA_MC_EBA_x984,,,
28022,DPM_MCS_MCY_SST_AE_F32.03.a,0,EBA_SST,true,EBA_ST_EBA_x0,,,
28023,DPM_MCS_MCY_SST_AE_F32.03.a,1,EBA_MCY,true,EBA_MC_EBA_x415,,,
28024,DPM_MCS_MCY_SST_AE_F32.03.a,1,EBA_MCS,true,EBA_MC_EBA_x481,,,
28025,DPM_MCS_MCY_SST_AE_F32.03.a,1,EBA_SST,true,EBA_ST_EBA_x0,,,
28026,DPM_MCS_MCY_SST_AE_F32.03.a,2,EBA_MCY,true,EBA_MC_EBA_x415,,,
28027,DPM_MCS_MCY_SST_AE_F32.03.a,2,EBA_MCS,true,EBA_MC_EBA_x985,,,
28028,DPM_MCS_MCY_SST_AE_F32.03.a,2,EBA_SST,true,EBA_ST_EBA_x0,,,
28029,DPM_MCS_MCY_SST_AE_F32.03.a,3,EBA_MCY,true,EBA_MC_EBA_x415,,,
28030,DPM_MCS_MCY_SST_AE_F32.03.a,3,EBA_MCS,true,EBA_MC_EBA_x985,,,
28031,DPM_MCS_MCY_SST_AE_F32.03.a,3,EBA_SST,true,EBA_ST_EBA_x3,,,
28032,DPM_MCS_MCY_SST_AE_F32.03.a,4,EBA_MCY,true,EBA_MC_EBA_x415,,,
28033,DPM_MCS_MCY_SST_AE_F32.03.a,4,EBA_MCS,true,EBA_MC_EBA_x985,,,
28034,DPM_MCS_MCY_SST_AE_F32.03.a,4,EBA_SST,true,EBA_ST_EBA_x2,,,
28035,DPM_MCS_MCY_SST_AE_F32.03.a,5,EBA_MCY,true,EBA_MC_EBA_x415,,,
28036,DPM_MCS_MCY_SST_AE_F32.03.a,5,EBA_MCS,true,EBA_MC_EBA_x985,,,
28037,DPM_MCS_MCY_SST_AE_F32.03.a,5,EBA_SST,true,EBA_ST_EBA_x1,,,
28038,DPM_LQC_AE_F36.02.c,0,EBA_LQC,true,EBA_LQ_EBA_x0,,,
28039,DPM_LQC_AE_F36.02.c,1,EBA_LQC,true,EBA_LQ_EBA_x49,,,
28040,DPM_LQC_AE_F32.02.a,0,EBA_LQC,true,EBA_LQ_EBA_x0,,,
28041,DPM_LQC_AE_F32.02.a,1,EBA_LQC,true,EBA_LQ_EBA_x49,,,
28042,DPM_LQC_AE_F32.02.a,2,EBA_LQC,true,EBA_LQ_EBA_x233,,,
28043,DPM_CPC_ECC_MCG_AE_F36.01.b,2,EBA_CPC,true,EBA_CT_EBA_x0,,,
28044,DPM_CPC_ECC_MCG_AE_F36.01.b,3,EBA_MCG,true,EBA_MC_EBA_x60,,,
28045,DPM_CPC_ECC_MCG_AE_F36.01.b,3,EBA_ECC,true,EBA_EC_EBA_x13,,,
28046,DPM_CPC_ECC_MCG_AE_F36.01.b,3,EBA_CPC,true,EBA_CT_EBA_x0,,,
28047,DPM_CPC_ECC_MCG_AE_F36.01.b,4,EBA_MCG,true,EBA_MC_EBA_x979,,,
28048,DPM_CPC_ECC_MCG_AE_F36.01.b,4,EBA_ECC,true,EBA_EC_EBA_x0,,,
28049,DPM_CPC_ECC_MCG_AE_F36.01.b,4,EBA_CPC,true,EBA_CT_EBA_x0,,,
28050,DPM_CPC_ECC_MCG_AE_F36.01.b,5,EBA_MCG,true,EBA_MC_EBA_x463,,,
28051,DPM_CPC_ECC_MCG_AE_F36.01.b,5,EBA_ECC,true,EBA_EC_EBA_x0,,,
28052,DPM_CPC_ECC_MCG_AE_F36.01.b,5,EBA_CPC,true,EBA_CT_EBA_x0,,,
28053,DPM_CPC_ECC_MCG_AE_F36.01.b,6,EBA_MCG,true,EBA_MC_EBA_x25,,,
28054,DPM_CPC_ECC_MCG_AE_F36.01.b,6,EBA_ECC,true,EBA_EC_EBA_x0,,,
28055,DPM_CPC_ECC_MCG_AE_F36.01.b,6,EBA_CPC,true,EBA_CT_EBA_x0,,,
28056,DPM_CPC_ECC_MCG_AE_F36.01.b,7,EBA_MCG,true,EBA_MC_EBA_x60,,,
28057,DPM_CPC_ECC_MCG_AE_F36.01.b,7,EBA_ECC,true,EBA_EC_EBA_x0,,,
28058,DPM_CPC_ECC_MCG_AE_F36.01.b,7,EBA_CPC,true,EBA_CT_EBA_x1,,,
28059,DPM_CPC_ECC_MCG_AE_F36.01.b,8,EBA_MCG,true,EBA_MC_EBA_x60,,,
28060,DPM_CPC_ECC_MCG_AE_F36.01.b,8,EBA_ECC,true,EBA_EC_EBA_x0,,,
28061,DPM_CPC_ECC_MCG_AE_F36.01.b,8,EBA_CPC,true,EBA_CT_EBA_x20,,,
28062,DPM_CPC_ECC_MCG_AE_F36.01.b,9,EBA_MCG,true,EBA_MC_EBA_x475,,,
28063,DPM_CPC_ECC_MCG_AE_F36.01.b,9,EBA_ECC,true,EBA_EC_EBA_x0,,,
28064,DPM_CPC_ECC_MCG_AE_F36.01.b,9,EBA_CPC,true,EBA_CT_EBA_x20,,,
28065,DPM_CPC_ECC_MCG_AE_F36.01.b,10,EBA_MCG,true,EBA_MC_EBA_x980,,,
28066,DPM_CPC_ECC_MCG_AE_F36.01.b,10,EBA_ECC,true,EBA_EC_EBA_x0,,,
28067,DPM_CPC_ECC_MCG_AE_F36.01.b,10,EBA_CPC,true,EBA_CT_EBA_x20,,,
28068,DPM_CPC_ECC_MCG_AE_F36.01.b,11,EBA_MCG,true,EBA_MC_EBA_x475,,,
28069,DPM_CPC_ECC_MCG_AE_F36.01.b,11,EBA_ECC,true,EBA_EC_EBA_x0,,,
28070,DPM_CPC_ECC_MCG_AE_F36.01.b,11,EBA_CPC,true,EBA_CT_EBA_x47,,,
28071,DPM_CPC_ECC_MCG_AE_F36.01.b,12,EBA_MCG,true,EBA_MC_EBA_x475,,,
28072,DPM_CPC_ECC_MCG_AE_F36.01.b,12,EBA_ECC,true,EBA_EC_EBA_x0,,,
28073,DPM_CPC_ECC_MCG_AE_F36.01.b,12,EBA_CPC,true,EBA_CT_EBA_x5,,,
28074,DPM_CPC_ECC_MCG_AE_F36.01.b,13,EBA_MCG,true,EBA_MC_EBA_x980,,,
28075,DPM_CPC_ECC_MCG_AE_F36.01.b,13,EBA_ECC,true,EBA_EC_EBA_x0,,,
28076,DPM_CPC_ECC_MCG_AE_F36.01.b,13,EBA_CPC,true,EBA_CT_EBA_x5,,,
28077,DPM_CPC_ECC_MCG_AE_F36.01.b,14,EBA_MCG,true,EBA_MC_EBA_x60,,,
28078,DPM_CPC_ECC_MCG_AE_F36.01.b,14,EBA_ECC,true,EBA_EC_EBA_x0,,,
28079,DPM_CPC_ECC_MCG_AE_F36.01.b,14,EBA_CPC,true,EBA_CT_EBA_x8,,,
28080,DPM_CPC_ECC_MCG_AE_F36.01.b,15,EBA_MCG,true,EBA_MC_EBA_x475,,,
28081,DPM_CPC_ECC_MCG_AE_F36.01.b,15,EBA_ECC,true,EBA_EC_EBA_x0,,,
28082,DPM_CPC_ECC_MCG_AE_F36.01.b,15,EBA_CPC,true,EBA_CT_EBA_x8,,,
28083,DPM_RPR_AE_F36,0,EBA_RPR,true,EBA_RP_EBA_x0,,,
28084,DPM_RPR_AE_F36,1,EBA_RPR,true,EBA_RP_EBA_x13,,,
28085,DPM_SCC_AE,0,EBA_SCC,true,EBA_MC_EBA_x458,,,
28086,DPM_SCC_AE,1,EBA_SCC,true,EBA_MC_EBA_x542,,,
28087,DPM_SCC_AE,2,EBA_SCC,true,EBA_MC_EBA_x543,,,
28088,DPM_SCC_AE,3,EBA_SCC,true,EBA_MC_EBA_x544,,,
28089,DPM_SCC_AE,4,EBA_SCC,true,EBA_MC_EBA_x453,,,
28090,DPM_SCC_AE,5,EBA_SCC,true,EBA_MC_EBA_x451,,,
28091,DPM_SCC_AE,6,EBA_SCC,true,EBA_MC_EBA_x455,,,
28092,DPM_ei4,0,EBA_ei4,true,EBA_AS_EBA_x2,,,
28093,DPM_ei4,1,EBA_ei4,true,EBA_AS_EBA_x1,,,
28094,DPM_ENC_LQA_AE_F32.01,0,EBA_ENC,true,EBA_CG_EBA_x8,,,
28095,DPM_ENC_LQA_AE_F32.01,0,EBA_LQA,true,EBA_LQ_EBA_x0,,,
28096,DPM_ENC_LQA_AE_F32.01,1,EBA_ENC,true,EBA_CG_EBA_x8,,,
28097,DPM_ENC_LQA_AE_F32.01,1,EBA_LQA,true,EBA_LQ_EBA_x49,,,
28098,DPM_ENC_LQA_AE_F32.01,2,EBA_ENC,true,EBA_CG_EBA_x8,,,
28099,DPM_ENC_LQA_AE_F32.01,2,EBA_LQA,true,EBA_LQ_EBA_x233,,,
28100,DPM_ENC_LQA_AE_F32.01,3,EBA_ENC,true,EBA_CG_EBA_x12,,,
28101,DPM_ENC_LQA_AE_F32.01,3,EBA_LQA,true,EBA_LQ_EBA_x0,,,
28102,DPM_ENC_LQA_AE_F32.01,4,EBA_ENC,true,EBA_CG_EBA_x12,,,
28103,DPM_ENC_LQA_AE_F32.01,4,EBA_LQA,true,EBA_LQ_EBA_x49,,,
28104,DPM_ENC_LQA_AE_F32.01,5,EBA_ENC,true,EBA_CG_EBA_x12,,,
28105,DPM_ENC_LQA_AE_F32.01,5,EBA_LQA,true,EBA_LQ_EBA_x233,,,
28106,DPM_ENC_LQA_AE_F32.01,6,EBA_ENC,true,EBA_CG_EBA_x0,,,
28107,DPM_ENC_LQA_AE_F32.01,6,EBA_LQA,true,EBA_LQ_EBA_x0,,,
28108,DPM_RPR_AE,0,EBA_RPR,true,EBA_RP_EBA_x0,,,
28109,DPM_RPR_AE,1,EBA_RPR,true,EBA_RP_EBA_x13,,,
28110,DPM_ENC_AE,0,EBA_ENC,true,EBA_CG_EBA_x8,,,
28111,DPM_ENC_AE,1,EBA_ENC,true,EBA_CG_EBA_x12,,,
28112,DPM_ENC_AE,2,EBA_ENC,true,EBA_CG_EBA_x0,,,
28113,DPM_EUT_AE,0,EBA_EUT,true,EBA_TI_EBA_x31,,,
28114,DPM_EUT_AE,1,EBA_EUT,true,EBA_TI_EBA_x59,,,
28115,DPM_EUT_AE,2,EBA_EUT,true,EBA_TI_EBA_x60,,,
28116,DPM_EUT_AE,3,EBA_EUT,true,EBA_TI_EBA_x61,,,
28117,DPM_EUT_AE,4,EBA_EUT,true,EBA_TI_EBA_x28,,,
28118,DPM_EUT_AE,5,EBA_EUT,true,EBA_TI_EBA_x26,,,
28119,DPM_EUT_AE,6,EBA_EUT,true,EBA_TI_EBA_x17,,,
28120,DPM_EUT_AE,7,EBA_EUT,true,EBA_TI_EBA_x30,,,
28121,DPM_EUT_AE,8,EBA_EUT,true,EBA_TI_EBA_x27,,,
28122,DPM_EUT_AE,9,EBA_EUT,true,EBA_TI_EBA_x62,,,
28123,DPM_EUT_AE,10,EBA_EUT,true,EBA_TI_EBA_x54,,,
28124,DPM_EUT_AE,11,EBA_EUT,true,EBA_TI_EBA_x55,,,
28125,DPM_EUT_AE,12,EBA_EUT,true,EBA_TI_EBA_x21,,,
28126,DPM_TMA_AE_F32.04b,0,EBA_TMA,true,EBA_MA_EBA_x0,,,
28127,DPM_TMA_AE_F32.04b,1,EBA_TMA,true,EBA_MA_EBA_x4,,,
28128,DPM_TMA_AE_F32.04b,2,EBA_TMA,true,EBA_MA_EBA_x5,,,
28129,DPM_CPE_MCS_AE_F32.04.b,0,EBA_CPE,true,EBA_CT_EBA_x0,,,
28130,DPM_CPE_MCS_AE_F32.04.b,0,EBA_MCS,true,EBA_MC_EBA_x462,,,
28131,DPM_CPE_MCS_AE_F32.04.b,1,EBA_CPE,true,EBA_CT_EBA_x0,,,
28132,DPM_CPE_MCS_AE_F32.04.b,1,EBA_MCS,true,EBA_MC_EBA_x0,,,
28133,DPM_CPE_MCS_AE_F32.04.b,2,EBA_CPE,true,EBA_CT_EBA_x0,,,
28134,DPM_CPE_MCS_AE_F32.04.b,2,EBA_MCS,true,EBA_MC_EBA_x69,,,
28135,DPM_CPE_MCS_AE_F32.04.b,3,EBA_CPE,true,EBA_CT_EBA_x0,,,
28136,DPM_CPE_MCS_AE_F32.04.b,3,EBA_MCS,true,EBA_MC_EBA_x176,,,
28137,DPM_CPE_MCS_AE_F32.04.b,4,EBA_CPE,true,EBA_CT_EBA_x0,,,
28138,DPM_CPE_MCS_AE_F32.04.b,4,EBA_MCS,true,EBA_MC_EBA_x96,,,
28139,DPM_CPE_MCS_AE_F32.04.b,5,EBA_CPE,true,EBA_CT_EBA_x0,,,
28140,DPM_CPE_MCS_AE_F32.04.b,5,EBA_MCS,true,EBA_MC_EBA_x135,,,
28141,DPM_CPE_MCS_AE_F32.04.b,6,EBA_CPE,true,EBA_CT_EBA_x10,,,
28142,DPM_CPE_MCS_AE_F32.04.b,6,EBA_MCS,true,EBA_MC_EBA_x135,,,
28143,DPM_CPE_MCS_AE_F32.04.b,7,EBA_CPE,true,EBA_CT_EBA_x0,,,
28144,DPM_CPE_MCS_AE_F32.04.b,7,EBA_MCS,true,EBA_MC_EBA_x94,,,
28145,DPM_CPE_MCS_AE_F32.04.b,8,EBA_CPE,true,EBA_CT_EBA_x10,,,
28146,DPM_CPE_MCS_AE_F32.04.b,8,EBA_MCS,true,EBA_MC_EBA_x94,,,
28147,DPM_CPE_MCS_AE_F32.04.b,9,EBA_CPE,true,EBA_CT_EBA_x9,,,
28148,DPM_CPE_MCS_AE_F32.04.b,9,EBA_MCS,true,EBA_MC_EBA_x94,,,
28149,DPM_CPE_MCS_AE_F32.04.b,10,EBA_CPE,true,EBA_CT_EBA_x0,,,
28150,DPM_CPE_MCS_AE_F32.04.b,10,EBA_MCS,true,EBA_MC_EBA_x477,,,
28151,DPM_CPE_MCS_AE_F32.04.b,11,EBA_CPE,true,EBA_CT_EBA_x10,,,
28152,DPM_CPE_MCS_AE_F32.04.b,11,EBA_MCS,true,EBA_MC_EBA_x477,,,
28153,DPM_CPE_MCS_AE_F32.04.b,12,EBA_CPE,true,EBA_CT_EBA_x9,,,
28154,DPM_CPE_MCS_AE_F32.04.b,12,EBA_MCS,true,EBA_MC_EBA_x477,,,
28155,DPM_CPE_MCS_AE_F32.04.b,13,EBA_CPE,true,EBA_CT_EBA_x0,,,
28156,DPM_CPE_MCS_AE_F32.04.b,13,EBA_MCS,true,EBA_MC_EBA_x31,,,
28157,DPM_CPE_MCS_AE_F32.04.b,14,EBA_CPE,true,EBA_CT_EBA_x0,,,
28158,DPM_CPE_MCS_AE_F32.04.b,14,EBA_MCS,true,EBA_MC_EBA_x146,,,
28159,DPM_CPE_MCS_AE_F32.04.b,15,EBA_CPE,true,EBA_CT_EBA_x0,,,
28160,DPM_CPE_MCS_AE_F32.04.b,15,EBA_MCS,true,EBA_MC_EBA_x62,,,
28161,DPM_CPE_MCS_AE_F32.04.b,16,EBA_CPE,true,EBA_CT_EBA_x0,,,
28162,DPM_CPE_MCS_AE_F32.04.b,16,EBA_MCS,true,EBA_MC_EBA_x986,,,
28163,DPM_CPE_MCS_AE_F32.04.b,17,EBA_CPE,true,EBA_CT_EBA_x0,,,
28164,DPM_CPE_MCS_AE_F32.04.b,17,EBA_MCS,true,EBA_MC_EBA_x64,,,
28165,DPM_CPE_MCS_AE_F32.04.b,18,EBA_CPE,true,EBA_CT_EBA_x0,,,
28166,DPM_CPE_MCS_AE_F32.04.b,18,EBA_MCS,true,EBA_MC_EBA_x987,,,
28167,DPM_CPE_MCS_AE_F32.04.b,19,EBA_CPE,true,EBA_CT_EBA_x0,,,
28168,DPM_CPE_MCS_AE_F32.04.b,19,EBA_MCS,true,EBA_MC_EBA_x482,,,
28169,DPM_CPE_MCS_AE_F32.04.b,20,EBA_CPE,true,EBA_CT_EBA_x0,,,
28170,DPM_CPE_MCS_AE_F32.04.b,20,EBA_MCS,true,EBA_MC_EBA_x155,,,
28171,DPM_CPE_MCS_AE_F32.04.b,21,EBA_CPE,true,EBA_CT_EBA_x0,,,
28172,DPM_CPE_MCS_AE_F32.04.b,21,EBA_MCS,true,EBA_MC_EBA_x99,,,
28173,DPM_CUS_AE,0,EBA_CUS,true,EBA_CU_EBA_AED,,,
28174,DPM_CUS_AE,1,EBA_CUS,true,EBA_CU_EBA_AFN,,,
28175,DPM_CUS_AE,2,EBA_CUS,true,EBA_CU_EBA_ALL,,,
28176,DPM_CUS_AE,3,EBA_CUS,true,EBA_CU_EBA_AMD,,,
28177,DPM_CUS_AE,4,EBA_CUS,true,EBA_CU_EBA_ANG,,,
28178,DPM_CUS_AE,5,EBA_CUS,true,EBA_CU_EBA_AOA,,,
28179,DPM_CUS_AE,6,EBA_CUS,true,EBA_CU_EBA_ARS,,,
28180,DPM_CUS_AE,7,EBA_CUS,true,EBA_CU_EBA_AUD,,,
28181,DPM_CUS_AE,8,EBA_CUS,true,EBA_CU_EBA_AWG,,,
28182,DPM_CUS_AE,9,EBA_CUS,true,EBA_CU_EBA_AZN,,,
28183,DPM_CUS_AE,10,EBA_CUS,true,EBA_CU_EBA_BAM,,,
28184,DPM_CUS_AE,11,EBA_CUS,true,EBA_CU_EBA_BBD,,,
28185,DPM_CUS_AE,12,EBA_CUS,true,EBA_CU_EBA_BDT,,,
28186,DPM_CUS_AE,13,EBA_CUS,true,EBA_CU_EBA_BGN,,,
28187,DPM_CUS_AE,14,EBA_CUS,true,EBA_CU_EBA_BHD,,,
28188,DPM_CUS_AE,15,EBA_CUS,true,EBA_CU_EBA_BIF,,,
28189,DPM_CUS_AE,16,EBA_CUS,true,EBA_CU_EBA_BMD,,,
28190,DPM_CUS_AE,17,EBA_CUS,true,EBA_CU_EBA_BND,,,
28191,DPM_CUS_AE,18,EBA_CUS,true,EBA_CU_EBA_BOB,,,
28192,DPM_CUS_AE,19,EBA_CUS,true,EBA_CU_EBA_BOV,,,
28193,DPM_CUS_AE,20,EBA_CUS,true,EBA_CU_EBA_BRL,,,
28194,DPM_CUS_AE,21,EBA_CUS,true,EBA_CU_EBA_BSD,,,
28195,DPM_CUS_AE,22,EBA_CUS,true,EBA_CU_EBA_BTN,,,
28196,DPM_CUS_AE,23,EBA_CUS,true,EBA_CU_EBA_BWP,,,
28197,DPM_CUS_AE,24,EBA_CUS,true,EBA_CU_EBA_BYR,,,
28198,DPM_CUS_AE,25,EBA_CUS,true,EBA_CU_EBA_BYN,,,
28199,DPM_CUS_AE,26,EBA_CUS,true,EBA_CU_EBA_BZD,,,
28200,DPM_CUS_AE,27,EBA_CUS,true,EBA_CU_EBA_CAD,,,
28201,DPM_CUS_AE,28,EBA_CUS,true,EBA_CU_EBA_CDF,,,
28202,DPM_CUS_AE,29,EBA_CUS,true,EBA_CU_EBA_CHE,,,
28203,DPM_CUS_AE,30,EBA_CUS,true,EBA_CU_EBA_CHF,,,
28204,DPM_CUS_AE,31,EBA_CUS,true,EBA_CU_EBA_CHW,,,
28205,DPM_CUS_AE,32,EBA_CUS,true,EBA_CU_EBA_CLF,,,
28206,DPM_CUS_AE,33,EBA_CUS,true,EBA_CU_EBA_CLP,,,
28207,DPM_CUS_AE,34,EBA_CUS,true,EBA_CU_EBA_CNY,,,
28208,DPM_CUS_AE,35,EBA_CUS,true,EBA_CU_EBA_COP,,,
28209,DPM_CUS_AE,36,EBA_CUS,true,EBA_CU_EBA_COU,,,
28210,DPM_CUS_AE,37,EBA_CUS,true,EBA_CU_EBA_CRC,,,
28211,DPM_CUS_AE,38,EBA_CUS,true,EBA_CU_EBA_CUC,,,
28212,DPM_CUS_AE,39,EBA_CUS,true,EBA_CU_EBA_CUP,,,
28213,DPM_CUS_AE,40,EBA_CUS,true,EBA_CU_EBA_CVE,,,
28214,DPM_CUS_AE,41,EBA_CUS,true,EBA_CU_EBA_CZK,,,
28215,DPM_CUS_AE,42,EBA_CUS,true,EBA_CU_EBA_DJF,,,
28216,DPM_CUS_AE,43,EBA_CUS,true,EBA_CU_EBA_DKK,,,
28217,DPM_CUS_AE,44,EBA_CUS,true,EBA_CU_EBA_DOP,,,
28218,DPM_CUS_AE,45,EBA_CUS,true,EBA_CU_EBA_DZD,,,
28219,DPM_CUS_AE,46,EBA_CUS,true,EBA_CU_EBA_EGP,,,
28220,DPM_CUS_AE,47,EBA_CUS,true,EBA_CU_EBA_ERN,,,
28221,DPM_CUS_AE,48,EBA_CUS,true,EBA_CU_EBA_ETB,,,
28222,DPM_CUS_AE,49,EBA_CUS,true,EBA_CU_EBA_EUR,,,
28223,DPM_CUS_AE,50,EBA_CUS,true,EBA_CU_EBA_FJD,,,
28224,DPM_CUS_AE,51,EBA_CUS,true,EBA_CU_EBA_FKP,,,
28225,DPM_CUS_AE,52,EBA_CUS,true,EBA_CU_EBA_GBP,,,
28226,DPM_CUS_AE,53,EBA_CUS,true,EBA_CU_EBA_GEL,,,
28227,DPM_CUS_AE,54,EBA_CUS,true,EBA_CU_EBA_GHS,,,
28228,DPM_CUS_AE,55,EBA_CUS,true,EBA_CU_EBA_GIP,,,
28229,DPM_CUS_AE,56,EBA_CUS,true,EBA_CU_EBA_GMD,,,
28230,DPM_CUS_AE,57,EBA_CUS,true,EBA_CU_EBA_GNF,,,
28231,DPM_CUS_AE,58,EBA_CUS,true,EBA_CU_EBA_GTQ,,,
28232,DPM_CUS_AE,59,EBA_CUS,true,EBA_CU_EBA_GYD,,,
28233,DPM_CUS_AE,60,EBA_CUS,true,EBA_CU_EBA_HKD,,,
28234,DPM_CUS_AE,61,EBA_CUS,true,EBA_CU_EBA_HNL,,,
28235,DPM_CUS_AE,62,EBA_CUS,true,EBA_CU_EBA_HRK,,,
28236,DPM_CUS_AE,63,EBA_CUS,true,EBA_CU_EBA_HTG,,,
28237,DPM_CUS_AE,64,EBA_CUS,true,EBA_CU_EBA_HUF,,,
28238,DPM_CUS_AE,65,EBA_CUS,true,EBA_CU_EBA_IDR,,,
28239,DPM_CUS_AE,66,EBA_CUS,true,EBA_CU_EBA_ILS,,,
28240,DPM_CUS_AE,67,EBA_CUS,true,EBA_CU_EBA_INR,,,
28241,DPM_CUS_AE,68,EBA_CUS,true,EBA_CU_EBA_IQD,,,
28242,DPM_CUS_AE,69,EBA_CUS,true,EBA_CU_EBA_IRR,,,
28243,DPM_CUS_AE,70,EBA_CUS,true,EBA_CU_EBA_ISK,,,
28244,DPM_CUS_AE,71,EBA_CUS,true,EBA_CU_EBA_JMD,,,
28245,DPM_CUS_AE,72,EBA_CUS,true,EBA_CU_EBA_JOD,,,
28246,DPM_CUS_AE,73,EBA_CUS,true,EBA_CU_EBA_JPY,,,
28247,DPM_CUS_AE,74,EBA_CUS,true,EBA_CU_EBA_KES,,,
28248,DPM_CUS_AE,75,EBA_CUS,true,EBA_CU_EBA_KGS,,,
28249,DPM_CUS_AE,76,EBA_CUS,true,EBA_CU_EBA_KHR,,,
28250,DPM_CUS_AE,77,EBA_CUS,true,EBA_CU_EBA_KMF,,,
28251,DPM_CUS_AE,78,EBA_CUS,true,EBA_CU_EBA_KPW,,,
28252,DPM_CUS_AE,79,EBA_CUS,true,EBA_CU_EBA_KRW,,,
28253,DPM_CUS_AE,80,EBA_CUS,true,EBA_CU_EBA_KWD,,,
28254,DPM_CUS_AE,81,EBA_CUS,true,EBA_CU_EBA_KYD,,,
28255,DPM_CUS_AE,82,EBA_CUS,true,EBA_CU_EBA_KZT,,,
28256,DPM_CUS_AE,83,EBA_CUS,true,EBA_CU_EBA_LAK,,,
28257,DPM_CUS_AE,118,EBA_CUS,true,EBA_CU_EBA_PYG,,,
28258,DPM_CUS_AE,119,EBA_CUS,true,EBA_CU_EBA_QAR,,,
28259,DPM_CUS_AE,120,EBA_CUS,true,EBA_CU_EBA_RON,,,
28260,DPM_CUS_AE,121,EBA_CUS,true,EBA_CU_EBA_RSD,,,
28261,DPM_CUS_AE,122,EBA_CUS,true,EBA_CU_EBA_RUB,,,
28262,DPM_CUS_AE,123,EBA_CUS,true,EBA_CU_EBA_RWF,,,
28263,DPM_CUS_AE,124,EBA_CUS,true,EBA_CU_EBA_SAR,,,
28264,DPM_CUS_AE,125,EBA_CUS,true,EBA_CU_EBA_SBD,,,
28265,DPM_CUS_AE,126,EBA_CUS,true,EBA_CU_EBA_SCR,,,
28266,DPM_CUS_AE,127,EBA_CUS,true,EBA_CU_EBA_SDG,,,
28267,DPM_CUS_AE,128,EBA_CUS,true,EBA_CU_EBA_SEK,,,
28268,DPM_CUS_AE,129,EBA_CUS,true,EBA_CU_EBA_SGD,,,
28269,DPM_CUS_AE,130,EBA_CUS,true,EBA_CU_EBA_SHP,,,
28270,DPM_CUS_AE,131,EBA_CUS,true,EBA_CU_EBA_SLL,,,
28271,DPM_CUS_AE,132,EBA_CUS,true,EBA_CU_EBA_SOS,,,
28272,DPM_CUS_AE,133,EBA_CUS,true,EBA_CU_EBA_SRD,,,
28273,DPM_CUS_AE,134,EBA_CUS,true,EBA_CU_EBA_SSP,,,
28274,DPM_CUS_AE,135,EBA_CUS,true,EBA_CU_EBA_STD,,,
28275,DPM_CUS_AE,136,EBA_CUS,true,EBA_CU_EBA_SVC,,,
28276,DPM_CUS_AE,137,EBA_CUS,true,EBA_CU_EBA_SYP,,,
28277,DPM_CUS_AE,138,EBA_CUS,true,EBA_CU_EBA_SZL,,,
28278,DPM_CUS_AE,139,EBA_CUS,true,EBA_CU_EBA_THB,,,
28279,DPM_CPC_ECC_MCG_AE_F36.02.b,2,EBA_CPC,true,EBA_CT_EBA_x0,,,
28280,DPM_CPC_ECC_MCG_AE_F36.02.b,3,EBA_MCG,true,EBA_MC_EBA_x467,,,
28281,DPM_CPC_ECC_MCG_AE_F36.02.b,3,EBA_ECC,true,EBA_EC_EBA_x13,,,
28282,DPM_CPC_ECC_MCG_AE_F36.02.b,3,EBA_CPC,true,EBA_CT_EBA_x0,,,
28283,DPM_CPC_ECC_MCG_AE_F36.02.b,4,EBA_MCG,true,EBA_MC_EBA_x472,,,
28284,DPM_CPC_ECC_MCG_AE_F36.02.b,4,EBA_ECC,true,EBA_EC_EBA_x0,,,
28285,DPM_CPC_ECC_MCG_AE_F36.02.b,4,EBA_CPC,true,EBA_CT_EBA_x0,,,
28286,DPM_CPC_ECC_MCG_AE_F36.02.b,5,EBA_MCG,true,EBA_MC_EBA_x988,,,
28287,DPM_CPC_ECC_MCG_AE_F36.02.b,5,EBA_ECC,true,EBA_EC_EBA_x0,,,
28288,DPM_CPC_ECC_MCG_AE_F36.02.b,5,EBA_CPC,true,EBA_CT_EBA_x0,,,
28289,DPM_CPC_ECC_MCG_AE_F36.02.b,6,EBA_MCG,true,EBA_MC_EBA_x981,,,
28290,DPM_CPC_ECC_MCG_AE_F36.02.b,6,EBA_ECC,true,EBA_EC_EBA_x36,,,
28291,DPM_CPC_ECC_MCG_AE_F36.02.b,6,EBA_CPC,true,EBA_CT_EBA_x0,,,
28292,DPM_CPC_ECC_MCG_AE_F36.02.b,7,EBA_MCG,true,EBA_MC_EBA_x465,,,
28293,DPM_CPC_ECC_MCG_AE_F36.02.b,7,EBA_ECC,true,EBA_EC_EBA_x0,,,
28294,DPM_CPC_ECC_MCG_AE_F36.02.b,7,EBA_CPC,true,EBA_CT_EBA_x0,,,
28295,DPM_CPC_ECC_MCG_AE_F36.02.b,8,EBA_MCG,true,EBA_MC_EBA_x467,,,
28296,DPM_CPC_ECC_MCG_AE_F36.02.b,8,EBA_ECC,true,EBA_EC_EBA_x0,,,
28297,DPM_CPC_ECC_MCG_AE_F36.02.b,8,EBA_CPC,true,EBA_CT_EBA_x1,,,
28298,DPM_CPC_ECC_MCG_AE_F36.02.b,9,EBA_MCG,true,EBA_MC_EBA_x467,,,
28299,DPM_CPC_ECC_MCG_AE_F36.02.b,9,EBA_ECC,true,EBA_EC_EBA_x0,,,
28300,DPM_CPC_ECC_MCG_AE_F36.02.b,9,EBA_CPC,true,EBA_CT_EBA_x20,,,
28301,DPM_CPC_ECC_MCG_AE_F36.02.b,10,EBA_MCG,true,EBA_MC_EBA_x225,,,
28302,DPM_CPC_ECC_MCG_AE_F36.02.b,10,EBA_ECC,true,EBA_EC_EBA_x0,,,
28303,DPM_CPC_ECC_MCG_AE_F36.02.b,10,EBA_CPC,true,EBA_CT_EBA_x20,,,
28304,DPM_CPC_ECC_MCG_AE_F36.02.b,11,EBA_MCG,true,EBA_MC_EBA_x989,,,
28305,DPM_CPC_ECC_MCG_AE_F36.02.b,11,EBA_ECC,true,EBA_EC_EBA_x0,,,
28306,DPM_CPC_ECC_MCG_AE_F36.02.b,11,EBA_CPC,true,EBA_CT_EBA_x20,,,
28307,DPM_CPC_ECC_MCG_AE_F36.02.b,12,EBA_MCG,true,EBA_MC_EBA_x225,,,
28308,DPM_CPC_ECC_MCG_AE_F36.02.b,12,EBA_ECC,true,EBA_EC_EBA_x0,,,
28309,DPM_CPC_ECC_MCG_AE_F36.02.b,12,EBA_CPC,true,EBA_CT_EBA_x47,,,
28310,DPM_CPC_ECC_MCG_AE_F36.02.b,13,EBA_MCG,true,EBA_MC_EBA_x225,,,
28311,DPM_CPC_ECC_MCG_AE_F36.02.b,13,EBA_ECC,true,EBA_EC_EBA_x0,,,
28312,DPM_CPC_ECC_MCG_AE_F36.02.b,13,EBA_CPC,true,EBA_CT_EBA_x5,,,
28313,DPM_CPC_ECC_MCG_AE_F36.02.b,14,EBA_MCG,true,EBA_MC_EBA_x989,,,
28314,DPM_CPC_ECC_MCG_AE_F36.02.b,14,EBA_ECC,true,EBA_EC_EBA_x0,,,
28315,DPM_CPC_ECC_MCG_AE_F36.02.b,14,EBA_CPC,true,EBA_CT_EBA_x5,,,
28316,DPM_CPC_ECC_MCG_AE_F36.02.b,15,EBA_MCG,true,EBA_MC_EBA_x467,,,
28317,DPM_CPC_ECC_MCG_AE_F36.02.b,15,EBA_ECC,true,EBA_EC_EBA_x0,,,
28318,DPM_CPC_ECC_MCG_AE_F36.02.b,15,EBA_CPC,true,EBA_CT_EBA_x8,,,
28319,DPM_CPC_ECC_MCG_AE_F36.02.b,16,EBA_MCG,true,EBA_MC_EBA_x225,,,
28320,DPM_CPC_ECC_MCG_AE_F36.02.b,16,EBA_ECC,true,EBA_EC_EBA_x0,,,
28321,DPM_CPC_ECC_MCG_AE_F36.02.b,16,EBA_CPC,true,EBA_CT_EBA_x8,,,
28322,DPM_REF_RES_AE_F35.00.a,0,EBA_REF,true,EBA_RF_EBA_x11,,,
28323,DPM_REF_RES_AE_F35.00.a,0,EBA_RES,true,EBA_TI_EBA_x24,,,
28324,DPM_REF_RES_AE_F35.00.a,1,EBA_REF,true,EBA_RF_EBA_x12,,,
28325,DPM_REF_RES_AE_F35.00.a,1,EBA_RES,true,EBA_TI_EBA_x20,,,
28326,DPM_REF_RES_AE_F35.00.a,2,EBA_REF,true,EBA_RF_EBA_x13,,,
28327,DPM_REF_RES_AE_F35.00.a,2,EBA_RES,true,EBA_TI_EBA_x22,,,
28328,DPM_REF_RES_AE_F35.00.a,3,EBA_REF,true,EBA_RF_EBA_x14,,,
28329,DPM_REF_RES_AE_F35.00.a,3,EBA_RES,true,EBA_TI_EBA_x23,,,
28330,DPM_REF_RES_AE_F35.00.a,4,EBA_REF,true,EBA_RF_EBA_x15,,,
28331,DPM_REF_RES_AE_F35.00.a,4,EBA_RES,true,EBA_TI_EBA_x21,,,
28332,DPM_REF_RES_AE_F35.00.a,5,EBA_REF,true,EBA_RF_EBA_x0,,,
28333,DPM_REF_RES_AE_F35.00.a,5,EBA_RES,true,EBA_TI_EBA_x0,,,
28334,DPM_BAS_MCY_SST_AE_F32.03.b,2,EBA_BAS,true,EBA_BA_EBA_x17,,,
28335,DPM_BAS_MCY_SST_AE_F32.03.b,2,EBA_MCY,true,EBA_MC_EBA_x985,,,
28336,DPM_ENC_AE_F32.02.a,0,EBA_ENC,true,EBA_CG_EBA_x8,,,
28337,DPM_ENC_AE_F32.02.a,1,EBA_ENC,true,EBA_CG_EBA_x13,,,
28338,DPM_ENC_AE_F32.02.a,2,EBA_ENC,true,EBA_CG_EBA_x15,,,
28339,DPM_LQA_AE_F32.03.b,0,EBA_LQA,true,EBA_LQ_EBA_x0,,,
28340,DPM_LQA_AE_F32.03.b,1,EBA_LQA,true,EBA_LQ_EBA_x49,,,
28341,DPM_LQA_AE_F32.03.b,2,EBA_LQA,true,EBA_LQ_EBA_x233,,,
28342,DPM_MCG_AE,0,EBA_MCG,true,EBA_MC_EBA_x0,,,
28343,DPM_MCG_AE,1,EBA_MCG,true,EBA_MC_EBA_x292,,,
28344,DPM_LQA_AE_F36.01.c,0,EBA_LQA,true,EBA_LQ_EBA_x0,,,
28345,DPM_LQA_AE_F36.01.c,1,EBA_LQA,true,EBA_LQ_EBA_x49,,,
28346,DPM_CRA_AE,0,EBA_CRA,true,EBA_ER_EBA_x16,,,
28347,DPM_CRA_AE,1,EBA_CRA,true,EBA_ER_EBA_x13,,,
28348,DPM_CRA_AE,2,EBA_CRA,true,EBA_ER_EBA_x14,,,
28349,DPM_CRA_AE,3,EBA_CRA,true,EBA_ER_EBA_x15,,,
28350,DPM_CUS_AE,84,EBA_CUS,true,EBA_CU_EBA_LBP,,,
28351,DPM_CUS_AE,85,EBA_CUS,true,EBA_CU_EBA_LKR,,,
28352,DPM_CUS_AE,86,EBA_CUS,true,EBA_CU_EBA_LRD,,,
28353,DPM_CUS_AE,87,EBA_CUS,true,EBA_CU_EBA_LSL,,,
28354,DPM_CUS_AE,88,EBA_CUS,true,EBA_CU_EBA_LTL,,,
28355,DPM_CUS_AE,89,EBA_CUS,true,EBA_CU_EBA_LVL,,,
28356,DPM_CUS_AE,90,EBA_CUS,true,EBA_CU_EBA_LYD,,,
28357,DPM_CUS_AE,91,EBA_CUS,true,EBA_CU_EBA_MAD,,,
28358,DPM_CUS_AE,92,EBA_CUS,true,EBA_CU_EBA_MDL,,,
28359,DPM_CUS_AE,93,EBA_CUS,true,EBA_CU_EBA_MGA,,,
28360,DPM_CUS_AE,94,EBA_CUS,true,EBA_CU_EBA_MKD,,,
28361,DPM_CUS_AE,95,EBA_CUS,true,EBA_CU_EBA_MMK,,,
28362,DPM_CUS_AE,96,EBA_CUS,true,EBA_CU_EBA_MNT,,,
28363,DPM_CUS_AE,97,EBA_CUS,true,EBA_CU_EBA_MOP,,,
28364,DPM_CUS_AE,98,EBA_CUS,true,EBA_CU_EBA_MRO,,,
28365,DPM_CUS_AE,99,EBA_CUS,true,EBA_CU_EBA_MUR,,,
28366,DPM_CUS_AE,100,EBA_CUS,true,EBA_CU_EBA_MVR,,,
28367,DPM_CUS_AE,101,EBA_CUS,true,EBA_CU_EBA_MWK,,,
28368,DPM_CUS_AE,102,EBA_CUS,true,EBA_CU_EBA_MXN,,,
28369,DPM_CUS_AE,103,EBA_CUS,true,EBA_CU_EBA_MYR,,,
28370,DPM_CUS_AE,104,EBA_CUS,true,EBA_CU_EBA_MZN,,,
28371,DPM_CUS_AE,105,EBA_CUS,true,EBA_CU_EBA_NAD,,,
28372,DPM_CUS_AE,106,EBA_CUS,true,EBA_CU_EBA_NGN,,,
28373,DPM_CUS_AE,107,EBA_CUS,true,EBA_CU_EBA_NIO,,,
28374,DPM_CUS_AE,108,EBA_CUS,true,EBA_CU_EBA_NOK,,,
28375,DPM_CUS_AE,109,EBA_CUS,true,EBA_CU_EBA_NPR,,,
28376,DPM_CUS_AE,110,EBA_CUS,true,EBA_CU_EBA_NZD,,,
28377,DPM_CUS_AE,111,EBA_CUS,true,EBA_CU_EBA_OMR,,,
28378,DPM_CUS_AE,112,EBA_CUS,true,EBA_CU_EBA_PAB,,,
28379,DPM_CUS_AE,113,EBA_CUS,true,EBA_CU_EBA_PEN,,,
28380,DPM_CUS_AE,114,EBA_CUS,true,EBA_CU_EBA_PGK,,,
28381,DPM_CUS_AE,115,EBA_CUS,true,EBA_CU_EBA_PHP,,,
28382,DPM_CUS_AE,116,EBA_CUS,true,EBA_CU_EBA_PKR,,,
28383,DPM_CUS_AE,117,EBA_CUS,true,EBA_CU_EBA_PLN,,,
28384,DPM_TMA_AE_F32.04a,0,EBA_TMA,true,EBA_MA_EBA_x0,,,
28385,DPM_TMA_AE_F32.04a,1,EBA_TMA,true,EBA_MA_EBA_x4,,,
28386,DPM_TMA_AE_F32.04a,2,EBA_TMA,true,EBA_MA_EBA_x5,,,
28387,DPM_CPC_ECC_MCG_AE_F36.01.b,0,EBA_MCG,true,EBA_MC_EBA_x227,,,
28388,DPM_CPC_ECC_MCG_AE_F36.01.b,0,EBA_ECC,true,EBA_EC_EBA_x0,,,
28389,DPM_CPC_ECC_MCG_AE_F36.01.b,0,EBA_CPC,true,EBA_CT_EBA_x0,,,
28390,DPM_CPC_ECC_MCG_AE_F36.01.b,1,EBA_MCG,true,EBA_MC_EBA_x130,,,
28391,DPM_CPC_ECC_MCG_AE_F36.01.b,1,EBA_ECC,true,EBA_EC_EBA_x0,,,
28392,DPM_CPC_ECC_MCG_AE_F36.01.b,1,EBA_CPC,true,EBA_CT_EBA_x0,,,
28393,DPM_CPC_ECC_MCG_AE_F36.01.b,2,EBA_MCG,true,EBA_MC_EBA_x60,,,
28394,DPM_CPC_ECC_MCG_AE_F36.01.b,2,EBA_ECC,true,EBA_EC_EBA_x0,,,