ID,MEMBER_ID,SUBDOMAIN_ID,VALID_FROM,VALID_TO,ORDER
5888,CRRNCY_YER,ISO4217,1900-01-01 00:00:00,9999-12-31 00:00:00,0
5889,CRRNCY_KZT,ISO4217,1900-01-01 00:00:00,9999-12-31 00:00:00,0
5890,CRRNCY_ZWG,ISO4217,2024-06-25 00:00:00,9999-12-31 00:00:00,0
5891,CRRNCY_KGS,ISO4217,1900-01-01 00:00:00,9999-12-31 00:00:00,0
5892,CRRNCY_EUR,ISO4217,1900-01-01 00:00:00,9999-12-31 00:00:00,0
5893,CRRNCY_BOB,ISO4217,1900-01-01 00:00:00,9999-12-31 00:00:00,0
5894,CRRNCY_HKD,ISO4217,1900-01-01 00:00:00,9999-12-31 00:00:00,0
5895,CRRNCY_NPR,ISO4217,1900-01-01 00:00:00,9999-12-31 00:00:00,0
5896,CRRNCY_KMF,ISO4217,1900-01-01 00:00:00,9999-12-31 00:00:00,0
5897,CRRNCY_ISK,ISO4217,1900-01-01 00:00:00,9999-12-31 00:00:00,0
5898,CRRNCY_CVE,ISO4217,1900-01-01 00:00:00,9999-12-31 00:00:00,0
5899,CRRNCY_CDF,ISO4217,1900-01-01 00:00:00,9999-12-31 00:00:00,0
5900,CRRNCY_BND,ISO4217,1900-01-01 00:00:00,9999-12-31 00:00:00,0
5901,CRRNCY_XUA,ISO4217,1900-01-01 00:00:00,9999-12-31 00:00:00,0
5902,CRRNCY_NOK,ISO4217,1900-01-01 00:00:00,9999-12-31 00:00:00,0
5903,CRRNCY_SGD,ISO4217,1900-01-01 00:00:00,9999-12-31 00:00:00,0
5904,CRRNCY_GTQ,ISO4217,1900-01-01 00:00:00,9999-12-31 00:00:00,0
5905,CRRNCY_PYG,ISO4217,1900-01-01 00:00:00,9999-12-31 00:00:00,0
5906,CRRNCY_HNL,ISO4217,1900-01-01 00:00:00,9999-12-31 00:00:00,0
5907,CRRNCY_XBD,ISO4217,1900-01-01 00:00:00,9999-12-31 00:00:00,0
5908,CRRNCY_NGN,ISO4217,1900-01-01 00:00:00,9999-12-31 00:00:00,0
5909,CRRNCY_COU,ISO4217,1900-01-01 00:00:00,9999-12-31 00:00:00,0
5910,CRRNCY_CZK,ISO4217,1900-01-01 00:00:00,9999-12-31 00:00:00,0
5911,CRRNCY_SYP,ISO4217,1900-01-01 00:00:00,9999-12-31 00:00:00,0
5912,CRRNCY_SVC,ISO4217,1900-01-01 00:00:00,9999-12-31 00:00:00,0
5913,CRRNCY_GMD,ISO4217,1900-01-01 00:00:00,9999-12-31 00:00:00,0
5914,CRRNCY_BBD,ISO4217,1900-01-01 00:00:00,9999-12-31 00:00:00,0
5915,CRRNCY_AZN,ISO4217,1900-01-01 00:00:00,9999-12-31 00:00:00,0
5916,CRRNCY_MXN,ISO4217,1900-01-01 00:00:00,9999-12-31 00:00:00,0
5917,CRRNCY_STD,ISO4217,1900-01-01 00:00:00,9999-12-31 00:00:00,0
5918,CRRNCY_PLN,ISO4217,1900-01-01 00:00:00,9999-12-31 00:00:00,0
5919,CRRNCY_CLF,ISO4217,1900-01-01 00:00:00,9999-12-31 00:00:00,0
5920,CRRNCY_ZAR,ISO4217,1900-01-01 00:00:00,9999-12-31 00:00:00,0
5921,CRRNCY_RUB,ISO4217,1900-01-01 00:00:00,9999-12-31 00:00:00,0
5922,CRRNCY_MNT,ISO4217,1900-01-01 00:00:00,9999-12-31 00:00:00,0
5923,CRRNCY_KHR,ISO4217,1900-01-01 00:00:00,9999-12-31 00:00:00,0
5924,CRRNCY_LKR,ISO4217,1900-01-01 00:00:00,9999-12-31 00:00:00,0
5925,CRRNCY_XBA,ISO4217,1900-01-01 00:00:00,9999-12-31 00:00:00,0
5926,CRRNCY_BDT,ISO4217,1900-01-01 00:00:00,9999-12-31 00:00:00,0
5927,CRRNCY_SOS,ISO4217,1900-01-01 00:00:00,9999-12-31 00:00:00,0
5928,CRRNCY_JOD,ISO4217,1900-01-01 00:00:00,9999-12-31 00:00:00,0
5929,CRRNCY_COP,ISO4217,1900-01-01 00:00:00,9999-12-31 00:00:00,0
5930,CRRNCY_IDR,ISO4217,1900-01-01 00:00:00,9999-12-31 00:00:00,0
5931,CRRNCY_ZMW,ISO4217,1900-01-01 00:00:00,9999-12-31 00:00:00,0
5932,CRRNCY_DZD,ISO4217,1900-01-01 00:00:00,9999-12-31 00:00:00,0
5933,CRRNCY_CHF,ISO4217,1900-01-01 00:00:00,9999-12-31 00:00:00,0
5934,CRRNCY_TWD,ISO4217,1900-01-01 00:00:00,9999-12-31 00:00:00,0
5935,CRRNCY_USD,ISO4217,1900-01-01 00:00:00,9999-12-31 00:00:00,0
5936,CRRNCY_AUD,ISO4217,1900-01-01 00:00:00,9999-12-31 00:00:00,0
5937,CRRNCY_UAH,ISO4217,1900-01-01 00:00:00,9999-12-31 00:00:00,0
5938,CRRNCY_VES,ISO4217,2018-08-29 00:00:00,9999-12-31 00:00:00,0
5939,CRRNCY_LBP,ISO4217,1900-01-01 00:00:00,9999-12-31 00:00:00,0
5940,CRRNCY_MKD,ISO4217,1900-01-01 00:00:00,9999-12-31 00:00:00,0
5941,CRRNCY_TTD,ISO4217,1900-01-01 00:00:00,9999-12-31 00:00:00,0
5942,CRRNCY_MWK,ISO4217,1900-01-01 00:00:00,9999-12-31 00:00:00,0
5943,CRRNCY_CAD,ISO4217,1900-01-01 00:00:00,9999-12-31 00:00:00,0
5944,CRRNCY_BZD,ISO4217,1900-01-01 00:00:00,9999-12-31 00:00:00,0
5945,CRRNCY_UYI,ISO4217,1900-01-01 00:00:00,9999-12-31 00:00:00,0
5946,CRRNCY_XSU,ISO4217,1900-01-01 00:00:00,9999-12-31 00:00:00,0
5947,CRRNCY_UYW,ISO4217,2018-08-29 00:00:00,9999-12-31 00:00:00,0
5948,CRRNCY_KWD,ISO4217,1900-01-01 00:00:00,9999-12-31 00:00:00,0
5949,CRRNCY_BWP,ISO4217,1900-01-01 00:00:00,9999-12-31 00:00:00,0
5950,CRRNCY_CLP,ISO4217,1900-01-01 00:00:00,9999-12-31 00:00:00,0
5951,CRRNCY_DOP,ISO4217,1900-01-01 00:00:00,9999-12-31 00:00:00,0
5952,CRRNCY_AMD,ISO4217,1900-01-01 00:00:00,9999-12-31 00:00:00,0
5953,CRRNCY_PGK,ISO4217,1900-01-01 00:00:00,9999-12-31 00:00:00,0
5954,CRRNCY_CNY,ISO4217,1900-01-01 00:00:00,9999-12-31 00:00:00,0
5955,CRRNCY_ALL,ISO4217,1900-01-01 00:00:00,9999-12-31 00:00:00,0
5956,CRRNCY_TMT,ISO4217,1900-01-01 00:00:00,9999-12-31 00:00:00,0
5957,CRRNCY_XPT,ISO4217,1900-01-01 00:00:00,9999-12-31 00:00:00,0
5958,CRRNCY_UGX,ISO4217,1900-01-01 00:00:00,9999-12-31 00:00:00,0
5959,CRRNCY_ARS,ISO4217,1900-01-01 00:00:00,9999-12-31 00:00:00,0
5960,CRRNCY_MXV,ISO4217,1900-01-01 00:00:00,9999-12-31 00:00:00,0
5961,CRRNCY_AFN,ISO4217,1900-01-01 00:00:00,9999-12-31 00:00:00,0
5962,CRRNCY_RSD,ISO4217,1900-01-01 00:00:00,9999-12-31 00:00:00,0
5963,CRRNCY_HUF,ISO4217,1900-01-01 00:00:00,9999-12-31 00:00:00,0
5964,CRRNCY_PAB,ISO4217,1900-01-01 00:00:00,9999-12-31 00:00:00,0
5965,CRRNCY_ERN,ISO4217,1900-01-01 00:00:00,9999-12-31 00:00:00,0
5966,CRRNCY_FJD,ISO4217,1900-01-01 00:00:00,9999-12-31 00:00:00,0
5967,CRRNCY_MGA,ISO4217,1900-01-01 00:00:00,9999-12-31 00:00:00,0
5968,CRRNCY_SCR,ISO4217,1900-01-01 00:00:00,9999-12-31 00:00:00,0
5969,CRRNCY_EGP,ISO4217,1900-01-01 00:00:00,9999-12-31 00:00:00,0
5970,CRRNCY_JPY,ISO4217,1900-01-01 00:00:00,9999-12-31 00:00:00,0
5971,CRRNCY_BYN,ISO4217,1900-01-01 00:00:00,9999-12-31 00:00:00,0
5972,CRRNCY_BMD,ISO4217,1900-01-01 00:00:00,9999-12-31 00:00:00,0
5973,CRRNCY_SZL,ISO4217,1900-01-01 00:00:00,9999-12-31 00:00:00,0
5974,CRRNCY_KPW,ISO4217,1900-01-01 00:00:00,9999-12-31 00:00:00,0
5975,CRRNCY_USN,ISO4217,1900-01-01 00:00:00,9999-12-31 00:00:00,0
5976,CRRNCY_FKP,ISO4217,1900-01-01 00:00:00,9999-12-31 00:00:00,0
5977,CRRNCY_ZWL,ISO4217,1900-01-01 00:00:00,9999-12-31 00:00:00,0
5978,CRRNCY_RON,ISO4217,1900-01-01 00:00:00,9999-12-31 00:00:00,0
5979,CRRNCY_VEF,ISO4217,1900-01-01 00:00:00,9999-12-31 00:00:00,0
5980,CRRNCY_AWG,ISO4217,1900-01-01 00:00:00,9999-12-31 00:00:00,0
5981,CRRNCY_AED,ISO4217,1900-01-01 00:00:00,9999-12-31 00:00:00,0
5982,CRRNCY_ILS,ISO4217,1900-01-01 00:00:00,9999-12-31 00:00:00,0
5983,CRRNCY_ETB,ISO4217,1900-01-01 00:00:00,9999-12-31 00:00:00,0
5984,CRRNCY_UYU,ISO4217,1900-01-01 00:00:00,9999-12-31 00:00:00,0
5985,CRRNCY_XOF,ISO4217,1900-01-01 00:00:00,9999-12-31 00:00:00,0
5986,CRRNCY_GYD,ISO4217,1900-01-01 00:00:00,9999-12-31 00:00:00,0
5987,CRRNCY_PKR,ISO4217,1900-01-01 00:00:00,9999-12-31 00:00:00,0
5988,CRRNCY_XPF,ISO4217,1900-01-01 00:00:00,9999-12-31 00:00:00,0
5989,CRRNCY_MRO,ISO4217,1900-01-01 00:00:00,9999-12-31 00:00:00,0
5990,CRRNCY_RWF,ISO4217,1900-01-01 00:00:00,9999-12-31 00:00:00,0
5991,CRRNCY_MAD,ISO4217,1900-01-01 00:00:00,9999-12-31 00:00:00,0
5992,CRRNCY_HRK,ISO4217,1900-01-01 00:00:00,9999-12-31 00:00:00,0
5993,CRRNCY_XCD,ISO4217,1900-01-01 00:00:00,9999-12-31 00:00:00,0
5994,CRRNCY_SAR,ISO4217,1900-01-01 00:00:00,9999-12-31 00:00:00,0
5995,CRRNCY_ANG,ISO4217,1900-01-01 00:00:00,9999-12-31 00:00:00,0
5996,CRRNCY_UZS,ISO4217,1900-01-01 00:00:00,9999-12-31 00:00:00,0
5997,CRRNCY_XDR,ISO4217,1900-01-01 00:00:00,9999-12-31 00:00:00,0
5998,CRRNCY_STN,ISO4217,2018-08-29 00:00:00,9999-12-31 00:00:00,0
5999,CRRNCY_MYR,ISO4217,1900-01-01 00:00:00,9999-12-31 00:00:00,0
6000,CRRNCY_IRR,ISO4217,1900-01-01 00:00:00,9999-12-31 00:00:00,0
6001,CRRNCY_KRW,ISO4217,1900-01-01 00:00:00,9999-12-31 00:00:00,0
6002,CRRNCY_SEK,ISO4217,1900-01-01 00:00:00,9999-12-31 00:00:00,0
6003,CRRNCY_DKK,ISO4217,1900-01-01 00:00:00,9999-12-31 00:00:00,0
6004,CRRNCY_TZS,ISO4217,1900-01-01 00:00:00,9999-12-31 00:00:00,0
6005,CRRNCY_GNF,ISO4217,1900-01-01 00:00:00,9999-12-31 00:00:00,0
6006,CRRNCY_MDL,ISO4217,1900-01-01 00:00:00,9999-12-31 00:00:00,0
6007,CRRNCY_IQD,ISO4217,1900-01-01 00:00:00,9999-12-31 00:00:00,0
6008,CRRNCY_CHE,ISO4217,1900-01-01 00:00:00,9999-12-31 00:00:00,0
6009,CRRNCY_CRC,ISO4217,1900-01-01 00:00:00,9999-12-31 00:00:00,0
6010,CRRNCY_SBD,ISO4217,1900-01-01 00:00:00,9999-12-31 00:00:00,0
6011,CRRNCY_GEL,ISO4217,1900-01-01 00:00:00,9999-12-31 00:00:00,0
6012,CRRNCY_PEN,ISO4217,1900-01-01 00:00:00,9999-12-31 00:00:00,0
6013,CRRNCY_AOA,ISO4217,1900-01-01 00:00:00,9999-12-31 00:00:00,0
6014,CRRNCY_XBB,ISO4217,1900-01-01 00:00:00,9999-12-31 00:00:00,0
6015,CRRNCY_KYD,ISO4217,1900-01-01 00:00:00,9999-12-31 00:00:00,0
6016,CRRNCY_GIP,ISO4217,1900-01-01 00:00:00,9999-12-31 00:00:00,0
6017,CRRNCY_HTG,ISO4217,1900-01-01 00:00:00,9999-12-31 00:00:00,0
6018,CRRNCY_XXX,ISO4217,1900-01-01 00:00:00,9999-12-31 00:00:00,0
6019,CRRNCY_LRD,ISO4217,1900-01-01 00:00:00,9999-12-31 00:00:00,0
6020,CRRNCY_LSL,ISO4217,1900-01-01 00:00:00,9999-12-31 00:00:00,0
6021,CRRNCY_XTS,ISO4217,1900-01-01 00:00:00,9999-12-31 00:00:00,0
6022,CRRNCY_BOV,ISO4217,1900-01-01 00:00:00,9999-12-31 00:00:00,0
6023,CRRNCY_BAM,ISO4217,1900-01-01 00:00:00,9999-12-31 00:00:00,0
6024,CRRNCY_XAF,ISO4217,1900-01-01 00:00:00,9999-12-31 00:00:00,0
6025,CRRNCY_QAR,ISO4217,1900-01-01 00:00:00,9999-12-31 00:00:00,0
6026,CRRNCY_NIO,ISO4217,1900-01-01 00:00:00,9999-12-31 00:00:00,0
6027,CRRNCY_GHS,ISO4217,1900-01-01 00:00:00,9999-12-31 00:00:00,0
6028,CRRNCY_NZD,ISO4217,1900-01-01 00:00:00,9999-12-31 00:00:00,0
6029,CRRNCY_BIF,ISO4217,1900-01-01 00:00:00,9999-12-31 00:00:00,0
6030,CRRNCY_XPD,ISO4217,1900-01-01 00:00:00,9999-12-31 00:00:00,0
6031,CRRNCY_DJF,ISO4217,1900-01-01 00:00:00,9999-12-31 00:00:00,0
6032,CRRNCY_THB,ISO4217,1900-01-01 00:00:00,9999-12-31 00:00:00,0
6033,CRRNCY_NAD,ISO4217,1900-01-01 00:00:00,9999-12-31 00:00:00,0
6034,NEVS_0,NEVS_CLLCTN,1900-01-01 00:00:00,9999-12-31 00:00:00,0
6035,CRRNCY_CHW,ISO4217,1900-01-01 00:00:00,9999-12-31 00:00:00,0
6036,CRRNCY_MUR,ISO4217,1900-01-01 00:00:00,9999-12-31 00:00:00,0
6037,CRRNCY_CUP,ISO4217,1900-01-01 00:00:00,9999-12-31 00:00:00,0
6038,CRRNCY_GBP,ISO4217,1900-01-01 00:00:00,9999-12-31 00:00:00,0
6039,CRRNCY_MZN,ISO4217,1900-01-01 00:00:00,9999-12-31 00:00:00,0
6040,CRRNCY_SDG,ISO4217,1900-01-01 00:00:00,9999-12-31 00:00:00,0
6041,CRRNCY_MVR,ISO4217,1900-01-01 00:00:00,9999-12-31 00:00:00,0
6042,CRRNCY_MMK,ISO4217,1900-01-01 00:00:00,9999-12-31 00:00:00,0
6043,CRRNCY_TND,ISO4217,1900-01-01 00:00:00,9999-12-31 00:00:00,0
6044,CRRNCY_PHP,ISO4217,1900-01-01 00:00:00,9999-12-31 00:00:00,0
6045,CRRNCY_XAG,ISO4217,1900-01-01 00:00:00,9999-12-31 00:00:00,0
6046,CRRNCY_BTN,ISO4217,1900-01-01 00:00:00,9999-12-31 00:00:00,0
6047,CRRNCY_MRU,ISO4217,2018-08-29 00:00:00,9999-12-31 00:00:00,0
6048,CRRNCY_SRD,ISO4217,1900-01-01 00:00:00,9999-12-31 00:00:00,0
6049,CRRNCY_JMD,ISO4217,1900-01-01 00:00:00,9999-12-31 00:00:00,0
6050,CRRNCY_SLL,ISO4217,1900-01-01 00:00:00,9999-12-31 00:00:00,0
6051,CRRNCY_VUV,ISO4217,1900-01-01 00:00:00,9999-12-31 00:00:00,0
6052,CRRNCY_TJS,ISO4217,1900-01-01 00:00:00,9999-12-31 00:00:00,0
6053,CRRNCY_SSP,ISO4217,1900-01-01 00:00:00,9999-12-31 00:00:00,0
6054,CRRNCY_KES,ISO4217,1900-01-01 00:00:00,9999-12-31 00:00:00,0
6055,CRRNCY_TRY,ISO4217,1900-01-01 00:00:00,9999-12-31 00:00:00,0
6056,CRRNCY_XAU,ISO4217,1900-01-01 00:00:00,9999-12-31 00:00:00,0
6057,CRRNCY_BHD,ISO4217,1900-01-01 00:00:00,9999-12-31 00:00:00,0
6058,CRRNCY_VND,ISO4217,1900-01-01 00:00:00,9999-12-31 00:00:00,0
6059,CRRNCY_LAK,ISO4217,1900-01-01 00:00:00,9999-12-31 00:00:00,0
6060,CRRNCY_BSD,ISO4217,1900-01-01 00:00:00,9999-12-31 00:00:00,0
6061,CRRNCY_CUC,ISO4217,1900-01-01 00:00:00,9999-12-31 00:00:00,0
6062,CRRNCY_BRL,ISO4217,1900-01-01 00:00:00,9999-12-31 00:00:00,0
6063,CRRNCY_WST,ISO4217,1900-01-01 00:00:00,9999-12-31 00:00:00,0
6064,CRRNCY_SHP,ISO4217,1900-01-01 00:00:00,9999-12-31 00:00:00,0
6065,CRRNCY_INR,ISO4217,1900-01-01 00:00:00,9999-12-31 00:00:00,0
6066,CRRNCY_TOP,ISO4217,1900-01-01 00:00:00,9999-12-31 00:00:00,0
6067,CRRNCY_LYD,ISO4217,1900-01-01 00:00:00,9999-12-31 00:00:00,0
6068,CRRNCY_XBC,ISO4217,1900-01-01 00:00:00,9999-12-31 00:00:00,0
6069,CRRNCY_BGN,ISO4217,1900-01-01 00:00:00,9999-12-31 00:00:00,0
6070,CRRNCY_OMR,ISO4217,1900-01-01 00:00:00,9999-12-31 00:00:00,0
6071,CRRNCY_MOP,ISO4217,1900-01-01 00:00:00,9999-12-31 00:00:00,0
6072,NEVS_-5,NEVS_CLLCTN,1900-01-01 00:00:00,9999-12-31 00:00:00,0
6073,SZ_3,SZ_ANCRDT_STGNG,1900-01-01 00:00:00,9999-12-31 00:00:00,0
6074,SZ_2,SZ_ANCRDT_STGNG,1900-01-01 00:00:00,9999-12-31 00:00:00,0
6075,SZ_1,SZ_ANCRDT_STGNG,1900-01-01 00:00:00,9999-12-31 00:00:00,0
6076,SZ_4,SZ_ANCRDT_STGNG,1900-01-01 00:00:00,9999-12-31 00:00:00,0
6077,SZ_-99,SZ_ANCRDT_STGNG,1900-01-01 00:00:00,9999-12-31 00:00:00,0
6078,RCRS_2,RCRS_ANCRDT_CLLCTN,1900-01-01 00:00:00,9999-12-31 00:00:00,0
6079,RCRS_1,RCRS_ANCRDT_CLLCTN,1900-01-01 00:00:00,9999-12-31 00:00:00,0
6080,PRPS_4,PRPS_ANCRDT_CLLCTN,2013-12-01 00:00:00,9999-12-31 00:00:00,0
6081,PRPS_5,PRPS_ANCRDT_CLLCTN,2013-12-01 00:00:00,9999-12-31 00:00:00,0
6082,PRPS_7,PRPS_ANCRDT_CLLCTN,2013-12-01 00:00:00,9999-12-31 00:00:00,0
6083,PRPS_6,PRPS_ANCRDT_CLLCTN,2013-12-01 00:00:00,9999-12-31 00:00:00,0
6084,PRPS_9,PRPS_ANCRDT_CLLCTN,2013-12-01 00:00:00,9999-12-31 00:00:00,0
6085,PRPS_8,PRPS_ANCRDT_CLLCTN,2013-12-01 00:00:00,9999-12-31 00:00:00,0
6086,PRPS_11,PRPS_ANCRDT_CLLCTN,2013-12-01 00:00:00,9999-12-31 00:00:00,0
6087,PRPS_12,PRPS_ANCRDT_CLLCTN,2013-12-01 00:00:00,9999-12-31 00:00:00,0
6088,PRPS_13,PRPS_ANCRDT_CLLCTN,2013-12-01 00:00:00,9999-12-31 00:00:00,0
6089,ENTTY_RL_2,ENTTY_RL_ANCRDT,1900-01-01 00:00:00,9999-12-31 00:00:00,0
6090,ENTTY_RL_3,ENTTY_RL_ANCRDT,1900-01-01 00:00:00,9999-12-31 00:00:00,0
6091,ENTTY_RL_1,ENTTY_RL_ANCRDT,1900-01-01 00:00:00,9999-12-31 00:00:00,0
6092,ENTTY_RL_7,ENTTY_RL_ANCRDT,1900-01-01 00:00:00,9999-12-31 00:00:00,0
6093,NEVS_-5,NEVS_CLLCTN_WTHT_NA,1900-01-01 00:00:00,9999-12-31 00:00:00,0
6094,FDCRY_2,FDCRY_ANCRDT_CLLCTN,1900-01-01 00:00:00,9999-12-31 00:00:00,0
6095,FDCRY_1,FDCRY_ANCRDT_CLLCTN,1900-01-01 00:00:00,9999-12-31 00:00:00,0
6096,GGRPHCL_ARS_-99,NUTS3_ANCRDT,1900-01-01 00:00:00,9999-12-31 00:00:00,0
6097,GGRPHCL_ARS_DE94D,NUTS3_ANCRDT,1900-01-01 00:00:00,9999-12-31 00:00:00,0
6098,GGRPHCL_ARS_BE232,NUTS3_ANCRDT,1900-01-01 00:00:00,9999-12-31 00:00:00,0
6099,GGRPHCL_ARS_FR625,NUTS3_ANCRDT,1900-01-01 00:00:00,2023-12-31 00:00:00,0
6100,GGRPHCL_ARS_UKL23,NUTS3_ANCRDT,1900-01-01 00:00:00,2021-01-31 00:00:00,0
6101,GGRPHCL_ARS_UKK30,NUTS3_ANCRDT,1900-01-01 00:00:00,2021-01-31 00:00:00,0
6102,GGRPHCL_ARS_DE21N,NUTS3_ANCRDT,1900-01-01 00:00:00,9999-12-31 00:00:00,0
6103,GGRPHCL_ARS_ITI11,NUTS3_ANCRDT,1900-01-01 00:00:00,9999-12-31 00:00:00,0
6104,GGRPHCL_ARS_FRB06,NUTS3_ANCRDT,1900-01-01 00:00:00,9999-12-31 00:00:00,0
6105,GGRPHCL_ARS_BGZZZ,NUTS3_ANCRDT,1900-01-01 00:00:00,9999-12-31 00:00:00,0
6106,GGRPHCL_ARS_RO322,NUTS3_ANCRDT,1900-01-01 00:00:00,9999-12-31 00:00:00,0
6107,GGRPHCL_ARS_DE146,NUTS3_ANCRDT,1900-01-01 00:00:00,9999-12-31 00:00:00,0
6108,GGRPHCL_ARS_PL129,NUTS3_ANCRDT,1900-01-01 00:00:00,2023-12-31 00:00:00,0
6109,GGRPHCL_ARS_ES241,NUTS3_ANCRDT,1900-01-01 00:00:00,9999-12-31 00:00:00,0
6110,GGRPHCL_ARS_DE111,NUTS3_ANCRDT,1900-01-01 00:00:00,9999-12-31 00:00:00,0
6111,GGRPHCL_ARS_NL363,NUTS3_ANCRDT,2024-01-01 00:00:00,9999-12-31 00:00:00,0
6112,GGRPHCL_ARS_DE267,NUTS3_ANCRDT,1900-01-01 00:00:00,9999-12-31 00:00:00,0
6113,GGRPHCL_ARS_PL311,NUTS3_ANCRDT,1900-01-01 00:00:00,2023-12-31 00:00:00,0
6114,GGRPHCL_ARS_BEZZZ,NUTS3_ANCRDT,1900-01-01 00:00:00,9999-12-31 00:00:00,0
6115,GGRPHCL_ARS_FRF34,NUTS3_ANCRDT,1900-01-01 00:00:00,9999-12-31 00:00:00,0
6116,GGRPHCL_ARS_UKE41,NUTS3_ANCRDT,1900-01-01 00:00:00,2021-01-31 00:00:00,0
6117,GGRPHCL_ARS_DEA57,NUTS3_ANCRDT,1900-01-01 00:00:00,9999-12-31 00:00:00,0
6118,GGRPHCL_ARS_AT321,NUTS3_ANCRDT,1900-01-01 00:00:00,9999-12-31 00:00:00,0
6119,GGRPHCL_ARS_DE80J,NUTS3_ANCRDT,1900-01-01 00:00:00,9999-12-31 00:00:00,0
6120,GGRPHCL_ARS_UKH11,NUTS3_ANCRDT,1900-01-01 00:00:00,2021-01-31 00:00:00,0
6121,GGRPHCL_ARS_DE91C,NUTS3_ANCRDT,1900-01-01 00:00:00,9999-12-31 00:00:00,0
6122,GGRPHCL_ARS_DEB21,NUTS3_ANCRDT,1900-01-01 00:00:00,9999-12-31 00:00:00,0
6123,GGRPHCL_ARS_IE021,NUTS3_ANCRDT,1900-01-01 00:00:00,2023-12-31 00:00:00,0
6124,GGRPHCL_ARS_RO224,NUTS3_ANCRDT,1900-01-01 00:00:00,9999-12-31 00:00:00,0
6125,GGRPHCL_ARS_FI1C6,NUTS3_ANCRDT,2024-01-01 00:00:00,9999-12-31 00:00:00,0
6126,GGRPHCL_ARS_FRD13,NUTS3_ANCRDT,1900-01-01 00:00:00,9999-12-31 00:00:00,0
6127,GGRPHCL_ARS_NL123,NUTS3_ANCRDT,1900-01-01 00:00:00,2023-12-31 00:00:00,0
6128,GGRPHCL_ARS_BE334,NUTS3_ANCRDT,1900-01-01 00:00:00,9999-12-31 00:00:00,0
6129,GGRPHCL_ARS_FR723,NUTS3_ANCRDT,1900-01-01 00:00:00,2023-12-31 00:00:00,0
6130,GGRPHCL_ARS_EL653,NUTS3_ANCRDT,1900-01-01 00:00:00,9999-12-31 00:00:00,0
6131,GGRPHCL_ARS_HR050,NUTS3_ANCRDT,1900-01-01 00:00:00,9999-12-31 00:00:00,0
6132,GGRPHCL_ARS_SK031,NUTS3_ANCRDT,1900-01-01 00:00:00,9999-12-31 00:00:00,0
6133,GGRPHCL_ARS_EL525,NUTS3_ANCRDT,1900-01-01 00:00:00,9999-12-31 00:00:00,0
6134,GGRPHCL_ARS_UKM25,NUTS3_ANCRDT,1900-01-01 00:00:00,2021-01-31 00:00:00,0
6135,GGRPHCL_ARS_UKJ36,NUTS3_ANCRDT,1900-01-01 00:00:00,2021-01-31 00:00:00,0
6136,GGRPHCL_ARS_ITG28,NUTS3_ANCRDT,1900-01-01 00:00:00,2023-12-31 00:00:00,0
6137,GGRPHCL_ARS_ITF31,NUTS3_ANCRDT,1900-01-01 00:00:00,9999-12-31 00:00:00,0
6138,GGRPHCL_ARS_UKM72,NUTS3_ANCRDT,1900-01-01 00:00:00,2021-01-31 00:00:00,0
6139,GGRPHCL_ARS_SI031,NUTS3_ANCRDT,1900-01-01 00:00:00,9999-12-31 00:00:00,0
6140,GGRPHCL_ARS_BG334,NUTS3_ANCRDT,1900-01-01 00:00:00,9999-12-31 00:00:00,0
6141,GGRPHCL_ARS_UKD47,NUTS3_ANCRDT,1900-01-01 00:00:00,2021-01-31 00:00:00,0
6142,GGRPHCL_ARS_UKN04,NUTS3_ANCRDT,1900-01-01 00:00:00,2021-01-31 00:00:00,0
6143,GGRPHCL_ARS_LT029,NUTS3_ANCRDT,1900-01-01 00:00:00,9999-12-31 00:00:00,0
6144,GGRPHCL_ARS_UKG31,NUTS3_ANCRDT,1900-01-01 00:00:00,2021-01-31 00:00:00,0
6145,GGRPHCL_ARS_DEE0C,NUTS3_ANCRDT,1900-01-01 00:00:00,9999-12-31 00:00:00,0
6146,GGRPHCL_ARS_DE922,NUTS3_ANCRDT,1900-01-01 00:00:00,9999-12-31 00:00:00,0
6147,GGRPHCL_ARS_UKM94,NUTS3_ANCRDT,1900-01-01 00:00:00,2021-01-31 00:00:00,0
6148,GGRPHCL_ARS_DE278,NUTS3_ANCRDT,1900-01-01 00:00:00,9999-12-31 00:00:00,0
6149,GGRPHCL_ARS_FRI14,NUTS3_ANCRDT,1900-01-01 00:00:00,9999-12-31 00:00:00,0
6150,GGRPHCL_ARS_PL217,NUTS3_ANCRDT,1900-01-01 00:00:00,9999-12-31 00:00:00,0
6151,GGRPHCL_ARS_HU101,NUTS3_ANCRDT,1900-01-01 00:00:00,2023-12-31 00:00:00,0
6152,GGRPHCL_ARS_HU312,NUTS3_ANCRDT,1900-01-01 00:00:00,9999-12-31 00:00:00,0
6153,GGRPHCL_ARS_RO316,NUTS3_ANCRDT,1900-01-01 00:00:00,9999-12-31 00:00:00,0
6154,GGRPHCL_ARS_FRE21,NUTS3_ANCRDT,1900-01-01 00:00:00,9999-12-31 00:00:00,0
6155,GGRPHCL_ARS_ES709,NUTS3_ANCRDT,1900-01-01 00:00:00,9999-12-31 00:00:00,0
6156,GGRPHCL_ARS_UKE22,NUTS3_ANCRDT,1900-01-01 00:00:00,2021-01-31 00:00:00,0
6157,GGRPHCL_ARS_EL304,NUTS3_ANCRDT,1900-01-01 00:00:00,9999-12-31 00:00:00,0
6158,GGRPHCL_ARS_DEA34,NUTS3_ANCRDT,1900-01-01 00:00:00,9999-12-31 00:00:00,0
6159,GGRPHCL_ARS_UKL17,NUTS3_ANCRDT,1900-01-01 00:00:00,2021-01-31 00:00:00,0
6160,GGRPHCL_ARS_IEZZZ,NUTS3_ANCRDT,1900-01-01 00:00:00,9999-12-31 00:00:00,0
6161,GGRPHCL_ARS_FR611,NUTS3_ANCRDT,1900-01-01 00:00:00,2023-12-31 00:00:00,0
6162,GGRPHCL_ARS_FR102,NUTS3_ANCRDT,1900-01-01 00:00:00,9999-12-31 00:00:00,0
6163,GGRPHCL_ARS_AT342,NUTS3_ANCRDT,1900-01-01 00:00:00,9999-12-31 00:00:00,0
6164,GGRPHCL_ARS_UKH25,NUTS3_ANCRDT,1900-01-01 00:00:00,2021-01-31 00:00:00,0
6165,GGRPHCL_ARS_DEB15,NUTS3_ANCRDT,1900-01-01 00:00:00,9999-12-31 00:00:00,0
6166,GGRPHCL_ARS_AT315,NUTS3_ANCRDT,1900-01-01 00:00:00,9999-12-31 00:00:00,0
6167,GGRPHCL_ARS_DEE06,NUTS3_ANCRDT,1900-01-01 00:00:00,9999-12-31 00:00:00,0
6168,GGRPHCL_ARS_ITC31,NUTS3_ANCRDT,1900-01-01 00:00:00,9999-12-31 00:00:00,0
6169,GGRPHCL_ARS_FI193,NUTS3_ANCRDT,1900-01-01 00:00:00,2023-12-31 00:00:00,0
6170,GGRPHCL_ARS_PT11C,NUTS3_ANCRDT,1900-01-01 00:00:00,9999-12-31 00:00:00,0
6171,GGRPHCL_ARS_LT002,NUTS3_ANCRDT,1900-01-01 00:00:00,2023-12-31 00:00:00,0
6172,GGRPHCL_ARS_BE251,NUTS3_ANCRDT,1900-01-01 00:00:00,9999-12-31 00:00:00,0
6173,GGRPHCL_ARS_CZ064,NUTS3_ANCRDT,1900-01-01 00:00:00,9999-12-31 00:00:00,0
6174,GGRPHCL_ARS_FR223,NUTS3_ANCRDT,1900-01-01 00:00:00,2023-12-31 00:00:00,0
6175,GGRPHCL_ARS_NL423,NUTS3_ANCRDT,1900-01-01 00:00:00,9999-12-31 00:00:00,0
6176,GGRPHCL_ARS_PL325,NUTS3_ANCRDT,1900-01-01 00:00:00,2023-12-31 00:00:00,0
6177,GGRPHCL_ARS_DE253,NUTS3_ANCRDT,1900-01-01 00:00:00,9999-12-31 00:00:00,0
6178,GGRPHCL_ARS_DEB3K,NUTS3_ANCRDT,1900-01-01 00:00:00,9999-12-31 00:00:00,0
6179,GGRPHCL_ARS_DE125,NUTS3_ANCRDT,1900-01-01 00:00:00,9999-12-31 00:00:00,0
6180,GGRPHCL_ARS_ES531,NUTS3_ANCRDT,1900-01-01 00:00:00,9999-12-31 00:00:00,0
6181,GGRPHCL_ARS_EL511,NUTS3_ANCRDT,1900-01-01 00:00:00,9999-12-31 00:00:00,0
6182,GGRPHCL_ARS_UKI74,NUTS3_ANCRDT,1900-01-01 00:00:00,2021-01-31 00:00:00,0
6183,GGRPHCL_ARS_HR064,NUTS3_ANCRDT,1900-01-01 00:00:00,9999-12-31 00:00:00,0
6184,GGRPHCL_ARS_FR717,NUTS3_ANCRDT,1900-01-01 00:00:00,2023-12-31 00:00:00,0
6185,GGRPHCL_ARS_DE941,NUTS3_ANCRDT,1900-01-01 00:00:00,9999-12-31 00:00:00,0
6186,GGRPHCL_ARS_FI19B,NUTS3_ANCRDT,2024-01-01 00:00:00,9999-12-31 00:00:00,0
6187,GGRPHCL_ARS_LV00C,NUTS3_ANCRDT,2024-01-01 00:00:00,9999-12-31 00:00:00,0
6188,GGRPHCL_ARS_DEA5B,NUTS3_ANCRDT,1900-01-01 00:00:00,9999-12-31 00:00:00,0
6189,GGRPHCL_ARS_IE042,NUTS3_ANCRDT,1900-01-01 00:00:00,9999-12-31 00:00:00,0
6190,GGRPHCL_ARS_FI1C2,NUTS3_ANCRDT,1900-01-01 00:00:00,9999-12-31 00:00:00,0
6191,GGRPHCL_ARS_NL127,NUTS3_ANCRDT,2024-01-01 00:00:00,9999-12-31 00:00:00,0
6192,GGRPHCL_ARS_DE916,NUTS3_ANCRDT,1900-01-01 00:00:00,9999-12-31 00:00:00,0
6193,GGRPHCL_ARS_DE11D,NUTS3_ANCRDT,1900-01-01 00:00:00,9999-12-31 00:00:00,0
6194,GGRPHCL_ARS_HR033,NUTS3_ANCRDT,1900-01-01 00:00:00,9999-12-31 00:00:00,0
6195,GGRPHCL_ARS_AT213,NUTS3_ANCRDT,1900-01-01 00:00:00,9999-12-31 00:00:00,0
6196,GGRPHCL_ARS_UKD73,NUTS3_ANCRDT,1900-01-01 00:00:00,2021-01-31 00:00:00,0
6197,GGRPHCL_ARS_BG413,NUTS3_ANCRDT,1900-01-01 00:00:00,9999-12-31 00:00:00,0
6198,GGRPHCL_ARS_DE26B,NUTS3_ANCRDT,1900-01-01 00:00:00,9999-12-31 00:00:00,0
6199,GGRPHCL_ARS_ITF52,NUTS3_ANCRDT,1900-01-01 00:00:00,9999-12-31 00:00:00,0
6200,GGRPHCL_ARS_DED43,NUTS3_ANCRDT,1900-01-01 00:00:00,9999-12-31 00:00:00,0
6201,GGRPHCL_ARS_AT126,NUTS3_ANCRDT,1900-01-01 00:00:00,9999-12-31 00:00:00,0
6202,GGRPHCL_ARS_PT187,NUTS3_ANCRDT,1900-01-01 00:00:00,2023-12-31 00:00:00,0
6203,GGRPHCL_ARS_ITF11,NUTS3_ANCRDT,1900-01-01 00:00:00,9999-12-31 00:00:00,0
6204,GGRPHCL_ARS_LV009,NUTS3_ANCRDT,1900-01-01 00:00:00,9999-12-31 00:00:00,0
6205,GGRPHCL_ARS_UKC23,NUTS3_ANCRDT,1900-01-01 00:00:00,2021-01-31 00:00:00,0
6206,GGRPHCL_ARS_DE22A,NUTS3_ANCRDT,1900-01-01 00:00:00,9999-12-31 00:00:00,0
6207,GGRPHCL_ARS_ITH37,NUTS3_ANCRDT,1900-01-01 00:00:00,9999-12-31 00:00:00,0
6208,GGRPHCL_ARS_BG343,NUTS3_ANCRDT,1900-01-01 00:00:00,9999-12-31 00:00:00,0
6209,GGRPHCL_ARS_DEF0B,NUTS3_ANCRDT,1900-01-01 00:00:00,9999-12-31 00:00:00,0
6210,GGRPHCL_ARS_DEA1A,NUTS3_ANCRDT,1900-01-01 00:00:00,9999-12-31 00:00:00,0
6211,GGRPHCL_ARS_ITG2F,NUTS3_ANCRDT,1900-01-01 00:00:00,9999-12-31 00:00:00,0
6212,GGRPHCL_ARS_DE405,NUTS3_ANCRDT,1900-01-01 00:00:00,9999-12-31 00:00:00,0
6213,GGRPHCL_ARS_ITC4C,NUTS3_ANCRDT,1900-01-01 00:00:00,9999-12-31 00:00:00,0
6214,GGRPHCL_ARS_PL823,NUTS3_ANCRDT,1900-01-01 00:00:00,9999-12-31 00:00:00,0
6215,GGRPHCL_ARS_FRJ15,NUTS3_ANCRDT,1900-01-01 00:00:00,9999-12-31 00:00:00,0
6216,GGRPHCL_ARS_PL116,NUTS3_ANCRDT,1900-01-01 00:00:00,2023-12-31 00:00:00,0
6217,GGRPHCL_ARS_ES423,NUTS3_ANCRDT,1900-01-01 00:00:00,9999-12-31 00:00:00,0
6218,GGRPHCL_ARS_DE724,NUTS3_ANCRDT,1900-01-01 00:00:00,9999-12-31 00:00:00,0
6219,GGRPHCL_ARS_DE258,NUTS3_ANCRDT,1900-01-01 00:00:00,9999-12-31 00:00:00,0
6220,GGRPHCL_ARS_RO125,NUTS3_ANCRDT,1900-01-01 00:00:00,9999-12-31 00:00:00,0
6221,GGRPHCL_ARS_FRI34,NUTS3_ANCRDT,1900-01-01 00:00:00,9999-12-31 00:00:00,0
6222,GGRPHCL_ARS_PL524,NUTS3_ANCRDT,1900-01-01 00:00:00,9999-12-31 00:00:00,0
6223,GGRPHCL_ARS_BG314,NUTS3_ANCRDT,1900-01-01 00:00:00,9999-12-31 00:00:00,0
6224,GGRPHCL_ARS_FR422,NUTS3_ANCRDT,1900-01-01 00:00:00,2023-12-31 00:00:00,0
6225,GGRPHCL_ARS_ITF46,NUTS3_ANCRDT,1900-01-01 00:00:00,9999-12-31 00:00:00,0
6226,GGRPHCL_ARS_UKJ41,NUTS3_ANCRDT,1900-01-01 00:00:00,2021-01-31 00:00:00,0
6227,GGRPHCL_ARS_BE343,NUTS3_ANCRDT,1900-01-01 00:00:00,9999-12-31 00:00:00,0
6228,GGRPHCL_ARS_ITZZZ,NUTS3_ANCRDT,1900-01-01 00:00:00,9999-12-31 00:00:00,0
6229,GGRPHCL_ARS_EL624,NUTS3_ANCRDT,1900-01-01 00:00:00,9999-12-31 00:00:00,0
6230,GGRPHCL_ARS_LT009,NUTS3_ANCRDT,1900-01-01 00:00:00,2023-12-31 00:00:00,0
6231,GGRPHCL_ARS_UKG11,NUTS3_ANCRDT,1900-01-01 00:00:00,2021-01-31 00:00:00,0
6232,GGRPHCL_ARS_HR027,NUTS3_ANCRDT,1900-01-01 00:00:00,9999-12-31 00:00:00,0
6233,GGRPHCL_ARS_DEG0D,NUTS3_ANCRDT,1900-01-01 00:00:00,9999-12-31 00:00:00,0
6234,GGRPHCL_ARS_PT1D1,NUTS3_ANCRDT,2024-01-01 00:00:00,9999-12-31 00:00:00,0
6235,GGRPHCL_ARS_FRA50,NUTS3_ANCRDT,1900-01-01 00:00:00,2023-12-31 00:00:00,0
6236,GGRPHCL_ARS_FRK13,NUTS3_ANCRDT,1900-01-01 00:00:00,9999-12-31 00:00:00,0
6237,GGRPHCL_ARS_SE123,NUTS3_ANCRDT,1900-01-01 00:00:00,9999-12-31 00:00:00,0
6238,GGRPHCL_ARS_RO411,NUTS3_ANCRDT,1900-01-01 00:00:00,9999-12-31 00:00:00,0
6239,GGRPHCL_ARS_PL925,NUTS3_ANCRDT,1900-01-01 00:00:00,9999-12-31 00:00:00,0
6240,GGRPHCL_ARS_HR04A,NUTS3_ANCRDT,1900-01-01 00:00:00,2023-12-31 00:00:00,0
6241,GGRPHCL_ARS_BE212,NUTS3_ANCRDT,1900-01-01 00:00:00,9999-12-31 00:00:00,0
6242,GGRPHCL_ARS_FR823,NUTS3_ANCRDT,1900-01-01 00:00:00,2023-12-31 00:00:00,0
6243,GGRPHCL_ARS_ITI31,NUTS3_ANCRDT,1900-01-01 00:00:00,9999-12-31 00:00:00,0
6244,GGRPHCL_ARS_ITG17,NUTS3_ANCRDT,1900-01-01 00:00:00,9999-12-31 00:00:00,0
6245,GGRPHCL_ARS_FR524,NUTS3_ANCRDT,1900-01-01 00:00:00,2023-12-31 00:00:00,0
6246,GGRPHCL_ARS_UKH31,NUTS3_ANCRDT,1900-01-01 00:00:00,2021-01-31 00:00:00,0
6247,GGRPHCL_ARS_DE71E,NUTS3_ANCRDT,1900-01-01 00:00:00,9999-12-31 00:00:00,0
6248,GGRPHCL_ARS_DED2E,NUTS3_ANCRDT,1900-01-01 00:00:00,9999-12-31 00:00:00,0
6249,GGRPHCL_ARS_DE804,NUTS3_ANCRDT,1900-01-01 00:00:00,9999-12-31 00:00:00,0
6250,GGRPHCL_ARS_DE131,NUTS3_ANCRDT,1900-01-01 00:00:00,9999-12-31 00:00:00,0
6251,GGRPHCL_ARS_NL324,NUTS3_ANCRDT,1900-01-01 00:00:00,2023-12-31 00:00:00,0
6252,GGRPHCL_ARS_DE247,NUTS3_ANCRDT,1900-01-01 00:00:00,9999-12-31 00:00:00,0
6253,GGRPHCL_ARS_PL331,NUTS3_ANCRDT,1900-01-01 00:00:00,2023-12-31 00:00:00,0
6254,GGRPHCL_ARS_PL228,NUTS3_ANCRDT,1900-01-01 00:00:00,9999-12-31 00:00:00,0
6255,GGRPHCL_ARS_FI1D5,NUTS3_ANCRDT,1900-01-01 00:00:00,9999-12-31 00:00:00,0
6256,GGRPHCL_ARS_FRJ21,NUTS3_ANCRDT,1900-01-01 00:00:00,9999-12-31 00:00:00,0
6257,GGRPHCL_ARS_DEG0U,NUTS3_ANCRDT,2024-01-01 00:00:00,9999-12-31 00:00:00,0
6258,GGRPHCL_ARS_FRC14,NUTS3_ANCRDT,1900-01-01 00:00:00,9999-12-31 00:00:00,0
6259,GGRPHCL_ARS_EL531,NUTS3_ANCRDT,1900-01-01 00:00:00,9999-12-31 00:00:00,0
6260,GGRPHCL_ARS_DE21E,NUTS3_ANCRDT,1900-01-01 00:00:00,9999-12-31 00:00:00,0
6261,GGRPHCL_ARS_UKJ22,NUTS3_ANCRDT,1900-01-01 00:00:00,2021-01-31 00:00:00,0
6262,GGRPHCL_ARS_UKM31,NUTS3_ANCRDT,1900-01-01 00:00:00,2021-01-31 00:00:00,0
6263,GGRPHCL_ARS_AT112,NUTS3_ANCRDT,1900-01-01 00:00:00,9999-12-31 00:00:00,0
6264,GGRPHCL_ARS_DEG01,NUTS3_ANCRDT,1900-01-01 00:00:00,9999-12-31 00:00:00,0
6265,GGRPHCL_ARS_UKI54,NUTS3_ANCRDT,1900-01-01 00:00:00,2021-01-31 00:00:00,0
6266,GGRPHCL_ARS_HR044,NUTS3_ANCRDT,1900-01-01 00:00:00,2023-12-31 00:00:00,0
6267,GGRPHCL_ARS_UKN10,NUTS3_ANCRDT,1900-01-01 00:00:00,2021-01-31 00:00:00,0
6268,GGRPHCL_ARS_UKM66,NUTS3_ANCRDT,1900-01-01 00:00:00,2021-01-31 00:00:00,0
6269,GGRPHCL_ARS_ITH54,NUTS3_ANCRDT,1900-01-01 00:00:00,9999-12-31 00:00:00,0
6270,GGRPHCL_ARS_DE24B,NUTS3_ANCRDT,1900-01-01 00:00:00,9999-12-31 00:00:00,0
6271,GGRPHCL_ARS_IE062,NUTS3_ANCRDT,1900-01-01 00:00:00,9999-12-31 00:00:00,0
6272,GGRPHCL_ARS_RO111,NUTS3_ANCRDT,1900-01-01 00:00:00,9999-12-31 00:00:00,0
6273,GGRPHCL_ARS_DE936,NUTS3_ANCRDT,1900-01-01 00:00:00,9999-12-31 00:00:00,0
6274,GGRPHCL_ARS_ES417,NUTS3_ANCRDT,1900-01-01 00:00:00,9999-12-31 00:00:00,0
6275,GGRPHCL_ARS_DEA14,NUTS3_ANCRDT,1900-01-01 00:00:00,9999-12-31 00:00:00,0
6276,GGRPHCL_ARS_DEF07,NUTS3_ANCRDT,1900-01-01 00:00:00,9999-12-31 00:00:00,0
6277,GGRPHCL_ARS_ITC46,NUTS3_ANCRDT,1900-01-01 00:00:00,9999-12-31 00:00:00,0
6278,GGRPHCL_ARS_PT16D,NUTS3_ANCRDT,1900-01-01 00:00:00,2023-12-31 00:00:00,0
6279,GGRPHCL_ARS_FR631,NUTS3_ANCRDT,1900-01-01 00:00:00,2023-12-31 00:00:00,0
6280,GGRPHCL_ARS_PL911,NUTS3_ANCRDT,1900-01-01 00:00:00,9999-12-31 00:00:00,0
6281,GGRPHCL_ARS_HU332,NUTS3_ANCRDT,1900-01-01 00:00:00,9999-12-31 00:00:00,0
6282,GGRPHCL_ARS_FRK27,NUTS3_ANCRDT,1900-01-01 00:00:00,9999-12-31 00:00:00,0
6283,GGRPHCL_ARS_ES630,NUTS3_ANCRDT,1900-01-01 00:00:00,9999-12-31 00:00:00,0
6284,GGRPHCL_ARS_DE224,NUTS3_ANCRDT,1900-01-01 00:00:00,9999-12-31 00:00:00,0
6285,GGRPHCL_ARS_PL416,NUTS3_ANCRDT,1900-01-01 00:00:00,9999-12-31 00:00:00,0
6286,GGRPHCL_ARS_DE273,NUTS3_ANCRDT,1900-01-01 00:00:00,9999-12-31 00:00:00,0
6287,GGRPHCL_ARS_NL310,NUTS3_ANCRDT,1900-01-01 00:00:00,2023-12-31 00:00:00,0
6288,GGRPHCL_ARS_ES511,NUTS3_ANCRDT,1900-01-01 00:00:00,9999-12-31 00:00:00,0
6289,GGRPHCL_ARS_DE929,NUTS3_ANCRDT,1900-01-01 00:00:00,9999-12-31 00:00:00,0
6290,GGRPHCL_ARS_LT022,NUTS3_ANCRDT,1900-01-01 00:00:00,9999-12-31 00:00:00,0
6291,GGRPHCL_ARS_DEB35,NUTS3_ANCRDT,1900-01-01 00:00:00,9999-12-31 00:00:00,0
6292,GGRPHCL_ARS_AT335,NUTS3_ANCRDT,1900-01-01 00:00:00,9999-12-31 00:00:00,0
6293,GGRPHCL_ARS_ITC11,NUTS3_ANCRDT,1900-01-01 00:00:00,9999-12-31 00:00:00,0
6294,GGRPHCL_ARS_DEA43,NUTS3_ANCRDT,1900-01-01 00:00:00,9999-12-31 00:00:00,0
6295,GGRPHCL_ARS_ITG14,NUTS3_ANCRDT,1900-01-01 00:00:00,9999-12-31 00:00:00,0
6296,GGRPHCL_ARS_DEA23,NUTS3_ANCRDT,1900-01-01 00:00:00,9999-12-31 00:00:00,0
6297,GGRPHCL_ARS_UKK13,NUTS3_ANCRDT,1900-01-01 00:00:00,2021-01-31 00:00:00,0
6298,GGRPHCL_ARS_ITI32,NUTS3_ANCRDT,1900-01-01 00:00:00,9999-12-31 00:00:00,0
6299,GGRPHCL_ARS_FR263,NUTS3_ANCRDT,1900-01-01 00:00:00,2023-12-31 00:00:00,0
6300,GGRPHCL_ARS_PL12D,NUTS3_ANCRDT,1900-01-01 00:00:00,2023-12-31 00:00:00,0
6301,GGRPHCL_ARS_BE211,NUTS3_ANCRDT,1900-01-01 00:00:00,9999-12-31 00:00:00,0
6302,GGRPHCL_ARS_DE949,NUTS3_ANCRDT,1900-01-01 00:00:00,9999-12-31 00:00:00,0
6303,GGRPHCL_ARS_HR04B,NUTS3_ANCRDT,1900-01-01 00:00:00,2023-12-31 00:00:00,0
6304,GGRPHCL_ARS_PL926,NUTS3_ANCRDT,1900-01-01 00:00:00,9999-12-31 00:00:00,0
6305,GGRPHCL_ARS_RO412,NUTS3_ANCRDT,1900-01-01 00:00:00,9999-12-31 00:00:00,0
6306,GGRPHCL_ARS_FRL03,NUTS3_ANCRDT,1900-01-01 00:00:00,9999-12-31 00:00:00,0
6307,GGRPHCL_ARS_PL619,NUTS3_ANCRDT,1900-01-01 00:00:00,9999-12-31 00:00:00,0
6308,GGRPHCL_ARS_PT1D2,NUTS3_ANCRDT,2024-01-01 00:00:00,9999-12-31 00:00:00,0
6309,GGRPHCL_ARS_DEG0G,NUTS3_ANCRDT,1900-01-01 00:00:00,9999-12-31 00:00:00,0
6310,GGRPHCL_ARS_ES114,NUTS3_ANCRDT,1900-01-01 00:00:00,9999-12-31 00:00:00,0
6311,GGRPHCL_ARS_DE213,NUTS3_ANCRDT,1900-01-01 00:00:00,9999-12-31 00:00:00,0
6312,GGRPHCL_ARS_PL332,NUTS3_ANCRDT,1900-01-01 00:00:00,2023-12-31 00:00:00,0
6313,GGRPHCL_ARS_DE244,NUTS3_ANCRDT,1900-01-01 00:00:00,9999-12-31 00:00:00,0
6314,GGRPHCL_ARS_NL327,NUTS3_ANCRDT,1900-01-01 00:00:00,9999-12-31 00:00:00,0
6315,GGRPHCL_ARS_DE132,NUTS3_ANCRDT,1900-01-01 00:00:00,9999-12-31 00:00:00,0
6316,GGRPHCL_ARS_DED2F,NUTS3_ANCRDT,1900-01-01 00:00:00,9999-12-31 00:00:00,0
6317,GGRPHCL_ARS_UKF14,NUTS3_ANCRDT,1900-01-01 00:00:00,2021-01-31 00:00:00,0
6318,GGRPHCL_ARS_UKH32,NUTS3_ANCRDT,1900-01-01 00:00:00,2021-01-31 00:00:00,0
6319,GGRPHCL_ARS_PL115,NUTS3_ANCRDT,1900-01-01 00:00:00,2023-12-31 00:00:00,0
6320,GGRPHCL_ARS_FRC23,NUTS3_ANCRDT,1900-01-01 00:00:00,9999-12-31 00:00:00,0
6321,GGRPHCL_ARS_DE406,NUTS3_ANCRDT,1900-01-01 00:00:00,9999-12-31 00:00:00,0
6322,GGRPHCL_ARS_LVZZZ,NUTS3_ANCRDT,1900-01-01 00:00:00,9999-12-31 00:00:00,0
6323,GGRPHCL_ARS_ES618,NUTS3_ANCRDT,1900-01-01 00:00:00,9999-12-31 00:00:00,0
6324,GGRPHCL_ARS_ITG2E,NUTS3_ANCRDT,1900-01-01 00:00:00,9999-12-31 00:00:00,0
6325,GGRPHCL_ARS_DEA1B,NUTS3_ANCRDT,1900-01-01 00:00:00,9999-12-31 00:00:00,0
6326,GGRPHCL_ARS_DEF0A,NUTS3_ANCRDT,1900-01-01 00:00:00,9999-12-31 00:00:00,0
6327,GGRPHCL_ARS_UKD33,NUTS3_ANCRDT,1900-01-01 00:00:00,2021-01-31 00:00:00,0
6328,GGRPHCL_ARS_ITH34,NUTS3_ANCRDT,1900-01-01 00:00:00,9999-12-31 00:00:00,0
6329,GGRPHCL_ARS_DE22B,NUTS3_ANCRDT,1900-01-01 00:00:00,9999-12-31 00:00:00,0
6330,GGRPHCL_ARS_PT184,NUTS3_ANCRDT,1900-01-01 00:00:00,2023-12-31 00:00:00,0
6331,GGRPHCL_ARS_ITF12,NUTS3_ANCRDT,1900-01-01 00:00:00,9999-12-31 00:00:00,0
6332,GGRPHCL_ARS_AT125,NUTS3_ANCRDT,1900-01-01 00:00:00,9999-12-31 00:00:00,0
6333,GGRPHCL_ARS_UKI63,NUTS3_ANCRDT,1900-01-01 00:00:00,2021-01-31 00:00:00,0
6334,GGRPHCL_ARS_HR024,NUTS3_ANCRDT,1900-01-01 00:00:00,9999-12-31 00:00:00,0
6335,GGRPHCL_ARS_DEC04,NUTS3_ANCRDT,1900-01-01 00:00:00,9999-12-31 00:00:00,0
6336,GGRPHCL_ARS_UKI34,NUTS3_ANCRDT,1900-01-01 00:00:00,2021-01-31 00:00:00,0
6337,GGRPHCL_ARS_LUZZZ,NUTS3_ANCRDT,1900-01-01 00:00:00,9999-12-31 00:00:00,0
6338,GGRPHCL_ARS_UKG12,NUTS3_ANCRDT,1900-01-01 00:00:00,2021-01-31 00:00:00,0
6339,GGRPHCL_ARS_ITF45,NUTS3_ANCRDT,1900-01-01 00:00:00,9999-12-31 00:00:00,0
6340,GGRPHCL_ARS_FR421,NUTS3_ANCRDT,1900-01-01 00:00:00,2023-12-31 00:00:00,0
6341,GGRPHCL_ARS_EE006,NUTS3_ANCRDT,1900-01-01 00:00:00,2023-12-31 00:00:00,0
6342,GGRPHCL_ARS_DE27E,NUTS3_ANCRDT,1900-01-01 00:00:00,9999-12-31 00:00:00,0
6343,GGRPHCL_ARS_NL221,NUTS3_ANCRDT,1900-01-01 00:00:00,9999-12-31 00:00:00,0
6344,GGRPHCL_ARS_NL338,NUTS3_ANCRDT,1900-01-01 00:00:00,2023-12-31 00:00:00,0
6345,GGRPHCL_ARS_RO126,NUTS3_ANCRDT,1900-01-01 00:00:00,9999-12-31 00:00:00,0
6346,GGRPHCL_ARS_DEB3C,NUTS3_ANCRDT,1900-01-01 00:00:00,9999-12-31 00:00:00,0
6347,GGRPHCL_ARS_LTZZZ,NUTS3_ANCRDT,1900-01-01 00:00:00,9999-12-31 00:00:00,0
6348,GGRPHCL_ARS_DE227,NUTS3_ANCRDT,1900-01-01 00:00:00,9999-12-31 00:00:00,0
6349,GGRPHCL_ARS_ES120,NUTS3_ANCRDT,1900-01-01 00:00:00,9999-12-31 00:00:00,0
6350,GGRPHCL_ARS_FRK24,NUTS3_ANCRDT,1900-01-01 00:00:00,9999-12-31 00:00:00,0
6351,GGRPHCL_ARS_HU331,NUTS3_ANCRDT,1900-01-01 00:00:00,9999-12-31 00:00:00,0
6352,GGRPHCL_ARS_PL912,NUTS3_ANCRDT,1900-01-01 00:00:00,9999-12-31 00:00:00,0
6353,GGRPHCL_ARS_BE225,NUTS3_ANCRDT,1900-01-01 00:00:00,9999-12-31 00:00:00,0
6354,GGRPHCL_ARS_FR632,NUTS3_ANCRDT,1900-01-01 00:00:00,2023-12-31 00:00:00,0
6355,GGRPHCL_ARS_PT16G,NUTS3_ANCRDT,1900-01-01 00:00:00,2023-12-31 00:00:00,0
6356,GGRPHCL_ARS_FR814,NUTS3_ANCRDT,1900-01-01 00:00:00,2023-12-31 00:00:00,0
6357,GGRPHCL_ARS_CZ010,NUTS3_ANCRDT,1900-01-01 00:00:00,9999-12-31 00:00:00,0
6358,GGRPHCL_ARS_DE40C,NUTS3_ANCRDT,1900-01-01 00:00:00,9999-12-31 00:00:00,0
6359,GGRPHCL_ARS_EL434,NUTS3_ANCRDT,1900-01-01 00:00:00,9999-12-31 00:00:00,0
6360,GGRPHCL_ARS_DEF04,NUTS3_ANCRDT,1900-01-01 00:00:00,9999-12-31 00:00:00,0
6361,GGRPHCL_ARS_DEA17,NUTS3_ANCRDT,1900-01-01 00:00:00,9999-12-31 00:00:00,0
6362,GGRPHCL_ARS_FR513,NUTS3_ANCRDT,1900-01-01 00:00:00,2023-12-31 00:00:00,0
6363,GGRPHCL_ARS_ITC12,NUTS3_ANCRDT,1900-01-01 00:00:00,9999-12-31 00:00:00,0
6364,GGRPHCL_ARS_DEB36,NUTS3_ANCRDT,1900-01-01 00:00:00,9999-12-31 00:00:00,0
6365,GGRPHCL_ARS_LT021,NUTS3_ANCRDT,1900-01-01 00:00:00,9999-12-31 00:00:00,0
6366,GGRPHCL_ARS_UKG39,NUTS3_ANCRDT,1900-01-01 00:00:00,2021-01-31 00:00:00,0
6367,GGRPHCL_ARS_ES512,NUTS3_ANCRDT,1900-01-01 00:00:00,9999-12-31 00:00:00,0
6368,GGRPHCL_ARS_FRF23,NUTS3_ANCRDT,1900-01-01 00:00:00,9999-12-31 00:00:00,0
6369,GGRPHCL_ARS_FRA30,NUTS3_ANCRDT,1900-01-01 00:00:00,2023-12-31 00:00:00,0
6370,GGRPHCL_ARS_PL415,NUTS3_ANCRDT,1900-01-01 00:00:00,9999-12-31 00:00:00,0
6371,GGRPHCL_ARS_HR047,NUTS3_ANCRDT,1900-01-01 00:00:00,2023-12-31 00:00:00,0
6372,GGRPHCL_ARS_BE323,NUTS3_ANCRDT,1900-01-01 00:00:00,9999-12-31 00:00:00,0
6373,GGRPHCL_ARS_EL644,NUTS3_ANCRDT,1900-01-01 00:00:00,9999-12-31 00:00:00,0
6374,GGRPHCL_ARS_AT111,NUTS3_ANCRDT,1900-01-01 00:00:00,9999-12-31 00:00:00,0
6375,GGRPHCL_ARS_UKM32,NUTS3_ANCRDT,1900-01-01 00:00:00,2021-01-31 00:00:00,0
6376,GGRPHCL_ARS_DEG02,NUTS3_ANCRDT,1900-01-01 00:00:00,9999-12-31 00:00:00,0
6377,GGRPHCL_ARS_UKJ21,NUTS3_ANCRDT,1900-01-01 00:00:00,2021-01-31 00:00:00,0
6378,GGRPHCL_ARS_UKC14,NUTS3_ANCRDT,1900-01-01 00:00:00,2021-01-31 00:00:00,0
6379,GGRPHCL_ARS_DE21F,NUTS3_ANCRDT,1900-01-01 00:00:00,9999-12-31 00:00:00,0
6380,GGRPHCL_ARS_ITI19,NUTS3_ANCRDT,1900-01-01 00:00:00,9999-12-31 00:00:00,0
6381,GGRPHCL_ARS_EL532,NUTS3_ANCRDT,1900-01-01 00:00:00,9999-12-31 00:00:00,0
6382,GGRPHCL_ARS_DE238,NUTS3_ANCRDT,1900-01-01 00:00:00,9999-12-31 00:00:00,0
6383,GGRPHCL_ARS_PL814,NUTS3_ANCRDT,1900-01-01 00:00:00,9999-12-31 00:00:00,0
6384,GGRPHCL_ARS_FRJ22,NUTS3_ANCRDT,1900-01-01 00:00:00,9999-12-31 00:00:00,0
6385,GGRPHCL_ARS_DEG0V,NUTS3_ANCRDT,2024-01-01 00:00:00,9999-12-31 00:00:00,0
6386,GGRPHCL_ARS_FI1D6,NUTS3_ANCRDT,1900-01-01 00:00:00,2023-12-31 00:00:00,0
6387,GGRPHCL_ARS_DE119,NUTS3_ANCRDT,1900-01-01 00:00:00,9999-12-31 00:00:00,0
6388,GGRPHCL_ARS_ES414,NUTS3_ANCRDT,1900-01-01 00:00:00,9999-12-31 00:00:00,0
6389,GGRPHCL_ARS_DE713,NUTS3_ANCRDT,1900-01-01 00:00:00,9999-12-31 00:00:00,0
6390,GGRPHCL_ARS_PL843,NUTS3_ANCRDT,1900-01-01 00:00:00,9999-12-31 00:00:00,0
6391,GGRPHCL_ARS_UKM83,NUTS3_ANCRDT,1900-01-01 00:00:00,2021-01-31 00:00:00,0
6392,GGRPHCL_ARS_DE935,NUTS3_ANCRDT,1900-01-01 00:00:00,9999-12-31 00:00:00,0
6393,GGRPHCL_ARS_RO112,NUTS3_ANCRDT,1900-01-01 00:00:00,9999-12-31 00:00:00,0
6394,GGRPHCL_ARS_IE061,NUTS3_ANCRDT,1900-01-01 00:00:00,9999-12-31 00:00:00,0
6395,GGRPHCL_ARS_DE24A,NUTS3_ANCRDT,1900-01-01 00:00:00,9999-12-31 00:00:00,0
6396,GGRPHCL_ARS_BG323,NUTS3_ANCRDT,1900-01-01 00:00:00,9999-12-31 00:00:00,0
6397,GGRPHCL_ARS_ITH57,NUTS3_ANCRDT,1900-01-01 00:00:00,9999-12-31 00:00:00,0
6398,GGRPHCL_ARS_UKM65,NUTS3_ANCRDT,1900-01-01 00:00:00,2021-01-31 00:00:00,0
6399,GGRPHCL_ARS_EL613,NUTS3_ANCRDT,1900-01-01 00:00:00,9999-12-31 00:00:00,0
6400,GGRPHCL_ARS_UKN13,NUTS3_ANCRDT,1900-01-01 00:00:00,2021-01-31 00:00:00,0
6401,GGRPHCL_ARS_UKJ35,NUTS3_ANCRDT,1900-01-01 00:00:00,2021-01-31 00:00:00,0
6402,GGRPHCL_ARS_ITF32,NUTS3_ANCRDT,1900-01-01 00:00:00,9999-12-31 00:00:00,0
6403,GGRPHCL_ARS_UKM26,NUTS3_ANCRDT,1900-01-01 00:00:00,2021-01-31 00:00:00,0
6404,GGRPHCL_ARS_DE40H,NUTS3_ANCRDT,1900-01-01 00:00:00,9999-12-31 00:00:00,0
6405,GGRPHCL_ARS_EL526,NUTS3_ANCRDT,1900-01-01 00:00:00,9999-12-31 00:00:00,0
6406,GGRPHCL_ARS_UKI43,NUTS3_ANCRDT,1900-01-01 00:00:00,2021-01-31 00:00:00,0
6407,GGRPHCL_ARS_SK032,NUTS3_ANCRDT,1900-01-01 00:00:00,9999-12-31 00:00:00,0
6408,GGRPHCL_ARS_HU223,NUTS3_ANCRDT,1900-01-01 00:00:00,9999-12-31 00:00:00,0
6409,GGRPHCL_ARS_IE022,NUTS3_ANCRDT,1900-01-01 00:00:00,2023-12-31 00:00:00,0
6410,GGRPHCL_ARS_PL214,NUTS3_ANCRDT,1900-01-01 00:00:00,9999-12-31 00:00:00,0
6411,GGRPHCL_ARS_HU102,NUTS3_ANCRDT,1900-01-01 00:00:00,2023-12-31 00:00:00,0
6412,GGRPHCL_ARS_DEB1C,NUTS3_ANCRDT,1900-01-01 00:00:00,9999-12-31 00:00:00,0
6413,GGRPHCL_ARS_UKG32,NUTS3_ANCRDT,1900-01-01 00:00:00,2021-01-31 00:00:00,0
6414,GGRPHCL_ARS_DE12C,NUTS3_ANCRDT,1900-01-01 00:00:00,9999-12-31 00:00:00,0
6415,GGRPHCL_ARS_UKN07,NUTS3_ANCRDT,1900-01-01 00:00:00,2021-01-31 00:00:00,0
6416,GGRPHCL_ARS_AT224,NUTS3_ANCRDT,1900-01-01 00:00:00,9999-12-31 00:00:00,0
6417,GGRPHCL_ARS_ITH43,NUTS3_ANCRDT,1900-01-01 00:00:00,9999-12-31 00:00:00,0
6418,GGRPHCL_ARS_UKD44,NUTS3_ANCRDT,1900-01-01 00:00:00,2021-01-31 00:00:00,0
6419,GGRPHCL_ARS_BG424,NUTS3_ANCRDT,1900-01-01 00:00:00,9999-12-31 00:00:00,0
6420,GGRPHCL_ARS_PT194,NUTS3_ANCRDT,2024-01-01 00:00:00,9999-12-31 00:00:00,0
6421,GGRPHCL_ARS_ITF65,NUTS3_ANCRDT,1900-01-01 00:00:00,9999-12-31 00:00:00,0
6422,GGRPHCL_ARS_UKM71,NUTS3_ANCRDT,1900-01-01 00:00:00,2021-01-31 00:00:00,0
6423,GGRPHCL_ARS_SI032,NUTS3_ANCRDT,1900-01-01 00:00:00,9999-12-31 00:00:00,0
6424,GGRPHCL_ARS_ES242,NUTS3_ANCRDT,1900-01-01 00:00:00,9999-12-31 00:00:00,0
6425,GGRPHCL_ARS_RO321,NUTS3_ANCRDT,1900-01-01 00:00:00,9999-12-31 00:00:00,0
6426,GGRPHCL_ARS_DE145,NUTS3_ANCRDT,1900-01-01 00:00:00,9999-12-31 00:00:00,0
6427,GGRPHCL_ARS_FRB05,NUTS3_ANCRDT,1900-01-01 00:00:00,9999-12-31 00:00:00,0
6428,GGRPHCL_ARS_PL345,NUTS3_ANCRDT,1900-01-01 00:00:00,2023-12-31 00:00:00,0
6429,GGRPHCL_ARS_DE233,NUTS3_ANCRDT,1900-01-01 00:00:00,9999-12-31 00:00:00,0
6430,GGRPHCL_ARS_ITI12,NUTS3_ANCRDT,1900-01-01 00:00:00,9999-12-31 00:00:00,0
6431,GGRPHCL_ARS_FR243,NUTS3_ANCRDT,1900-01-01 00:00:00,2023-12-31 00:00:00,0
6432,GGRPHCL_ARS_DE21M,NUTS3_ANCRDT,1900-01-01 00:00:00,9999-12-31 00:00:00,0
6433,GGRPHCL_ARS_DEG09,NUTS3_ANCRDT,1900-01-01 00:00:00,9999-12-31 00:00:00,0
6434,GGRPHCL_ARS_FR626,NUTS3_ANCRDT,1900-01-01 00:00:00,2023-12-31 00:00:00,0
6435,GGRPHCL_ARS_BE328,NUTS3_ANCRDT,1900-01-01 00:00:00,9999-12-31 00:00:00,0
6436,GGRPHCL_ARS_BE231,NUTS3_ANCRDT,1900-01-01 00:00:00,9999-12-31 00:00:00,0
6437,GGRPHCL_ARS_DE94G,NUTS3_ANCRDT,1900-01-01 00:00:00,9999-12-31 00:00:00,0
6438,GGRPHCL_ARS_UKH12,NUTS3_ANCRDT,1900-01-01 00:00:00,2021-01-31 00:00:00,0
6439,GGRPHCL_ARS_DEB22,NUTS3_ANCRDT,1900-01-01 00:00:00,9999-12-31 00:00:00,0
6440,GGRPHCL_ARS_AT322,NUTS3_ANCRDT,1900-01-01 00:00:00,9999-12-31 00:00:00,0
6441,GGRPHCL_ARS_DEA54,NUTS3_ANCRDT,1900-01-01 00:00:00,9999-12-31 00:00:00,0
6442,GGRPHCL_ARS_UKE42,NUTS3_ANCRDT,1900-01-01 00:00:00,2021-01-31 00:00:00,0
6443,GGRPHCL_ARS_ITI45,NUTS3_ANCRDT,1900-01-01 00:00:00,9999-12-31 00:00:00,0
6444,GGRPHCL_ARS_CZ053,NUTS3_ANCRDT,1900-01-01 00:00:00,9999-12-31 00:00:00,0
6445,GGRPHCL_ARS_FR214,NUTS3_ANCRDT,1900-01-01 00:00:00,2023-12-31 00:00:00,0
6446,GGRPHCL_ARS_NL414,NUTS3_ANCRDT,1900-01-01 00:00:00,9999-12-31 00:00:00,0
6447,GGRPHCL_ARS_PL312,NUTS3_ANCRDT,1900-01-01 00:00:00,2023-12-31 00:00:00,0
6448,GGRPHCL_ARS_DE264,NUTS3_ANCRDT,1900-01-01 00:00:00,9999-12-31 00:00:00,0
6449,GGRPHCL_ARS_SE221,NUTS3_ANCRDT,1900-01-01 00:00:00,9999-12-31 00:00:00,0
6450,GGRPHCL_ARS_PL518,NUTS3_ANCRDT,1900-01-01 00:00:00,9999-12-31 00:00:00,0
6451,GGRPHCL_ARS_DE718,NUTS3_ANCRDT,1900-01-01 00:00:00,9999-12-31 00:00:00,0
6452,GGRPHCL_ARS_DE112,NUTS3_ANCRDT,1900-01-01 00:00:00,9999-12-31 00:00:00,0
6453,GGRPHCL_ARS_DE218,NUTS3_ANCRDT,1900-01-01 00:00:00,9999-12-31 00:00:00,0
6454,GGRPHCL_ARS_PT200,NUTS3_ANCRDT,1900-01-01 00:00:00,9999-12-31 00:00:00,0
6455,GGRPHCL_ARS_DEG0L,NUTS3_ANCRDT,1900-01-01 00:00:00,9999-12-31 00:00:00,0
6456,GGRPHCL_ARS_RO213,NUTS3_ANCRDT,1900-01-01 00:00:00,9999-12-31 00:00:00,0
6457,GGRPHCL_ARS_FI19A,NUTS3_ANCRDT,2024-01-01 00:00:00,9999-12-31 00:00:00,0
6458,GGRPHCL_ARS_DE942,NUTS3_ANCRDT,1900-01-01 00:00:00,9999-12-31 00:00:00,0
6459,GGRPHCL_ARS_FR714,NUTS3_ANCRDT,1900-01-01 00:00:00,2023-12-31 00:00:00,0
6460,GGRPHCL_ARS_ITH20,NUTS3_ANCRDT,1900-01-01 00:00:00,9999-12-31 00:00:00,0
6461,GGRPHCL_ARS_EL512,NUTS3_ANCRDT,1900-01-01 00:00:00,9999-12-31 00:00:00,0
6462,GGRPHCL_ARS_DEA28,NUTS3_ANCRDT,1900-01-01 00:00:00,9999-12-31 00:00:00,0
6463,GGRPHCL_ARS_ITF51,NUTS3_ANCRDT,1900-01-01 00:00:00,9999-12-31 00:00:00,0
6464,GGRPHCL_ARS_DE26A,NUTS3_ANCRDT,1900-01-01 00:00:00,9999-12-31 00:00:00,0
6465,GGRPHCL_ARS_DK014,NUTS3_ANCRDT,1900-01-01 00:00:00,9999-12-31 00:00:00,0
6466,GGRPHCL_ARS_EL633,NUTS3_ANCRDT,1900-01-01 00:00:00,9999-12-31 00:00:00,0
6467,GGRPHCL_ARS_DE915,NUTS3_ANCRDT,1900-01-01 00:00:00,2023-12-31 00:00:00,0
6468,GGRPHCL_ARS_DE139,NUTS3_ANCRDT,1900-01-01 00:00:00,9999-12-31 00:00:00,0
6469,GGRPHCL_ARS_FI1C1,NUTS3_ANCRDT,1900-01-01 00:00:00,9999-12-31 00:00:00,0
6470,GGRPHCL_ARS_DE733,NUTS3_ANCRDT,1900-01-01 00:00:00,9999-12-31 00:00:00,0
6471,GGRPHCL_ARS_FRG05,NUTS3_ANCRDT,1900-01-01 00:00:00,9999-12-31 00:00:00,0
6472,GGRPHCL_ARS_IE041,NUTS3_ANCRDT,1900-01-01 00:00:00,9999-12-31 00:00:00,0
6473,GGRPHCL_ARS_DEA5A,NUTS3_ANCRDT,1900-01-01 00:00:00,9999-12-31 00:00:00,0
6474,GGRPHCL_ARS_SE313,NUTS3_ANCRDT,1900-01-01 00:00:00,9999-12-31 00:00:00,0
6475,GGRPHCL_ARS_FRI23,NUTS3_ANCRDT,1900-01-01 00:00:00,9999-12-31 00:00:00,0
6476,GGRPHCL_ARS_AT341,NUTS3_ANCRDT,1900-01-01 00:00:00,9999-12-31 00:00:00,0
6477,GGRPHCL_ARS_FR101,NUTS3_ANCRDT,1900-01-01 00:00:00,9999-12-31 00:00:00,0
6478,GGRPHCL_ARS_FR612,NUTS3_ANCRDT,1900-01-01 00:00:00,2023-12-31 00:00:00,0
6479,GGRPHCL_ARS_UKL14,NUTS3_ANCRDT,1900-01-01 00:00:00,2021-01-31 00:00:00,0
6480,GGRPHCL_ARS_DEA37,NUTS3_ANCRDT,1900-01-01 00:00:00,9999-12-31 00:00:00,0
6481,GGRPHCL_ARS_EL307,NUTS3_ANCRDT,1900-01-01 00:00:00,9999-12-31 00:00:00,0
6482,GGRPHCL_ARS_UKE21,NUTS3_ANCRDT,1900-01-01 00:00:00,2021-01-31 00:00:00,0
6483,GGRPHCL_ARS_ES613,NUTS3_ANCRDT,1900-01-01 00:00:00,9999-12-31 00:00:00,0
6484,GGRPHCL_ARS_FRE22,NUTS3_ANCRDT,1900-01-01 00:00:00,9999-12-31 00:00:00,0
6485,GGRPHCL_ARS_RO315,NUTS3_ANCRDT,1900-01-01 00:00:00,9999-12-31 00:00:00,0
6486,GGRPHCL_ARS_PL714,NUTS3_ANCRDT,1900-01-01 00:00:00,9999-12-31 00:00:00,0
6487,GGRPHCL_ARS_HU311,NUTS3_ANCRDT,1900-01-01 00:00:00,9999-12-31 00:00:00,0
6488,GGRPHCL_ARS_ES532,NUTS3_ANCRDT,1900-01-01 00:00:00,9999-12-31 00:00:00,0
6489,GGRPHCL_ARS_DE126,NUTS3_ANCRDT,1900-01-01 00:00:00,9999-12-31 00:00:00,0
6490,GGRPHCL_ARS_DEB3H,NUTS3_ANCRDT,1900-01-01 00:00:00,9999-12-31 00:00:00,0
6491,GGRPHCL_ARS_FI200,NUTS3_ANCRDT,1900-01-01 00:00:00,9999-12-31 00:00:00,0
6492,GGRPHCL_ARS_PL326,NUTS3_ANCRDT,1900-01-01 00:00:00,2023-12-31 00:00:00,0
6493,GGRPHCL_ARS_FRA10,NUTS3_ANCRDT,1900-01-01 00:00:00,2023-12-31 00:00:00,0
6494,GGRPHCL_ARS_NL333,NUTS3_ANCRDT,1900-01-01 00:00:00,2023-12-31 00:00:00,0
6495,GGRPHCL_ARS_FR533,NUTS3_ANCRDT,1900-01-01 00:00:00,2023-12-31 00:00:00,0
6496,GGRPHCL_ARS_PL21A,NUTS3_ANCRDT,1900-01-01 00:00:00,9999-12-31 00:00:00,0
6497,GGRPHCL_ARS_BE252,NUTS3_ANCRDT,1900-01-01 00:00:00,9999-12-31 00:00:00,0
6498,GGRPHCL_ARS_LT001,NUTS3_ANCRDT,1900-01-01 00:00:00,2023-12-31 00:00:00,0
6499,GGRPHCL_ARS_ITC32,NUTS3_ANCRDT,1900-01-01 00:00:00,9999-12-31 00:00:00,0
6500,GGRPHCL_ARS_DEE05,NUTS3_ANCRDT,1900-01-01 00:00:00,9999-12-31 00:00:00,0
6501,GGRPHCL_ARS_DEB16,NUTS3_ANCRDT,1900-01-01 00:00:00,2023-12-31 00:00:00,0
6502,GGRPHCL_ARS_FRH03,NUTS3_ANCRDT,1900-01-01 00:00:00,9999-12-31 00:00:00,0
6503,GGRPHCL_ARS_DE276,NUTS3_ANCRDT,1900-01-01 00:00:00,9999-12-31 00:00:00,0
6504,GGRPHCL_ARS_PL219,NUTS3_ANCRDT,1900-01-01 00:00:00,9999-12-31 00:00:00,0
6505,GGRPHCL_ARS_ES514,NUTS3_ANCRDT,1900-01-01 00:00:00,9999-12-31 00:00:00,0
6506,GGRPHCL_ARS_LT027,NUTS3_ANCRDT,1900-01-01 00:00:00,9999-12-31 00:00:00,0
6507,GGRPHCL_ARS_FI1DA,NUTS3_ANCRDT,2024-01-01 00:00:00,9999-12-31 00:00:00,0
6508,GGRPHCL_ARS_ITC14,NUTS3_ANCRDT,1900-01-01 00:00:00,9999-12-31 00:00:00,0
6509,GGRPHCL_ARS_CZ041,NUTS3_ANCRDT,1900-01-01 00:00:00,9999-12-31 00:00:00,0
6510,GGRPHCL_ARS_FR515,NUTS3_ANCRDT,1900-01-01 00:00:00,2023-12-31 00:00:00,0
6511,GGRPHCL_ARS_DEA46,NUTS3_ANCRDT,1900-01-01 00:00:00,9999-12-31 00:00:00,0
6512,GGRPHCL_ARS_DEF02,NUTS3_ANCRDT,1900-01-01 00:00:00,9999-12-31 00:00:00,0
6513,GGRPHCL_ARS_UKK21,NUTS3_ANCRDT,1900-01-01 00:00:00,2021-01-31 00:00:00,0
6514,GGRPHCL_ARS_DEA11,NUTS3_ANCRDT,1900-01-01 00:00:00,9999-12-31 00:00:00,0
6515,GGRPHCL_ARS_ITG26,NUTS3_ANCRDT,1900-01-01 00:00:00,2023-12-31 00:00:00,0
6516,GGRPHCL_ARS_FR251,NUTS3_ANCRDT,1900-01-01 00:00:00,2023-12-31 00:00:00,0
6517,GGRPHCL_ARS_EL432,NUTS3_ANCRDT,1900-01-01 00:00:00,9999-12-31 00:00:00,0
6518,GGRPHCL_ARS_DE40E,NUTS3_ANCRDT,1900-01-01 00:00:00,9999-12-31 00:00:00,0
6519,GGRPHCL_ARS_ITC43,NUTS3_ANCRDT,1900-01-01 00:00:00,9999-12-31 00:00:00,0
6520,GGRPHCL_ARS_FR812,NUTS3_ANCRDT,1900-01-01 00:00:00,2023-12-31 00:00:00,0
6521,GGRPHCL_ARS_BE223,NUTS3_ANCRDT,1900-01-01 00:00:00,9999-12-31 00:00:00,0
6522,GGRPHCL_ARS_FRK22,NUTS3_ANCRDT,1900-01-01 00:00:00,9999-12-31 00:00:00,0
6523,GGRPHCL_ARS_NL342,NUTS3_ANCRDT,1900-01-01 00:00:00,9999-12-31 00:00:00,0
6524,GGRPHCL_ARS_DE221,NUTS3_ANCRDT,1900-01-01 00:00:00,9999-12-31 00:00:00,0
6525,GGRPHCL_ARS_UKN15,NUTS3_ANCRDT,1900-01-01 00:00:00,2021-01-31 00:00:00,0
6526,GGRPHCL_ARS_DK032,NUTS3_ANCRDT,1900-01-01 00:00:00,9999-12-31 00:00:00,0
6527,GGRPHCL_ARS_DE13A,NUTS3_ANCRDT,1900-01-01 00:00:00,9999-12-31 00:00:00,0
6528,GGRPHCL_ARS_UKM63,NUTS3_ANCRDT,1900-01-01 00:00:00,2021-01-31 00:00:00,0
6529,GGRPHCL_ARS_DEA59,NUTS3_ANCRDT,1900-01-01 00:00:00,9999-12-31 00:00:00,0
6530,GGRPHCL_ARS_FR413,NUTS3_ANCRDT,1900-01-01 00:00:00,2023-12-31 00:00:00,0
6531,GGRPHCL_ARS_ITH51,NUTS3_ANCRDT,1900-01-01 00:00:00,9999-12-31 00:00:00,0
6532,GGRPHCL_ARS_BG325,NUTS3_ANCRDT,1900-01-01 00:00:00,9999-12-31 00:00:00,0
6533,GGRPHCL_ARS_MTZZZ,NUTS3_ANCRDT,1900-01-01 00:00:00,9999-12-31 00:00:00,0
6534,GGRPHCL_ARS_NL213,NUTS3_ANCRDT,1900-01-01 00:00:00,9999-12-31 00:00:00,0
6535,GGRPHCL_ARS_PL515,NUTS3_ANCRDT,1900-01-01 00:00:00,9999-12-31 00:00:00,0
6536,GGRPHCL_ARS_RO114,NUTS3_ANCRDT,1900-01-01 00:00:00,9999-12-31 00:00:00,0
6537,GGRPHCL_ARS_DE269,NUTS3_ANCRDT,1900-01-01 00:00:00,9999-12-31 00:00:00,0
6538,GGRPHCL_ARS_HU110,NUTS3_ANCRDT,1900-01-01 00:00:00,9999-12-31 00:00:00,0
6539,GGRPHCL_ARS_DE933,NUTS3_ANCRDT,1900-01-01 00:00:00,9999-12-31 00:00:00,0
6540,GGRPHCL_ARS_ES412,NUTS3_ANCRDT,1900-01-01 00:00:00,9999-12-31 00:00:00,0
6541,GGRPHCL_ARS_DE715,NUTS3_ANCRDT,1900-01-01 00:00:00,9999-12-31 00:00:00,0
6542,GGRPHCL_ARS_DE148,NUTS3_ANCRDT,1900-01-01 00:00:00,9999-12-31 00:00:00,0
6543,GGRPHCL_ARS_FRJ24,NUTS3_ANCRDT,1900-01-01 00:00:00,9999-12-31 00:00:00,0
6544,GGRPHCL_ARS_PL634,NUTS3_ANCRDT,1900-01-01 00:00:00,9999-12-31 00:00:00,0
6545,GGRPHCL_ARS_HU231,NUTS3_ANCRDT,1900-01-01 00:00:00,9999-12-31 00:00:00,0
6546,GGRPHCL_ARS_PL127,NUTS3_ANCRDT,1900-01-01 00:00:00,2023-12-31 00:00:00,0
6547,GGRPHCL_ARS_PT150,NUTS3_ANCRDT,1900-01-01 00:00:00,9999-12-31 00:00:00,0
6548,GGRPHCL_ARS_PL812,NUTS3_ANCRDT,1900-01-01 00:00:00,9999-12-31 00:00:00,0
6549,GGRPHCL_ARS_NL132,NUTS3_ANCRDT,1900-01-01 00:00:00,9999-12-31 00:00:00,0
6550,GGRPHCL_ARS_FRC11,NUTS3_ANCRDT,1900-01-01 00:00:00,9999-12-31 00:00:00,0
6551,GGRPHCL_ARS_UKC12,NUTS3_ANCRDT,1900-01-01 00:00:00,2021-01-31 00:00:00,0
6552,GGRPHCL_ARS_DEG04,NUTS3_ANCRDT,1900-01-01 00:00:00,2023-12-31 00:00:00,0
6553,GGRPHCL_ARS_UKM34,NUTS3_ANCRDT,1900-01-01 00:00:00,2021-01-31 00:00:00,0
6554,GGRPHCL_ARS_UKJ27,NUTS3_ANCRDT,1900-01-01 00:00:00,2021-01-31 00:00:00,0
6555,GGRPHCL_ARS_BE325,NUTS3_ANCRDT,1900-01-01 00:00:00,2023-12-31 00:00:00,0
6556,GGRPHCL_ARS_FI199,NUTS3_ANCRDT,2024-01-01 00:00:00,9999-12-31 00:00:00,0
6557,GGRPHCL_ARS_EL642,NUTS3_ANCRDT,1900-01-01 00:00:00,9999-12-31 00:00:00,0
6558,GGRPHCL_ARS_HR041,NUTS3_ANCRDT,1900-01-01 00:00:00,2023-12-31 00:00:00,0
6559,GGRPHCL_ARS_UKI51,NUTS3_ANCRDT,1900-01-01 00:00:00,2021-01-31 00:00:00,0
6560,GGRPHCL_ARS_UKK42,NUTS3_ANCRDT,1900-01-01 00:00:00,2021-01-31 00:00:00,0
6561,GGRPHCL_ARS_FR521,NUTS3_ANCRDT,1900-01-01 00:00:00,2023-12-31 00:00:00,0
6562,GGRPHCL_ARS_FR232,NUTS3_ANCRDT,1900-01-01 00:00:00,2023-12-31 00:00:00,0
6563,GGRPHCL_ARS_UKH34,NUTS3_ANCRDT,1900-01-01 00:00:00,2021-01-31 00:00:00,0
6564,GGRPHCL_ARS_ITC20,NUTS3_ANCRDT,1900-01-01 00:00:00,9999-12-31 00:00:00,0
6565,GGRPHCL_ARS_UKF12,NUTS3_ANCRDT,1900-01-01 00:00:00,2021-01-31 00:00:00,0
6566,GGRPHCL_ARS_DE918,NUTS3_ANCRDT,1900-01-01 00:00:00,9999-12-31 00:00:00,0
6567,GGRPHCL_ARS_DE134,NUTS3_ANCRDT,1900-01-01 00:00:00,9999-12-31 00:00:00,0
6568,GGRPHCL_ARS_NL321,NUTS3_ANCRDT,1900-01-01 00:00:00,9999-12-31 00:00:00,0
6569,GGRPHCL_ARS_FRF11,NUTS3_ANCRDT,1900-01-01 00:00:00,9999-12-31 00:00:00,0
6570,GGRPHCL_ARS_DE242,NUTS3_ANCRDT,1900-01-01 00:00:00,9999-12-31 00:00:00,0
6571,GGRPHCL_ARS_PL427,NUTS3_ANCRDT,1900-01-01 00:00:00,9999-12-31 00:00:00,0
6572,GGRPHCL_ARS_ES112,NUTS3_ANCRDT,1900-01-01 00:00:00,9999-12-31 00:00:00,0
6573,GGRPHCL_ARS_DE215,NUTS3_ANCRDT,1900-01-01 00:00:00,9999-12-31 00:00:00,0
6574,GGRPHCL_ARS_DEG0A,NUTS3_ANCRDT,1900-01-01 00:00:00,9999-12-31 00:00:00,0
6575,GGRPHCL_ARS_FRL05,NUTS3_ANCRDT,1900-01-01 00:00:00,9999-12-31 00:00:00,0
6576,GGRPHCL_ARS_FRZZZ,NUTS3_ANCRDT,1900-01-01 00:00:00,9999-12-31 00:00:00,0
6577,GGRPHCL_ARS_RO414,NUTS3_ANCRDT,1900-01-01 00:00:00,9999-12-31 00:00:00,0
6578,GGRPHCL_ARS_HR04D,NUTS3_ANCRDT,1900-01-01 00:00:00,2023-12-31 00:00:00,0
6579,GGRPHCL_ARS_PL12B,NUTS3_ANCRDT,1900-01-01 00:00:00,2023-12-31 00:00:00,0
6580,GGRPHCL_ARS_FR826,NUTS3_ANCRDT,1900-01-01 00:00:00,2023-12-31 00:00:00,0
6581,GGRPHCL_ARS_ITI34,NUTS3_ANCRDT,1900-01-01 00:00:00,9999-12-31 00:00:00,0
6582,GGRPHCL_ARS_UKK15,NUTS3_ANCRDT,1900-01-01 00:00:00,2021-01-31 00:00:00,0
6583,GGRPHCL_ARS_ITG12,NUTS3_ANCRDT,1900-01-01 00:00:00,9999-12-31 00:00:00,0
6584,GGRPHCL_ARS_DE721,NUTS3_ANCRDT,1900-01-01 00:00:00,9999-12-31 00:00:00,0
6585,GGRPHCL_ARS_DEB3E,NUTS3_ANCRDT,1900-01-01 00:00:00,9999-12-31 00:00:00,0
6586,GGRPHCL_ARS_FRI31,NUTS3_ANCRDT,1900-01-01 00:00:00,9999-12-31 00:00:00,0
6587,GGRPHCL_ARS_IE053,NUTS3_ANCRDT,1900-01-01 00:00:00,9999-12-31 00:00:00,0
6588,GGRPHCL_ARS_UKD62,NUTS3_ANCRDT,1900-01-01 00:00:00,2021-01-31 00:00:00,0
6589,GGRPHCL_ARS_BG311,NUTS3_ANCRDT,1900-01-01 00:00:00,9999-12-31 00:00:00,0
6590,GGRPHCL_ARS_DE27C,NUTS3_ANCRDT,1900-01-01 00:00:00,9999-12-31 00:00:00,0
6591,GGRPHCL_ARS_UKJ44,NUTS3_ANCRDT,1900-01-01 00:00:00,2021-01-31 00:00:00,0
6592,GGRPHCL_ARS_ITF43,NUTS3_ANCRDT,1900-01-01 00:00:00,9999-12-31 00:00:00,0
6593,GGRPHCL_ARS_EL621,NUTS3_ANCRDT,1900-01-01 00:00:00,9999-12-31 00:00:00,0
6594,GGRPHCL_ARS_UKI32,NUTS3_ANCRDT,1900-01-01 00:00:00,2021-01-31 00:00:00,0
6595,GGRPHCL_ARS_HR022,NUTS3_ANCRDT,1900-01-01 00:00:00,9999-12-31 00:00:00,0
6596,GGRPHCL_ARS_DEC02,NUTS3_ANCRDT,1900-01-01 00:00:00,9999-12-31 00:00:00,0
6597,GGRPHCL_ARS_DEE08,NUTS3_ANCRDT,1900-01-01 00:00:00,9999-12-31 00:00:00,0
6598,GGRPHCL_ARS_PLZZZ,NUTS3_ANCRDT,1900-01-01 00:00:00,9999-12-31 00:00:00,0
6599,GGRPHCL_ARS_ITF14,NUTS3_ANCRDT,1900-01-01 00:00:00,9999-12-31 00:00:00,0
6600,GGRPHCL_ARS_UKJ13,NUTS3_ANCRDT,1900-01-01 00:00:00,2021-01-31 00:00:00,0
6601,GGRPHCL_ARS_AT123,NUTS3_ANCRDT,1900-01-01 00:00:00,9999-12-31 00:00:00,0
6602,GGRPHCL_ARS_SI043,NUTS3_ANCRDT,1900-01-01 00:00:00,9999-12-31 00:00:00,0
6603,GGRPHCL_ARS_ITH32,NUTS3_ANCRDT,1900-01-01 00:00:00,9999-12-31 00:00:00,0
6604,GGRPHCL_ARS_UKD35,NUTS3_ANCRDT,1900-01-01 00:00:00,2021-01-31 00:00:00,0
6605,GGRPHCL_ARS_DEA1D,NUTS3_ANCRDT,1900-01-01 00:00:00,9999-12-31 00:00:00,0
6606,GGRPHCL_ARS_ITG2C,NUTS3_ANCRDT,1900-01-01 00:00:00,2023-12-31 00:00:00,0
6607,GGRPHCL_ARS_ES707,NUTS3_ANCRDT,1900-01-01 00:00:00,9999-12-31 00:00:00,0
6608,GGRPHCL_ARS_PL113,NUTS3_ANCRDT,1900-01-01 00:00:00,2023-12-31 00:00:00,0
6609,GGRPHCL_ARS_DE249,NUTS3_ANCRDT,1900-01-01 00:00:00,9999-12-31 00:00:00,0
6610,GGRPHCL_ARS_FRG03,NUTS3_ANCRDT,1900-01-01 00:00:00,9999-12-31 00:00:00,0
6611,GGRPHCL_ARS_FRY20,NUTS3_ANCRDT,1900-01-01 00:00:00,9999-12-31 00:00:00,0
6612,GGRPHCL_ARS_ES432,NUTS3_ANCRDT,1900-01-01 00:00:00,9999-12-31 00:00:00,0
6613,GGRPHCL_ARS_DE735,NUTS3_ANCRDT,1900-01-01 00:00:00,9999-12-31 00:00:00,0
6614,GGRPHCL_ARS_DE913,NUTS3_ANCRDT,1900-01-01 00:00:00,9999-12-31 00:00:00,0
6615,GGRPHCL_ARS_BE352,NUTS3_ANCRDT,1900-01-01 00:00:00,9999-12-31 00:00:00,0
6616,GGRPHCL_ARS_DE11A,NUTS3_ANCRDT,1900-01-01 00:00:00,9999-12-31 00:00:00,0
6617,GGRPHCL_ARS_DK012,NUTS3_ANCRDT,1900-01-01 00:00:00,9999-12-31 00:00:00,0
6618,GGRPHCL_ARS_HR036,NUTS3_ANCRDT,1900-01-01 00:00:00,9999-12-31 00:00:00,0
6619,GGRPHCL_ARS_EL543,NUTS3_ANCRDT,1900-01-01 00:00:00,9999-12-31 00:00:00,0
6620,GGRPHCL_ARS_FR433,NUTS3_ANCRDT,1900-01-01 00:00:00,2023-12-31 00:00:00,0
6621,GGRPHCL_ARS_ITG19,NUTS3_ANCRDT,1900-01-01 00:00:00,9999-12-31 00:00:00,0
6622,GGRPHCL_ARS_EL514,NUTS3_ANCRDT,1900-01-01 00:00:00,9999-12-31 00:00:00,0
6623,GGRPHCL_ARS_DED52,NUTS3_ANCRDT,1900-01-01 00:00:00,9999-12-31 00:00:00,0
6624,GGRPHCL_ARS_HR061,NUTS3_ANCRDT,1900-01-01 00:00:00,9999-12-31 00:00:00,0
6625,GGRPHCL_ARS_UKI71,NUTS3_ANCRDT,1900-01-01 00:00:00,2021-01-31 00:00:00,0
6626,GGRPHCL_ARS_FR712,NUTS3_ANCRDT,1900-01-01 00:00:00,2023-12-31 00:00:00,0
6627,GGRPHCL_ARS_FRD22,NUTS3_ANCRDT,1900-01-01 00:00:00,9999-12-31 00:00:00,0
6628,GGRPHCL_ARS_PT170,NUTS3_ANCRDT,1900-01-01 00:00:00,2023-12-31 00:00:00,0
6629,GGRPHCL_ARS_NL112,NUTS3_ANCRDT,1900-01-01 00:00:00,9999-12-31 00:00:00,0
6630,GGRPHCL_ARS_DE944,NUTS3_ANCRDT,1900-01-01 00:00:00,9999-12-31 00:00:00,0
6631,GGRPHCL_ARS_RO215,NUTS3_ANCRDT,1900-01-01 00:00:00,9999-12-31 00:00:00,0
6632,GGRPHCL_ARS_HU211,NUTS3_ANCRDT,1900-01-01 00:00:00,9999-12-31 00:00:00,0
6633,GGRPHCL_ARS_DEG0J,NUTS3_ANCRDT,1900-01-01 00:00:00,9999-12-31 00:00:00,0
6634,GGRPHCL_ARS_ITI1A,NUTS3_ANCRDT,1900-01-01 00:00:00,9999-12-31 00:00:00,0
6635,GGRPHCL_ARS_DEE03,NUTS3_ANCRDT,1900-01-01 00:00:00,9999-12-31 00:00:00,0
6636,GGRPHCL_ARS_ITC34,NUTS3_ANCRDT,1900-01-01 00:00:00,9999-12-31 00:00:00,0
6637,GGRPHCL_ARS_FI196,NUTS3_ANCRDT,1900-01-01 00:00:00,9999-12-31 00:00:00,0
6638,GGRPHCL_ARS_BE254,NUTS3_ANCRDT,1900-01-01 00:00:00,9999-12-31 00:00:00,0
6639,GGRPHCL_ARS_LT007,NUTS3_ANCRDT,1900-01-01 00:00:00,2023-12-31 00:00:00,0
6640,GGRPHCL_ARS_ITF48,NUTS3_ANCRDT,1900-01-01 00:00:00,9999-12-31 00:00:00,0
6641,GGRPHCL_ARS_DE256,NUTS3_ANCRDT,1900-01-01 00:00:00,9999-12-31 00:00:00,0
6642,GGRPHCL_ARS_SE213,NUTS3_ANCRDT,1900-01-01 00:00:00,9999-12-31 00:00:00,0
6643,GGRPHCL_ARS_PL712,NUTS3_ANCRDT,1900-01-01 00:00:00,9999-12-31 00:00:00,0
6644,GGRPHCL_ARS_RO313,NUTS3_ANCRDT,1900-01-01 00:00:00,9999-12-31 00:00:00,0
6645,GGRPHCL_ARS_ES615,NUTS3_ANCRDT,1900-01-01 00:00:00,9999-12-31 00:00:00,0
6646,GGRPHCL_ARS_NL416,NUTS3_ANCRDT,2024-01-01 00:00:00,9999-12-31 00:00:00,0
6647,GGRPHCL_ARS_PT300,NUTS3_ANCRDT,1900-01-01 00:00:00,9999-12-31 00:00:00,0
6648,GGRPHCL_ARS_ITG2H,NUTS3_ANCRDT,1900-01-01 00:00:00,9999-12-31 00:00:00,0
6649,GGRPHCL_ARS_LV007,NUTS3_ANCRDT,1900-01-01 00:00:00,2023-12-31 00:00:00,0
6650,GGRPHCL_ARS_EL301,NUTS3_ANCRDT,1900-01-01 00:00:00,9999-12-31 00:00:00,0
6651,GGRPHCL_ARS_EL412,NUTS3_ANCRDT,1900-01-01 00:00:00,9999-12-31 00:00:00,0
6652,GGRPHCL_ARS_UKL12,NUTS3_ANCRDT,1900-01-01 00:00:00,2021-01-31 00:00:00,0
6653,GGRPHCL_ARS_DEA31,NUTS3_ANCRDT,1900-01-01 00:00:00,9999-12-31 00:00:00,0
6654,GGRPHCL_ARS_FR107,NUTS3_ANCRDT,1900-01-01 00:00:00,9999-12-31 00:00:00,0
6655,GGRPHCL_ARS_FR614,NUTS3_ANCRDT,1900-01-01 00:00:00,2023-12-31 00:00:00,0
6656,GGRPHCL_ARS_FR832,NUTS3_ANCRDT,1900-01-01 00:00:00,2023-12-31 00:00:00,0
6657,GGRPHCL_ARS_ITF63,NUTS3_ANCRDT,1900-01-01 00:00:00,9999-12-31 00:00:00,0
6658,GGRPHCL_ARS_SI034,NUTS3_ANCRDT,1900-01-01 00:00:00,9999-12-31 00:00:00,0
6659,GGRPHCL_ARS_UKM77,NUTS3_ANCRDT,1900-01-01 00:00:00,2021-01-31 00:00:00,0
6660,GGRPHCL_ARS_UKD42,NUTS3_ANCRDT,1900-01-01 00:00:00,2021-01-31 00:00:00,0
6661,GGRPHCL_ARS_BG331,NUTS3_ANCRDT,1900-01-01 00:00:00,9999-12-31 00:00:00,0
6662,GGRPHCL_ARS_DE25C,NUTS3_ANCRDT,1900-01-01 00:00:00,9999-12-31 00:00:00,0
6663,GGRPHCL_ARS_PT192,NUTS3_ANCRDT,2024-01-01 00:00:00,9999-12-31 00:00:00,0
6664,GGRPHCL_ARS_BG422,NUTS3_ANCRDT,1900-01-01 00:00:00,9999-12-31 00:00:00,0
6665,GGRPHCL_ARS_PTZZZ,NUTS3_ANCRDT,1900-01-01 00:00:00,9999-12-31 00:00:00,0
6666,GGRPHCL_ARS_UKN01,NUTS3_ANCRDT,1900-01-01 00:00:00,2021-01-31 00:00:00,0
6667,GGRPHCL_ARS_AT222,NUTS3_ANCRDT,1900-01-01 00:00:00,9999-12-31 00:00:00,0
6668,GGRPHCL_ARS_UKM91,NUTS3_ANCRDT,1900-01-01 00:00:00,2021-01-31 00:00:00,0
6669,GGRPHCL_ARS_DE927,NUTS3_ANCRDT,1900-01-01 00:00:00,9999-12-31 00:00:00,0
6670,GGRPHCL_ARS_SE321,NUTS3_ANCRDT,1900-01-01 00:00:00,9999-12-31 00:00:00,0
6671,GGRPHCL_ARS_FRI11,NUTS3_ANCRDT,1900-01-01 00:00:00,9999-12-31 00:00:00,0
6672,GGRPHCL_ARS_PL418,NUTS3_ANCRDT,1900-01-01 00:00:00,9999-12-31 00:00:00,0
6673,GGRPHCL_ARS_IE024,NUTS3_ANCRDT,1900-01-01 00:00:00,2023-12-31 00:00:00,0
6674,GGRPHCL_ARS_RO221,NUTS3_ANCRDT,1900-01-01 00:00:00,9999-12-31 00:00:00,0
6675,GGRPHCL_ARS_NL126,NUTS3_ANCRDT,1900-01-01 00:00:00,9999-12-31 00:00:00,0
6676,GGRPHCL_ARS_BE331,NUTS3_ANCRDT,1900-01-01 00:00:00,9999-12-31 00:00:00,0
6677,GGRPHCL_ARS_UKI45,NUTS3_ANCRDT,1900-01-01 00:00:00,2021-01-31 00:00:00,0
6678,GGRPHCL_ARS_ITC48,NUTS3_ANCRDT,1900-01-01 00:00:00,9999-12-31 00:00:00,0
6679,GGRPHCL_ARS_PT16J,NUTS3_ANCRDT,1900-01-01 00:00:00,2023-12-31 00:00:00,0
6680,GGRPHCL_ARS_ITF34,NUTS3_ANCRDT,1900-01-01 00:00:00,9999-12-31 00:00:00,0
6681,GGRPHCL_ARS_DEF09,NUTS3_ANCRDT,1900-01-01 00:00:00,9999-12-31 00:00:00,0
6682,GGRPHCL_ARS_ES213,NUTS3_ANCRDT,1900-01-01 00:00:00,9999-12-31 00:00:00,0
6683,GGRPHCL_ARS_ES419,NUTS3_ANCRDT,1900-01-01 00:00:00,9999-12-31 00:00:00,0
6684,GGRPHCL_ARS_DE114,NUTS3_ANCRDT,1900-01-01 00:00:00,9999-12-31 00:00:00,0
6685,GGRPHCL_ARS_DE938,NUTS3_ANCRDT,1900-01-01 00:00:00,9999-12-31 00:00:00,0
6686,GGRPHCL_ARS_PL314,NUTS3_ANCRDT,1900-01-01 00:00:00,2023-12-31 00:00:00,0
6687,GGRPHCL_ARS_MT001,NUTS3_ANCRDT,1900-01-01 00:00:00,9999-12-31 00:00:00,0
6688,GGRPHCL_ARS_DE262,NUTS3_ANCRDT,1900-01-01 00:00:00,9999-12-31 00:00:00,0
6689,GGRPHCL_ARS_NL366,NUTS3_ANCRDT,2024-01-01 00:00:00,9999-12-31 00:00:00,0
6690,GGRPHCL_ARS_PT1C3,NUTS3_ANCRDT,2024-01-01 00:00:00,9999-12-31 00:00:00,0
6691,GGRPHCL_ARS_NL412,NUTS3_ANCRDT,1900-01-01 00:00:00,2023-12-31 00:00:00,0
6692,GGRPHCL_ARS_FRF31,NUTS3_ANCRDT,1900-01-01 00:00:00,9999-12-31 00:00:00,0
6693,GGRPHCL_ARS_ITI43,NUTS3_ANCRDT,1900-01-01 00:00:00,9999-12-31 00:00:00,0
6694,GGRPHCL_ARS_PL22C,NUTS3_ANCRDT,1900-01-01 00:00:00,9999-12-31 00:00:00,0
6695,GGRPHCL_ARS_UKE44,NUTS3_ANCRDT,1900-01-01 00:00:00,2021-01-31 00:00:00,0
6696,GGRPHCL_ARS_FR212,NUTS3_ANCRDT,1900-01-01 00:00:00,2023-12-31 00:00:00,0
6697,GGRPHCL_ARS_DEA52,NUTS3_ANCRDT,1900-01-01 00:00:00,9999-12-31 00:00:00,0
6698,GGRPHCL_ARS_DEB24,NUTS3_ANCRDT,1900-01-01 00:00:00,9999-12-31 00:00:00,0
6699,GGRPHCL_ARS_DE80O,NUTS3_ANCRDT,1900-01-01 00:00:00,9999-12-31 00:00:00,0
6700,GGRPHCL_ARS_UKH14,NUTS3_ANCRDT,1900-01-01 00:00:00,2021-01-31 00:00:00,0
6701,GGRPHCL_ARS_DE94A,NUTS3_ANCRDT,1900-01-01 00:00:00,9999-12-31 00:00:00,0
6702,GGRPHCL_ARS_FIZZZ,NUTS3_ANCRDT,1900-01-01 00:00:00,9999-12-31 00:00:00,0
6703,GGRPHCL_ARS_UKE13,NUTS3_ANCRDT,1900-01-01 00:00:00,2021-01-31 00:00:00,0
6704,GGRPHCL_ARS_ITI14,NUTS3_ANCRDT,1900-01-01 00:00:00,9999-12-31 00:00:00,0
6705,GGRPHCL_ARS_DE21K,NUTS3_ANCRDT,1900-01-01 00:00:00,9999-12-31 00:00:00,0
6706,GGRPHCL_ARS_FR245,NUTS3_ANCRDT,1900-01-01 00:00:00,2023-12-31 00:00:00,0
6707,GGRPHCL_ARS_PL343,NUTS3_ANCRDT,1900-01-01 00:00:00,2023-12-31 00:00:00,0
6708,GGRPHCL_ARS_DE235,NUTS3_ANCRDT,1900-01-01 00:00:00,9999-12-31 00:00:00,0
6709,GGRPHCL_ARS_FRB03,NUTS3_ANCRDT,1900-01-01 00:00:00,9999-12-31 00:00:00,0
6710,GGRPHCL_ARS_HU323,NUTS3_ANCRDT,1900-01-01 00:00:00,9999-12-31 00:00:00,0
6711,GGRPHCL_ARS_DE143,NUTS3_ANCRDT,1900-01-01 00:00:00,9999-12-31 00:00:00,0
6712,GGRPHCL_ARS_DE123,NUTS3_ANCRDT,1900-01-01 00:00:00,9999-12-31 00:00:00,0
6713,GGRPHCL_ARS_PL323,NUTS3_ANCRDT,1900-01-01 00:00:00,2023-12-31 00:00:00,0
6714,GGRPHCL_ARS_DE255,NUTS3_ANCRDT,1900-01-01 00:00:00,9999-12-31 00:00:00,0
6715,GGRPHCL_ARS_EE008,NUTS3_ANCRDT,1900-01-01 00:00:00,9999-12-31 00:00:00,0
6716,GGRPHCL_ARS_LT004,NUTS3_ANCRDT,1900-01-01 00:00:00,2023-12-31 00:00:00,0
6717,GGRPHCL_ARS_BE257,NUTS3_ANCRDT,1900-01-01 00:00:00,9999-12-31 00:00:00,0
6718,GGRPHCL_ARS_DEB13,NUTS3_ANCRDT,1900-01-01 00:00:00,9999-12-31 00:00:00,0
6719,GGRPHCL_ARS_UKH23,NUTS3_ANCRDT,1900-01-01 00:00:00,2021-01-31 00:00:00,0
6720,GGRPHCL_ARS_FI195,NUTS3_ANCRDT,1900-01-01 00:00:00,2023-12-31 00:00:00,0
6721,GGRPHCL_ARS_PT11E,NUTS3_ANCRDT,1900-01-01 00:00:00,9999-12-31 00:00:00,0
6722,GGRPHCL_ARS_AT313,NUTS3_ANCRDT,1900-01-01 00:00:00,9999-12-31 00:00:00,0
6723,GGRPHCL_ARS_FR831,NUTS3_ANCRDT,1900-01-01 00:00:00,2023-12-31 00:00:00,0
6724,GGRPHCL_ARS_FR104,NUTS3_ANCRDT,1900-01-01 00:00:00,9999-12-31 00:00:00,0
6725,GGRPHCL_ARS_DEA32,NUTS3_ANCRDT,1900-01-01 00:00:00,9999-12-31 00:00:00,0
6726,GGRPHCL_ARS_UKL11,NUTS3_ANCRDT,1900-01-01 00:00:00,2021-01-31 00:00:00,0
6727,GGRPHCL_ARS_EL411,NUTS3_ANCRDT,1900-01-01 00:00:00,9999-12-31 00:00:00,0
6728,GGRPHCL_ARS_EL302,NUTS3_ANCRDT,1900-01-01 00:00:00,9999-12-31 00:00:00,0
6729,GGRPHCL_ARS_NL415,NUTS3_ANCRDT,2024-01-01 00:00:00,9999-12-31 00:00:00,0
6730,GGRPHCL_ARS_DE408,NUTS3_ANCRDT,1900-01-01 00:00:00,9999-12-31 00:00:00,0
6731,GGRPHCL_ARS_ES616,NUTS3_ANCRDT,1900-01-01 00:00:00,9999-12-31 00:00:00,0
6732,GGRPHCL_ARS_PL711,NUTS3_ANCRDT,1900-01-01 00:00:00,9999-12-31 00:00:00,0
6733,GGRPHCL_ARS_BG415,NUTS3_ANCRDT,1900-01-01 00:00:00,9999-12-31 00:00:00,0
6734,GGRPHCL_ARS_DK011,NUTS3_ANCRDT,1900-01-01 00:00:00,9999-12-31 00:00:00,0
6735,GGRPHCL_ARS_HR035,NUTS3_ANCRDT,1900-01-01 00:00:00,9999-12-31 00:00:00,0
6736,GGRPHCL_ARS_BE351,NUTS3_ANCRDT,1900-01-01 00:00:00,9999-12-31 00:00:00,0
6737,GGRPHCL_ARS_DE11B,NUTS3_ANCRDT,1900-01-01 00:00:00,9999-12-31 00:00:00,0
6738,GGRPHCL_ARS_DE736,NUTS3_ANCRDT,1900-01-01 00:00:00,9999-12-31 00:00:00,0
6739,GGRPHCL_ARS_FI1C4,NUTS3_ANCRDT,1900-01-01 00:00:00,2023-12-31 00:00:00,0
6740,GGRPHCL_ARS_ES431,NUTS3_ANCRDT,1900-01-01 00:00:00,9999-12-31 00:00:00,0
6741,GGRPHCL_ARS_NL329,NUTS3_ANCRDT,1900-01-01 00:00:00,2023-12-31 00:00:00,0
6742,GGRPHCL_ARS_NL230,NUTS3_ANCRDT,1900-01-01 00:00:00,9999-12-31 00:00:00,0
6743,GGRPHCL_ARS_PL225,NUTS3_ANCRDT,1900-01-01 00:00:00,9999-12-31 00:00:00,0
6744,GGRPHCL_ARS_IE013,NUTS3_ANCRDT,1900-01-01 00:00:00,2023-12-31 00:00:00,0
6745,GGRPHCL_ARS_DEG0I,NUTS3_ANCRDT,1900-01-01 00:00:00,2023-12-31 00:00:00,0
6746,GGRPHCL_ARS_HU212,NUTS3_ANCRDT,1900-01-01 00:00:00,9999-12-31 00:00:00,0
6747,GGRPHCL_ARS_RO216,NUTS3_ANCRDT,1900-01-01 00:00:00,9999-12-31 00:00:00,0
6748,GGRPHCL_ARS_PL617,NUTS3_ANCRDT,1900-01-01 00:00:00,9999-12-31 00:00:00,0
6749,GGRPHCL_ARS_NL111,NUTS3_ANCRDT,1900-01-01 00:00:00,2023-12-31 00:00:00,0
6750,GGRPHCL_ARS_DE947,NUTS3_ANCRDT,1900-01-01 00:00:00,9999-12-31 00:00:00,0
6751,GGRPHCL_ARS_FRD21,NUTS3_ANCRDT,1900-01-01 00:00:00,9999-12-31 00:00:00,0
6752,GGRPHCL_ARS_FR711,NUTS3_ANCRDT,1900-01-01 00:00:00,2023-12-31 00:00:00,0
6753,GGRPHCL_ARS_HR062,NUTS3_ANCRDT,1900-01-01 00:00:00,9999-12-31 00:00:00,0
6754,GGRPHCL_ARS_UKI72,NUTS3_ANCRDT,1900-01-01 00:00:00,2021-01-31 00:00:00,0
6755,GGRPHCL_ARS_DED51,NUTS3_ANCRDT,1900-01-01 00:00:00,9999-12-31 00:00:00,0
6756,GGRPHCL_ARS_UKH17,NUTS3_ANCRDT,1900-01-01 00:00:00,2021-01-31 00:00:00,0
6757,GGRPHCL_ARS_DE80L,NUTS3_ANCRDT,1900-01-01 00:00:00,9999-12-31 00:00:00,0
6758,GGRPHCL_ARS_DEA51,NUTS3_ANCRDT,1900-01-01 00:00:00,9999-12-31 00:00:00,0
6759,GGRPHCL_ARS_FR211,NUTS3_ANCRDT,1900-01-01 00:00:00,2023-12-31 00:00:00,0
6760,GGRPHCL_ARS_ITH59,NUTS3_ANCRDT,1900-01-01 00:00:00,9999-12-31 00:00:00,0
6761,GGRPHCL_ARS_NL411,NUTS3_ANCRDT,1900-01-01 00:00:00,9999-12-31 00:00:00,0
6762,GGRPHCL_ARS_FRF32,NUTS3_ANCRDT,1900-01-01 00:00:00,9999-12-31 00:00:00,0
6763,GGRPHCL_ARS_MT002,NUTS3_ANCRDT,1900-01-01 00:00:00,9999-12-31 00:00:00,0
6764,GGRPHCL_ARS_NL365,NUTS3_ANCRDT,2024-01-01 00:00:00,9999-12-31 00:00:00,0
6765,GGRPHCL_ARS_DE261,NUTS3_ANCRDT,1900-01-01 00:00:00,9999-12-31 00:00:00,0
6766,GGRPHCL_ARS_SE224,NUTS3_ANCRDT,1900-01-01 00:00:00,9999-12-31 00:00:00,0
6767,GGRPHCL_ARS_DE117,NUTS3_ANCRDT,1900-01-01 00:00:00,9999-12-31 00:00:00,0
6768,GGRPHCL_ARS_FI1D8,NUTS3_ANCRDT,1900-01-01 00:00:00,9999-12-31 00:00:00,0
6769,GGRPHCL_ARS_DE236,NUTS3_ANCRDT,1900-01-01 00:00:00,9999-12-31 00:00:00,0
6770,GGRPHCL_ARS_DE21H,NUTS3_ANCRDT,1900-01-01 00:00:00,9999-12-31 00:00:00,0
6771,GGRPHCL_ARS_FR246,NUTS3_ANCRDT,1900-01-01 00:00:00,2023-12-31 00:00:00,0
6772,GGRPHCL_ARS_ITI17,NUTS3_ANCRDT,1900-01-01 00:00:00,9999-12-31 00:00:00,0
6773,GGRPHCL_ARS_BE234,NUTS3_ANCRDT,1900-01-01 00:00:00,9999-12-31 00:00:00,0
6774,GGRPHCL_ARS_FR623,NUTS3_ANCRDT,1900-01-01 00:00:00,2023-12-31 00:00:00,0
6775,GGRPHCL_ARS_HR049,NUTS3_ANCRDT,1900-01-01 00:00:00,2023-12-31 00:00:00,0
6776,GGRPHCL_ARS_DE94B,NUTS3_ANCRDT,1900-01-01 00:00:00,9999-12-31 00:00:00,0
6777,GGRPHCL_ARS_FRI12,NUTS3_ANCRDT,1900-01-01 00:00:00,9999-12-31 00:00:00,0
6778,GGRPHCL_ARS_SE322,NUTS3_ANCRDT,1900-01-01 00:00:00,9999-12-31 00:00:00,0
6779,GGRPHCL_ARS_NL115,NUTS3_ANCRDT,2024-01-01 00:00:00,9999-12-31 00:00:00,0
6780,GGRPHCL_ARS_LT00A,NUTS3_ANCRDT,1900-01-01 00:00:00,2023-12-31 00:00:00,0
6781,GGRPHCL_ARS_DEE0E,NUTS3_ANCRDT,1900-01-01 00:00:00,9999-12-31 00:00:00,0
6782,GGRPHCL_ARS_UKM92,NUTS3_ANCRDT,1900-01-01 00:00:00,2021-01-31 00:00:00,0
6783,GGRPHCL_ARS_UKG37,NUTS3_ANCRDT,1900-01-01 00:00:00,2021-01-31 00:00:00,0
6784,GGRPHCL_ARS_AT221,NUTS3_ANCRDT,1900-01-01 00:00:00,9999-12-31 00:00:00,0
6785,GGRPHCL_ARS_UKN02,NUTS3_ANCRDT,1900-01-01 00:00:00,2021-01-31 00:00:00,0
6786,GGRPHCL_ARS_DEB38,NUTS3_ANCRDT,1900-01-01 00:00:00,9999-12-31 00:00:00,0
6787,GGRPHCL_ARS_BG421,NUTS3_ANCRDT,1900-01-01 00:00:00,9999-12-31 00:00:00,0
6788,GGRPHCL_ARS_PT191,NUTS3_ANCRDT,2024-01-01 00:00:00,9999-12-31 00:00:00,0
6789,GGRPHCL_ARS_UKD41,NUTS3_ANCRDT,1900-01-01 00:00:00,2021-01-31 00:00:00,0
6790,GGRPHCL_ARS_BG332,NUTS3_ANCRDT,1900-01-01 00:00:00,9999-12-31 00:00:00,0
6791,GGRPHCL_ARS_SI037,NUTS3_ANCRDT,1900-01-01 00:00:00,9999-12-31 00:00:00,0
6792,GGRPHCL_ARS_NL33C,NUTS3_ANCRDT,1900-01-01 00:00:00,2023-12-31 00:00:00,0
6793,GGRPHCL_ARS_UKM23,NUTS3_ANCRDT,1900-01-01 00:00:00,2021-01-31 00:00:00,0
6794,GGRPHCL_ARS_DEA19,NUTS3_ANCRDT,1900-01-01 00:00:00,9999-12-31 00:00:00,0
6795,GGRPHCL_ARS_EL523,NUTS3_ANCRDT,1900-01-01 00:00:00,9999-12-31 00:00:00,0
6796,GGRPHCL_ARS_PT16I,NUTS3_ANCRDT,1900-01-01 00:00:00,2023-12-31 00:00:00,0
6797,GGRPHCL_ARS_BE332,NUTS3_ANCRDT,1900-01-01 00:00:00,9999-12-31 00:00:00,0
6798,GGRPHCL_ARS_NL125,NUTS3_ANCRDT,1900-01-01 00:00:00,2023-12-31 00:00:00,0
6799,GGRPHCL_ARS_RO222,NUTS3_ANCRDT,1900-01-01 00:00:00,9999-12-31 00:00:00,0
6800,GGRPHCL_ARS_PL623,NUTS3_ANCRDT,1900-01-01 00:00:00,9999-12-31 00:00:00,0
6801,GGRPHCL_ARS_FRY40,NUTS3_ANCRDT,1900-01-01 00:00:00,9999-12-31 00:00:00,0
6802,GGRPHCL_ARS_DE229,NUTS3_ANCRDT,1900-01-01 00:00:00,9999-12-31 00:00:00,0
6803,GGRPHCL_ARS_DE716,NUTS3_ANCRDT,1900-01-01 00:00:00,9999-12-31 00:00:00,0
6804,GGRPHCL_ARS_ES411,NUTS3_ANCRDT,1900-01-01 00:00:00,9999-12-31 00:00:00,0
6805,GGRPHCL_ARS_PL516,NUTS3_ANCRDT,1900-01-01 00:00:00,9999-12-31 00:00:00,0
6806,GGRPHCL_ARS_ITH52,NUTS3_ANCRDT,1900-01-01 00:00:00,9999-12-31 00:00:00,0
6807,GGRPHCL_ARS_HUZZZ,NUTS3_ANCRDT,1900-01-01 00:00:00,9999-12-31 00:00:00,0
6808,GGRPHCL_ARS_DE24D,NUTS3_ANCRDT,1900-01-01 00:00:00,9999-12-31 00:00:00,0
6809,GGRPHCL_ARS_UKG23,NUTS3_ANCRDT,1900-01-01 00:00:00,2021-01-31 00:00:00,0
6810,GGRPHCL_ARS_CYZZZ,NUTS3_ANCRDT,1900-01-01 00:00:00,9999-12-31 00:00:00,0
6811,GGRPHCL_ARS_DK031,NUTS3_ANCRDT,1900-01-01 00:00:00,9999-12-31 00:00:00,0
6812,GGRPHCL_ARS_UKN16,NUTS3_ANCRDT,1900-01-01 00:00:00,2021-01-31 00:00:00,0
6813,GGRPHCL_ARS_SK023,NUTS3_ANCRDT,1900-01-01 00:00:00,9999-12-31 00:00:00,0
6814,GGRPHCL_ARS_HR042,NUTS3_ANCRDT,1900-01-01 00:00:00,2023-12-31 00:00:00,0
6815,GGRPHCL_ARS_UKI52,NUTS3_ANCRDT,1900-01-01 00:00:00,2021-01-31 00:00:00,0
6816,GGRPHCL_ARS_EL641,NUTS3_ANCRDT,1900-01-01 00:00:00,9999-12-31 00:00:00,0
6817,GGRPHCL_ARS_FR628,NUTS3_ANCRDT,1900-01-01 00:00:00,2023-12-31 00:00:00,0
6818,GGRPHCL_ARS_BE326,NUTS3_ANCRDT,1900-01-01 00:00:00,2023-12-31 00:00:00,0
6819,GGRPHCL_ARS_DEG07,NUTS3_ANCRDT,1900-01-01 00:00:00,9999-12-31 00:00:00,0
6820,GGRPHCL_ARS_UKM37,NUTS3_ANCRDT,1900-01-01 00:00:00,2021-01-31 00:00:00,0
6821,GGRPHCL_ARS_DE21C,NUTS3_ANCRDT,1900-01-01 00:00:00,9999-12-31 00:00:00,0
6822,GGRPHCL_ARS_UKC11,NUTS3_ANCRDT,1900-01-01 00:00:00,2021-01-31 00:00:00,0
6823,GGRPHCL_ARS_DEA2C,NUTS3_ANCRDT,1900-01-01 00:00:00,9999-12-31 00:00:00,0
6824,GGRPHCL_ARS_CZZZZ,NUTS3_ANCRDT,1900-01-01 00:00:00,9999-12-31 00:00:00,0
6825,GGRPHCL_ARS_NL131,NUTS3_ANCRDT,1900-01-01 00:00:00,9999-12-31 00:00:00,0
6826,GGRPHCL_ARS_FRC12,NUTS3_ANCRDT,1900-01-01 00:00:00,9999-12-31 00:00:00,0
6827,GGRPHCL_ARS_PL811,NUTS3_ANCRDT,1900-01-01 00:00:00,9999-12-31 00:00:00,0
6828,GGRPHCL_ARS_FI1D3,NUTS3_ANCRDT,1900-01-01 00:00:00,2023-12-31 00:00:00,0
6829,GGRPHCL_ARS_HU232,NUTS3_ANCRDT,1900-01-01 00:00:00,9999-12-31 00:00:00,0
6830,GGRPHCL_ARS_DEG0S,NUTS3_ANCRDT,2024-01-01 00:00:00,9999-12-31 00:00:00,0
6831,GGRPHCL_ARS_PL637,NUTS3_ANCRDT,1900-01-01 00:00:00,9999-12-31 00:00:00,0
6832,GGRPHCL_ARS_FRJ27,NUTS3_ANCRDT,1900-01-01 00:00:00,9999-12-31 00:00:00,0
6833,GGRPHCL_ARS_DEA45,NUTS3_ANCRDT,1900-01-01 00:00:00,9999-12-31 00:00:00,0
6834,GGRPHCL_ARS_CZ042,NUTS3_ANCRDT,1900-01-01 00:00:00,9999-12-31 00:00:00,0
6835,GGRPHCL_ARS_DEB33,NUTS3_ANCRDT,1900-01-01 00:00:00,9999-12-31 00:00:00,0
6836,GGRPHCL_ARS_ITC17,NUTS3_ANCRDT,1900-01-01 00:00:00,9999-12-31 00:00:00,0
6837,GGRPHCL_ARS_UKN09,NUTS3_ANCRDT,1900-01-01 00:00:00,2021-01-31 00:00:00,0
6838,GGRPHCL_ARS_FI1DB,NUTS3_ANCRDT,2024-01-01 00:00:00,9999-12-31 00:00:00,0
6839,GGRPHCL_ARS_AT333,NUTS3_ANCRDT,1900-01-01 00:00:00,9999-12-31 00:00:00,0
6840,GGRPHCL_ARS_LT024,NUTS3_ANCRDT,1900-01-01 00:00:00,9999-12-31 00:00:00,0
6841,GGRPHCL_ARS_UKF25,NUTS3_ANCRDT,1900-01-01 00:00:00,2021-01-31 00:00:00,0
6842,GGRPHCL_ARS_HRZZZ,NUTS3_ANCRDT,1900-01-01 00:00:00,9999-12-31 00:00:00,0
6843,GGRPHCL_ARS_DE275,NUTS3_ANCRDT,1900-01-01 00:00:00,9999-12-31 00:00:00,0
6844,GGRPHCL_ARS_DE222,NUTS3_ANCRDT,1900-01-01 00:00:00,9999-12-31 00:00:00,0
6845,GGRPHCL_ARS_NL341,NUTS3_ANCRDT,1900-01-01 00:00:00,9999-12-31 00:00:00,0
6846,GGRPHCL_ARS_RO423,NUTS3_ANCRDT,1900-01-01 00:00:00,9999-12-31 00:00:00,0
6847,GGRPHCL_ARS_FRK21,NUTS3_ANCRDT,1900-01-01 00:00:00,9999-12-31 00:00:00,0
6848,GGRPHCL_ARS_FR811,NUTS3_ANCRDT,1900-01-01 00:00:00,2023-12-31 00:00:00,0
6849,GGRPHCL_ARS_PT16B,NUTS3_ANCRDT,1900-01-01 00:00:00,2023-12-31 00:00:00,0
6850,GGRPHCL_ARS_DE40F,NUTS3_ANCRDT,1900-01-01 00:00:00,9999-12-31 00:00:00,0
6851,GGRPHCL_ARS_EL431,NUTS3_ANCRDT,1900-01-01 00:00:00,9999-12-31 00:00:00,0
6852,GGRPHCL_ARS_FR252,NUTS3_ANCRDT,1900-01-01 00:00:00,2023-12-31 00:00:00,0
6853,GGRPHCL_ARS_UKK22,NUTS3_ANCRDT,1900-01-01 00:00:00,2021-01-31 00:00:00,0
6854,GGRPHCL_ARS_ITG25,NUTS3_ANCRDT,1900-01-01 00:00:00,2023-12-31 00:00:00,0
6855,GGRPHCL_ARS_DEA12,NUTS3_ANCRDT,1900-01-01 00:00:00,9999-12-31 00:00:00,0
6856,GGRPHCL_ARS_UKM28,NUTS3_ANCRDT,1900-01-01 00:00:00,2021-01-31 00:00:00,0
6857,GGRPHCL_ARS_DEF01,NUTS3_ANCRDT,1900-01-01 00:00:00,9999-12-31 00:00:00,0
6858,GGRPHCL_ARS_UKI31,NUTS3_ANCRDT,1900-01-01 00:00:00,2021-01-31 00:00:00,0
6859,GGRPHCL_ARS_DEB18,NUTS3_ANCRDT,1900-01-01 00:00:00,9999-12-31 00:00:00,0
6860,GGRPHCL_ARS_DEC01,NUTS3_ANCRDT,1900-01-01 00:00:00,9999-12-31 00:00:00,0
6861,GGRPHCL_ARS_HR021,NUTS3_ANCRDT,1900-01-01 00:00:00,9999-12-31 00:00:00,0
6862,GGRPHCL_ARS_BE345,NUTS3_ANCRDT,1900-01-01 00:00:00,9999-12-31 00:00:00,0
6863,GGRPHCL_ARS_EL622,NUTS3_ANCRDT,1900-01-01 00:00:00,9999-12-31 00:00:00,0
6864,GGRPHCL_ARS_UKD61,NUTS3_ANCRDT,1900-01-01 00:00:00,2021-01-31 00:00:00,0
6865,GGRPHCL_ARS_BG312,NUTS3_ANCRDT,1900-01-01 00:00:00,9999-12-31 00:00:00,0
6866,GGRPHCL_ARS_NL224,NUTS3_ANCRDT,1900-01-01 00:00:00,9999-12-31 00:00:00,0
6867,GGRPHCL_ARS_FRI32,NUTS3_ANCRDT,1900-01-01 00:00:00,9999-12-31 00:00:00,0
6868,GGRPHCL_ARS_RO123,NUTS3_ANCRDT,1900-01-01 00:00:00,9999-12-31 00:00:00,0
6869,GGRPHCL_ARS_DEB3F,NUTS3_ANCRDT,1900-01-01 00:00:00,9999-12-31 00:00:00,0
6870,GGRPHCL_ARS_ES425,NUTS3_ANCRDT,1900-01-01 00:00:00,9999-12-31 00:00:00,0
6871,GGRPHCL_ARS_DE128,NUTS3_ANCRDT,1900-01-01 00:00:00,9999-12-31 00:00:00,0
6872,GGRPHCL_ARS_DE722,NUTS3_ANCRDT,1900-01-01 00:00:00,9999-12-31 00:00:00,0
6873,GGRPHCL_ARS_FRJ13,NUTS3_ANCRDT,1900-01-01 00:00:00,9999-12-31 00:00:00,0
6874,GGRPHCL_ARS_ES704,NUTS3_ANCRDT,1900-01-01 00:00:00,9999-12-31 00:00:00,0
6875,GGRPHCL_ARS_DE403,NUTS3_ANCRDT,1900-01-01 00:00:00,9999-12-31 00:00:00,0
6876,GGRPHCL_ARS_DEF0D,NUTS3_ANCRDT,1900-01-01 00:00:00,9999-12-31 00:00:00,0
6877,GGRPHCL_ARS_ITH31,NUTS3_ANCRDT,1900-01-01 00:00:00,9999-12-31 00:00:00,0
6878,GGRPHCL_ARS_UKD36,NUTS3_ANCRDT,1900-01-01 00:00:00,2021-01-31 00:00:00,0
6879,GGRPHCL_ARS_PT181,NUTS3_ANCRDT,1900-01-01 00:00:00,2023-12-31 00:00:00,0
6880,GGRPHCL_ARS_DED45,NUTS3_ANCRDT,1900-01-01 00:00:00,9999-12-31 00:00:00,0
6881,GGRPHCL_ARS_PL424,NUTS3_ANCRDT,1900-01-01 00:00:00,9999-12-31 00:00:00,0
6882,GGRPHCL_ARS_DE241,NUTS3_ANCRDT,1900-01-01 00:00:00,9999-12-31 00:00:00,0
6883,GGRPHCL_ARS_FRF12,NUTS3_ANCRDT,1900-01-01 00:00:00,9999-12-31 00:00:00,0
6884,GGRPHCL_ARS_PT1A0,NUTS3_ANCRDT,2024-01-01 00:00:00,9999-12-31 00:00:00,0
6885,GGRPHCL_ARS_NL322,NUTS3_ANCRDT,1900-01-01 00:00:00,2023-12-31 00:00:00,0
6886,GGRPHCL_ARS_DE137,NUTS3_ANCRDT,1900-01-01 00:00:00,9999-12-31 00:00:00,0
6887,GGRPHCL_ARS_ES523,NUTS3_ANCRDT,1900-01-01 00:00:00,9999-12-31 00:00:00,0
6888,GGRPHCL_ARS_ES230,NUTS3_ANCRDT,1900-01-01 00:00:00,9999-12-31 00:00:00,0
6889,GGRPHCL_ARS_DED2C,NUTS3_ANCRDT,1900-01-01 00:00:00,9999-12-31 00:00:00,0
6890,GGRPHCL_ARS_DE71C,NUTS3_ANCRDT,1900-01-01 00:00:00,9999-12-31 00:00:00,0
6891,GGRPHCL_ARS_UKF11,NUTS3_ANCRDT,1900-01-01 00:00:00,2021-01-31 00:00:00,0
6892,GGRPHCL_ARS_UKH37,NUTS3_ANCRDT,1900-01-01 00:00:00,2021-01-31 00:00:00,0
6893,GGRPHCL_ARS_FR231,NUTS3_ANCRDT,1900-01-01 00:00:00,2023-12-31 00:00:00,0
6894,GGRPHCL_ARS_FR522,NUTS3_ANCRDT,1900-01-01 00:00:00,2023-12-31 00:00:00,0
6895,GGRPHCL_ARS_UKK41,NUTS3_ANCRDT,1900-01-01 00:00:00,2021-01-31 00:00:00,0
6896,GGRPHCL_ARS_UKZZZ,NUTS3_ANCRDT,1900-01-01 00:00:00,2021-01-31 00:00:00,0
6897,GGRPHCL_ARS_ITG11,NUTS3_ANCRDT,1900-01-01 00:00:00,9999-12-31 00:00:00,0
6898,GGRPHCL_ARS_DEA26,NUTS3_ANCRDT,1900-01-01 00:00:00,9999-12-31 00:00:00,0
6899,GGRPHCL_ARS_FR825,NUTS3_ANCRDT,1900-01-01 00:00:00,2023-12-31 00:00:00,0
6900,GGRPHCL_ARS_PL12A,NUTS3_ANCRDT,1900-01-01 00:00:00,2023-12-31 00:00:00,0
6901,GGRPHCL_ARS_PL923,NUTS3_ANCRDT,1900-01-01 00:00:00,9999-12-31 00:00:00,0
6902,GGRPHCL_ARS_SE125,NUTS3_ANCRDT,1900-01-01 00:00:00,9999-12-31 00:00:00,0
6903,GGRPHCL_ARS_BE32C,NUTS3_ANCRDT,1900-01-01 00:00:00,9999-12-31 00:00:00,0
6904,GGRPHCL_ARS_FRL06,NUTS3_ANCRDT,1900-01-01 00:00:00,9999-12-31 00:00:00,0
6905,GGRPHCL_ARS_DEG0B,NUTS3_ANCRDT,1900-01-01 00:00:00,2023-12-31 00:00:00,0
6906,GGRPHCL_ARS_DE216,NUTS3_ANCRDT,1900-01-01 00:00:00,9999-12-31 00:00:00,0
6907,GGRPHCL_ARS_ES111,NUTS3_ANCRDT,1900-01-01 00:00:00,9999-12-31 00:00:00,0
6908,GGRPHCL_ARS_UKI62,NUTS3_ANCRDT,1900-01-01 00:00:00,2021-01-31 00:00:00,0
6909,GGRPHCL_ARS_DED41,NUTS3_ANCRDT,1900-01-01 00:00:00,9999-12-31 00:00:00,0
6910,GGRPHCL_ARS_BG341,NUTS3_ANCRDT,1900-01-01 00:00:00,9999-12-31 00:00:00,0
6911,GGRPHCL_ARS_ITH35,NUTS3_ANCRDT,1900-01-01 00:00:00,9999-12-31 00:00:00,0
6912,GGRPHCL_ARS_UKC21,NUTS3_ANCRDT,1900-01-01 00:00:00,2021-01-31 00:00:00,0
6913,GGRPHCL_ARS_DE22C,NUTS3_ANCRDT,1900-01-01 00:00:00,9999-12-31 00:00:00,0
6914,GGRPHCL_ARS_UKJ14,NUTS3_ANCRDT,1900-01-01 00:00:00,2021-01-31 00:00:00,0
6915,GGRPHCL_ARS_PT185,NUTS3_ANCRDT,1900-01-01 00:00:00,2023-12-31 00:00:00,0
6916,GGRPHCL_ARS_ITF13,NUTS3_ANCRDT,1900-01-01 00:00:00,9999-12-31 00:00:00,0
6917,GGRPHCL_ARS_AT124,NUTS3_ANCRDT,1900-01-01 00:00:00,9999-12-31 00:00:00,0
6918,GGRPHCL_ARS_SI044,NUTS3_ANCRDT,1900-01-01 00:00:00,9999-12-31 00:00:00,0
6919,GGRPHCL_ARS_DE407,NUTS3_ANCRDT,1900-01-01 00:00:00,9999-12-31 00:00:00,0
6920,GGRPHCL_ARS_DEA1C,NUTS3_ANCRDT,1900-01-01 00:00:00,9999-12-31 00:00:00,0
6921,GGRPHCL_ARS_ITG2D,NUTS3_ANCRDT,1900-01-01 00:00:00,9999-12-31 00:00:00,0
6922,GGRPHCL_ARS_PL114,NUTS3_ANCRDT,1900-01-01 00:00:00,2023-12-31 00:00:00,0
6923,GGRPHCL_ARS_FRC22,NUTS3_ANCRDT,1900-01-01 00:00:00,9999-12-31 00:00:00,0
6924,GGRPHCL_ARS_ITC4A,NUTS3_ANCRDT,1900-01-01 00:00:00,9999-12-31 00:00:00,0
6925,GGRPHCL_ARS_PL821,NUTS3_ANCRDT,1900-01-01 00:00:00,9999-12-31 00:00:00,0
6926,GGRPHCL_ARS_DEB3B,NUTS3_ANCRDT,1900-01-01 00:00:00,9999-12-31 00:00:00,0
6927,GGRPHCL_ARS_ES421,NUTS3_ANCRDT,1900-01-01 00:00:00,9999-12-31 00:00:00,0
6928,GGRPHCL_ARS_NL339,NUTS3_ANCRDT,1900-01-01 00:00:00,2023-12-31 00:00:00,0
6929,GGRPHCL_ARS_ITF44,NUTS3_ANCRDT,1900-01-01 00:00:00,9999-12-31 00:00:00,0
6930,GGRPHCL_ARS_UKJ43,NUTS3_ANCRDT,1900-01-01 00:00:00,2021-01-31 00:00:00,0
6931,GGRPHCL_ARS_UKM50,NUTS3_ANCRDT,1900-01-01 00:00:00,2021-01-31 00:00:00,0
6932,GGRPHCL_ARS_EE007,NUTS3_ANCRDT,1900-01-01 00:00:00,2023-12-31 00:00:00,0
6933,GGRPHCL_ARS_DE27D,NUTS3_ANCRDT,1900-01-01 00:00:00,9999-12-31 00:00:00,0
6934,GGRPHCL_ARS_HR025,NUTS3_ANCRDT,1900-01-01 00:00:00,9999-12-31 00:00:00,0
6935,GGRPHCL_ARS_DEC05,NUTS3_ANCRDT,1900-01-01 00:00:00,9999-12-31 00:00:00,0
6936,GGRPHCL_ARS_UKG13,NUTS3_ANCRDT,1900-01-01 00:00:00,2021-01-31 00:00:00,0
6937,GGRPHCL_ARS_BE258,NUTS3_ANCRDT,1900-01-01 00:00:00,9999-12-31 00:00:00,0
6938,GGRPHCL_ARS_BE341,NUTS3_ANCRDT,1900-01-01 00:00:00,9999-12-31 00:00:00,0
6939,GGRPHCL_ARS_PT1D3,NUTS3_ANCRDT,2024-01-01 00:00:00,9999-12-31 00:00:00,0
6940,GGRPHCL_ARS_DEG0F,NUTS3_ANCRDT,1900-01-01 00:00:00,2023-12-31 00:00:00,0
6941,GGRPHCL_ARS_DE501,NUTS3_ANCRDT,1900-01-01 00:00:00,9999-12-31 00:00:00,0
6942,GGRPHCL_ARS_DE212,NUTS3_ANCRDT,1900-01-01 00:00:00,9999-12-31 00:00:00,0
6943,GGRPHCL_ARS_DE948,NUTS3_ANCRDT,1900-01-01 00:00:00,9999-12-31 00:00:00,0
6944,GGRPHCL_ARS_HR04C,NUTS3_ANCRDT,1900-01-01 00:00:00,2023-12-31 00:00:00,0
6945,GGRPHCL_ARS_RO413,NUTS3_ANCRDT,1900-01-01 00:00:00,9999-12-31 00:00:00,0
6946,GGRPHCL_ARS_FRL02,NUTS3_ANCRDT,1900-01-01 00:00:00,9999-12-31 00:00:00,0
6947,GGRPHCL_ARS_PL618,NUTS3_ANCRDT,1900-01-01 00:00:00,9999-12-31 00:00:00,0
6948,GGRPHCL_ARS_SE121,NUTS3_ANCRDT,1900-01-01 00:00:00,9999-12-31 00:00:00,0
6949,GGRPHCL_ARS_FRK11,NUTS3_ANCRDT,1900-01-01 00:00:00,9999-12-31 00:00:00,0
6950,GGRPHCL_ARS_FR821,NUTS3_ANCRDT,1900-01-01 00:00:00,2023-12-31 00:00:00,0
6951,GGRPHCL_ARS_PL12E,NUTS3_ANCRDT,1900-01-01 00:00:00,2023-12-31 00:00:00,0
6952,GGRPHCL_ARS_DEA22,NUTS3_ANCRDT,1900-01-01 00:00:00,9999-12-31 00:00:00,0
6953,GGRPHCL_ARS_ITG15,NUTS3_ANCRDT,1900-01-01 00:00:00,9999-12-31 00:00:00,0
6954,GGRPHCL_ARS_UKK12,NUTS3_ANCRDT,1900-01-01 00:00:00,2021-01-31 00:00:00,0
6955,GGRPHCL_ARS_ITI33,NUTS3_ANCRDT,1900-01-01 00:00:00,9999-12-31 00:00:00,0
6956,GGRPHCL_ARS_FR262,NUTS3_ANCRDT,1900-01-01 00:00:00,2023-12-31 00:00:00,0
6957,GGRPHCL_ARS_CZ072,NUTS3_ANCRDT,1900-01-01 00:00:00,9999-12-31 00:00:00,0
6958,GGRPHCL_ARS_UKF15,NUTS3_ANCRDT,1900-01-01 00:00:00,2021-01-31 00:00:00,0
6959,GGRPHCL_ARS_DE93A,NUTS3_ANCRDT,1900-01-01 00:00:00,9999-12-31 00:00:00,0
6960,GGRPHCL_ARS_DE133,NUTS3_ANCRDT,1900-01-01 00:00:00,9999-12-31 00:00:00,0
6961,GGRPHCL_ARS_DE245,NUTS3_ANCRDT,1900-01-01 00:00:00,9999-12-31 00:00:00,0
6962,GGRPHCL_ARS_NL326,NUTS3_ANCRDT,1900-01-01 00:00:00,2023-12-31 00:00:00,0
6963,GGRPHCL_ARS_PL815,NUTS3_ANCRDT,1900-01-01 00:00:00,9999-12-31 00:00:00,0
6964,GGRPHCL_ARS_FRJ23,NUTS3_ANCRDT,1900-01-01 00:00:00,9999-12-31 00:00:00,0
6965,GGRPHCL_ARS_PL633,NUTS3_ANCRDT,1900-01-01 00:00:00,9999-12-31 00:00:00,0
6966,GGRPHCL_ARS_FI1D7,NUTS3_ANCRDT,1900-01-01 00:00:00,9999-12-31 00:00:00,0
6967,GGRPHCL_ARS_FRY50,NUTS3_ANCRDT,1900-01-01 00:00:00,9999-12-31 00:00:00,0
6968,GGRPHCL_ARS_DE239,NUTS3_ANCRDT,1900-01-01 00:00:00,9999-12-31 00:00:00,0
6969,GGRPHCL_ARS_UKM33,NUTS3_ANCRDT,1900-01-01 00:00:00,2021-01-31 00:00:00,0
6970,GGRPHCL_ARS_DEG03,NUTS3_ANCRDT,1900-01-01 00:00:00,9999-12-31 00:00:00,0
6971,GGRPHCL_ARS_DE21G,NUTS3_ANCRDT,1900-01-01 00:00:00,9999-12-31 00:00:00,0
6972,GGRPHCL_ARS_ITI18,NUTS3_ANCRDT,1900-01-01 00:00:00,9999-12-31 00:00:00,0
6973,GGRPHCL_ARS_EL533,NUTS3_ANCRDT,1900-01-01 00:00:00,9999-12-31 00:00:00,0
6974,GGRPHCL_ARS_HR046,NUTS3_ANCRDT,1900-01-01 00:00:00,2023-12-31 00:00:00,0
6975,GGRPHCL_ARS_BE322,NUTS3_ANCRDT,1900-01-01 00:00:00,2023-12-31 00:00:00,0
6976,GGRPHCL_ARS_EL645,NUTS3_ANCRDT,1900-01-01 00:00:00,9999-12-31 00:00:00,0
6977,GGRPHCL_ARS_EL612,NUTS3_ANCRDT,1900-01-01 00:00:00,9999-12-31 00:00:00,0
6978,GGRPHCL_ARS_UKN12,NUTS3_ANCRDT,1900-01-01 00:00:00,2021-01-31 00:00:00,0
6979,GGRPHCL_ARS_FR414,NUTS3_ANCRDT,1900-01-01 00:00:00,2023-12-31 00:00:00,0
6980,GGRPHCL_ARS_ROZZZ,NUTS3_ANCRDT,1900-01-01 00:00:00,9999-12-31 00:00:00,0
6981,GGRPHCL_ARS_ITH56,NUTS3_ANCRDT,1900-01-01 00:00:00,9999-12-31 00:00:00,0
6982,GGRPHCL_ARS_BG322,NUTS3_ANCRDT,1900-01-01 00:00:00,9999-12-31 00:00:00,0
6983,GGRPHCL_ARS_UKM64,NUTS3_ANCRDT,1900-01-01 00:00:00,2021-01-31 00:00:00,0
6984,GGRPHCL_ARS_RO113,NUTS3_ANCRDT,1900-01-01 00:00:00,9999-12-31 00:00:00,0
6985,GGRPHCL_ARS_SE332,NUTS3_ANCRDT,1900-01-01 00:00:00,9999-12-31 00:00:00,0
6986,GGRPHCL_ARS_DE118,NUTS3_ANCRDT,1900-01-01 00:00:00,9999-12-31 00:00:00,0
6987,GGRPHCL_ARS_ES415,NUTS3_ANCRDT,1900-01-01 00:00:00,9999-12-31 00:00:00,0
6988,GGRPHCL_ARS_DE712,NUTS3_ANCRDT,1900-01-01 00:00:00,9999-12-31 00:00:00,0
6989,GGRPHCL_ARS_PL842,NUTS3_ANCRDT,1900-01-01 00:00:00,9999-12-31 00:00:00,0
6990,GGRPHCL_ARS_UKM82,NUTS3_ANCRDT,1900-01-01 00:00:00,2021-01-31 00:00:00,0
6991,GGRPHCL_ARS_DE934,NUTS3_ANCRDT,1900-01-01 00:00:00,9999-12-31 00:00:00,0
6992,GGRPHCL_ARS_DE40B,NUTS3_ANCRDT,1900-01-01 00:00:00,9999-12-31 00:00:00,0
6993,GGRPHCL_ARS_DEF05,NUTS3_ANCRDT,1900-01-01 00:00:00,9999-12-31 00:00:00,0
6994,GGRPHCL_ARS_DEA16,NUTS3_ANCRDT,1900-01-01 00:00:00,9999-12-31 00:00:00,0
6995,GGRPHCL_ARS_BE224,NUTS3_ANCRDT,1900-01-01 00:00:00,9999-12-31 00:00:00,0
6996,GGRPHCL_ARS_FR633,NUTS3_ANCRDT,1900-01-01 00:00:00,2023-12-31 00:00:00,0
6997,GGRPHCL_ARS_ITC44,NUTS3_ANCRDT,1900-01-01 00:00:00,9999-12-31 00:00:00,0
6998,GGRPHCL_ARS_PT16F,NUTS3_ANCRDT,1900-01-01 00:00:00,2023-12-31 00:00:00,0
6999,GGRPHCL_ARS_FR815,NUTS3_ANCRDT,1900-01-01 00:00:00,2023-12-31 00:00:00,0
7000,GGRPHCL_ARS_FRK25,NUTS3_ANCRDT,1900-01-01 00:00:00,9999-12-31 00:00:00,0
7001,GGRPHCL_ARS_PL913,NUTS3_ANCRDT,1900-01-01 00:00:00,9999-12-31 00:00:00,0
7002,GGRPHCL_ARS_DE226,NUTS3_ANCRDT,1900-01-01 00:00:00,9999-12-31 00:00:00,0
7003,GGRPHCL_ARS_FRF22,NUTS3_ANCRDT,1900-01-01 00:00:00,9999-12-31 00:00:00,0
7004,GGRPHCL_ARS_PT1B0,NUTS3_ANCRDT,2024-01-01 00:00:00,9999-12-31 00:00:00,0
7005,GGRPHCL_ARS_FRH04,NUTS3_ANCRDT,1900-01-01 00:00:00,9999-12-31 00:00:00,0
7006,GGRPHCL_ARS_PL414,NUTS3_ANCRDT,1900-01-01 00:00:00,9999-12-31 00:00:00,0
7007,GGRPHCL_ARS_DE271,NUTS3_ANCRDT,1900-01-01 00:00:00,9999-12-31 00:00:00,0
7008,GGRPHCL_ARS_ES513,NUTS3_ANCRDT,1900-01-01 00:00:00,9999-12-31 00:00:00,0
7009,GGRPHCL_ARS_ITC13,NUTS3_ANCRDT,1900-01-01 00:00:00,9999-12-31 00:00:00,0
7010,GGRPHCL_ARS_DEB37,NUTS3_ANCRDT,1900-01-01 00:00:00,9999-12-31 00:00:00,0
7011,GGRPHCL_ARS_UKF21,NUTS3_ANCRDT,1900-01-01 00:00:00,2021-01-31 00:00:00,0
7012,GGRPHCL_ARS_UKG38,NUTS3_ANCRDT,1900-01-01 00:00:00,2021-01-31 00:00:00,0
7013,GGRPHCL_ARS_SI038,NUTS3_ANCRDT,1900-01-01 00:00:00,9999-12-31 00:00:00,0
7014,GGRPHCL_ARS_DEA41,NUTS3_ANCRDT,1900-01-01 00:00:00,9999-12-31 00:00:00,0
7015,GGRPHCL_ARS_FR512,NUTS3_ANCRDT,1900-01-01 00:00:00,2023-12-31 00:00:00,0
7016,GGRPHCL_ARS_FR627,NUTS3_ANCRDT,1900-01-01 00:00:00,2023-12-31 00:00:00,0
7017,GGRPHCL_ARS_BE329,NUTS3_ANCRDT,1900-01-01 00:00:00,9999-12-31 00:00:00,0
7018,GGRPHCL_ARS_DE94F,NUTS3_ANCRDT,1900-01-01 00:00:00,9999-12-31 00:00:00,0
7019,GGRPHCL_ARS_EL421,NUTS3_ANCRDT,1900-01-01 00:00:00,9999-12-31 00:00:00,0
7020,GGRPHCL_ARS_ITI13,NUTS3_ANCRDT,1900-01-01 00:00:00,9999-12-31 00:00:00,0
7021,GGRPHCL_ARS_FR242,NUTS3_ANCRDT,1900-01-01 00:00:00,2023-12-31 00:00:00,0
7022,GGRPHCL_ARS_DE21L,NUTS3_ANCRDT,1900-01-01 00:00:00,9999-12-31 00:00:00,0
7023,GGRPHCL_ARS_UKM38,NUTS3_ANCRDT,1900-01-01 00:00:00,2021-01-31 00:00:00,0
7024,GGRPHCL_ARS_UKL21,NUTS3_ANCRDT,1900-01-01 00:00:00,2021-01-31 00:00:00,0
7025,GGRPHCL_ARS_PL344,NUTS3_ANCRDT,1900-01-01 00:00:00,2023-12-31 00:00:00,0
7026,GGRPHCL_ARS_DE232,NUTS3_ANCRDT,1900-01-01 00:00:00,9999-12-31 00:00:00,0
7027,GGRPHCL_ARS_ES243,NUTS3_ANCRDT,1900-01-01 00:00:00,9999-12-31 00:00:00,0
7028,GGRPHCL_ARS_PL638,NUTS3_ANCRDT,1900-01-01 00:00:00,9999-12-31 00:00:00,0
7029,GGRPHCL_ARS_FRJ28,NUTS3_ANCRDT,1900-01-01 00:00:00,9999-12-31 00:00:00,0
7030,GGRPHCL_ARS_PL721,NUTS3_ANCRDT,1900-01-01 00:00:00,9999-12-31 00:00:00,0
7031,GGRPHCL_ARS_DE144,NUTS3_ANCRDT,1900-01-01 00:00:00,9999-12-31 00:00:00,0
7032,GGRPHCL_ARS_FRB04,NUTS3_ANCRDT,1900-01-01 00:00:00,9999-12-31 00:00:00,0
7033,GGRPHCL_ARS_DE600,NUTS3_ANCRDT,1900-01-01 00:00:00,9999-12-31 00:00:00,0
7034,GGRPHCL_ARS_DE719,NUTS3_ANCRDT,1900-01-01 00:00:00,9999-12-31 00:00:00,0
7035,GGRPHCL_ARS_DE113,NUTS3_ANCRDT,1900-01-01 00:00:00,9999-12-31 00:00:00,0
7036,GGRPHCL_ARS_PT1C4,NUTS3_ANCRDT,2024-01-01 00:00:00,9999-12-31 00:00:00,0
7037,GGRPHCL_ARS_DE265,NUTS3_ANCRDT,1900-01-01 00:00:00,9999-12-31 00:00:00,0
7038,GGRPHCL_ARS_NL361,NUTS3_ANCRDT,2024-01-01 00:00:00,9999-12-31 00:00:00,0
7039,GGRPHCL_ARS_DEA55,NUTS3_ANCRDT,1900-01-01 00:00:00,9999-12-31 00:00:00,0
7040,GGRPHCL_ARS_ITI44,NUTS3_ANCRDT,1900-01-01 00:00:00,9999-12-31 00:00:00,0
7041,GGRPHCL_ARS_CZ052,NUTS3_ANCRDT,1900-01-01 00:00:00,9999-12-31 00:00:00,0
7042,GGRPHCL_ARS_DE91A,NUTS3_ANCRDT,1900-01-01 00:00:00,9999-12-31 00:00:00,0
7043,GGRPHCL_ARS_DEB23,NUTS3_ANCRDT,1900-01-01 00:00:00,9999-12-31 00:00:00,0
7044,GGRPHCL_ARS_AT323,NUTS3_ANCRDT,1900-01-01 00:00:00,9999-12-31 00:00:00,0
7045,GGRPHCL_ARS_DEZZZ,NUTS3_ANCRDT,1900-01-01 00:00:00,9999-12-31 00:00:00,0
7046,GGRPHCL_ARS_IE023,NUTS3_ANCRDT,1900-01-01 00:00:00,2023-12-31 00:00:00,0
7047,GGRPHCL_ARS_NL121,NUTS3_ANCRDT,1900-01-01 00:00:00,2023-12-31 00:00:00,0
7048,GGRPHCL_ARS_FRD11,NUTS3_ANCRDT,1900-01-01 00:00:00,9999-12-31 00:00:00,0
7049,GGRPHCL_ARS_HU222,NUTS3_ANCRDT,1900-01-01 00:00:00,9999-12-31 00:00:00,0
7050,GGRPHCL_ARS_RO226,NUTS3_ANCRDT,1900-01-01 00:00:00,9999-12-31 00:00:00,0
7051,GGRPHCL_ARS_UKI42,NUTS3_ANCRDT,1900-01-01 00:00:00,2021-01-31 00:00:00,0
7052,GGRPHCL_ARS_FR721,NUTS3_ANCRDT,1900-01-01 00:00:00,2023-12-31 00:00:00,0
7053,GGRPHCL_ARS_EL651,NUTS3_ANCRDT,1900-01-01 00:00:00,9999-12-31 00:00:00,0
7054,GGRPHCL_ARS_BE336,NUTS3_ANCRDT,1900-01-01 00:00:00,9999-12-31 00:00:00,0
7055,GGRPHCL_ARS_UKJ34,NUTS3_ANCRDT,1900-01-01 00:00:00,2021-01-31 00:00:00,0
7056,GGRPHCL_ARS_ITF33,NUTS3_ANCRDT,1900-01-01 00:00:00,9999-12-31 00:00:00,0
7057,GGRPHCL_ARS_UKM27,NUTS3_ANCRDT,1900-01-01 00:00:00,2021-01-31 00:00:00,0
7058,GGRPHCL_ARS_UKD12,NUTS3_ANCRDT,1900-01-01 00:00:00,2021-01-31 00:00:00,0
7059,GGRPHCL_ARS_DE40I,NUTS3_ANCRDT,1900-01-01 00:00:00,9999-12-31 00:00:00,0
7060,GGRPHCL_ARS_EL527,NUTS3_ANCRDT,1900-01-01 00:00:00,9999-12-31 00:00:00,0
7061,GGRPHCL_ARS_ITH42,NUTS3_ANCRDT,1900-01-01 00:00:00,9999-12-31 00:00:00,0
7062,GGRPHCL_ARS_UKD45,NUTS3_ANCRDT,1900-01-01 00:00:00,2021-01-31 00:00:00,0
7063,GGRPHCL_ARS_PT195,NUTS3_ANCRDT,2024-01-01 00:00:00,9999-12-31 00:00:00,0
7064,GGRPHCL_ARS_BG425,NUTS3_ANCRDT,1900-01-01 00:00:00,9999-12-31 00:00:00,0
7065,GGRPHCL_ARS_ITF64,NUTS3_ANCRDT,1900-01-01 00:00:00,9999-12-31 00:00:00,0
7066,GGRPHCL_ARS_SI033,NUTS3_ANCRDT,1900-01-01 00:00:00,9999-12-31 00:00:00,0
7067,GGRPHCL_ARS_UKG33,NUTS3_ANCRDT,1900-01-01 00:00:00,2021-01-31 00:00:00,0
7068,GGRPHCL_ARS_DE12B,NUTS3_ANCRDT,1900-01-01 00:00:00,9999-12-31 00:00:00,0
7069,GGRPHCL_ARS_DK021,NUTS3_ANCRDT,1900-01-01 00:00:00,9999-12-31 00:00:00,0
7070,GGRPHCL_ARS_UKN06,NUTS3_ANCRDT,1900-01-01 00:00:00,2021-01-31 00:00:00,0
7071,GGRPHCL_ARS_ITC18,NUTS3_ANCRDT,1900-01-01 00:00:00,9999-12-31 00:00:00,0
7072,GGRPHCL_ARS_AT225,NUTS3_ANCRDT,1900-01-01 00:00:00,9999-12-31 00:00:00,0
7073,GGRPHCL_ARS_DEB1B,NUTS3_ANCRDT,1900-01-01 00:00:00,9999-12-31 00:00:00,0
7074,GGRPHCL_ARS_DEE0A,NUTS3_ANCRDT,1900-01-01 00:00:00,9999-12-31 00:00:00,0
7075,GGRPHCL_ARS_FRE23,NUTS3_ANCRDT,1900-01-01 00:00:00,9999-12-31 00:00:00,0
7076,GGRPHCL_ARS_RO314,NUTS3_ANCRDT,1900-01-01 00:00:00,9999-12-31 00:00:00,0
7077,GGRPHCL_ARS_PL715,NUTS3_ANCRDT,1900-01-01 00:00:00,9999-12-31 00:00:00,0
7078,GGRPHCL_ARS_ES612,NUTS3_ANCRDT,1900-01-01 00:00:00,9999-12-31 00:00:00,0
7079,GGRPHCL_ARS_UKL15,NUTS3_ANCRDT,1900-01-01 00:00:00,2021-01-31 00:00:00,0
7080,GGRPHCL_ARS_DEA36,NUTS3_ANCRDT,1900-01-01 00:00:00,9999-12-31 00:00:00,0
7081,GGRPHCL_ARS_EL306,NUTS3_ANCRDT,1900-01-01 00:00:00,9999-12-31 00:00:00,0
7082,GGRPHCL_ARS_CZ031,NUTS3_ANCRDT,1900-01-01 00:00:00,9999-12-31 00:00:00,0
7083,GGRPHCL_ARS_FR613,NUTS3_ANCRDT,1900-01-01 00:00:00,2023-12-31 00:00:00,0
7084,GGRPHCL_ARS_BE253,NUTS3_ANCRDT,1900-01-01 00:00:00,9999-12-31 00:00:00,0
7085,GGRPHCL_ARS_DEE04,NUTS3_ANCRDT,1900-01-01 00:00:00,9999-12-31 00:00:00,0
7086,GGRPHCL_ARS_ITC33,NUTS3_ANCRDT,1900-01-01 00:00:00,9999-12-31 00:00:00,0
7087,GGRPHCL_ARS_PT11A,NUTS3_ANCRDT,1900-01-01 00:00:00,9999-12-31 00:00:00,0
7088,GGRPHCL_ARS_DEB17,NUTS3_ANCRDT,1900-01-01 00:00:00,9999-12-31 00:00:00,0
7089,GGRPHCL_ARS_FR221,NUTS3_ANCRDT,1900-01-01 00:00:00,2023-12-31 00:00:00,0
7090,GGRPHCL_ARS_FR532,NUTS3_ANCRDT,1900-01-01 00:00:00,2023-12-31 00:00:00,0
7091,GGRPHCL_ARS_DE251,NUTS3_ANCRDT,1900-01-01 00:00:00,9999-12-31 00:00:00,0
7092,GGRPHCL_ARS_SE214,NUTS3_ANCRDT,1900-01-01 00:00:00,9999-12-31 00:00:00,0
7093,GGRPHCL_ARS_NL421,NUTS3_ANCRDT,1900-01-01 00:00:00,9999-12-31 00:00:00,0
7094,GGRPHCL_ARS_NL332,NUTS3_ANCRDT,1900-01-01 00:00:00,2023-12-31 00:00:00,0
7095,GGRPHCL_ARS_ES533,NUTS3_ANCRDT,1900-01-01 00:00:00,9999-12-31 00:00:00,0
7096,GGRPHCL_ARS_DE127,NUTS3_ANCRDT,1900-01-01 00:00:00,9999-12-31 00:00:00,0
7097,GGRPHCL_ARS_LU000,NUTS3_ANCRDT,1900-01-01 00:00:00,9999-12-31 00:00:00,0
7098,GGRPHCL_ARS_CZ080,NUTS3_ANCRDT,1900-01-01 00:00:00,9999-12-31 00:00:00,0
7099,GGRPHCL_ARS_ES220,NUTS3_ANCRDT,1900-01-01 00:00:00,9999-12-31 00:00:00,0
7100,GGRPHCL_ARS_DKZZZ,NUTS3_ANCRDT,1900-01-01 00:00:00,9999-12-31 00:00:00,0
7101,GGRPHCL_ARS_DEB3I,NUTS3_ANCRDT,1900-01-01 00:00:00,9999-12-31 00:00:00,0
7102,GGRPHCL_ARS_EL513,NUTS3_ANCRDT,1900-01-01 00:00:00,9999-12-31 00:00:00,0
7103,GGRPHCL_ARS_AT130,NUTS3_ANCRDT,1900-01-01 00:00:00,9999-12-31 00:00:00,0
7104,GGRPHCL_ARS_DEA29,NUTS3_ANCRDT,1900-01-01 00:00:00,9999-12-31 00:00:00,0
7105,GGRPHCL_ARS_FR715,NUTS3_ANCRDT,1900-01-01 00:00:00,2023-12-31 00:00:00,0
7106,GGRPHCL_ARS_DK042,NUTS3_ANCRDT,1900-01-01 00:00:00,9999-12-31 00:00:00,0
7107,GGRPHCL_ARS_PL613,NUTS3_ANCRDT,1900-01-01 00:00:00,9999-12-31 00:00:00,0
7108,GGRPHCL_ARS_RO212,NUTS3_ANCRDT,1900-01-01 00:00:00,9999-12-31 00:00:00,0
7109,GGRPHCL_ARS_DE943,NUTS3_ANCRDT,1900-01-01 00:00:00,9999-12-31 00:00:00,0
7110,GGRPHCL_ARS_DE300,NUTS3_ANCRDT,1900-01-01 00:00:00,9999-12-31 00:00:00,0
7111,GGRPHCL_ARS_DE219,NUTS3_ANCRDT,1900-01-01 00:00:00,9999-12-31 00:00:00,0
7112,GGRPHCL_ARS_DEG0M,NUTS3_ANCRDT,1900-01-01 00:00:00,9999-12-31 00:00:00,0
7113,GGRPHCL_ARS_FRG04,NUTS3_ANCRDT,1900-01-01 00:00:00,9999-12-31 00:00:00,0
7114,GGRPHCL_ARS_LV00A,NUTS3_ANCRDT,2024-01-01 00:00:00,9999-12-31 00:00:00,0
7115,GGRPHCL_ARS_SE312,NUTS3_ANCRDT,1900-01-01 00:00:00,9999-12-31 00:00:00,0
7116,GGRPHCL_ARS_FRI22,NUTS3_ANCRDT,1900-01-01 00:00:00,9999-12-31 00:00:00,0
7117,GGRPHCL_ARS_DE914,NUTS3_ANCRDT,1900-01-01 00:00:00,9999-12-31 00:00:00,0
7118,GGRPHCL_ARS_DE138,NUTS3_ANCRDT,1900-01-01 00:00:00,9999-12-31 00:00:00,0
7119,GGRPHCL_ARS_DE732,NUTS3_ANCRDT,1900-01-01 00:00:00,9999-12-31 00:00:00,0
7120,GGRPHCL_ARS_AT211,NUTS3_ANCRDT,1900-01-01 00:00:00,9999-12-31 00:00:00,0
7121,GGRPHCL_ARS_HR031,NUTS3_ANCRDT,1900-01-01 00:00:00,9999-12-31 00:00:00,0
7122,GGRPHCL_ARS_EL632,NUTS3_ANCRDT,1900-01-01 00:00:00,9999-12-31 00:00:00,0
7123,GGRPHCL_ARS_BG411,NUTS3_ANCRDT,1900-01-01 00:00:00,9999-12-31 00:00:00,0
7124,GGRPHCL_ARS_FR434,NUTS3_ANCRDT,1900-01-01 00:00:00,2023-12-31 00:00:00,0
7125,GGRPHCL_ARS_UKD71,NUTS3_ANCRDT,1900-01-01 00:00:00,2021-01-31 00:00:00,0
7126,GGRPHCL_ARS_UKD11,NUTS3_ANCRDT,1900-01-01 00:00:00,2021-01-31 00:00:00,0
7127,GGRPHCL_ARS_EL524,NUTS3_ANCRDT,1900-01-01 00:00:00,9999-12-31 00:00:00,0
7128,GGRPHCL_ARS_UKM24,NUTS3_ANCRDT,1900-01-01 00:00:00,2021-01-31 00:00:00,0
7129,GGRPHCL_ARS_ITG29,NUTS3_ANCRDT,1900-01-01 00:00:00,2023-12-31 00:00:00,0
7130,GGRPHCL_ARS_UKJ37,NUTS3_ANCRDT,1900-01-01 00:00:00,2021-01-31 00:00:00,0
7131,GGRPHCL_ARS_BE335,NUTS3_ANCRDT,1900-01-01 00:00:00,9999-12-31 00:00:00,0
7132,GGRPHCL_ARS_EL652,NUTS3_ANCRDT,1900-01-01 00:00:00,9999-12-31 00:00:00,0
7133,GGRPHCL_ARS_FR722,NUTS3_ANCRDT,1900-01-01 00:00:00,2023-12-31 00:00:00,0
7134,GGRPHCL_ARS_UKI41,NUTS3_ANCRDT,1900-01-01 00:00:00,2021-01-31 00:00:00,0
7135,GGRPHCL_ARS_RO225,NUTS3_ANCRDT,1900-01-01 00:00:00,9999-12-31 00:00:00,0
7136,GGRPHCL_ARS_HU221,NUTS3_ANCRDT,1900-01-01 00:00:00,9999-12-31 00:00:00,0
7137,GGRPHCL_ARS_FRD12,NUTS3_ANCRDT,1900-01-01 00:00:00,9999-12-31 00:00:00,0
7138,GGRPHCL_ARS_FI1C7,NUTS3_ANCRDT,2024-01-01 00:00:00,9999-12-31 00:00:00,0
7139,GGRPHCL_ARS_NL122,NUTS3_ANCRDT,1900-01-01 00:00:00,2023-12-31 00:00:00,0
7140,GGRPHCL_ARS_FRY10,NUTS3_ANCRDT,1900-01-01 00:00:00,9999-12-31 00:00:00,0
7141,GGRPHCL_ARS_DE279,NUTS3_ANCRDT,1900-01-01 00:00:00,9999-12-31 00:00:00,0
7142,GGRPHCL_ARS_FRI15,NUTS3_ANCRDT,1900-01-01 00:00:00,9999-12-31 00:00:00,0
7143,GGRPHCL_ARS_DEE0B,NUTS3_ANCRDT,1900-01-01 00:00:00,9999-12-31 00:00:00,0
7144,GGRPHCL_ARS_DE923,NUTS3_ANCRDT,1900-01-01 00:00:00,9999-12-31 00:00:00,0
7145,GGRPHCL_ARS_UKM95,NUTS3_ANCRDT,1900-01-01 00:00:00,2021-01-31 00:00:00,0
7146,GGRPHCL_ARS_DEB1A,NUTS3_ANCRDT,1900-01-01 00:00:00,9999-12-31 00:00:00,0
7147,GGRPHCL_ARS_AT226,NUTS3_ANCRDT,1900-01-01 00:00:00,9999-12-31 00:00:00,0
7148,GGRPHCL_ARS_UKN05,NUTS3_ANCRDT,1900-01-01 00:00:00,2021-01-31 00:00:00,0
7149,GGRPHCL_ARS_DK022,NUTS3_ANCRDT,1900-01-01 00:00:00,9999-12-31 00:00:00,0
7150,GGRPHCL_ARS_DE12A,NUTS3_ANCRDT,1900-01-01 00:00:00,9999-12-31 00:00:00,0
7151,GGRPHCL_ARS_LT028,NUTS3_ANCRDT,1900-01-01 00:00:00,9999-12-31 00:00:00,0
7152,GGRPHCL_ARS_UKM73,NUTS3_ANCRDT,1900-01-01 00:00:00,2021-01-31 00:00:00,0
7153,GGRPHCL_ARS_PT196,NUTS3_ANCRDT,2024-01-01 00:00:00,9999-12-31 00:00:00,0
7154,GGRPHCL_ARS_ITH41,NUTS3_ANCRDT,1900-01-01 00:00:00,9999-12-31 00:00:00,0
7155,GGRPHCL_ARS_UKD46,NUTS3_ANCRDT,1900-01-01 00:00:00,2021-01-31 00:00:00,0
7156,GGRPHCL_ARS_DE147,NUTS3_ANCRDT,1900-01-01 00:00:00,9999-12-31 00:00:00,0
7157,GGRPHCL_ARS_PL722,NUTS3_ANCRDT,1900-01-01 00:00:00,9999-12-31 00:00:00,0
7158,GGRPHCL_ARS_PL128,NUTS3_ANCRDT,1900-01-01 00:00:00,2023-12-31 00:00:00,0
7159,GGRPHCL_ARS_DE231,NUTS3_ANCRDT,1900-01-01 00:00:00,9999-12-31 00:00:00,0
7160,GGRPHCL_ARS_UKL22,NUTS3_ANCRDT,1900-01-01 00:00:00,2021-01-31 00:00:00,0
7161,GGRPHCL_ARS_UKJ28,NUTS3_ANCRDT,1900-01-01 00:00:00,2021-01-31 00:00:00,0
7162,GGRPHCL_ARS_FR241,NUTS3_ANCRDT,1900-01-01 00:00:00,2023-12-31 00:00:00,0
7163,GGRPHCL_ARS_EL422,NUTS3_ANCRDT,1900-01-01 00:00:00,9999-12-31 00:00:00,0
7164,GGRPHCL_ARS_DE94E,NUTS3_ANCRDT,1900-01-01 00:00:00,9999-12-31 00:00:00,0
7165,GGRPHCL_ARS_BE233,NUTS3_ANCRDT,1900-01-01 00:00:00,9999-12-31 00:00:00,0
7166,GGRPHCL_ARS_FR624,NUTS3_ANCRDT,1900-01-01 00:00:00,2023-12-31 00:00:00,0
7167,GGRPHCL_ARS_DE80K,NUTS3_ANCRDT,1900-01-01 00:00:00,9999-12-31 00:00:00,0
7168,GGRPHCL_ARS_DE91B,NUTS3_ANCRDT,1900-01-01 00:00:00,9999-12-31 00:00:00,0
7169,GGRPHCL_ARS_CZ051,NUTS3_ANCRDT,1900-01-01 00:00:00,9999-12-31 00:00:00,0
7170,GGRPHCL_ARS_DEA56,NUTS3_ANCRDT,1900-01-01 00:00:00,9999-12-31 00:00:00,0
7171,GGRPHCL_ARS_NL362,NUTS3_ANCRDT,2024-01-01 00:00:00,9999-12-31 00:00:00,0
7172,GGRPHCL_ARS_DE266,NUTS3_ANCRDT,1900-01-01 00:00:00,9999-12-31 00:00:00,0
7173,GGRPHCL_ARS_DEG0N,NUTS3_ANCRDT,1900-01-01 00:00:00,2023-12-31 00:00:00,0
7174,GGRPHCL_ARS_RO211,NUTS3_ANCRDT,1900-01-01 00:00:00,9999-12-31 00:00:00,0
7175,GGRPHCL_ARS_UKI75,NUTS3_ANCRDT,1900-01-01 00:00:00,2021-01-31 00:00:00,0
7176,GGRPHCL_ARS_DK041,NUTS3_ANCRDT,1900-01-01 00:00:00,9999-12-31 00:00:00,0
7177,GGRPHCL_ARS_HR065,NUTS3_ANCRDT,1900-01-01 00:00:00,9999-12-31 00:00:00,0
7178,GGRPHCL_ARS_FR716,NUTS3_ANCRDT,1900-01-01 00:00:00,2023-12-31 00:00:00,0
7179,GGRPHCL_ARS_UKD72,NUTS3_ANCRDT,1900-01-01 00:00:00,2021-01-31 00:00:00,0
7180,GGRPHCL_ARS_DE26C,NUTS3_ANCRDT,1900-01-01 00:00:00,9999-12-31 00:00:00,0
7181,GGRPHCL_ARS_BG412,NUTS3_ANCRDT,1900-01-01 00:00:00,9999-12-31 00:00:00,0
7182,GGRPHCL_ARS_EL631,NUTS3_ANCRDT,1900-01-01 00:00:00,9999-12-31 00:00:00,0
7183,GGRPHCL_ARS_HR032,NUTS3_ANCRDT,1900-01-01 00:00:00,9999-12-31 00:00:00,0
7184,GGRPHCL_ARS_AT212,NUTS3_ANCRDT,1900-01-01 00:00:00,9999-12-31 00:00:00,0
7185,GGRPHCL_ARS_FI1C3,NUTS3_ANCRDT,1900-01-01 00:00:00,2023-12-31 00:00:00,0
7186,GGRPHCL_ARS_DE731,NUTS3_ANCRDT,1900-01-01 00:00:00,9999-12-31 00:00:00,0
7187,GGRPHCL_ARS_DE917,NUTS3_ANCRDT,1900-01-01 00:00:00,9999-12-31 00:00:00,0
7188,GGRPHCL_ARS_PL428,NUTS3_ANCRDT,1900-01-01 00:00:00,9999-12-31 00:00:00,0
7189,GGRPHCL_ARS_FRI21,NUTS3_ANCRDT,1900-01-01 00:00:00,9999-12-31 00:00:00,0
7190,GGRPHCL_ARS_SE311,NUTS3_ANCRDT,1900-01-01 00:00:00,9999-12-31 00:00:00,0
7191,GGRPHCL_ARS_LV00B,NUTS3_ANCRDT,2024-01-01 00:00:00,9999-12-31 00:00:00,0
7192,GGRPHCL_ARS_DEA5C,NUTS3_ANCRDT,1900-01-01 00:00:00,9999-12-31 00:00:00,0
7193,GGRPHCL_ARS_FR103,NUTS3_ANCRDT,1900-01-01 00:00:00,9999-12-31 00:00:00,0
7194,GGRPHCL_ARS_EL305,NUTS3_ANCRDT,1900-01-01 00:00:00,9999-12-31 00:00:00,0
7195,GGRPHCL_ARS_LV003,NUTS3_ANCRDT,1900-01-01 00:00:00,2023-12-31 00:00:00,0
7196,GGRPHCL_ARS_CZ032,NUTS3_ANCRDT,1900-01-01 00:00:00,9999-12-31 00:00:00,0
7197,GGRPHCL_ARS_DEA35,NUTS3_ANCRDT,1900-01-01 00:00:00,9999-12-31 00:00:00,0
7198,GGRPHCL_ARS_UKL16,NUTS3_ANCRDT,1900-01-01 00:00:00,2021-01-31 00:00:00,0
7199,GGRPHCL_ARS_ES708,NUTS3_ANCRDT,1900-01-01 00:00:00,9999-12-31 00:00:00,0
7200,GGRPHCL_ARS_ES611,NUTS3_ANCRDT,1900-01-01 00:00:00,9999-12-31 00:00:00,0
7201,GGRPHCL_ARS_HU313,NUTS3_ANCRDT,1900-01-01 00:00:00,9999-12-31 00:00:00,0
7202,GGRPHCL_ARS_RO317,NUTS3_ANCRDT,1900-01-01 00:00:00,9999-12-31 00:00:00,0
7203,GGRPHCL_ARS_DEB3J,NUTS3_ANCRDT,1900-01-01 00:00:00,9999-12-31 00:00:00,0
7204,GGRPHCL_ARS_DE124,NUTS3_ANCRDT,1900-01-01 00:00:00,9999-12-31 00:00:00,0
7205,GGRPHCL_ARS_NL422,NUTS3_ANCRDT,1900-01-01 00:00:00,9999-12-31 00:00:00,0
7206,GGRPHCL_ARS_PL324,NUTS3_ANCRDT,1900-01-01 00:00:00,2023-12-31 00:00:00,0
7207,GGRPHCL_ARS_DE252,NUTS3_ANCRDT,1900-01-01 00:00:00,9999-12-31 00:00:00,0
7208,GGRPHCL_ARS_FR531,NUTS3_ANCRDT,1900-01-01 00:00:00,2023-12-31 00:00:00,0
7209,GGRPHCL_ARS_FR222,NUTS3_ANCRDT,1900-01-01 00:00:00,2023-12-31 00:00:00,0
7210,GGRPHCL_ARS_UKH24,NUTS3_ANCRDT,1900-01-01 00:00:00,2021-01-31 00:00:00,0
7211,GGRPHCL_ARS_DEB14,NUTS3_ANCRDT,1900-01-01 00:00:00,9999-12-31 00:00:00,0
7212,GGRPHCL_ARS_AT314,NUTS3_ANCRDT,1900-01-01 00:00:00,9999-12-31 00:00:00,0
7213,GGRPHCL_ARS_PT11B,NUTS3_ANCRDT,1900-01-01 00:00:00,9999-12-31 00:00:00,0
7214,GGRPHCL_ARS_DEE07,NUTS3_ANCRDT,1900-01-01 00:00:00,9999-12-31 00:00:00,0
7215,GGRPHCL_ARS_LT003,NUTS3_ANCRDT,1900-01-01 00:00:00,2023-12-31 00:00:00,0
7216,GGRPHCL_ARS_FR261,NUTS3_ANCRDT,1900-01-01 00:00:00,2023-12-31 00:00:00,0
7217,GGRPHCL_ARS_ITG16,NUTS3_ANCRDT,1900-01-01 00:00:00,9999-12-31 00:00:00,0
7218,GGRPHCL_ARS_UKK11,NUTS3_ANCRDT,1900-01-01 00:00:00,2021-01-31 00:00:00,0
7219,GGRPHCL_ARS_BE213,NUTS3_ANCRDT,1900-01-01 00:00:00,9999-12-31 00:00:00,0
7220,GGRPHCL_ARS_FR822,NUTS3_ANCRDT,1900-01-01 00:00:00,2023-12-31 00:00:00,0
7221,GGRPHCL_ARS_BE32D,NUTS3_ANCRDT,1900-01-01 00:00:00,9999-12-31 00:00:00,0
7222,GGRPHCL_ARS_FRK12,NUTS3_ANCRDT,1900-01-01 00:00:00,9999-12-31 00:00:00,0
7223,GGRPHCL_ARS_SE122,NUTS3_ANCRDT,1900-01-01 00:00:00,9999-12-31 00:00:00,0
7224,GGRPHCL_ARS_FRL01,NUTS3_ANCRDT,1900-01-01 00:00:00,9999-12-31 00:00:00,0
7225,GGRPHCL_ARS_PL924,NUTS3_ANCRDT,1900-01-01 00:00:00,9999-12-31 00:00:00,0
7226,GGRPHCL_ARS_DE211,NUTS3_ANCRDT,1900-01-01 00:00:00,9999-12-31 00:00:00,0
7227,GGRPHCL_ARS_DE502,NUTS3_ANCRDT,1900-01-01 00:00:00,9999-12-31 00:00:00,0
7228,GGRPHCL_ARS_DEG0E,NUTS3_ANCRDT,1900-01-01 00:00:00,9999-12-31 00:00:00,0
7229,GGRPHCL_ARS_NL325,NUTS3_ANCRDT,1900-01-01 00:00:00,9999-12-31 00:00:00,0
7230,GGRPHCL_ARS_DE246,NUTS3_ANCRDT,1900-01-01 00:00:00,9999-12-31 00:00:00,0
7231,GGRPHCL_ARS_PL229,NUTS3_ANCRDT,1900-01-01 00:00:00,9999-12-31 00:00:00,0
7232,GGRPHCL_ARS_DED2D,NUTS3_ANCRDT,1900-01-01 00:00:00,9999-12-31 00:00:00,0
7233,GGRPHCL_ARS_DE93B,NUTS3_ANCRDT,1900-01-01 00:00:00,9999-12-31 00:00:00,0
7234,GGRPHCL_ARS_UKF16,NUTS3_ANCRDT,1900-01-01 00:00:00,2021-01-31 00:00:00,0
7235,GGRPHCL_ARS_DE71D,NUTS3_ANCRDT,1900-01-01 00:00:00,9999-12-31 00:00:00,0
7236,GGRPHCL_ARS_CZ071,NUTS3_ANCRDT,1900-01-01 00:00:00,9999-12-31 00:00:00,0
7237,GGRPHCL_ARS_PL822,NUTS3_ANCRDT,1900-01-01 00:00:00,9999-12-31 00:00:00,0
7238,GGRPHCL_ARS_ITC4B,NUTS3_ANCRDT,1900-01-01 00:00:00,9999-12-31 00:00:00,0
7239,GGRPHCL_ARS_FRC21,NUTS3_ANCRDT,1900-01-01 00:00:00,9999-12-31 00:00:00,0
7240,GGRPHCL_ARS_FRJ14,NUTS3_ANCRDT,1900-01-01 00:00:00,9999-12-31 00:00:00,0
7241,GGRPHCL_ARS_PL117,NUTS3_ANCRDT,1900-01-01 00:00:00,2023-12-31 00:00:00,0
7242,GGRPHCL_ARS_DEF0C,NUTS3_ANCRDT,1900-01-01 00:00:00,9999-12-31 00:00:00,0
7243,GGRPHCL_ARS_ITG2G,NUTS3_ANCRDT,1900-01-01 00:00:00,9999-12-31 00:00:00,0
7244,GGRPHCL_ARS_ES703,NUTS3_ANCRDT,1900-01-01 00:00:00,9999-12-31 00:00:00,0
7245,GGRPHCL_ARS_DE404,NUTS3_ANCRDT,1900-01-01 00:00:00,9999-12-31 00:00:00,0
7246,GGRPHCL_ARS_AT127,NUTS3_ANCRDT,1900-01-01 00:00:00,9999-12-31 00:00:00,0
7247,GGRPHCL_ARS_PT186,NUTS3_ANCRDT,1900-01-01 00:00:00,2023-12-31 00:00:00,0
7248,GGRPHCL_ARS_UKC22,NUTS3_ANCRDT,1900-01-01 00:00:00,2021-01-31 00:00:00,0
7249,GGRPHCL_ARS_LV008,NUTS3_ANCRDT,1900-01-01 00:00:00,2023-12-31 00:00:00,0
7250,GGRPHCL_ARS_BG342,NUTS3_ANCRDT,1900-01-01 00:00:00,9999-12-31 00:00:00,0
7251,GGRPHCL_ARS_ITH36,NUTS3_ANCRDT,1900-01-01 00:00:00,9999-12-31 00:00:00,0
7252,GGRPHCL_ARS_DED42,NUTS3_ANCRDT,1900-01-01 00:00:00,9999-12-31 00:00:00,0
7253,GGRPHCL_ARS_UKI61,NUTS3_ANCRDT,1900-01-01 00:00:00,2021-01-31 00:00:00,0
7254,GGRPHCL_ARS_SK010,NUTS3_ANCRDT,1900-01-01 00:00:00,9999-12-31 00:00:00,0
7255,GGRPHCL_ARS_FR108,NUTS3_ANCRDT,1900-01-01 00:00:00,9999-12-31 00:00:00,0
7256,GGRPHCL_ARS_BE342,NUTS3_ANCRDT,1900-01-01 00:00:00,9999-12-31 00:00:00,0
7257,GGRPHCL_ARS_LT008,NUTS3_ANCRDT,1900-01-01 00:00:00,2023-12-31 00:00:00,0
7258,GGRPHCL_ARS_DEC06,NUTS3_ANCRDT,1900-01-01 00:00:00,9999-12-31 00:00:00,0
7259,GGRPHCL_ARS_HR026,NUTS3_ANCRDT,1900-01-01 00:00:00,9999-12-31 00:00:00,0
7260,GGRPHCL_ARS_EE004,NUTS3_ANCRDT,1900-01-01 00:00:00,9999-12-31 00:00:00,0
7261,GGRPHCL_ARS_BG315,NUTS3_ANCRDT,1900-01-01 00:00:00,9999-12-31 00:00:00,0
7262,GGRPHCL_ARS_ITF47,NUTS3_ANCRDT,1900-01-01 00:00:00,9999-12-31 00:00:00,0
7263,GGRPHCL_ARS_DE259,NUTS3_ANCRDT,1900-01-01 00:00:00,9999-12-31 00:00:00,0
7264,GGRPHCL_ARS_RO124,NUTS3_ANCRDT,1900-01-01 00:00:00,9999-12-31 00:00:00,0
7265,GGRPHCL_ARS_HU120,NUTS3_ANCRDT,1900-01-01 00:00:00,9999-12-31 00:00:00,0
7266,GGRPHCL_ARS_FRY30,NUTS3_ANCRDT,1900-01-01 00:00:00,9999-12-31 00:00:00,0
7267,GGRPHCL_ARS_ES422,NUTS3_ANCRDT,1900-01-01 00:00:00,9999-12-31 00:00:00,0
7268,GGRPHCL_ARS_DE725,NUTS3_ANCRDT,1900-01-01 00:00:00,9999-12-31 00:00:00,0
7269,GGRPHCL_ARS_DEG0P,NUTS3_ANCRDT,1900-01-01 00:00:00,2023-12-31 00:00:00,0
7270,GGRPHCL_ARS_DEB3A,NUTS3_ANCRDT,1900-01-01 00:00:00,9999-12-31 00:00:00,0
7271,GGRPHCL_ARS_DE225,NUTS3_ANCRDT,1900-01-01 00:00:00,9999-12-31 00:00:00,0
7272,GGRPHCL_ARS_RO424,NUTS3_ANCRDT,1900-01-01 00:00:00,9999-12-31 00:00:00,0
7273,GGRPHCL_ARS_HU333,NUTS3_ANCRDT,1900-01-01 00:00:00,9999-12-31 00:00:00,0
7274,GGRPHCL_ARS_FRK26,NUTS3_ANCRDT,1900-01-01 00:00:00,9999-12-31 00:00:00,0
7275,GGRPHCL_ARS_PT16E,NUTS3_ANCRDT,1900-01-01 00:00:00,2023-12-31 00:00:00,0
7276,GGRPHCL_ARS_ITC47,NUTS3_ANCRDT,1900-01-01 00:00:00,9999-12-31 00:00:00,0
7277,GGRPHCL_ARS_DEA15,NUTS3_ANCRDT,1900-01-01 00:00:00,9999-12-31 00:00:00,0
7278,GGRPHCL_ARS_DEF06,NUTS3_ANCRDT,1900-01-01 00:00:00,9999-12-31 00:00:00,0
7279,GGRPHCL_ARS_DE40A,NUTS3_ANCRDT,1900-01-01 00:00:00,9999-12-31 00:00:00,0
7280,GGRPHCL_ARS_FR511,NUTS3_ANCRDT,1900-01-01 00:00:00,2023-12-31 00:00:00,0
7281,GGRPHCL_ARS_DEA42,NUTS3_ANCRDT,1900-01-01 00:00:00,9999-12-31 00:00:00,0
7282,GGRPHCL_ARS_UKM78,NUTS3_ANCRDT,1900-01-01 00:00:00,2021-01-31 00:00:00,0
7283,GGRPHCL_ARS_LT023,NUTS3_ANCRDT,1900-01-01 00:00:00,9999-12-31 00:00:00,0
7284,GGRPHCL_ARS_UKF22,NUTS3_ANCRDT,1900-01-01 00:00:00,2021-01-31 00:00:00,0
7285,GGRPHCL_ARS_DEB34,NUTS3_ANCRDT,1900-01-01 00:00:00,9999-12-31 00:00:00,0
7286,GGRPHCL_ARS_AT334,NUTS3_ANCRDT,1900-01-01 00:00:00,9999-12-31 00:00:00,0
7287,GGRPHCL_ARS_DE928,NUTS3_ANCRDT,1900-01-01 00:00:00,9999-12-31 00:00:00,0
7288,GGRPHCL_ARS_EE00A,NUTS3_ANCRDT,1900-01-01 00:00:00,9999-12-31 00:00:00,0
7289,GGRPHCL_ARS_DE272,NUTS3_ANCRDT,1900-01-01 00:00:00,9999-12-31 00:00:00,0
7290,GGRPHCL_ARS_PL417,NUTS3_ANCRDT,1900-01-01 00:00:00,9999-12-31 00:00:00,0
7291,GGRPHCL_ARS_FRF21,NUTS3_ANCRDT,1900-01-01 00:00:00,9999-12-31 00:00:00,0
7292,GGRPHCL_ARS_BE321,NUTS3_ANCRDT,1900-01-01 00:00:00,2023-12-31 00:00:00,0
7293,GGRPHCL_ARS_HR045,NUTS3_ANCRDT,1900-01-01 00:00:00,2023-12-31 00:00:00,0
7294,GGRPHCL_ARS_DE21D,NUTS3_ANCRDT,1900-01-01 00:00:00,9999-12-31 00:00:00,0
7295,GGRPHCL_ARS_AT113,NUTS3_ANCRDT,1900-01-01 00:00:00,9999-12-31 00:00:00,0
7296,GGRPHCL_ARS_DEA2D,NUTS3_ANCRDT,1900-01-01 00:00:00,9999-12-31 00:00:00,0
7297,GGRPHCL_ARS_ATZZZ,NUTS3_ANCRDT,1900-01-01 00:00:00,9999-12-31 00:00:00,0
7298,GGRPHCL_ARS_FI1D4,NUTS3_ANCRDT,1900-01-01 00:00:00,2023-12-31 00:00:00,0
7299,GGRPHCL_ARS_DEG0T,NUTS3_ANCRDT,2024-01-01 00:00:00,9999-12-31 00:00:00,0
7300,GGRPHCL_ARS_DE937,NUTS3_ANCRDT,1900-01-01 00:00:00,9999-12-31 00:00:00,0
7301,GGRPHCL_ARS_UKM81,NUTS3_ANCRDT,1900-01-01 00:00:00,2021-01-31 00:00:00,0
7302,GGRPHCL_ARS_PL841,NUTS3_ANCRDT,1900-01-01 00:00:00,9999-12-31 00:00:00,0
7303,GGRPHCL_ARS_DE711,NUTS3_ANCRDT,1900-01-01 00:00:00,9999-12-31 00:00:00,0
7304,GGRPHCL_ARS_ES416,NUTS3_ANCRDT,1900-01-01 00:00:00,9999-12-31 00:00:00,0
7305,GGRPHCL_ARS_IE063,NUTS3_ANCRDT,1900-01-01 00:00:00,9999-12-31 00:00:00,0
7306,GGRPHCL_ARS_SE331,NUTS3_ANCRDT,1900-01-01 00:00:00,9999-12-31 00:00:00,0
7307,GGRPHCL_ARS_ITH55,NUTS3_ANCRDT,1900-01-01 00:00:00,9999-12-31 00:00:00,0
7308,GGRPHCL_ARS_BG321,NUTS3_ANCRDT,1900-01-01 00:00:00,9999-12-31 00:00:00,0
7309,GGRPHCL_ARS_DE24C,NUTS3_ANCRDT,1900-01-01 00:00:00,9999-12-31 00:00:00,0
7310,GGRPHCL_ARS_DED21,NUTS3_ANCRDT,1900-01-01 00:00:00,9999-12-31 00:00:00,0
7311,GGRPHCL_ARS_UKN11,NUTS3_ANCRDT,1900-01-01 00:00:00,2021-01-31 00:00:00,0
7312,GGRPHCL_ARS_EL611,NUTS3_ANCRDT,1900-01-01 00:00:00,9999-12-31 00:00:00,0
7313,GGRPHCL_ARS_UKG24,NUTS3_ANCRDT,1900-01-01 00:00:00,2021-01-31 00:00:00,0
7314,GGRPHCL_ARS_NL328,NUTS3_ANCRDT,1900-01-01 00:00:00,9999-12-31 00:00:00,0
7315,GGRPHCL_ARS_FRG01,NUTS3_ANCRDT,1900-01-01 00:00:00,9999-12-31 00:00:00,0
7316,GGRPHCL_ARS_PL224,NUTS3_ANCRDT,1900-01-01 00:00:00,9999-12-31 00:00:00,0
7317,GGRPHCL_ARS_DE911,NUTS3_ANCRDT,1900-01-01 00:00:00,9999-12-31 00:00:00,0
7318,GGRPHCL_ARS_DE737,NUTS3_ANCRDT,1900-01-01 00:00:00,9999-12-31 00:00:00,0
7319,GGRPHCL_ARS_FI1C5,NUTS3_ANCRDT,1900-01-01 00:00:00,9999-12-31 00:00:00,0
7320,GGRPHCL_ARS_HR034,NUTS3_ANCRDT,1900-01-01 00:00:00,9999-12-31 00:00:00,0
7321,GGRPHCL_ARS_DE11C,NUTS3_ANCRDT,1900-01-01 00:00:00,9999-12-31 00:00:00,0
7322,GGRPHCL_ARS_UKD74,NUTS3_ANCRDT,1900-01-01 00:00:00,2021-01-31 00:00:00,0
7323,GGRPHCL_ARS_EL541,NUTS3_ANCRDT,1900-01-01 00:00:00,9999-12-31 00:00:00,0
7324,GGRPHCL_ARS_FR431,NUTS3_ANCRDT,1900-01-01 00:00:00,2023-12-31 00:00:00,0
7325,GGRPHCL_ARS_BG414,NUTS3_ANCRDT,1900-01-01 00:00:00,9999-12-31 00:00:00,0
7326,GGRPHCL_ARS_HR063,NUTS3_ANCRDT,1900-01-01 00:00:00,9999-12-31 00:00:00,0
7327,GGRPHCL_ARS_UKI73,NUTS3_ANCRDT,1900-01-01 00:00:00,2021-01-31 00:00:00,0
7328,GGRPHCL_ARS_HU213,NUTS3_ANCRDT,1900-01-01 00:00:00,9999-12-31 00:00:00,0
7329,GGRPHCL_ARS_PL616,NUTS3_ANCRDT,1900-01-01 00:00:00,9999-12-31 00:00:00,0
7330,GGRPHCL_ARS_DE946,NUTS3_ANCRDT,1900-01-01 00:00:00,9999-12-31 00:00:00,0
7331,GGRPHCL_ARS_IE012,NUTS3_ANCRDT,1900-01-01 00:00:00,2023-12-31 00:00:00,0
7332,GGRPHCL_ARS_DEG0H,NUTS3_ANCRDT,1900-01-01 00:00:00,2023-12-31 00:00:00,0
7333,GGRPHCL_ARS_LT005,NUTS3_ANCRDT,1900-01-01 00:00:00,2023-12-31 00:00:00,0
7334,GGRPHCL_ARS_BE256,NUTS3_ANCRDT,1900-01-01 00:00:00,9999-12-31 00:00:00,0
7335,GGRPHCL_ARS_DEB12,NUTS3_ANCRDT,1900-01-01 00:00:00,9999-12-31 00:00:00,0
7336,GGRPHCL_ARS_DEE01,NUTS3_ANCRDT,1900-01-01 00:00:00,9999-12-31 00:00:00,0
7337,GGRPHCL_ARS_FI194,NUTS3_ANCRDT,1900-01-01 00:00:00,2023-12-31 00:00:00,0
7338,GGRPHCL_ARS_PT11D,NUTS3_ANCRDT,1900-01-01 00:00:00,9999-12-31 00:00:00,0
7339,GGRPHCL_ARS_AT312,NUTS3_ANCRDT,1900-01-01 00:00:00,9999-12-31 00:00:00,0
7340,GGRPHCL_ARS_EE009,NUTS3_ANCRDT,1900-01-01 00:00:00,9999-12-31 00:00:00,0
7341,GGRPHCL_ARS_CZ063,NUTS3_ANCRDT,1900-01-01 00:00:00,9999-12-31 00:00:00,0
7342,GGRPHCL_ARS_ES640,NUTS3_ANCRDT,1900-01-01 00:00:00,9999-12-31 00:00:00,0
7343,GGRPHCL_ARS_NL350,NUTS3_ANCRDT,2024-01-01 00:00:00,9999-12-31 00:00:00,0
7344,GGRPHCL_ARS_DE254,NUTS3_ANCRDT,1900-01-01 00:00:00,9999-12-31 00:00:00,0
7345,GGRPHCL_ARS_SE211,NUTS3_ANCRDT,1900-01-01 00:00:00,9999-12-31 00:00:00,0
7346,GGRPHCL_ARS_PL431,NUTS3_ANCRDT,1900-01-01 00:00:00,9999-12-31 00:00:00,0
7347,GGRPHCL_ARS_NL337,NUTS3_ANCRDT,1900-01-01 00:00:00,2023-12-31 00:00:00,0
7348,GGRPHCL_ARS_DE122,NUTS3_ANCRDT,1900-01-01 00:00:00,9999-12-31 00:00:00,0
7349,GGRPHCL_ARS_RO311,NUTS3_ANCRDT,1900-01-01 00:00:00,9999-12-31 00:00:00,0
7350,GGRPHCL_ARS_DE409,NUTS3_ANCRDT,1900-01-01 00:00:00,9999-12-31 00:00:00,0
7351,GGRPHCL_ARS_ES617,NUTS3_ANCRDT,1900-01-01 00:00:00,9999-12-31 00:00:00,0
7352,GGRPHCL_ARS_DEA33,NUTS3_ANCRDT,1900-01-01 00:00:00,9999-12-31 00:00:00,0
7353,GGRPHCL_ARS_ITI22,NUTS3_ANCRDT,1900-01-01 00:00:00,9999-12-31 00:00:00,0
7354,GGRPHCL_ARS_LV005,NUTS3_ANCRDT,1900-01-01 00:00:00,9999-12-31 00:00:00,0
7355,GGRPHCL_ARS_EL303,NUTS3_ANCRDT,1900-01-01 00:00:00,9999-12-31 00:00:00,0
7356,GGRPHCL_ARS_FR105,NUTS3_ANCRDT,1900-01-01 00:00:00,9999-12-31 00:00:00,0
7357,GGRPHCL_ARS_DE25A,NUTS3_ANCRDT,1900-01-01 00:00:00,9999-12-31 00:00:00,0
7358,GGRPHCL_ARS_BG333,NUTS3_ANCRDT,1900-01-01 00:00:00,9999-12-31 00:00:00,0
7359,GGRPHCL_ARS_UKM75,NUTS3_ANCRDT,1900-01-01 00:00:00,2021-01-31 00:00:00,0
7360,GGRPHCL_ARS_SI036,NUTS3_ANCRDT,1900-01-01 00:00:00,9999-12-31 00:00:00,0
7361,GGRPHCL_ARS_NL33B,NUTS3_ANCRDT,1900-01-01 00:00:00,2023-12-31 00:00:00,0
7362,GGRPHCL_ARS_ITF61,NUTS3_ANCRDT,1900-01-01 00:00:00,9999-12-31 00:00:00,0
7363,GGRPHCL_ARS_UKG36,NUTS3_ANCRDT,1900-01-01 00:00:00,2021-01-31 00:00:00,0
7364,GGRPHCL_ARS_UKN03,NUTS3_ANCRDT,1900-01-01 00:00:00,2021-01-31 00:00:00,0
7365,GGRPHCL_ARS_DEB39,NUTS3_ANCRDT,1900-01-01 00:00:00,9999-12-31 00:00:00,0
7366,GGRPHCL_ARS_NL114,NUTS3_ANCRDT,2024-01-01 00:00:00,9999-12-31 00:00:00,0
7367,GGRPHCL_ARS_DEE0D,NUTS3_ANCRDT,1900-01-01 00:00:00,9999-12-31 00:00:00,0
7368,GGRPHCL_ARS_PT111,NUTS3_ANCRDT,1900-01-01 00:00:00,9999-12-31 00:00:00,0
7369,GGRPHCL_ARS_DE925,NUTS3_ANCRDT,1900-01-01 00:00:00,9999-12-31 00:00:00,0
7370,GGRPHCL_ARS_UKM93,NUTS3_ANCRDT,1900-01-01 00:00:00,2021-01-31 00:00:00,0
7371,GGRPHCL_ARS_FRI13,NUTS3_ANCRDT,1900-01-01 00:00:00,9999-12-31 00:00:00,0
7372,GGRPHCL_ARS_DE228,NUTS3_ANCRDT,1900-01-01 00:00:00,9999-12-31 00:00:00,0
7373,GGRPHCL_ARS_NL124,NUTS3_ANCRDT,1900-01-01 00:00:00,2023-12-31 00:00:00,0
7374,GGRPHCL_ARS_RO223,NUTS3_ANCRDT,1900-01-01 00:00:00,9999-12-31 00:00:00,0
7375,GGRPHCL_ARS_PL622,NUTS3_ANCRDT,1900-01-01 00:00:00,9999-12-31 00:00:00,0
7376,GGRPHCL_ARS_PT16H,NUTS3_ANCRDT,1900-01-01 00:00:00,2023-12-31 00:00:00,0
7377,GGRPHCL_ARS_FR724,NUTS3_ANCRDT,1900-01-01 00:00:00,2023-12-31 00:00:00,0
7378,GGRPHCL_ARS_UKM22,NUTS3_ANCRDT,1900-01-01 00:00:00,2021-01-31 00:00:00,0
7379,GGRPHCL_ARS_DEA18,NUTS3_ANCRDT,1900-01-01 00:00:00,9999-12-31 00:00:00,0
7380,GGRPHCL_ARS_UKJ31,NUTS3_ANCRDT,1900-01-01 00:00:00,2021-01-31 00:00:00,0
7381,GGRPHCL_ARS_EL522,NUTS3_ANCRDT,1900-01-01 00:00:00,9999-12-31 00:00:00,0
7382,GGRPHCL_ARS_ITH10,NUTS3_ANCRDT,1900-01-01 00:00:00,9999-12-31 00:00:00,0
7383,GGRPHCL_ARS_DE116,NUTS3_ANCRDT,1900-01-01 00:00:00,9999-12-31 00:00:00,0
7384,GGRPHCL_ARS_CY000,NUTS3_ANCRDT,1900-01-01 00:00:00,9999-12-31 00:00:00,0
7385,GGRPHCL_ARS_ES211,NUTS3_ANCRDT,1900-01-01 00:00:00,9999-12-31 00:00:00,0
7386,GGRPHCL_ARS_FRF33,NUTS3_ANCRDT,1900-01-01 00:00:00,9999-12-31 00:00:00,0
7387,GGRPHCL_ARS_PT1C1,NUTS3_ANCRDT,2024-01-01 00:00:00,9999-12-31 00:00:00,0
7388,GGRPHCL_ARS_FRA20,NUTS3_ANCRDT,1900-01-01 00:00:00,2023-12-31 00:00:00,0
7389,GGRPHCL_ARS_NL364,NUTS3_ANCRDT,2024-01-01 00:00:00,9999-12-31 00:00:00,0
7390,GGRPHCL_ARS_ITI41,NUTS3_ANCRDT,1900-01-01 00:00:00,9999-12-31 00:00:00,0
7391,GGRPHCL_ARS_PL22A,NUTS3_ANCRDT,1900-01-01 00:00:00,9999-12-31 00:00:00,0
7392,GGRPHCL_ARS_ITH58,NUTS3_ANCRDT,1900-01-01 00:00:00,9999-12-31 00:00:00,0
7393,GGRPHCL_ARS_DE80M,NUTS3_ANCRDT,1900-01-01 00:00:00,9999-12-31 00:00:00,0
7394,GGRPHCL_ARS_UKH16,NUTS3_ANCRDT,1900-01-01 00:00:00,2021-01-31 00:00:00,0
7395,GGRPHCL_ARS_UKF30,NUTS3_ANCRDT,1900-01-01 00:00:00,2021-01-31 00:00:00,0
7396,GGRPHCL_ARS_BE235,NUTS3_ANCRDT,1900-01-01 00:00:00,9999-12-31 00:00:00,0
7397,GGRPHCL_ARS_FR622,NUTS3_ANCRDT,1900-01-01 00:00:00,2023-12-31 00:00:00,0
7398,GGRPHCL_ARS_HR048,NUTS3_ANCRDT,1900-01-01 00:00:00,2023-12-31 00:00:00,0
7399,GGRPHCL_ARS_DE94C,NUTS3_ANCRDT,1900-01-01 00:00:00,9999-12-31 00:00:00,0
7400,GGRPHCL_ARS_DE21I,NUTS3_ANCRDT,1900-01-01 00:00:00,9999-12-31 00:00:00,0
7401,GGRPHCL_ARS_UKE11,NUTS3_ANCRDT,1900-01-01 00:00:00,2021-01-31 00:00:00,0
7402,GGRPHCL_ARS_ITI16,NUTS3_ANCRDT,1900-01-01 00:00:00,9999-12-31 00:00:00,0
7403,GGRPHCL_ARS_UKL24,NUTS3_ANCRDT,1900-01-01 00:00:00,2021-01-31 00:00:00,0
7404,GGRPHCL_ARS_DE237,NUTS3_ANCRDT,1900-01-01 00:00:00,9999-12-31 00:00:00,0
7405,GGRPHCL_ARS_ES130,NUTS3_ANCRDT,1900-01-01 00:00:00,9999-12-31 00:00:00,0
7406,GGRPHCL_ARS_DE141,NUTS3_ANCRDT,1900-01-01 00:00:00,9999-12-31 00:00:00,0
7407,GGRPHCL_ARS_HU321,NUTS3_ANCRDT,1900-01-01 00:00:00,9999-12-31 00:00:00,0
7408,GGRPHCL_ARS_FI1D9,NUTS3_ANCRDT,1900-01-01 00:00:00,9999-12-31 00:00:00,0
7409,GGRPHCL_ARS_FRE12,NUTS3_ANCRDT,1900-01-01 00:00:00,9999-12-31 00:00:00,0
7410,GGRPHCL_ARS_FRB01,NUTS3_ANCRDT,1900-01-01 00:00:00,9999-12-31 00:00:00,0
7411,GGRPHCL_ARS_SE231,NUTS3_ANCRDT,1900-01-01 00:00:00,9999-12-31 00:00:00,0
7412,GGRPHCL_ARS_PL411,NUTS3_ANCRDT,1900-01-01 00:00:00,9999-12-31 00:00:00,0
7413,GGRPHCL_ARS_FRH01,NUTS3_ANCRDT,1900-01-01 00:00:00,9999-12-31 00:00:00,0
7414,GGRPHCL_ARS_DE274,NUTS3_ANCRDT,1900-01-01 00:00:00,9999-12-31 00:00:00,0
7415,GGRPHCL_ARS_DEB32,NUTS3_ANCRDT,1900-01-01 00:00:00,9999-12-31 00:00:00,0
7416,GGRPHCL_ARS_UKN08,NUTS3_ANCRDT,1900-01-01 00:00:00,2021-01-31 00:00:00,0
7417,GGRPHCL_ARS_ITC16,NUTS3_ANCRDT,1900-01-01 00:00:00,9999-12-31 00:00:00,0
7418,GGRPHCL_ARS_FI1DC,NUTS3_ANCRDT,2024-01-01 00:00:00,9999-12-31 00:00:00,0
7419,GGRPHCL_ARS_AT332,NUTS3_ANCRDT,1900-01-01 00:00:00,9999-12-31 00:00:00,0
7420,GGRPHCL_ARS_LT025,NUTS3_ANCRDT,1900-01-01 00:00:00,9999-12-31 00:00:00,0
7421,GGRPHCL_ARS_UKF24,NUTS3_ANCRDT,1900-01-01 00:00:00,2021-01-31 00:00:00,0
7422,GGRPHCL_ARS_DEA44,NUTS3_ANCRDT,1900-01-01 00:00:00,9999-12-31 00:00:00,0
7423,GGRPHCL_ARS_BE100,NUTS3_ANCRDT,1900-01-01 00:00:00,9999-12-31 00:00:00,0
7424,GGRPHCL_ARS_DE40G,NUTS3_ANCRDT,1900-01-01 00:00:00,9999-12-31 00:00:00,0
7425,GGRPHCL_ARS_FR253,NUTS3_ANCRDT,1900-01-01 00:00:00,2023-12-31 00:00:00,0
7426,GGRPHCL_ARS_UKK23,NUTS3_ANCRDT,1900-01-01 00:00:00,2021-01-31 00:00:00,0
7427,GGRPHCL_ARS_DEA13,NUTS3_ANCRDT,1900-01-01 00:00:00,9999-12-31 00:00:00,0
7428,GGRPHCL_ARS_BE221,NUTS3_ANCRDT,1900-01-01 00:00:00,2023-12-31 00:00:00,0
7429,GGRPHCL_ARS_ITC41,NUTS3_ANCRDT,1900-01-01 00:00:00,9999-12-31 00:00:00,0
7430,GGRPHCL_ARS_RO422,NUTS3_ANCRDT,1900-01-01 00:00:00,9999-12-31 00:00:00,0
7431,GGRPHCL_ARS_SE110,NUTS3_ANCRDT,1900-01-01 00:00:00,9999-12-31 00:00:00,0
7432,GGRPHCL_ARS_DE223,NUTS3_ANCRDT,1900-01-01 00:00:00,9999-12-31 00:00:00,0
7433,GGRPHCL_ARS_UKG22,NUTS3_ANCRDT,1900-01-01 00:00:00,2021-01-31 00:00:00,0
7434,GGRPHCL_ARS_FR411,NUTS3_ANCRDT,1900-01-01 00:00:00,2023-12-31 00:00:00,0
7435,GGRPHCL_ARS_ITH53,NUTS3_ANCRDT,1900-01-01 00:00:00,9999-12-31 00:00:00,0
7436,GGRPHCL_ARS_FR302,NUTS3_ANCRDT,1900-01-01 00:00:00,2023-12-31 00:00:00,0
7437,GGRPHCL_ARS_UKM61,NUTS3_ANCRDT,1900-01-01 00:00:00,2021-01-31 00:00:00,0
7438,GGRPHCL_ARS_PL517,NUTS3_ANCRDT,1900-01-01 00:00:00,9999-12-31 00:00:00,0
7439,GGRPHCL_ARS_RO116,NUTS3_ANCRDT,1900-01-01 00:00:00,9999-12-31 00:00:00,0
7440,GGRPHCL_ARS_NL211,NUTS3_ANCRDT,1900-01-01 00:00:00,9999-12-31 00:00:00,0
7441,GGRPHCL_ARS_DE717,NUTS3_ANCRDT,1900-01-01 00:00:00,9999-12-31 00:00:00,0
7442,GGRPHCL_ARS_DE931,NUTS3_ANCRDT,1900-01-01 00:00:00,9999-12-31 00:00:00,0
7443,GGRPHCL_ARS_FRC13,NUTS3_ANCRDT,1900-01-01 00:00:00,9999-12-31 00:00:00,0
7444,GGRPHCL_ARS_FI1D2,NUTS3_ANCRDT,1900-01-01 00:00:00,2023-12-31 00:00:00,0
7445,GGRPHCL_ARS_HU233,NUTS3_ANCRDT,1900-01-01 00:00:00,9999-12-31 00:00:00,0
7446,GGRPHCL_ARS_DEG0R,NUTS3_ANCRDT,2024-01-01 00:00:00,9999-12-31 00:00:00,0
7447,GGRPHCL_ARS_PL636,NUTS3_ANCRDT,1900-01-01 00:00:00,9999-12-31 00:00:00,0
7448,GGRPHCL_ARS_FRJ26,NUTS3_ANCRDT,1900-01-01 00:00:00,9999-12-31 00:00:00,0
7449,GGRPHCL_ARS_DEA2B,NUTS3_ANCRDT,1900-01-01 00:00:00,9999-12-31 00:00:00,0
7450,GGRPHCL_ARS_ITF22,NUTS3_ANCRDT,1900-01-01 00:00:00,9999-12-31 00:00:00,0
7451,GGRPHCL_ARS_UKJ25,NUTS3_ANCRDT,1900-01-01 00:00:00,2021-01-31 00:00:00,0
7452,GGRPHCL_ARS_DEG06,NUTS3_ANCRDT,1900-01-01 00:00:00,9999-12-31 00:00:00,0
7453,GGRPHCL_ARS_UKM36,NUTS3_ANCRDT,1900-01-01 00:00:00,2021-01-31 00:00:00,0
7454,GGRPHCL_ARS_DE21B,NUTS3_ANCRDT,1900-01-01 00:00:00,9999-12-31 00:00:00,0
7455,GGRPHCL_ARS_HR043,NUTS3_ANCRDT,1900-01-01 00:00:00,2023-12-31 00:00:00,0
7456,GGRPHCL_ARS_SK022,NUTS3_ANCRDT,1900-01-01 00:00:00,9999-12-31 00:00:00,0
7457,GGRPHCL_ARS_UKI53,NUTS3_ANCRDT,1900-01-01 00:00:00,2021-01-31 00:00:00,0
7458,GGRPHCL_ARS_DE94H,NUTS3_ANCRDT,1900-01-01 00:00:00,9999-12-31 00:00:00,0
7459,GGRPHCL_ARS_BE327,NUTS3_ANCRDT,1900-01-01 00:00:00,2023-12-31 00:00:00,0
7460,GGRPHCL_ARS_FR523,NUTS3_ANCRDT,1900-01-01 00:00:00,2023-12-31 00:00:00,0
7461,GGRPHCL_ARS_BE242,NUTS3_ANCRDT,1900-01-01 00:00:00,9999-12-31 00:00:00,0
7462,GGRPHCL_ARS_DE71B,NUTS3_ANCRDT,1900-01-01 00:00:00,9999-12-31 00:00:00,0
7463,GGRPHCL_ARS_LT011,NUTS3_ANCRDT,1900-01-01 00:00:00,9999-12-31 00:00:00,0
7464,GGRPHCL_ARS_UKH36,NUTS3_ANCRDT,1900-01-01 00:00:00,2021-01-31 00:00:00,0
7465,GGRPHCL_ARS_DE136,NUTS3_ANCRDT,1900-01-01 00:00:00,9999-12-31 00:00:00,0
7466,GGRPHCL_ARS_ES522,NUTS3_ANCRDT,1900-01-01 00:00:00,9999-12-31 00:00:00,0
7467,GGRPHCL_ARS_DE803,NUTS3_ANCRDT,1900-01-01 00:00:00,9999-12-31 00:00:00,0
7468,GGRPHCL_ARS_NL323,NUTS3_ANCRDT,1900-01-01 00:00:00,9999-12-31 00:00:00,0
7469,GGRPHCL_ARS_DEG0C,NUTS3_ANCRDT,1900-01-01 00:00:00,9999-12-31 00:00:00,0
7470,GGRPHCL_ARS_DE217,NUTS3_ANCRDT,1900-01-01 00:00:00,9999-12-31 00:00:00,0
7471,GGRPHCL_ARS_PL922,NUTS3_ANCRDT,1900-01-01 00:00:00,9999-12-31 00:00:00,0
7472,GGRPHCL_ARS_FRK14,NUTS3_ANCRDT,1900-01-01 00:00:00,9999-12-31 00:00:00,0
7473,GGRPHCL_ARS_SE124,NUTS3_ANCRDT,1900-01-01 00:00:00,9999-12-31 00:00:00,0
7474,GGRPHCL_ARS_BE32B,NUTS3_ANCRDT,1900-01-01 00:00:00,9999-12-31 00:00:00,0
7475,GGRPHCL_ARS_FR824,NUTS3_ANCRDT,1900-01-01 00:00:00,2023-12-31 00:00:00,0
7476,GGRPHCL_ARS_DEA27,NUTS3_ANCRDT,1900-01-01 00:00:00,9999-12-31 00:00:00,0
7477,GGRPHCL_ARS_CZ020,NUTS3_ANCRDT,1900-01-01 00:00:00,9999-12-31 00:00:00,0
7478,GGRPHCL_ARS_UKE31,NUTS3_ANCRDT,1900-01-01 00:00:00,2021-01-31 00:00:00,0
7479,GGRPHCL_ARS_DEB3G,NUTS3_ANCRDT,1900-01-01 00:00:00,9999-12-31 00:00:00,0
7480,GGRPHCL_ARS_ES424,NUTS3_ANCRDT,1900-01-01 00:00:00,9999-12-31 00:00:00,0
7481,GGRPHCL_ARS_DE129,NUTS3_ANCRDT,1900-01-01 00:00:00,9999-12-31 00:00:00,0
7482,GGRPHCL_ARS_DE723,NUTS3_ANCRDT,1900-01-01 00:00:00,9999-12-31 00:00:00,0
7483,GGRPHCL_ARS_FI1B1,NUTS3_ANCRDT,1900-01-01 00:00:00,9999-12-31 00:00:00,0
7484,GGRPHCL_ARS_IE051,NUTS3_ANCRDT,1900-01-01 00:00:00,9999-12-31 00:00:00,0
7485,GGRPHCL_ARS_NL225,NUTS3_ANCRDT,1900-01-01 00:00:00,9999-12-31 00:00:00,0
7486,GGRPHCL_ARS_FRI33,NUTS3_ANCRDT,1900-01-01 00:00:00,9999-12-31 00:00:00,0
7487,GGRPHCL_ARS_PL523,NUTS3_ANCRDT,1900-01-01 00:00:00,9999-12-31 00:00:00,0
7488,GGRPHCL_ARS_RO122,NUTS3_ANCRDT,1900-01-01 00:00:00,9999-12-31 00:00:00,0
7489,GGRPHCL_ARS_UKJ46,NUTS3_ANCRDT,1900-01-01 00:00:00,2021-01-31 00:00:00,0
7490,GGRPHCL_ARS_DE27A,NUTS3_ANCRDT,1900-01-01 00:00:00,9999-12-31 00:00:00,0
7491,GGRPHCL_ARS_BG313,NUTS3_ANCRDT,1900-01-01 00:00:00,9999-12-31 00:00:00,0
7492,GGRPHCL_ARS_DEB19,NUTS3_ANCRDT,1900-01-01 00:00:00,2023-12-31 00:00:00,0
7493,GGRPHCL_ARS_SK041,NUTS3_ANCRDT,1900-01-01 00:00:00,9999-12-31 00:00:00,0
7494,GGRPHCL_ARS_BE344,NUTS3_ANCRDT,1900-01-01 00:00:00,9999-12-31 00:00:00,0
7495,GGRPHCL_ARS_EL623,NUTS3_ANCRDT,1900-01-01 00:00:00,9999-12-31 00:00:00,0
7496,GGRPHCL_ARS_DED44,NUTS3_ANCRDT,1900-01-01 00:00:00,9999-12-31 00:00:00,0
7497,GGRPHCL_ARS_NL32B,NUTS3_ANCRDT,2024-01-01 00:00:00,9999-12-31 00:00:00,0
7498,GGRPHCL_ARS_BG344,NUTS3_ANCRDT,1900-01-01 00:00:00,9999-12-31 00:00:00,0
7499,GGRPHCL_ARS_UKD37,NUTS3_ANCRDT,1900-01-01 00:00:00,2021-01-31 00:00:00,0
7500,GGRPHCL_ARS_SI041,NUTS3_ANCRDT,1900-01-01 00:00:00,9999-12-31 00:00:00,0
7501,GGRPHCL_ARS_AT121,NUTS3_ANCRDT,1900-01-01 00:00:00,9999-12-31 00:00:00,0
7502,GGRPHCL_ARS_UKJ11,NUTS3_ANCRDT,1900-01-01 00:00:00,2021-01-31 00:00:00,0
7503,GGRPHCL_ARS_DEA38,NUTS3_ANCRDT,1900-01-01 00:00:00,9999-12-31 00:00:00,0
7504,GGRPHCL_ARS_ES705,NUTS3_ANCRDT,1900-01-01 00:00:00,9999-12-31 00:00:00,0
7505,GGRPHCL_ARS_DE402,NUTS3_ANCRDT,1900-01-01 00:00:00,9999-12-31 00:00:00,0
7506,GGRPHCL_ARS_DEF0E,NUTS3_ANCRDT,1900-01-01 00:00:00,9999-12-31 00:00:00,0
7507,GGRPHCL_ARS_DEA1F,NUTS3_ANCRDT,1900-01-01 00:00:00,9999-12-31 00:00:00,0
7508,GGRPHCL_ARS_ITG2A,NUTS3_ANCRDT,1900-01-01 00:00:00,2023-12-31 00:00:00,0
7509,GGRPHCL_ARS_FRJ12,NUTS3_ANCRDT,1900-01-01 00:00:00,9999-12-31 00:00:00,0
7510,GGRPHCL_ARS_FRM01,NUTS3_ANCRDT,1900-01-01 00:00:00,9999-12-31 00:00:00,0
7511,GGRPHCL_ARS_ITC4D,NUTS3_ANCRDT,1900-01-01 00:00:00,9999-12-31 00:00:00,0
7512,GGRPHCL_ARS_PL824,NUTS3_ANCRDT,1900-01-01 00:00:00,9999-12-31 00:00:00,0
7513,GGRPHCL_ARS_UKM84,NUTS3_ANCRDT,1900-01-01 00:00:00,2021-01-31 00:00:00,0
7514,GGRPHCL_ARS_DE932,NUTS3_ANCRDT,1900-01-01 00:00:00,9999-12-31 00:00:00,0
7515,GGRPHCL_ARS_ES413,NUTS3_ANCRDT,1900-01-01 00:00:00,9999-12-31 00:00:00,0
7516,GGRPHCL_ARS_ES300,NUTS3_ANCRDT,1900-01-01 00:00:00,9999-12-31 00:00:00,0
7517,GGRPHCL_ARS_DE714,NUTS3_ANCRDT,1900-01-01 00:00:00,9999-12-31 00:00:00,0
7518,GGRPHCL_ARS_NL212,NUTS3_ANCRDT,1900-01-01 00:00:00,9999-12-31 00:00:00,0
7519,GGRPHCL_ARS_PL514,NUTS3_ANCRDT,1900-01-01 00:00:00,9999-12-31 00:00:00,0
7520,GGRPHCL_ARS_RO115,NUTS3_ANCRDT,1900-01-01 00:00:00,9999-12-31 00:00:00,0
7521,GGRPHCL_ARS_DE268,NUTS3_ANCRDT,1900-01-01 00:00:00,9999-12-31 00:00:00,0
7522,GGRPHCL_ARS_UKM62,NUTS3_ANCRDT,1900-01-01 00:00:00,2021-01-31 00:00:00,0
7523,GGRPHCL_ARS_DEA58,NUTS3_ANCRDT,1900-01-01 00:00:00,9999-12-31 00:00:00,0
7524,GGRPHCL_ARS_FR301,NUTS3_ANCRDT,1900-01-01 00:00:00,2023-12-31 00:00:00,0
7525,GGRPHCL_ARS_BG324,NUTS3_ANCRDT,1900-01-01 00:00:00,9999-12-31 00:00:00,0
7526,GGRPHCL_ARS_FR412,NUTS3_ANCRDT,1900-01-01 00:00:00,2023-12-31 00:00:00,0
7527,GGRPHCL_ARS_UKN14,NUTS3_ANCRDT,1900-01-01 00:00:00,2021-01-31 00:00:00,0
7528,GGRPHCL_ARS_UKG21,NUTS3_ANCRDT,1900-01-01 00:00:00,2021-01-31 00:00:00,0
7529,GGRPHCL_ARS_BE324,NUTS3_ANCRDT,1900-01-01 00:00:00,2023-12-31 00:00:00,0
7530,GGRPHCL_ARS_FI198,NUTS3_ANCRDT,2024-01-01 00:00:00,9999-12-31 00:00:00,0
7531,GGRPHCL_ARS_EL643,NUTS3_ANCRDT,1900-01-01 00:00:00,9999-12-31 00:00:00,0
7532,GGRPHCL_ARS_SK021,NUTS3_ANCRDT,1900-01-01 00:00:00,9999-12-31 00:00:00,0
7533,GGRPHCL_ARS_DE21A,NUTS3_ANCRDT,1900-01-01 00:00:00,9999-12-31 00:00:00,0
7534,GGRPHCL_ARS_UKC13,NUTS3_ANCRDT,1900-01-01 00:00:00,2021-01-31 00:00:00,0
7535,GGRPHCL_ARS_DEG05,NUTS3_ANCRDT,1900-01-01 00:00:00,9999-12-31 00:00:00,0
7536,GGRPHCL_ARS_UKM35,NUTS3_ANCRDT,1900-01-01 00:00:00,2021-01-31 00:00:00,0
7537,GGRPHCL_ARS_ITF21,NUTS3_ANCRDT,1900-01-01 00:00:00,9999-12-31 00:00:00,0
7538,GGRPHCL_ARS_UKJ26,NUTS3_ANCRDT,1900-01-01 00:00:00,2021-01-31 00:00:00,0
7539,GGRPHCL_ARS_DEA2A,NUTS3_ANCRDT,1900-01-01 00:00:00,9999-12-31 00:00:00,0
7540,GGRPHCL_ARS_DE149,NUTS3_ANCRDT,1900-01-01 00:00:00,9999-12-31 00:00:00,0
7541,GGRPHCL_ARS_DEG0Q,NUTS3_ANCRDT,2024-01-01 00:00:00,9999-12-31 00:00:00,0
7542,GGRPHCL_ARS_FRJ25,NUTS3_ANCRDT,1900-01-01 00:00:00,9999-12-31 00:00:00,0
7543,GGRPHCL_ARS_FI1D1,NUTS3_ANCRDT,1900-01-01 00:00:00,2023-12-31 00:00:00,0
7544,GGRPHCL_ARS_NL133,NUTS3_ANCRDT,1900-01-01 00:00:00,9999-12-31 00:00:00,0
7545,GGRPHCL_ARS_FR514,NUTS3_ANCRDT,1900-01-01 00:00:00,2023-12-31 00:00:00,0
7546,GGRPHCL_ARS_DEA47,NUTS3_ANCRDT,1900-01-01 00:00:00,9999-12-31 00:00:00,0
7547,GGRPHCL_ARS_LT026,NUTS3_ANCRDT,1900-01-01 00:00:00,9999-12-31 00:00:00,0
7548,GGRPHCL_ARS_ITC15,NUTS3_ANCRDT,1900-01-01 00:00:00,9999-12-31 00:00:00,0
7549,GGRPHCL_ARS_AT331,NUTS3_ANCRDT,1900-01-01 00:00:00,9999-12-31 00:00:00,0
7550,GGRPHCL_ARS_DEB31,NUTS3_ANCRDT,1900-01-01 00:00:00,9999-12-31 00:00:00,0
7551,GGRPHCL_ARS_PT119,NUTS3_ANCRDT,1900-01-01 00:00:00,9999-12-31 00:00:00,0
7552,GGRPHCL_ARS_DE277,NUTS3_ANCRDT,1900-01-01 00:00:00,9999-12-31 00:00:00,0
7553,GGRPHCL_ARS_FRH02,NUTS3_ANCRDT,1900-01-01 00:00:00,9999-12-31 00:00:00,0
7554,GGRPHCL_ARS_SE232,NUTS3_ANCRDT,1900-01-01 00:00:00,9999-12-31 00:00:00,0
7555,GGRPHCL_ARS_PL218,NUTS3_ANCRDT,1900-01-01 00:00:00,9999-12-31 00:00:00,0
7556,GGRPHCL_ARS_FRF24,NUTS3_ANCRDT,1900-01-01 00:00:00,9999-12-31 00:00:00,0
7557,GGRPHCL_ARS_FRK23,NUTS3_ANCRDT,1900-01-01 00:00:00,9999-12-31 00:00:00,0
7558,GGRPHCL_ARS_RO421,NUTS3_ANCRDT,1900-01-01 00:00:00,9999-12-31 00:00:00,0
7559,GGRPHCL_ARS_ITC42,NUTS3_ANCRDT,1900-01-01 00:00:00,9999-12-31 00:00:00,0
7560,GGRPHCL_ARS_FR813,NUTS3_ANCRDT,1900-01-01 00:00:00,2023-12-31 00:00:00,0
7561,GGRPHCL_ARS_BE222,NUTS3_ANCRDT,1900-01-01 00:00:00,2023-12-31 00:00:00,0
7562,GGRPHCL_ARS_SEZZZ,NUTS3_ANCRDT,1900-01-01 00:00:00,9999-12-31 00:00:00,0
7563,GGRPHCL_ARS_DEF03,NUTS3_ANCRDT,1900-01-01 00:00:00,9999-12-31 00:00:00,0
7564,GGRPHCL_ARS_ITG27,NUTS3_ANCRDT,1900-01-01 00:00:00,2023-12-31 00:00:00,0
7565,GGRPHCL_ARS_DE40D,NUTS3_ANCRDT,1900-01-01 00:00:00,9999-12-31 00:00:00,0
7566,GGRPHCL_ARS_EL433,NUTS3_ANCRDT,1900-01-01 00:00:00,9999-12-31 00:00:00,0
7567,GGRPHCL_ARS_UKI33,NUTS3_ANCRDT,1900-01-01 00:00:00,2021-01-31 00:00:00,0
7568,GGRPHCL_ARS_SK042,NUTS3_ANCRDT,1900-01-01 00:00:00,9999-12-31 00:00:00,0
7569,GGRPHCL_ARS_HR023,NUTS3_ANCRDT,1900-01-01 00:00:00,9999-12-31 00:00:00,0
7570,GGRPHCL_ARS_DEC03,NUTS3_ANCRDT,1900-01-01 00:00:00,9999-12-31 00:00:00,0
7571,GGRPHCL_ARS_DEE09,NUTS3_ANCRDT,1900-01-01 00:00:00,9999-12-31 00:00:00,0
7572,GGRPHCL_ARS_UKD63,NUTS3_ANCRDT,1900-01-01 00:00:00,2021-01-31 00:00:00,0
7573,GGRPHCL_ARS_EE001,NUTS3_ANCRDT,1900-01-01 00:00:00,9999-12-31 00:00:00,0
7574,GGRPHCL_ARS_DE27B,NUTS3_ANCRDT,1900-01-01 00:00:00,9999-12-31 00:00:00,0
7575,GGRPHCL_ARS_UKJ45,NUTS3_ANCRDT,1900-01-01 00:00:00,2021-01-31 00:00:00,0
7576,GGRPHCL_ARS_RO121,NUTS3_ANCRDT,1900-01-01 00:00:00,9999-12-31 00:00:00,0
7577,GGRPHCL_ARS_IE052,NUTS3_ANCRDT,1900-01-01 00:00:00,9999-12-31 00:00:00,0
7578,GGRPHCL_ARS_NL226,NUTS3_ANCRDT,1900-01-01 00:00:00,9999-12-31 00:00:00,0
7579,GGRPHCL_ARS_DEB3D,NUTS3_ANCRDT,1900-01-01 00:00:00,9999-12-31 00:00:00,0
7580,GGRPHCL_ARS_FRC24,NUTS3_ANCRDT,1900-01-01 00:00:00,9999-12-31 00:00:00,0
7581,GGRPHCL_ARS_FRM02,NUTS3_ANCRDT,1900-01-01 00:00:00,9999-12-31 00:00:00,0
7582,GGRPHCL_ARS_FRJ11,NUTS3_ANCRDT,1900-01-01 00:00:00,9999-12-31 00:00:00,0
7583,GGRPHCL_ARS_ITG2B,NUTS3_ANCRDT,1900-01-01 00:00:00,2023-12-31 00:00:00,0
7584,GGRPHCL_ARS_DEA1E,NUTS3_ANCRDT,1900-01-01 00:00:00,9999-12-31 00:00:00,0
7585,GGRPHCL_ARS_DEF0F,NUTS3_ANCRDT,1900-01-01 00:00:00,9999-12-31 00:00:00,0
7586,GGRPHCL_ARS_DE401,NUTS3_ANCRDT,1900-01-01 00:00:00,9999-12-31 00:00:00,0
7587,GGRPHCL_ARS_ES706,NUTS3_ANCRDT,1900-01-01 00:00:00,9999-12-31 00:00:00,0
7588,GGRPHCL_ARS_UKJ12,NUTS3_ANCRDT,1900-01-01 00:00:00,2021-01-31 00:00:00,0
7589,GGRPHCL_ARS_UKL18,NUTS3_ANCRDT,1900-01-01 00:00:00,2021-01-31 00:00:00,0
7590,GGRPHCL_ARS_AT122,NUTS3_ANCRDT,1900-01-01 00:00:00,9999-12-31 00:00:00,0
7591,GGRPHCL_ARS_SI042,NUTS3_ANCRDT,1900-01-01 00:00:00,9999-12-31 00:00:00,0
7592,GGRPHCL_ARS_ITH33,NUTS3_ANCRDT,1900-01-01 00:00:00,9999-12-31 00:00:00,0
7593,GGRPHCL_ARS_UKD34,NUTS3_ANCRDT,1900-01-01 00:00:00,2021-01-31 00:00:00,0
7594,GGRPHCL_ARS_NL32A,NUTS3_ANCRDT,2024-01-01 00:00:00,9999-12-31 00:00:00,0
7595,GGRPHCL_ARS_DK050,NUTS3_ANCRDT,1900-01-01 00:00:00,9999-12-31 00:00:00,0
7596,GGRPHCL_ARS_BE310,NUTS3_ANCRDT,1900-01-01 00:00:00,9999-12-31 00:00:00,0
7597,GGRPHCL_ARS_SIZZZ,NUTS3_ANCRDT,1900-01-01 00:00:00,9999-12-31 00:00:00,0
7598,GGRPHCL_ARS_PL426,NUTS3_ANCRDT,1900-01-01 00:00:00,9999-12-31 00:00:00,0
7599,GGRPHCL_ARS_DE243,NUTS3_ANCRDT,1900-01-01 00:00:00,9999-12-31 00:00:00,0
7600,GGRPHCL_ARS_DE919,NUTS3_ANCRDT,1900-01-01 00:00:00,2023-12-31 00:00:00,0
7601,GGRPHCL_ARS_NL128,NUTS3_ANCRDT,2024-01-01 00:00:00,9999-12-31 00:00:00,0
7602,GGRPHCL_ARS_ES521,NUTS3_ANCRDT,1900-01-01 00:00:00,9999-12-31 00:00:00,0
7603,GGRPHCL_ARS_DE135,NUTS3_ANCRDT,1900-01-01 00:00:00,9999-12-31 00:00:00,0
7604,GGRPHCL_ARS_UKH35,NUTS3_ANCRDT,1900-01-01 00:00:00,2021-01-31 00:00:00,0
7605,GGRPHCL_ARS_DE71A,NUTS3_ANCRDT,1900-01-01 00:00:00,9999-12-31 00:00:00,0
7606,GGRPHCL_ARS_UKF13,NUTS3_ANCRDT,1900-01-01 00:00:00,2021-01-31 00:00:00,0
7607,GGRPHCL_ARS_BE241,NUTS3_ANCRDT,1900-01-01 00:00:00,9999-12-31 00:00:00,0
7608,GGRPHCL_ARS_UKK43,NUTS3_ANCRDT,1900-01-01 00:00:00,2021-01-31 00:00:00,0
7609,GGRPHCL_ARS_UKE32,NUTS3_ANCRDT,1900-01-01 00:00:00,2021-01-31 00:00:00,0
7610,GGRPHCL_ARS_ITI35,NUTS3_ANCRDT,1900-01-01 00:00:00,9999-12-31 00:00:00,0
7611,GGRPHCL_ARS_ESZZZ,NUTS3_ANCRDT,1900-01-01 00:00:00,9999-12-31 00:00:00,0
7612,GGRPHCL_ARS_FR264,NUTS3_ANCRDT,1900-01-01 00:00:00,2023-12-31 00:00:00,0
7613,GGRPHCL_ARS_UKK14,NUTS3_ANCRDT,1900-01-01 00:00:00,2021-01-31 00:00:00,0
7614,GGRPHCL_ARS_ITG13,NUTS3_ANCRDT,1900-01-01 00:00:00,9999-12-31 00:00:00,0
7615,GGRPHCL_ARS_DEA24,NUTS3_ANCRDT,1900-01-01 00:00:00,9999-12-31 00:00:00,0
7616,GGRPHCL_ARS_FR718,NUTS3_ANCRDT,1900-01-01 00:00:00,2023-12-31 00:00:00,0
7617,GGRPHCL_ARS_PL12C,NUTS3_ANCRDT,1900-01-01 00:00:00,2023-12-31 00:00:00,0
7618,GGRPHCL_ARS_FRL04,NUTS3_ANCRDT,1900-01-01 00:00:00,9999-12-31 00:00:00,0
7619,GGRPHCL_ARS_RO415,NUTS3_ANCRDT,1900-01-01 00:00:00,9999-12-31 00:00:00,0
7620,GGRPHCL_ARS_BE32A,NUTS3_ANCRDT,1900-01-01 00:00:00,9999-12-31 00:00:00,0
7621,GGRPHCL_ARS_HR04E,NUTS3_ANCRDT,1900-01-01 00:00:00,2023-12-31 00:00:00,0
7622,GGRPHCL_ARS_PL921,NUTS3_ANCRDT,1900-01-01 00:00:00,9999-12-31 00:00:00,0
7623,GGRPHCL_ARS_SKZZZ,NUTS3_ANCRDT,1900-01-01 00:00:00,9999-12-31 00:00:00,0
7624,GGRPHCL_ARS_ES113,NUTS3_ANCRDT,1900-01-01 00:00:00,9999-12-31 00:00:00,0
7625,GGRPHCL_ARS_DE214,NUTS3_ANCRDT,1900-01-01 00:00:00,9999-12-31 00:00:00,0
7626,GGRPHCL_ARS_DE121,NUTS3_ANCRDT,1900-01-01 00:00:00,9999-12-31 00:00:00,0
7627,GGRPHCL_ARS_EEZZZ,NUTS3_ANCRDT,1900-01-01 00:00:00,9999-12-31 00:00:00,0
7628,GGRPHCL_ARS_PL432,NUTS3_ANCRDT,1900-01-01 00:00:00,9999-12-31 00:00:00,0
7629,GGRPHCL_ARS_SE212,NUTS3_ANCRDT,1900-01-01 00:00:00,9999-12-31 00:00:00,0
7630,GGRPHCL_ARS_DE257,NUTS3_ANCRDT,1900-01-01 00:00:00,9999-12-31 00:00:00,0
7631,GGRPHCL_ARS_FR534,NUTS3_ANCRDT,1900-01-01 00:00:00,2023-12-31 00:00:00,0
7632,GGRPHCL_ARS_FI197,NUTS3_ANCRDT,1900-01-01 00:00:00,2023-12-31 00:00:00,0
7633,GGRPHCL_ARS_DEE02,NUTS3_ANCRDT,1900-01-01 00:00:00,9999-12-31 00:00:00,0
7634,GGRPHCL_ARS_AT311,NUTS3_ANCRDT,1900-01-01 00:00:00,9999-12-31 00:00:00,0
7635,GGRPHCL_ARS_DEB11,NUTS3_ANCRDT,1900-01-01 00:00:00,9999-12-31 00:00:00,0
7636,GGRPHCL_ARS_UKH21,NUTS3_ANCRDT,1900-01-01 00:00:00,2021-01-31 00:00:00,0
7637,GGRPHCL_ARS_HR028,NUTS3_ANCRDT,1900-01-01 00:00:00,9999-12-31 00:00:00,0
7638,GGRPHCL_ARS_BE255,NUTS3_ANCRDT,1900-01-01 00:00:00,9999-12-31 00:00:00,0
7639,GGRPHCL_ARS_LT006,NUTS3_ANCRDT,1900-01-01 00:00:00,2023-12-31 00:00:00,0
7640,GGRPHCL_ARS_FR106,NUTS3_ANCRDT,1900-01-01 00:00:00,9999-12-31 00:00:00,0
7641,GGRPHCL_ARS_FR615,NUTS3_ANCRDT,1900-01-01 00:00:00,2023-12-31 00:00:00,0
7642,GGRPHCL_ARS_LV006,NUTS3_ANCRDT,1900-01-01 00:00:00,2023-12-31 00:00:00,0
7643,GGRPHCL_ARS_EL413,NUTS3_ANCRDT,1900-01-01 00:00:00,9999-12-31 00:00:00,0
7644,GGRPHCL_ARS_ITI21,NUTS3_ANCRDT,1900-01-01 00:00:00,9999-12-31 00:00:00,0
7645,GGRPHCL_ARS_UKL13,NUTS3_ANCRDT,1900-01-01 00:00:00,2021-01-31 00:00:00,0
7646,GGRPHCL_ARS_ES614,NUTS3_ANCRDT,1900-01-01 00:00:00,9999-12-31 00:00:00,0
7647,GGRPHCL_ARS_FRA40,NUTS3_ANCRDT,1900-01-01 00:00:00,2023-12-31 00:00:00,0
7648,GGRPHCL_ARS_PL713,NUTS3_ANCRDT,1900-01-01 00:00:00,9999-12-31 00:00:00,0
7649,GGRPHCL_ARS_RO312,NUTS3_ANCRDT,1900-01-01 00:00:00,9999-12-31 00:00:00,0
7650,GGRPHCL_ARS_FR432,NUTS3_ANCRDT,1900-01-01 00:00:00,2023-12-31 00:00:00,0
7651,GGRPHCL_ARS_EL542,NUTS3_ANCRDT,1900-01-01 00:00:00,9999-12-31 00:00:00,0
7652,GGRPHCL_ARS_BE353,NUTS3_ANCRDT,1900-01-01 00:00:00,9999-12-31 00:00:00,0
7653,GGRPHCL_ARS_DK013,NUTS3_ANCRDT,1900-01-01 00:00:00,9999-12-31 00:00:00,0
7654,GGRPHCL_ARS_HR037,NUTS3_ANCRDT,1900-01-01 00:00:00,9999-12-31 00:00:00,0
7655,GGRPHCL_ARS_DE734,NUTS3_ANCRDT,1900-01-01 00:00:00,9999-12-31 00:00:00,0
7656,GGRPHCL_ARS_DE912,NUTS3_ANCRDT,1900-01-01 00:00:00,9999-12-31 00:00:00,0
7657,GGRPHCL_ARS_DE248,NUTS3_ANCRDT,1900-01-01 00:00:00,9999-12-31 00:00:00,0
7658,GGRPHCL_ARS_PL227,NUTS3_ANCRDT,1900-01-01 00:00:00,9999-12-31 00:00:00,0
7659,GGRPHCL_ARS_FRG02,NUTS3_ANCRDT,1900-01-01 00:00:00,9999-12-31 00:00:00,0
7660,GGRPHCL_ARS_DEG0K,NUTS3_ANCRDT,1900-01-01 00:00:00,9999-12-31 00:00:00,0
7661,GGRPHCL_ARS_IE011,NUTS3_ANCRDT,1900-01-01 00:00:00,2023-12-31 00:00:00,0
7662,GGRPHCL_ARS_NL113,NUTS3_ANCRDT,1900-01-01 00:00:00,2023-12-31 00:00:00,0
7663,GGRPHCL_ARS_DE945,NUTS3_ANCRDT,1900-01-01 00:00:00,9999-12-31 00:00:00,0
7664,GGRPHCL_ARS_RO214,NUTS3_ANCRDT,1900-01-01 00:00:00,9999-12-31 00:00:00,0
7665,GGRPHCL_ARS_DED53,NUTS3_ANCRDT,1900-01-01 00:00:00,9999-12-31 00:00:00,0
7666,GGRPHCL_ARS_NLZZZ,NUTS3_ANCRDT,1900-01-01 00:00:00,9999-12-31 00:00:00,0
7667,GGRPHCL_ARS_FR713,NUTS3_ANCRDT,1900-01-01 00:00:00,2023-12-31 00:00:00,0
7668,GGRPHCL_ARS_ITG18,NUTS3_ANCRDT,1900-01-01 00:00:00,9999-12-31 00:00:00,0
7669,GGRPHCL_ARS_DE23A,NUTS3_ANCRDT,1900-01-01 00:00:00,9999-12-31 00:00:00,0
7670,GGRPHCL_ARS_EL515,NUTS3_ANCRDT,1900-01-01 00:00:00,9999-12-31 00:00:00,0
7671,GGRPHCL_ARS_DEB25,NUTS3_ANCRDT,1900-01-01 00:00:00,9999-12-31 00:00:00,0
7672,GGRPHCL_ARS_UKH15,NUTS3_ANCRDT,1900-01-01 00:00:00,2021-01-31 00:00:00,0
7673,GGRPHCL_ARS_DE80N,NUTS3_ANCRDT,1900-01-01 00:00:00,9999-12-31 00:00:00,0
7674,GGRPHCL_ARS_PL22B,NUTS3_ANCRDT,1900-01-01 00:00:00,9999-12-31 00:00:00,0
7675,GGRPHCL_ARS_ITI42,NUTS3_ANCRDT,1900-01-01 00:00:00,9999-12-31 00:00:00,0
7676,GGRPHCL_ARS_UKE45,NUTS3_ANCRDT,1900-01-01 00:00:00,2021-01-31 00:00:00,0
7677,GGRPHCL_ARS_FR213,NUTS3_ANCRDT,1900-01-01 00:00:00,2023-12-31 00:00:00,0
7678,GGRPHCL_ARS_DEA53,NUTS3_ANCRDT,1900-01-01 00:00:00,9999-12-31 00:00:00,0
7679,GGRPHCL_ARS_PL315,NUTS3_ANCRDT,1900-01-01 00:00:00,2023-12-31 00:00:00,0
7680,GGRPHCL_ARS_DE263,NUTS3_ANCRDT,1900-01-01 00:00:00,9999-12-31 00:00:00,0
7681,GGRPHCL_ARS_PT1C2,NUTS3_ANCRDT,2024-01-01 00:00:00,9999-12-31 00:00:00,0
7682,GGRPHCL_ARS_NL413,NUTS3_ANCRDT,1900-01-01 00:00:00,2023-12-31 00:00:00,0
7683,GGRPHCL_ARS_ES212,NUTS3_ANCRDT,1900-01-01 00:00:00,9999-12-31 00:00:00,0
7684,GGRPHCL_ARS_ES418,NUTS3_ANCRDT,1900-01-01 00:00:00,9999-12-31 00:00:00,0
7685,GGRPHCL_ARS_DE115,NUTS3_ANCRDT,1900-01-01 00:00:00,9999-12-31 00:00:00,0
7686,GGRPHCL_ARS_DE939,NUTS3_ANCRDT,1900-01-01 00:00:00,9999-12-31 00:00:00,0
7687,GGRPHCL_ARS_FRB02,NUTS3_ANCRDT,1900-01-01 00:00:00,9999-12-31 00:00:00,0
7688,GGRPHCL_ARS_FRE11,NUTS3_ANCRDT,1900-01-01 00:00:00,9999-12-31 00:00:00,0
7689,GGRPHCL_ARS_HU322,NUTS3_ANCRDT,1900-01-01 00:00:00,9999-12-31 00:00:00,0
7690,GGRPHCL_ARS_DE142,NUTS3_ANCRDT,1900-01-01 00:00:00,9999-12-31 00:00:00,0
7691,GGRPHCL_ARS_DE234,NUTS3_ANCRDT,1900-01-01 00:00:00,9999-12-31 00:00:00,0
7692,GGRPHCL_ARS_ES620,NUTS3_ANCRDT,1900-01-01 00:00:00,9999-12-31 00:00:00,0
7693,GGRPHCL_ARS_UKE12,NUTS3_ANCRDT,1900-01-01 00:00:00,2021-01-31 00:00:00,0
7694,GGRPHCL_ARS_ITI15,NUTS3_ANCRDT,1900-01-01 00:00:00,9999-12-31 00:00:00,0
7695,GGRPHCL_ARS_DE21J,NUTS3_ANCRDT,1900-01-01 00:00:00,9999-12-31 00:00:00,0
7696,GGRPHCL_ARS_FR244,NUTS3_ANCRDT,1900-01-01 00:00:00,2023-12-31 00:00:00,0
7697,GGRPHCL_ARS_FR621,NUTS3_ANCRDT,1900-01-01 00:00:00,2023-12-31 00:00:00,0
7698,GGRPHCL_ARS_BE236,NUTS3_ANCRDT,1900-01-01 00:00:00,9999-12-31 00:00:00,0
7699,GGRPHCL_ARS_PL213,NUTS3_ANCRDT,1900-01-01 00:00:00,9999-12-31 00:00:00,0
7700,GGRPHCL_ARS_DE926,NUTS3_ANCRDT,1900-01-01 00:00:00,9999-12-31 00:00:00,0
7701,GGRPHCL_ARS_DEB1D,NUTS3_ANCRDT,1900-01-01 00:00:00,9999-12-31 00:00:00,0
7702,GGRPHCL_ARS_PT112,NUTS3_ANCRDT,1900-01-01 00:00:00,9999-12-31 00:00:00,0
7703,GGRPHCL_ARS_ELZZZ,NUTS3_ANCRDT,1900-01-01 00:00:00,9999-12-31 00:00:00,0
7704,GGRPHCL_ARS_AT223,NUTS3_ANCRDT,1900-01-01 00:00:00,9999-12-31 00:00:00,0
7705,GGRPHCL_ARS_NL33A,NUTS3_ANCRDT,1900-01-01 00:00:00,2023-12-31 00:00:00,0
7706,GGRPHCL_ARS_ITF62,NUTS3_ANCRDT,1900-01-01 00:00:00,9999-12-31 00:00:00,0
7707,GGRPHCL_ARS_UKM76,NUTS3_ANCRDT,1900-01-01 00:00:00,2021-01-31 00:00:00,0
7708,GGRPHCL_ARS_SI035,NUTS3_ANCRDT,1900-01-01 00:00:00,9999-12-31 00:00:00,0
7709,GGRPHCL_ARS_ITH44,NUTS3_ANCRDT,1900-01-01 00:00:00,9999-12-31 00:00:00,0
7710,GGRPHCL_ARS_BG423,NUTS3_ANCRDT,1900-01-01 00:00:00,9999-12-31 00:00:00,0
7711,GGRPHCL_ARS_DE25B,NUTS3_ANCRDT,1900-01-01 00:00:00,9999-12-31 00:00:00,0
7712,GGRPHCL_ARS_PT193,NUTS3_ANCRDT,2024-01-01 00:00:00,9999-12-31 00:00:00,0
7713,GGRPHCL_ARS_EL521,NUTS3_ANCRDT,1900-01-01 00:00:00,9999-12-31 00:00:00,0
7714,GGRPHCL_ARS_ITF35,NUTS3_ANCRDT,1900-01-01 00:00:00,9999-12-31 00:00:00,0
7715,GGRPHCL_ARS_UKJ32,NUTS3_ANCRDT,1900-01-01 00:00:00,2021-01-31 00:00:00,0
7716,GGRPHCL_ARS_DEF08,NUTS3_ANCRDT,1900-01-01 00:00:00,9999-12-31 00:00:00,0
7717,GGRPHCL_ARS_UKM21,NUTS3_ANCRDT,1900-01-01 00:00:00,2021-01-31 00:00:00,0
7718,GGRPHCL_ARS_UKI44,NUTS3_ANCRDT,1900-01-01 00:00:00,2021-01-31 00:00:00,0
7719,GGRPHCL_ARS_ITC49,NUTS3_ANCRDT,1900-01-01 00:00:00,9999-12-31 00:00:00,0
7720,GGRPHCL_ARS_FRK28,NUTS3_ANCRDT,1900-01-01 00:00:00,9999-12-31 00:00:00,0
7721,GGRPHCL_ARS_PL621,NUTS3_ANCRDT,1900-01-01 00:00:00,9999-12-31 00:00:00,0
7722,GGRPHCL_ARS_IE025,NUTS3_ANCRDT,1900-01-01 00:00:00,2023-12-31 00:00:00,0
7723,LGL_FRM_NL9,LGL_FRM_RIAD_ANCRDT,1900-01-01 00:00:00,9999-12-31 00:00:00,0
7724,LGL_FRM_-99,LGL_FRM_RIAD_ANCRDT,1900-01-01 00:00:00,9999-12-31 00:00:00,0
7725,LGL_FRM_NL7,LGL_FRM_RIAD_ANCRDT,1900-01-01 00:00:00,9999-12-31 00:00:00,0
7726,LGL_FRM_FI12,LGL_FRM_RIAD_ANCRDT,1900-01-01 00:00:00,9999-12-31 00:00:00,0
7727,LGL_FRM_LU03,LGL_FRM_RIAD_ANCRDT,1900-01-01 00:00:00,9999-12-31 00:00:00,0
7728,LGL_FRM_HR38,LGL_FRM_RIAD_ANCRDT,1900-01-01 00:00:00,9999-12-31 00:00:00,0
7729,LGL_FRM_HR07,LGL_FRM_RIAD_ANCRDT,1900-01-01 00:00:00,9999-12-31 00:00:00,0
7730,LGL_FRM_HR60,LGL_FRM_RIAD_ANCRDT,1900-01-01 00:00:00,9999-12-31 00:00:00,0
7731,LGL_FRM_SE92,LGL_FRM_RIAD_ANCRDT,1900-01-01 00:00:00,9999-12-31 00:00:00,0
7732,LGL_FRM_HR15,LGL_FRM_RIAD_ANCRDT,1900-01-01 00:00:00,9999-12-31 00:00:00,0
7733,LGL_FRM_LU11,LGL_FRM_RIAD_ANCRDT,1900-01-01 00:00:00,9999-12-31 00:00:00,0
7734,LGL_FRM_FI51,LGL_FRM_RIAD_ANCRDT,1900-01-01 00:00:00,9999-12-31 00:00:00,0
7735,LGL_FRM_IE07,LGL_FRM_RIAD_ANCRDT,1900-01-01 00:00:00,9999-12-31 00:00:00,0
7736,LGL_FRM_FI24,LGL_FRM_RIAD_ANCRDT,1900-01-01 00:00:00,9999-12-31 00:00:00,0
7737,LGL_FRM_LU35,LGL_FRM_RIAD_ANCRDT,1900-01-01 00:00:00,9999-12-31 00:00:00,0
7738,LGL_FRM_SE63,LGL_FRM_RIAD_ANCRDT,1900-01-01 00:00:00,9999-12-31 00:00:00,0
7739,LGL_FRM_HR44,LGL_FRM_RIAD_ANCRDT,1900-01-01 00:00:00,9999-12-31 00:00:00,0
7740,LGL_FRM_SE71,LGL_FRM_RIAD_ANCRDT,1900-01-01 00:00:00,9999-12-31 00:00:00,0
7741,LGL_FRM_HR23,LGL_FRM_RIAD_ANCRDT,1900-01-01 00:00:00,9999-12-31 00:00:00,0
7742,LGL_FRM_IE15,LGL_FRM_RIAD_ANCRDT,1900-01-01 00:00:00,9999-12-31 00:00:00,0
7743,LGL_FRM_FI43,LGL_FRM_RIAD_ANCRDT,1900-01-01 00:00:00,9999-12-31 00:00:00,0
7744,LGL_FRM_LU27,LGL_FRM_RIAD_ANCRDT,1900-01-01 00:00:00,9999-12-31 00:00:00,0
7745,LGL_FRM_LU18,LGL_FRM_RIAD_ANCRDT,1900-01-01 00:00:00,9999-12-31 00:00:00,0
7746,LGL_FRM_HR21,LGL_FRM_RIAD_ANCRDT,1900-01-01 00:00:00,9999-12-31 00:00:00,0
7747,LGL_FRM_FI41,LGL_FRM_RIAD_ANCRDT,1900-01-01 00:00:00,9999-12-31 00:00:00,0
7748,LGL_FRM_FI26,LGL_FRM_RIAD_ANCRDT,1900-01-01 00:00:00,9999-12-31 00:00:00,0
7749,LGL_FRM_FI19,LGL_FRM_RIAD_ANCRDT,1900-01-01 00:00:00,9999-12-31 00:00:00,0
7750,LGL_FRM_IE05,LGL_FRM_RIAD_ANCRDT,1900-01-01 00:00:00,9999-12-31 00:00:00,0
7751,LGL_FRM_LU08,LGL_FRM_RIAD_ANCRDT,1900-01-01 00:00:00,9999-12-31 00:00:00,0
7752,LGL_FRM_LU37,LGL_FRM_RIAD_ANCRDT,1900-01-01 00:00:00,9999-12-31 00:00:00,0
7753,LGL_FRM_SE61,LGL_FRM_RIAD_ANCRDT,1900-01-01 00:00:00,9999-12-31 00:00:00,0
7754,LGL_FRM_HR17,LGL_FRM_RIAD_ANCRDT,1900-01-01 00:00:00,9999-12-31 00:00:00,0
7755,LGL_FRM_HR62,LGL_FRM_RIAD_ANCRDT,1900-01-01 00:00:00,9999-12-31 00:00:00,0
7756,LGL_FRM_HR28,LGL_FRM_RIAD_ANCRDT,1900-01-01 00:00:00,9999-12-31 00:00:00,0
7757,LGL_FRM_FI48,LGL_FRM_RIAD_ANCRDT,1900-01-01 00:00:00,9999-12-31 00:00:00,0
7758,LGL_FRM_LU13,LGL_FRM_RIAD_ANCRDT,1900-01-01 00:00:00,9999-12-31 00:00:00,0
7759,LGL_FRM_FI10,LGL_FRM_RIAD_ANCRDT,1900-01-01 00:00:00,9999-12-31 00:00:00,0
7760,LGL_FRM_FI65,LGL_FRM_RIAD_ANCRDT,1900-01-01 00:00:00,9999-12-31 00:00:00,0
7761,LGL_FRM_SE22,LGL_FRM_RIAD_ANCRDT,1900-01-01 00:00:00,9999-12-31 00:00:00,0
7762,LGL_FRM_HR05,LGL_FRM_RIAD_ANCRDT,1900-01-01 00:00:00,9999-12-31 00:00:00,0
7763,LGL_FRM_SE82,LGL_FRM_RIAD_ANCRDT,1900-01-01 00:00:00,9999-12-31 00:00:00,0
7764,LGL_FRM_SE94,LGL_FRM_RIAD_ANCRDT,1900-01-01 00:00:00,9999-12-31 00:00:00,0
7765,LGL_FRM_HR13,LGL_FRM_RIAD_ANCRDT,1900-01-01 00:00:00,9999-12-31 00:00:00,0
7766,LGL_FRM_HR59,LGL_FRM_RIAD_ANCRDT,1900-01-01 00:00:00,9999-12-31 00:00:00,0
7767,LGL_FRM_SE41,LGL_FRM_RIAD_ANCRDT,1900-01-01 00:00:00,9999-12-31 00:00:00,0
7768,LGL_FRM_LU17,LGL_FRM_RIAD_ANCRDT,1900-01-01 00:00:00,9999-12-31 00:00:00,0
7769,LGL_FRM_FI99,LGL_FRM_RIAD_ANCRDT,1900-01-01 00:00:00,9999-12-31 00:00:00,0
7770,LGL_FRM_FI39,LGL_FRM_RIAD_ANCRDT,1900-01-01 00:00:00,9999-12-31 00:00:00,0
7771,LGL_FRM_LU05,LGL_FRM_RIAD_ANCRDT,1900-01-01 00:00:00,9999-12-31 00:00:00,0
7772,LGL_FRM_FI61,LGL_FRM_RIAD_ANCRDT,1900-01-01 00:00:00,9999-12-31 00:00:00,0
7773,LGL_FRM_FI14,LGL_FRM_RIAD_ANCRDT,1900-01-01 00:00:00,9999-12-31 00:00:00,0
7774,LGL_FRM_IE08,LGL_FRM_RIAD_ANCRDT,1900-01-01 00:00:00,9999-12-31 00:00:00,0
7775,LGL_FRM_HR01,LGL_FRM_RIAD_ANCRDT,1900-01-01 00:00:00,9999-12-31 00:00:00,0
7776,LGL_FRM_SE53,LGL_FRM_RIAD_ANCRDT,1900-01-01 00:00:00,9999-12-31 00:00:00,0
7777,LGL_FRM_HR25,LGL_FRM_RIAD_ANCRDT,1900-01-01 00:00:00,9999-12-31 00:00:00,0
7778,LGL_FRM_LU21,LGL_FRM_RIAD_ANCRDT,1900-01-01 00:00:00,9999-12-31 00:00:00,0
7779,LGL_FRM_IE13,LGL_FRM_RIAD_ANCRDT,1900-01-01 00:00:00,9999-12-31 00:00:00,0
7780,LGL_FRM_FI45,LGL_FRM_RIAD_ANCRDT,1900-01-01 00:00:00,9999-12-31 00:00:00,0
7781,LGL_FRM_FI30,LGL_FRM_RIAD_ANCRDT,1900-01-01 00:00:00,9999-12-31 00:00:00,0
7782,LGL_FRM_DK45,LGL_FRM_RIAD_ANCRDT,1900-01-01 00:00:00,9999-12-31 00:00:00,0
7783,LGL_FRM_DK30,LGL_FRM_RIAD_ANCRDT,1900-01-01 00:00:00,9999-12-31 00:00:00,0
7784,LGL_FRM_DK90,LGL_FRM_RIAD_ANCRDT,1900-01-01 00:00:00,9999-12-31 00:00:00,0
7785,LGL_FRM_LU33,LGL_FRM_RIAD_ANCRDT,1900-01-01 00:00:00,9999-12-31 00:00:00,0
7786,LGL_FRM_FI57,LGL_FRM_RIAD_ANCRDT,1900-01-01 00:00:00,9999-12-31 00:00:00,0
7787,LGL_FRM_IE01,LGL_FRM_RIAD_ANCRDT,1900-01-01 00:00:00,9999-12-31 00:00:00,0
7788,LGL_FRM_FI22,LGL_FRM_RIAD_ANCRDT,1900-01-01 00:00:00,9999-12-31 00:00:00,0
7789,LGL_FRM_HR42,LGL_FRM_RIAD_ANCRDT,1900-01-01 00:00:00,9999-12-31 00:00:00,0
7790,LGL_FRM_HR08,LGL_FRM_RIAD_ANCRDT,1900-01-01 00:00:00,9999-12-31 00:00:00,0
7791,LGL_FRM_HR37,LGL_FRM_RIAD_ANCRDT,1900-01-01 00:00:00,9999-12-31 00:00:00,0
7792,LGL_FRM_FI20,LGL_FRM_RIAD_ANCRDT,1900-01-01 00:00:00,9999-12-31 00:00:00,0
7793,LGL_FRM_IE03,LGL_FRM_RIAD_ANCRDT,1900-01-01 00:00:00,9999-12-31 00:00:00,0
7794,LGL_FRM_HR35,LGL_FRM_RIAD_ANCRDT,1900-01-01 00:00:00,9999-12-31 00:00:00,0
7795,LGL_FRM_HR27,LGL_FRM_RIAD_ANCRDT,1900-01-01 00:00:00,9999-12-31 00:00:00,0
7796,LGL_FRM_HR18,LGL_FRM_RIAD_ANCRDT,1900-01-01 00:00:00,9999-12-31 00:00:00,0
7797,LGL_FRM_HR52,LGL_FRM_RIAD_ANCRDT,1900-01-01 00:00:00,9999-12-31 00:00:00,0
7798,LGL_FRM_LU23,LGL_FRM_RIAD_ANCRDT,1900-01-01 00:00:00,9999-12-31 00:00:00,0
7799,LGL_FRM_FI32,LGL_FRM_RIAD_ANCRDT,1900-01-01 00:00:00,9999-12-31 00:00:00,0
7800,LGL_FRM_IE11,LGL_FRM_RIAD_ANCRDT,1900-01-01 00:00:00,9999-12-31 00:00:00,0
7801,LGL_FRM_FI47,LGL_FRM_RIAD_ANCRDT,1900-01-01 00:00:00,9999-12-31 00:00:00,0
7802,LGL_FRM_DK20,LGL_FRM_RIAD_ANCRDT,1900-01-01 00:00:00,9999-12-31 00:00:00,0
7803,LGL_FRM_DK80,LGL_FRM_RIAD_ANCRDT,1900-01-01 00:00:00,9999-12-31 00:00:00,0
7804,LGL_FRM_LU38,LGL_FRM_RIAD_ANCRDT,1900-01-01 00:00:00,9999-12-31 00:00:00,0
7805,LGL_FRM_LU07,LGL_FRM_RIAD_ANCRDT,1900-01-01 00:00:00,9999-12-31 00:00:00,0
7806,LGL_FRM_FI16,LGL_FRM_RIAD_ANCRDT,1900-01-01 00:00:00,9999-12-31 00:00:00,0
7807,LGL_FRM_FI29,LGL_FRM_RIAD_ANCRDT,1900-01-01 00:00:00,9999-12-31 00:00:00,0
7808,LGL_FRM_FI63,LGL_FRM_RIAD_ANCRDT,1900-01-01 00:00:00,9999-12-31 00:00:00,0
7809,LGL_FRM_HR49,LGL_FRM_RIAD_ANCRDT,1900-01-01 00:00:00,9999-12-31 00:00:00,0
7810,LGL_FRM_HR03,LGL_FRM_RIAD_ANCRDT,1900-01-01 00:00:00,9999-12-31 00:00:00,0
7811,LGL_FRM_SE84,LGL_FRM_RIAD_ANCRDT,1900-01-01 00:00:00,9999-12-31 00:00:00,0
7812,LGL_FRM_SE51,LGL_FRM_RIAD_ANCRDT,1900-01-01 00:00:00,9999-12-31 00:00:00,0
7813,LGL_FRM_LU15,LGL_FRM_RIAD_ANCRDT,1900-01-01 00:00:00,9999-12-31 00:00:00,0
7814,LGL_FRM_FI62,LGL_FRM_RIAD_ANCRDT,1900-01-01 00:00:00,9999-12-31 00:00:00,0
7815,LGL_FRM_FI28,LGL_FRM_RIAD_ANCRDT,1900-01-01 00:00:00,9999-12-31 00:00:00,0
7816,LGL_FRM_FI17,LGL_FRM_RIAD_ANCRDT,1900-01-01 00:00:00,9999-12-31 00:00:00,0
7817,LGL_FRM_LU06,LGL_FRM_RIAD_ANCRDT,1900-01-01 00:00:00,9999-12-31 00:00:00,0
7818,LGL_FRM_LU39,LGL_FRM_RIAD_ANCRDT,1900-01-01 00:00:00,9999-12-31 00:00:00,0
7819,LGL_FRM_DK70,LGL_FRM_RIAD_ANCRDT,1900-01-01 00:00:00,9999-12-31 00:00:00,0
7820,LGL_FRM_HR02,LGL_FRM_RIAD_ANCRDT,1900-01-01 00:00:00,9999-12-31 00:00:00,0
7821,LGL_FRM_HR48,LGL_FRM_RIAD_ANCRDT,1900-01-01 00:00:00,9999-12-31 00:00:00,0
7822,LGL_FRM_SE42,LGL_FRM_RIAD_ANCRDT,1900-01-01 00:00:00,9999-12-31 00:00:00,0
7823,LGL_FRM_HR10,LGL_FRM_RIAD_ANCRDT,1900-01-01 00:00:00,9999-12-31 00:00:00,0
7824,LGL_FRM_LU14,LGL_FRM_RIAD_ANCRDT,1900-01-01 00:00:00,9999-12-31 00:00:00,0
7825,LGL_FRM_IE02,LGL_FRM_RIAD_ANCRDT,1900-01-01 00:00:00,9999-12-31 00:00:00,0
7826,LGL_FRM_FI54,LGL_FRM_RIAD_ANCRDT,1900-01-01 00:00:00,9999-12-31 00:00:00,0
7827,LGL_FRM_FI21,LGL_FRM_RIAD_ANCRDT,1900-01-01 00:00:00,9999-12-31 00:00:00,0
7828,LGL_FRM_HR34,LGL_FRM_RIAD_ANCRDT,1900-01-01 00:00:00,9999-12-31 00:00:00,0
7829,LGL_FRM_HR53,LGL_FRM_RIAD_ANCRDT,1900-01-01 00:00:00,9999-12-31 00:00:00,0
7830,LGL_FRM_HR26,LGL_FRM_RIAD_ANCRDT,1900-01-01 00:00:00,9999-12-31 00:00:00,0
7831,LGL_FRM_FI46,LGL_FRM_RIAD_ANCRDT,1900-01-01 00:00:00,9999-12-31 00:00:00,0
7832,LGL_FRM_FI33,LGL_FRM_RIAD_ANCRDT,1900-01-01 00:00:00,9999-12-31 00:00:00,0
7833,LGL_FRM_LU22,LGL_FRM_RIAD_ANCRDT,1900-01-01 00:00:00,9999-12-31 00:00:00,0
7834,LGL_FRM_DK81,LGL_FRM_RIAD_ANCRDT,1900-01-01 00:00:00,9999-12-31 00:00:00,0
7835,LGL_FRM_SE49,LGL_FRM_RIAD_ANCRDT,1900-01-01 00:00:00,9999-12-31 00:00:00,0
7836,LGL_FRM_HR51,LGL_FRM_RIAD_ANCRDT,1900-01-01 00:00:00,9999-12-31 00:00:00,0
7837,LGL_FRM_FI31,LGL_FRM_RIAD_ANCRDT,1900-01-01 00:00:00,9999-12-31 00:00:00,0
7838,LGL_FRM_FI44,LGL_FRM_RIAD_ANCRDT,1900-01-01 00:00:00,9999-12-31 00:00:00,0
7839,LGL_FRM_IE12,LGL_FRM_RIAD_ANCRDT,1900-01-01 00:00:00,9999-12-31 00:00:00,0
7840,LGL_FRM_LU20,LGL_FRM_RIAD_ANCRDT,1900-01-01 00:00:00,9999-12-31 00:00:00,0
7841,LGL_FRM_FI23,LGL_FRM_RIAD_ANCRDT,1900-01-01 00:00:00,9999-12-31 00:00:00,0
7842,LGL_FRM_LU32,LGL_FRM_RIAD_ANCRDT,1900-01-01 00:00:00,9999-12-31 00:00:00,0
7843,LGL_FRM_HR09,LGL_FRM_RIAD_ANCRDT,1900-01-01 00:00:00,9999-12-31 00:00:00,0
7844,LGL_FRM_SE95,LGL_FRM_RIAD_ANCRDT,1900-01-01 00:00:00,9999-12-31 00:00:00,0
7845,LGL_FRM_HR58,LGL_FRM_RIAD_ANCRDT,1900-01-01 00:00:00,9999-12-31 00:00:00,0
7846,LGL_FRM_NL11,LGL_FRM_RIAD_ANCRDT,1900-01-01 00:00:00,9999-12-31 00:00:00,0
7847,LGL_FRM_DK60,LGL_FRM_RIAD_ANCRDT,1900-01-01 00:00:00,9999-12-31 00:00:00,0
7848,LGL_FRM_LU16,LGL_FRM_RIAD_ANCRDT,1900-01-01 00:00:00,9999-12-31 00:00:00,0
7849,LGL_FRM_FI60,LGL_FRM_RIAD_ANCRDT,1900-01-01 00:00:00,9999-12-31 00:00:00,0
7850,LGL_FRM_LU04,LGL_FRM_RIAD_ANCRDT,1900-01-01 00:00:00,9999-12-31 00:00:00,0
7851,LGL_FRM_SE87,LGL_FRM_RIAD_ANCRDT,1900-01-01 00:00:00,9999-12-31 00:00:00,0
7852,LGL_FRM_HR29,LGL_FRM_RIAD_ANCRDT,1900-01-01 00:00:00,9999-12-31 00:00:00,0
7853,LGL_FRM_SE91,LGL_FRM_RIAD_ANCRDT,1900-01-01 00:00:00,9999-12-31 00:00:00,0
7854,LGL_FRM_HR16,LGL_FRM_RIAD_ANCRDT,1900-01-01 00:00:00,9999-12-31 00:00:00,0
7855,LGL_FRM_SE31,LGL_FRM_RIAD_ANCRDT,1900-01-01 00:00:00,9999-12-31 00:00:00,0
7856,LGL_FRM_LU12,LGL_FRM_RIAD_ANCRDT,1900-01-01 00:00:00,9999-12-31 00:00:00,0
7857,LGL_FRM_FI49,LGL_FRM_RIAD_ANCRDT,1900-01-01 00:00:00,9999-12-31 00:00:00,0
7858,LGL_FRM_FI64,LGL_FRM_RIAD_ANCRDT,1900-01-01 00:00:00,9999-12-31 00:00:00,0
7859,LGL_FRM_FI11,LGL_FRM_RIAD_ANCRDT,1900-01-01 00:00:00,9999-12-31 00:00:00,0
7860,LGL_FRM_HR04,LGL_FRM_RIAD_ANCRDT,1900-01-01 00:00:00,9999-12-31 00:00:00,0
7861,LGL_FRM_SE83,LGL_FRM_RIAD_ANCRDT,1900-01-01 00:00:00,9999-12-31 00:00:00,0
7862,LGL_FRM_SE98,LGL_FRM_RIAD_ANCRDT,1900-01-01 00:00:00,9999-12-31 00:00:00,0
7863,LGL_FRM_HR55,LGL_FRM_RIAD_ANCRDT,1900-01-01 00:00:00,9999-12-31 00:00:00,0
7864,LGL_FRM_HR20,LGL_FRM_RIAD_ANCRDT,1900-01-01 00:00:00,9999-12-31 00:00:00,0
7865,LGL_FRM_SE72,LGL_FRM_RIAD_ANCRDT,1900-01-01 00:00:00,9999-12-31 00:00:00,0
7866,LGL_FRM_LU24,LGL_FRM_RIAD_ANCRDT,1900-01-01 00:00:00,9999-12-31 00:00:00,0
7867,LGL_FRM_FI40,LGL_FRM_RIAD_ANCRDT,1900-01-01 00:00:00,9999-12-31 00:00:00,0
7868,LGL_FRM_IE16,LGL_FRM_RIAD_ANCRDT,1900-01-01 00:00:00,9999-12-31 00:00:00,0
7869,LGL_FRM_FI35,LGL_FRM_RIAD_ANCRDT,1900-01-01 00:00:00,9999-12-31 00:00:00,0
7870,LGL_FRM_DK40,LGL_FRM_RIAD_ANCRDT,1900-01-01 00:00:00,9999-12-31 00:00:00,0
7871,LGL_FRM_DK95,LGL_FRM_RIAD_ANCRDT,1900-01-01 00:00:00,9999-12-31 00:00:00,0
7872,LGL_FRM_LU36,LGL_FRM_RIAD_ANCRDT,1900-01-01 00:00:00,9999-12-31 00:00:00,0
7873,LGL_FRM_LU09,LGL_FRM_RIAD_ANCRDT,1900-01-01 00:00:00,9999-12-31 00:00:00,0
7874,LGL_FRM_IE04,LGL_FRM_RIAD_ANCRDT,1900-01-01 00:00:00,9999-12-31 00:00:00,0
7875,LGL_FRM_FI52,LGL_FRM_RIAD_ANCRDT,1900-01-01 00:00:00,9999-12-31 00:00:00,0
7876,LGL_FRM_FI27,LGL_FRM_RIAD_ANCRDT,1900-01-01 00:00:00,9999-12-31 00:00:00,0
7877,LGL_FRM_HR47,LGL_FRM_RIAD_ANCRDT,1900-01-01 00:00:00,9999-12-31 00:00:00,0
7878,LGL_FRM_HR32,LGL_FRM_RIAD_ANCRDT,1900-01-01 00:00:00,9999-12-31 00:00:00,0
7879,LGL_FRM_LU34,LGL_FRM_RIAD_ANCRDT,1900-01-01 00:00:00,9999-12-31 00:00:00,0
7880,LGL_FRM_FI25,LGL_FRM_RIAD_ANCRDT,1900-01-01 00:00:00,9999-12-31 00:00:00,0
7881,LGL_FRM_IE06,LGL_FRM_RIAD_ANCRDT,1900-01-01 00:00:00,9999-12-31 00:00:00,0
7882,LGL_FRM_FI50,LGL_FRM_RIAD_ANCRDT,1900-01-01 00:00:00,9999-12-31 00:00:00,0
7883,LGL_FRM_HR30,LGL_FRM_RIAD_ANCRDT,1900-01-01 00:00:00,9999-12-31 00:00:00,0
7884,LGL_FRM_HR45,LGL_FRM_RIAD_ANCRDT,1900-01-01 00:00:00,9999-12-31 00:00:00,0
7885,LGL_FRM_SE88,LGL_FRM_RIAD_ANCRDT,1900-01-01 00:00:00,9999-12-31 00:00:00,0
7886,LGL_FRM_SE62,LGL_FRM_RIAD_ANCRDT,1900-01-01 00:00:00,9999-12-31 00:00:00,0
7887,LGL_FRM_HR22,LGL_FRM_RIAD_ANCRDT,1900-01-01 00:00:00,9999-12-31 00:00:00,0
7888,LGL_FRM_HR57,LGL_FRM_RIAD_ANCRDT,1900-01-01 00:00:00,9999-12-31 00:00:00,0
7889,LGL_FRM_LU19,LGL_FRM_RIAD_ANCRDT,1900-01-01 00:00:00,9999-12-31 00:00:00,0
7890,LGL_FRM_LU26,LGL_FRM_RIAD_ANCRDT,1900-01-01 00:00:00,9999-12-31 00:00:00,0
7891,LGL_FRM_FI42,LGL_FRM_RIAD_ANCRDT,1900-01-01 00:00:00,9999-12-31 00:00:00,0
7892,LGL_FRM_IE14,LGL_FRM_RIAD_ANCRDT,1900-01-01 00:00:00,9999-12-31 00:00:00,0
7893,LGL_FRM_DK50,LGL_FRM_RIAD_ANCRDT,1900-01-01 00:00:00,9999-12-31 00:00:00,0
7894,LGL_FRM_LU02,LGL_FRM_RIAD_ANCRDT,1900-01-01 00:00:00,9999-12-31 00:00:00,0
7895,LGL_FRM_FI13,LGL_FRM_RIAD_ANCRDT,1900-01-01 00:00:00,9999-12-31 00:00:00,0
7896,LGL_FRM_FI59,LGL_FRM_RIAD_ANCRDT,1900-01-01 00:00:00,9999-12-31 00:00:00,0
7897,LGL_FRM_HR06,LGL_FRM_RIAD_ANCRDT,1900-01-01 00:00:00,9999-12-31 00:00:00,0
7898,LGL_FRM_SE81,LGL_FRM_RIAD_ANCRDT,1900-01-01 00:00:00,9999-12-31 00:00:00,0
7899,LGL_FRM_HR39,LGL_FRM_RIAD_ANCRDT,1900-01-01 00:00:00,9999-12-31 00:00:00,0
7900,LGL_FRM_SE21,LGL_FRM_RIAD_ANCRDT,1900-01-01 00:00:00,9999-12-31 00:00:00,0
7901,LGL_FRM_SE54,LGL_FRM_RIAD_ANCRDT,1900-01-01 00:00:00,9999-12-31 00:00:00,0
7902,LGL_FRM_SE93,LGL_FRM_RIAD_ANCRDT,1900-01-01 00:00:00,9999-12-31 00:00:00,0
7903,LGL_FRM_HR14,LGL_FRM_RIAD_ANCRDT,1900-01-01 00:00:00,9999-12-31 00:00:00,0
7904,LGL_FRM_LU10,LGL_FRM_RIAD_ANCRDT,1900-01-01 00:00:00,9999-12-31 00:00:00,0
7905,LGL_FRM_GR902,LGL_FRM_RIAD_ANCRDT,1900-01-01 00:00:00,9999-12-31 00:00:00,0
7906,LGL_FRM_LV805,LGL_FRM_RIAD_ANCRDT,1900-01-01 00:00:00,9999-12-31 00:00:00,0
7907,LGL_FRM_SK931,LGL_FRM_RIAD_ANCRDT,1900-01-01 00:00:00,9999-12-31 00:00:00,0
7908,LGL_FRM_ESC06,LGL_FRM_RIAD_ANCRDT,1900-01-01 00:00:00,9999-12-31 00:00:00,0
7909,LGL_FRM_BE560,LGL_FRM_RIAD_ANCRDT,1900-01-01 00:00:00,9999-12-31 00:00:00,0
7910,LGL_FRM_BE206,LGL_FRM_RIAD_ANCRDT,1900-01-01 00:00:00,9999-12-31 00:00:00,0
7911,LGL_FRM_SI703,LGL_FRM_RIAD_ANCRDT,1900-01-01 00:00:00,9999-12-31 00:00:00,0
7912,LGL_FRM_BE320,LGL_FRM_RIAD_ANCRDT,1900-01-01 00:00:00,9999-12-31 00:00:00,0
7913,LGL_FRM_BE000,LGL_FRM_RIAD_ANCRDT,1900-01-01 00:00:00,9999-12-31 00:00:00,0
7914,LGL_FRM_BE515,LGL_FRM_RIAD_ANCRDT,1900-01-01 00:00:00,9999-12-31 00:00:00,0
7915,LGL_FRM_LT204,LGL_FRM_RIAD_ANCRDT,1900-01-01 00:00:00,9999-12-31 00:00:00,0
7916,LGL_FRM_DK150,LGL_FRM_RIAD_ANCRDT,1900-01-01 00:00:00,9999-12-31 00:00:00,0
7917,LGL_FRM_DK270,LGL_FRM_RIAD_ANCRDT,1900-01-01 00:00:00,9999-12-31 00:00:00,0
7918,LGL_FRM_MT031,LGL_FRM_RIAD_ANCRDT,1900-01-01 00:00:00,9999-12-31 00:00:00,0
7919,LGL_FRM_HU529,LGL_FRM_RIAD_ANCRDT,1900-01-01 00:00:00,9999-12-31 00:00:00,0
7920,LGL_FRM_IT999,LGL_FRM_RIAD_ANCRDT,1900-01-01 00:00:00,9999-12-31 00:00:00,0
7921,LGL_FRM_FR004,LGL_FRM_RIAD_ANCRDT,1900-01-01 00:00:00,9999-12-31 00:00:00,0
7922,LGL_FRM_CY115,LGL_FRM_RIAD_ANCRDT,1900-01-01 00:00:00,9999-12-31 00:00:00,0
7923,LGL_FRM_NL501,LGL_FRM_RIAD_ANCRDT,1900-01-01 00:00:00,9999-12-31 00:00:00,0
7924,LGL_FRM_FR063,LGL_FRM_RIAD_ANCRDT,1900-01-01 00:00:00,9999-12-31 00:00:00,0
7925,LGL_FRM_FR029,LGL_FRM_RIAD_ANCRDT,1900-01-01 00:00:00,9999-12-31 00:00:00,0
7926,LGL_FRM_FR016,LGL_FRM_RIAD_ANCRDT,1900-01-01 00:00:00,9999-12-31 00:00:00,0
7927,LGL_FRM_IT301,LGL_FRM_RIAD_ANCRDT,1900-01-01 00:00:00,9999-12-31 00:00:00,0
7928,LGL_FRM_HU142,LGL_FRM_RIAD_ANCRDT,1900-01-01 00:00:00,9999-12-31 00:00:00,0
7929,LGL_FRM_AT610,LGL_FRM_RIAD_ANCRDT,1900-01-01 00:00:00,9999-12-31 00:00:00,0
7930,LGL_FRM_AT103,LGL_FRM_RIAD_ANCRDT,1900-01-01 00:00:00,9999-12-31 00:00:00,0
7931,LGL_FRM_DE504,LGL_FRM_RIAD_ANCRDT,1900-01-01 00:00:00,9999-12-31 00:00:00,0
7932,LGL_FRM_SI357,LGL_FRM_RIAD_ANCRDT,1900-01-01 00:00:00,9999-12-31 00:00:00,0
7933,LGL_FRM_DE108,LGL_FRM_RIAD_ANCRDT,1900-01-01 00:00:00,9999-12-31 00:00:00,0
7934,LGL_FRM_SI322,LGL_FRM_RIAD_ANCRDT,1900-01-01 00:00:00,9999-12-31 00:00:00,0
7935,LGL_FRM_BE214,LGL_FRM_RIAD_ANCRDT,1900-01-01 00:00:00,9999-12-31 00:00:00,0
7936,LGL_FRM_BE012,LGL_FRM_RIAD_ANCRDT,1900-01-01 00:00:00,9999-12-31 00:00:00,0
7937,RFRNC_RT_5,RFRNC_RT_ANCRDT_CLLCTN,1900-01-01 00:00:00,9999-12-31 00:00:00,0
7938,LGL_FRM_LT216,LGL_FRM_RIAD_ANCRDT,1900-01-01 00:00:00,9999-12-31 00:00:00,0
7939,LGL_FRM_LT109,LGL_FRM_RIAD_ANCRDT,1900-01-01 00:00:00,9999-12-31 00:00:00,0
7940,LGL_FRM_CZ911,LGL_FRM_RIAD_ANCRDT,1900-01-01 00:00:00,9999-12-31 00:00:00,0
7941,LGL_FRM_CZ708,LGL_FRM_RIAD_ANCRDT,1900-01-01 00:00:00,9999-12-31 00:00:00,0
7942,LGL_FRM_GR910,LGL_FRM_RIAD_ANCRDT,1900-01-01 00:00:00,9999-12-31 00:00:00,0
7943,LGL_FRM_RO114,LGL_FRM_RIAD_ANCRDT,1900-01-01 00:00:00,9999-12-31 00:00:00,0
7944,RFRNC_RT_2,RFRNC_RT_ANCRDT_CLLCTN,1900-01-01 00:00:00,9999-12-31 00:00:00,0
7945,LGL_FRM_ESC14,LGL_FRM_RIAD_ANCRDT,1900-01-01 00:00:00,9999-12-31 00:00:00,0
7946,LGL_FRM_SI306,LGL_FRM_RIAD_ANCRDT,1900-01-01 00:00:00,9999-12-31 00:00:00,0
7947,LGL_FRM_LV106,LGL_FRM_RIAD_ANCRDT,1900-01-01 00:00:00,9999-12-31 00:00:00,0
7948,LGL_FRM_BE716,LGL_FRM_RIAD_ANCRDT,2019-05-01 00:00:00,9999-12-31 00:00:00,0
7949,LGL_FRM_BE325,LGL_FRM_RIAD_ANCRDT,2019-05-01 00:00:00,9999-12-31 00:00:00,0
7950,LGL_FRM_BG104,LGL_FRM_RIAD_ANCRDT,1900-01-01 00:00:00,9999-12-31 00:00:00,0
7951,LGL_FRM_SK312,LGL_FRM_RIAD_ANCRDT,1900-01-01 00:00:00,9999-12-31 00:00:00,0
7952,LGL_FRM_SK721,LGL_FRM_RIAD_ANCRDT,1900-01-01 00:00:00,9999-12-31 00:00:00,0
7953,LGL_FRM_ESC30,LGL_FRM_RIAD_ANCRDT,1900-01-01 00:00:00,9999-12-31 00:00:00,0
7954,LGL_FRM_FR047,LGL_FRM_RIAD_ANCRDT,1900-01-01 00:00:00,9999-12-31 00:00:00,0
7955,LGL_FRM_FR032,LGL_FRM_RIAD_ANCRDT,1900-01-01 00:00:00,9999-12-31 00:00:00,0
7956,LGL_FRM_HU113,LGL_FRM_RIAD_ANCRDT,1900-01-01 00:00:00,9999-12-31 00:00:00,0
7957,LGL_FRM_HU555,LGL_FRM_RIAD_ANCRDT,1900-01-01 00:00:00,9999-12-31 00:00:00,0
7958,LGL_FRM_MT060,LGL_FRM_RIAD_ANCRDT,1900-01-01 00:00:00,9999-12-31 00:00:00,0
7959,LGL_FRM_HU372,LGL_FRM_RIAD_ANCRDT,1900-01-01 00:00:00,9999-12-31 00:00:00,0
7960,LGL_FRM_GB500,LGL_FRM_RIAD_ANCRDT,1900-01-01 00:00:00,9999-12-31 00:00:00,0
7961,LGL_FRM_NL302,LGL_FRM_RIAD_ANCRDT,1900-01-01 00:00:00,9999-12-31 00:00:00,0
7962,LGL_FRM_FR055,LGL_FRM_RIAD_ANCRDT,1900-01-01 00:00:00,9999-12-31 00:00:00,0
7963,LGL_FRM_FR020,LGL_FRM_RIAD_ANCRDT,1900-01-01 00:00:00,9999-12-31 00:00:00,0
7964,LGL_FRM_PT131,LGL_FRM_RIAD_ANCRDT,1900-01-01 00:00:00,9999-12-31 00:00:00,0
7965,LGL_FRM_RO122,LGL_FRM_RIAD_ANCRDT,1900-01-01 00:00:00,9999-12-31 00:00:00,0
7966,LGL_FRM_LV401,LGL_FRM_RIAD_ANCRDT,1900-01-01 00:00:00,9999-12-31 00:00:00,0
7967,LGL_FRM_PT211,LGL_FRM_RIAD_ANCRDT,1900-01-01 00:00:00,9999-12-31 00:00:00,0
7968,LGL_FRM_BE051,LGL_FRM_RIAD_ANCRDT,1900-01-01 00:00:00,9999-12-31 00:00:00,0
7969,LGL_FRM_DE101,LGL_FRM_RIAD_ANCRDT,1900-01-01 00:00:00,9999-12-31 00:00:00,0
7970,LGL_FRM_SI361,LGL_FRM_RIAD_ANCRDT,1900-01-01 00:00:00,9999-12-31 00:00:00,0
7971,LGL_FRM_SI112,LGL_FRM_RIAD_ANCRDT,1900-01-01 00:00:00,9999-12-31 00:00:00,0
7972,LGL_FRM_SI407,LGL_FRM_RIAD_ANCRDT,1900-01-01 00:00:00,9999-12-31 00:00:00,0
7973,LGL_FRM_BE417,LGL_FRM_RIAD_ANCRDT,1900-01-01 00:00:00,9999-12-31 00:00:00,0
7974,LGL_FRM_CZ421,LGL_FRM_RIAD_ANCRDT,1900-01-01 00:00:00,9999-12-31 00:00:00,0
7975,LGL_FRM_CZ141,LGL_FRM_RIAD_ANCRDT,1900-01-01 00:00:00,9999-12-31 00:00:00,0
7976,LGL_FRM_CZ801,LGL_FRM_RIAD_ANCRDT,1900-01-01 00:00:00,9999-12-31 00:00:00,0
7977,LGL_FRM_HU736,LGL_FRM_RIAD_ANCRDT,1900-01-01 00:00:00,9999-12-31 00:00:00,0
7978,LGL_FRM_FR022,LGL_FRM_RIAD_ANCRDT,1900-01-01 00:00:00,9999-12-31 00:00:00,0
7979,LGL_FRM_FR057,LGL_FRM_RIAD_ANCRDT,1900-01-01 00:00:00,9999-12-31 00:00:00,0
7980,LGL_FRM_LV403,LGL_FRM_RIAD_ANCRDT,1900-01-01 00:00:00,9999-12-31 00:00:00,0
7981,LGL_FRM_RO120,LGL_FRM_RIAD_ANCRDT,1900-01-01 00:00:00,9999-12-31 00:00:00,0
7982,LGL_FRM_ESC20,LGL_FRM_RIAD_ANCRDT,1900-01-01 00:00:00,9999-12-31 00:00:00,0
7983,LGL_FRM_BE706,LGL_FRM_RIAD_ANCRDT,2019-05-01 00:00:00,9999-12-31 00:00:00,0
7984,LGL_FRM_SI316,LGL_FRM_RIAD_ANCRDT,1900-01-01 00:00:00,9999-12-31 00:00:00,0
7985,LGL_FRM_SI405,LGL_FRM_RIAD_ANCRDT,1900-01-01 00:00:00,9999-12-31 00:00:00,0
7986,LGL_FRM_BE026,LGL_FRM_RIAD_ANCRDT,1900-01-01 00:00:00,9999-12-31 00:00:00,0
7987,LGL_FRM_BE415,LGL_FRM_RIAD_ANCRDT,1900-01-01 00:00:00,9999-12-31 00:00:00,0
7988,LGL_FRM_DE103,LGL_FRM_RIAD_ANCRDT,1900-01-01 00:00:00,9999-12-31 00:00:00,0
7989,LGL_FRM_BE019,LGL_FRM_RIAD_ANCRDT,1900-01-01 00:00:00,9999-12-31 00:00:00,0
7990,LGL_FRM_CZ950,LGL_FRM_RIAD_ANCRDT,1900-01-01 00:00:00,9999-12-31 00:00:00,0
7991,LGL_FRM_LT102,LGL_FRM_RIAD_ANCRDT,1900-01-01 00:00:00,9999-12-31 00:00:00,0
7992,LGL_FRM_CZ703,LGL_FRM_RIAD_ANCRDT,1900-01-01 00:00:00,9999-12-31 00:00:00,0
7993,LGL_FRM_SI304,LGL_FRM_RIAD_ANCRDT,1900-01-01 00:00:00,9999-12-31 00:00:00,0
7994,LGL_FRM_SI102,LGL_FRM_RIAD_ANCRDT,1900-01-01 00:00:00,9999-12-31 00:00:00,0
7995,LGL_FRM_SI708,LGL_FRM_RIAD_ANCRDT,1900-01-01 00:00:00,9999-12-31 00:00:00,0
7996,LGL_FRM_DE111,LGL_FRM_RIAD_ANCRDT,1900-01-01 00:00:00,9999-12-31 00:00:00,0
7997,LGL_FRM_DE602,LGL_FRM_RIAD_ANCRDT,1900-01-01 00:00:00,9999-12-31 00:00:00,0
7998,LGL_FRM_CZ151,LGL_FRM_RIAD_ANCRDT,1900-01-01 00:00:00,9999-12-31 00:00:00,0
7999,LGL_FRM_CZ937,LGL_FRM_RIAD_ANCRDT,1900-01-01 00:00:00,9999-12-31 00:00:00,0
8000,LGL_FRM_CZ908,LGL_FRM_RIAD_ANCRDT,1900-01-01 00:00:00,9999-12-31 00:00:00,0
8001,LGL_FRM_LT110,LGL_FRM_RIAD_ANCRDT,1900-01-01 00:00:00,9999-12-31 00:00:00,0
8002,LGL_FRM_CZ711,LGL_FRM_RIAD_ANCRDT,1900-01-01 00:00:00,9999-12-31 00:00:00,0
8003,LGL_FRM_GR909,LGL_FRM_RIAD_ANCRDT,1900-01-01 00:00:00,9999-12-31 00:00:00,0
8004,LGL_FRM_LV104,LGL_FRM_RIAD_ANCRDT,1900-01-01 00:00:00,9999-12-31 00:00:00,0
8005,LGL_FRM_PT121,LGL_FRM_RIAD_ANCRDT,1900-01-01 00:00:00,9999-12-31 00:00:00,0
8006,LGL_FRM_ESC32,LGL_FRM_RIAD_ANCRDT,1900-01-01 00:00:00,9999-12-31 00:00:00,0
8007,LGL_FRM_BG106,LGL_FRM_RIAD_ANCRDT,1900-01-01 00:00:00,9999-12-31 00:00:00,0
8008,LGL_FRM_PT181,LGL_FRM_RIAD_ANCRDT,1900-01-01 00:00:00,9999-12-31 00:00:00,0
8009,LGL_FRM_BG466,LGL_FRM_RIAD_ANCRDT,1900-01-01 00:00:00,9999-12-31 00:00:00,0
8010,LGL_FRM_NL401,LGL_FRM_RIAD_ANCRDT,1900-01-01 00:00:00,9999-12-31 00:00:00,0
8011,LGL_FRM_FR030,LGL_FRM_RIAD_ANCRDT,1900-01-01 00:00:00,9999-12-31 00:00:00,0
8012,LGL_FRM_FR045,LGL_FRM_RIAD_ANCRDT,1900-01-01 00:00:00,9999-12-31 00:00:00,0
8013,LGL_FRM_IT201,LGL_FRM_RIAD_ANCRDT,1900-01-01 00:00:00,9999-12-31 00:00:00,0
8014,LGL_FRM_MT070,LGL_FRM_RIAD_ANCRDT,1900-01-01 00:00:00,9999-12-31 00:00:00,0
8015,LGL_FRM_HU582,LGL_FRM_RIAD_ANCRDT,1900-01-01 00:00:00,9999-12-31 00:00:00,0
8016,LGL_FRM_HU557,LGL_FRM_RIAD_ANCRDT,1900-01-01 00:00:00,9999-12-31 00:00:00,0
8017,LGL_FRM_HU328,LGL_FRM_RIAD_ANCRDT,1900-01-01 00:00:00,9999-12-31 00:00:00,0
8018,LGL_FRM_AT609,LGL_FRM_RIAD_ANCRDT,1900-01-01 00:00:00,9999-12-31 00:00:00,0
8019,LGL_FRM_EE202,LGL_FRM_RIAD_ANCRDT,1900-01-01 00:00:00,9999-12-31 00:00:00,0
8020,LGL_FRM_HU568,LGL_FRM_RIAD_ANCRDT,1900-01-01 00:00:00,9999-12-31 00:00:00,0
8021,LGL_FRM_CY117,LGL_FRM_RIAD_ANCRDT,1900-01-01 00:00:00,9999-12-31 00:00:00,0
8022,LGL_FRM_FR014,LGL_FRM_RIAD_ANCRDT,1900-01-01 00:00:00,9999-12-31 00:00:00,0
8023,LGL_FRM_FR061,LGL_FRM_RIAD_ANCRDT,1900-01-01 00:00:00,9999-12-31 00:00:00,0
8024,LGL_FRM_MT021,LGL_FRM_RIAD_ANCRDT,1900-01-01 00:00:00,9999-12-31 00:00:00,0
8025,LGL_FRM_DK260,LGL_FRM_RIAD_ANCRDT,1900-01-01 00:00:00,9999-12-31 00:00:00,0
8026,LGL_FRM_DK140,LGL_FRM_RIAD_ANCRDT,1900-01-01 00:00:00,9999-12-31 00:00:00,0
8027,LGL_FRM_RW600,LGL_FRM_RIAD_ANCRDT,1900-01-01 00:00:00,9999-12-31 00:00:00,0
8028,LGL_FRM_HU573,LGL_FRM_RIAD_ANCRDT,1900-01-01 00:00:00,9999-12-31 00:00:00,0
8029,LGL_FRM_AT612,LGL_FRM_RIAD_ANCRDT,1900-01-01 00:00:00,9999-12-31 00:00:00,0
8030,LGL_FRM_HU135,LGL_FRM_RIAD_ANCRDT,1900-01-01 00:00:00,9999-12-31 00:00:00,0
8031,LGL_FRM_BE330,LGL_FRM_RIAD_ANCRDT,1900-01-01 00:00:00,9999-12-31 00:00:00,0
8032,LGL_FRM_SI713,LGL_FRM_RIAD_ANCRDT,1900-01-01 00:00:00,9999-12-31 00:00:00,0
8033,LGL_FRM_SI355,LGL_FRM_RIAD_ANCRDT,1900-01-01 00:00:00,9999-12-31 00:00:00,0
8034,LGL_FRM_EU100,LGL_FRM_RIAD_ANCRDT,1900-01-01 00:00:00,9999-12-31 00:00:00,0
8035,LGL_FRM_LT214,LGL_FRM_RIAD_ANCRDT,1900-01-01 00:00:00,9999-12-31 00:00:00,0
8036,LGL_FRM_CZ100,LGL_FRM_RIAD_ANCRDT,1900-01-01 00:00:00,9999-12-31 00:00:00,0
8037,LGL_FRM_GR912,LGL_FRM_RIAD_ANCRDT,1900-01-01 00:00:00,9999-12-31 00:00:00,0
8038,LGL_FRM_RO116,LGL_FRM_RIAD_ANCRDT,1900-01-01 00:00:00,9999-12-31 00:00:00,0
8039,LGL_FRM_ESC16,LGL_FRM_RIAD_ANCRDT,1900-01-01 00:00:00,9999-12-31 00:00:00,0
8040,LGL_FRM_BE616,LGL_FRM_RIAD_ANCRDT,2019-05-01 00:00:00,9999-12-31 00:00:00,0
8041,LGL_FRM_SK921,LGL_FRM_RIAD_ANCRDT,1900-01-01 00:00:00,9999-12-31 00:00:00,0
8042,LGL_FRM_LV807,LGL_FRM_RIAD_ANCRDT,1900-01-01 00:00:00,9999-12-31 00:00:00,0
8043,LGL_FRM_RO104,LGL_FRM_RIAD_ANCRDT,1900-01-01 00:00:00,9999-12-31 00:00:00,0
8044,LGL_FRM_PT311,LGL_FRM_RIAD_ANCRDT,1900-01-01 00:00:00,9999-12-31 00:00:00,0
8045,LGL_FRM_SK120,LGL_FRM_RIAD_ANCRDT,1900-01-01 00:00:00,9999-12-31 00:00:00,0
8046,LGL_FRM_ESC04,LGL_FRM_RIAD_ANCRDT,1900-01-01 00:00:00,9999-12-31 00:00:00,0
8047,LGL_FRM_BE002,LGL_FRM_RIAD_ANCRDT,1900-01-01 00:00:00,9999-12-31 00:00:00,0
8048,LGL_FRM_BE124,LGL_FRM_RIAD_ANCRDT,1900-01-01 00:00:00,9999-12-31 00:00:00,0
8049,LGL_FRM_DE207,LGL_FRM_RIAD_ANCRDT,1900-01-01 00:00:00,9999-12-31 00:00:00,0
8050,LGL_FRM_BE151,LGL_FRM_RIAD_ANCRDT,1900-01-01 00:00:00,9999-12-31 00:00:00,0
8051,LGL_FRM_CZ361,LGL_FRM_RIAD_ANCRDT,1900-01-01 00:00:00,9999-12-31 00:00:00,0
8052,LGL_FRM_CZ901,LGL_FRM_RIAD_ANCRDT,1900-01-01 00:00:00,9999-12-31 00:00:00,0
8053,LGL_FRM_CZ601,LGL_FRM_RIAD_ANCRDT,1900-01-01 00:00:00,9999-12-31 00:00:00,0
8054,LGL_FRM_LT206,LGL_FRM_RIAD_ANCRDT,1900-01-01 00:00:00,9999-12-31 00:00:00,0
8055,LGL_FRM_CZ521,LGL_FRM_RIAD_ANCRDT,1900-01-01 00:00:00,9999-12-31 00:00:00,0
8056,LGL_FRM_CZ112,LGL_FRM_RIAD_ANCRDT,1900-01-01 00:00:00,9999-12-31 00:00:00,0
8057,LGL_FRM_IT402,LGL_FRM_RIAD_ANCRDT,1900-01-01 00:00:00,9999-12-31 00:00:00,0
8058,LGL_FRM_MT033,LGL_FRM_RIAD_ANCRDT,1900-01-01 00:00:00,9999-12-31 00:00:00,0
8059,LGL_FRM_DK152,LGL_FRM_RIAD_ANCRDT,1900-01-01 00:00:00,9999-12-31 00:00:00,0
8060,LGL_FRM_HU561,LGL_FRM_RIAD_ANCRDT,1900-01-01 00:00:00,9999-12-31 00:00:00,0
8061,LGL_FRM_HU321,LGL_FRM_RIAD_ANCRDT,1900-01-01 00:00:00,9999-12-31 00:00:00,0
8062,LGL_FRM_NL202,LGL_FRM_RIAD_ANCRDT,1900-01-01 00:00:00,9999-12-31 00:00:00,0
8063,LGL_FRM_GB400,LGL_FRM_RIAD_ANCRDT,1900-01-01 00:00:00,9999-12-31 00:00:00,0
8064,LGL_FRM_FR006,LGL_FRM_RIAD_ANCRDT,1900-01-01 00:00:00,9999-12-31 00:00:00,0
8065,LGL_FRM_FR039,LGL_FRM_RIAD_ANCRDT,1900-01-01 00:00:00,9999-12-31 00:00:00,0
8066,LGL_FRM_FR065,LGL_FRM_RIAD_ANCRDT,1900-01-01 00:00:00,9999-12-31 00:00:00,0
8067,LGL_FRM_FR010,LGL_FRM_RIAD_ANCRDT,1900-01-01 00:00:00,9999-12-31 00:00:00,0
8068,LGL_FRM_CY113,LGL_FRM_RIAD_ANCRDT,1900-01-01 00:00:00,9999-12-31 00:00:00,0
8069,LGL_FRM_EE102,LGL_FRM_RIAD_ANCRDT,1900-01-01 00:00:00,9999-12-31 00:00:00,0
8070,LGL_FRM_HU131,LGL_FRM_RIAD_ANCRDT,1900-01-01 00:00:00,9999-12-31 00:00:00,0
8071,LGL_FRM_MT050,LGL_FRM_RIAD_ANCRDT,1900-01-01 00:00:00,9999-12-31 00:00:00,0
8072,LGL_FRM_IT101,LGL_FRM_RIAD_ANCRDT,1900-01-01 00:00:00,9999-12-31 00:00:00,0
8073,LGL_FRM_CZ731,LGL_FRM_RIAD_ANCRDT,1900-01-01 00:00:00,9999-12-31 00:00:00,0
8074,LGL_FRM_LT210,LGL_FRM_RIAD_ANCRDT,1900-01-01 00:00:00,9999-12-31 00:00:00,0
8075,LGL_FRM_CZ962,LGL_FRM_RIAD_ANCRDT,1900-01-01 00:00:00,9999-12-31 00:00:00,0
8076,LGL_FRM_BE418,LGL_FRM_RIAD_ANCRDT,1900-01-01 00:00:00,9999-12-31 00:00:00,0
8077,LGL_FRM_SI351,LGL_FRM_RIAD_ANCRDT,1900-01-01 00:00:00,9999-12-31 00:00:00,0
8078,LGL_FRM_DE502,LGL_FRM_RIAD_ANCRDT,1900-01-01 00:00:00,9999-12-31 00:00:00,0
8079,LGL_FRM_BE014,LGL_FRM_RIAD_ANCRDT,1900-01-01 00:00:00,9999-12-31 00:00:00,0
8080,LGL_FRM_BE212,LGL_FRM_RIAD_ANCRDT,1900-01-01 00:00:00,9999-12-31 00:00:00,0
8081,LGL_FRM_SK803,LGL_FRM_RIAD_ANCRDT,1900-01-01 00:00:00,9999-12-31 00:00:00,0
8082,LGL_FRM_BE612,LGL_FRM_RIAD_ANCRDT,2019-05-01 00:00:00,9999-12-31 00:00:00,0
8083,LGL_FRM_ESC12,LGL_FRM_RIAD_ANCRDT,1900-01-01 00:00:00,9999-12-31 00:00:00,0
8084,LGL_FRM_PT221,LGL_FRM_RIAD_ANCRDT,1900-01-01 00:00:00,9999-12-31 00:00:00,0
8085,LGL_FRM_SK271,LGL_FRM_RIAD_ANCRDT,1900-01-01 00:00:00,9999-12-31 00:00:00,0
8086,LGL_FRM_SK711,LGL_FRM_RIAD_ANCRDT,1900-01-01 00:00:00,9999-12-31 00:00:00,0
8087,LGL_FRM_GR904,LGL_FRM_RIAD_ANCRDT,1900-01-01 00:00:00,9999-12-31 00:00:00,0
8088,RFRNC_RT_7,RFRNC_RT_ANCRDT_CLLCTN,1900-01-01 00:00:00,9999-12-31 00:00:00,0
8089,LGL_FRM_SK382,LGL_FRM_RIAD_ANCRDT,1900-01-01 00:00:00,9999-12-31 00:00:00,0
8090,LGL_FRM_LV109,LGL_FRM_RIAD_ANCRDT,1900-01-01 00:00:00,9999-12-31 00:00:00,0
8091,LGL_FRM_LV803,LGL_FRM_RIAD_ANCRDT,1900-01-01 00:00:00,9999-12-31 00:00:00,0
8092,LGL_FRM_LT202,LGL_FRM_RIAD_ANCRDT,1900-01-01 00:00:00,9999-12-31 00:00:00,0
8093,LGL_FRM_CZ723,LGL_FRM_RIAD_ANCRDT,1900-01-01 00:00:00,9999-12-31 00:00:00,0
8094,LGL_FRM_CZ116,LGL_FRM_RIAD_ANCRDT,1900-01-01 00:00:00,9999-12-31 00:00:00,0
8095,LGL_FRM_SI309,LGL_FRM_RIAD_ANCRDT,1900-01-01 00:00:00,9999-12-31 00:00:00,0
8096,LGL_FRM_BE006,LGL_FRM_RIAD_ANCRDT,1900-01-01 00:00:00,9999-12-31 00:00:00,0
8097,LGL_FRM_BE513,LGL_FRM_RIAD_ANCRDT,1900-01-01 00:00:00,9999-12-31 00:00:00,0
8098,LGL_FRM_SI210,LGL_FRM_RIAD_ANCRDT,1900-01-01 00:00:00,9999-12-31 00:00:00,0
8099,LGL_FRM_BE200,LGL_FRM_RIAD_ANCRDT,1900-01-01 00:00:00,9999-12-31 00:00:00,0
8100,LGL_FRM_HU325,LGL_FRM_RIAD_ANCRDT,1900-01-01 00:00:00,9999-12-31 00:00:00,0
8101,LGL_FRM_HU123,LGL_FRM_RIAD_ANCRDT,1900-01-01 00:00:00,9999-12-31 00:00:00,0
8102,LGL_FRM_AT604,LGL_FRM_RIAD_ANCRDT,1900-01-01 00:00:00,9999-12-31 00:00:00,0
8103,LGL_FRM_FR048,LGL_FRM_RIAD_ANCRDT,1900-01-01 00:00:00,9999-12-31 00:00:00,0
8104,LGL_FRM_FR002,LGL_FRM_RIAD_ANCRDT,1900-01-01 00:00:00,9999-12-31 00:00:00,0
8105,LGL_FRM_NL206,LGL_FRM_RIAD_ANCRDT,1900-01-01 00:00:00,9999-12-31 00:00:00,0
8106,RFRNC_RT_9,RFRNC_RT_ANCRDT_CLLCTN,1900-01-01 00:00:00,9999-12-31 00:00:00,0
8107,LGL_FRM_HU541,LGL_FRM_RIAD_ANCRDT,1900-01-01 00:00:00,9999-12-31 00:00:00,0
8108,LGL_FRM_IT702,LGL_FRM_RIAD_ANCRDT,1900-01-01 00:00:00,9999-12-31 00:00:00,0
8109,LGL_FRM_FR019,LGL_FRM_RIAD_ANCRDT,1900-01-01 00:00:00,9999-12-31 00:00:00,0
8110,LGL_FRM_FR053,LGL_FRM_RIAD_ANCRDT,1900-01-01 00:00:00,9999-12-31 00:00:00,0
8111,LGL_FRM_FR026,LGL_FRM_RIAD_ANCRDT,1900-01-01 00:00:00,9999-12-31 00:00:00,0
8112,LGL_FRM_NL102,LGL_FRM_RIAD_ANCRDT,1900-01-01 00:00:00,9999-12-31 00:00:00,0
8113,LGL_FRM_NL304,LGL_FRM_RIAD_ANCRDT,1900-01-01 00:00:00,9999-12-31 00:00:00,0
8114,LGL_FRM_PT331,LGL_FRM_RIAD_ANCRDT,1900-01-01 00:00:00,9999-12-31 00:00:00,0
8115,LGL_FRM_LV901,LGL_FRM_RIAD_ANCRDT,1900-01-01 00:00:00,9999-12-31 00:00:00,0
8116,LGL_FRM_LT106,LGL_FRM_RIAD_ANCRDT,1900-01-01 00:00:00,9999-12-31 00:00:00,0
8117,LGL_FRM_CZ707,LGL_FRM_RIAD_ANCRDT,1900-01-01 00:00:00,9999-12-31 00:00:00,0
8118,LGL_FRM_CZ921,LGL_FRM_RIAD_ANCRDT,1900-01-01 00:00:00,9999-12-31 00:00:00,0
8119,LGL_FRM_DE107,LGL_FRM_RIAD_ANCRDT,1900-01-01 00:00:00,9999-12-31 00:00:00,0
8120,LGL_FRM_BE508,LGL_FRM_RIAD_ANCRDT,1900-01-01 00:00:00,9999-12-31 00:00:00,0
8121,LGL_FRM_DE301,LGL_FRM_RIAD_ANCRDT,1900-01-01 00:00:00,9999-12-31 00:00:00,0
8122,LGL_FRM_BE302,LGL_FRM_RIAD_ANCRDT,1900-01-01 00:00:00,9999-12-31 00:00:00,0
8123,LGL_FRM_SI358,LGL_FRM_RIAD_ANCRDT,1900-01-01 00:00:00,9999-12-31 00:00:00,0
8124,LGL_FRM_SI401,LGL_FRM_RIAD_ANCRDT,1900-01-01 00:00:00,9999-12-31 00:00:00,0
8125,LGL_FRM_BE411,LGL_FRM_RIAD_ANCRDT,1900-01-01 00:00:00,9999-12-31 00:00:00,0
8126,LGL_FRM_CZ326,LGL_FRM_RIAD_ANCRDT,1900-01-01 00:00:00,9999-12-31 00:00:00,0
8127,LGL_FRM_CZ715,LGL_FRM_RIAD_ANCRDT,1900-01-01 00:00:00,9999-12-31 00:00:00,0
8128,LGL_FRM_EU200,LGL_FRM_RIAD_ANCRDT,1900-01-01 00:00:00,9999-12-31 00:00:00,0
8129,LGL_FRM_CZ353,LGL_FRM_RIAD_ANCRDT,1900-01-01 00:00:00,9999-12-31 00:00:00,0
8130,LGL_FRM_DE606,LGL_FRM_RIAD_ANCRDT,1900-01-01 00:00:00,9999-12-31 00:00:00,0
8131,LGL_FRM_BE129,LGL_FRM_RIAD_ANCRDT,1900-01-01 00:00:00,9999-12-31 00:00:00,0
8132,LGL_FRM_BE310,LGL_FRM_RIAD_ANCRDT,1900-01-01 00:00:00,9999-12-31 00:00:00,0
8133,LGL_FRM_SI300,LGL_FRM_RIAD_ANCRDT,1900-01-01 00:00:00,9999-12-31 00:00:00,0
8134,LGL_FRM_BE030,LGL_FRM_RIAD_ANCRDT,1900-01-01 00:00:00,9999-12-31 00:00:00,0
8135,LGL_FRM_ESC09,LGL_FRM_RIAD_ANCRDT,1900-01-01 00:00:00,9999-12-31 00:00:00,0
8136,LGL_FRM_SK901,LGL_FRM_RIAD_ANCRDT,1900-01-01 00:00:00,9999-12-31 00:00:00,0
8137,LGL_FRM_BG462,LGL_FRM_RIAD_ANCRDT,1900-01-01 00:00:00,9999-12-31 00:00:00,0
8138,LGL_FRM_SK112,LGL_FRM_RIAD_ANCRDT,1900-01-01 00:00:00,9999-12-31 00:00:00,0
8139,LGL_FRM_BG102,LGL_FRM_RIAD_ANCRDT,1900-01-01 00:00:00,9999-12-31 00:00:00,0
8140,LGL_FRM_FR041,LGL_FRM_RIAD_ANCRDT,1900-01-01 00:00:00,9999-12-31 00:00:00,0
8141,LGL_FRM_FR034,LGL_FRM_RIAD_ANCRDT,1900-01-01 00:00:00,9999-12-31 00:00:00,0
8142,LGL_FRM_EE206,LGL_FRM_RIAD_ANCRDT,1900-01-01 00:00:00,9999-12-31 00:00:00,0
8143,LGL_FRM_AT201,LGL_FRM_RIAD_ANCRDT,1900-01-01 00:00:00,9999-12-31 00:00:00,0
8144,LGL_FRM_RW500,LGL_FRM_RIAD_ANCRDT,1900-01-01 00:00:00,9999-12-31 00:00:00,0
8145,LGL_FRM_HU999,LGL_FRM_RIAD_ANCRDT,1900-01-01 00:00:00,9999-12-31 00:00:00,0
8146,LGL_FRM_DK240,LGL_FRM_RIAD_ANCRDT,1900-01-01 00:00:00,9999-12-31 00:00:00,0
8147,LGL_FRM_DK115,LGL_FRM_RIAD_ANCRDT,1900-01-01 00:00:00,9999-12-31 00:00:00,0
8148,LGL_FRM_DK235,LGL_FRM_RIAD_ANCRDT,1900-01-01 00:00:00,9999-12-31 00:00:00,0
8149,LGL_FRM_LT209,LGL_FRM_RIAD_ANCRDT,1900-01-01 00:00:00,9999-12-31 00:00:00,0
8150,LGL_FRM_BE114,LGL_FRM_RIAD_ANCRDT,1900-01-01 00:00:00,9999-12-31 00:00:00,0
8151,LGL_FRM_SI104,LGL_FRM_RIAD_ANCRDT,1900-01-01 00:00:00,9999-12-31 00:00:00,0
8152,LGL_FRM_BE721,LGL_FRM_RIAD_ANCRDT,1900-01-01 00:00:00,9999-12-31 00:00:00,0
8153,LGL_FRM_SI302,LGL_FRM_RIAD_ANCRDT,1900-01-01 00:00:00,9999-12-31 00:00:00,0
8154,LGL_FRM_ESC34,LGL_FRM_RIAD_ANCRDT,1900-01-01 00:00:00,9999-12-31 00:00:00,0
8155,LGL_FRM_PT321,LGL_FRM_RIAD_ANCRDT,1900-01-01 00:00:00,9999-12-31 00:00:00,0
8156,LGL_FRM_LV808,LGL_FRM_RIAD_ANCRDT,1900-01-01 00:00:00,9999-12-31 00:00:00,0
8157,LGL_FRM_FR036,LGL_FRM_RIAD_ANCRDT,1900-01-01 00:00:00,9999-12-31 00:00:00,0
8158,LGL_FRM_FR043,LGL_FRM_RIAD_ANCRDT,1900-01-01 00:00:00,9999-12-31 00:00:00,0
8159,LGL_FRM_FR009,LGL_FRM_RIAD_ANCRDT,1900-01-01 00:00:00,9999-12-31 00:00:00,0
8160,LGL_FRM_NL901,LGL_FRM_RIAD_ANCRDT,1900-01-01 00:00:00,9999-12-31 00:00:00,0
8161,LGL_FRM_HU551,LGL_FRM_RIAD_ANCRDT,1900-01-01 00:00:00,9999-12-31 00:00:00,0
8162,LGL_FRM_HU311,LGL_FRM_RIAD_ANCRDT,1900-01-01 00:00:00,9999-12-31 00:00:00,0
8163,LGL_FRM_EE204,LGL_FRM_RIAD_ANCRDT,1900-01-01 00:00:00,9999-12-31 00:00:00,0
8164,LGL_FRM_HU524,LGL_FRM_RIAD_ANCRDT,1900-01-01 00:00:00,9999-12-31 00:00:00,0
8165,LGL_FRM_HU117,LGL_FRM_RIAD_ANCRDT,1900-01-01 00:00:00,9999-12-31 00:00:00,0
8166,LGL_FRM_DK285,LGL_FRM_RIAD_ANCRDT,1900-01-01 00:00:00,9999-12-31 00:00:00,0
8167,LGL_FRM_HU916,LGL_FRM_RIAD_ANCRDT,1900-01-01 00:00:00,9999-12-31 00:00:00,0
8168,LGL_FRM_DK250,LGL_FRM_RIAD_ANCRDT,1900-01-01 00:00:00,9999-12-31 00:00:00,0
8169,LGL_FRM_FR024,LGL_FRM_RIAD_ANCRDT,1900-01-01 00:00:00,9999-12-31 00:00:00,0
8170,LGL_FRM_FR051,LGL_FRM_RIAD_ANCRDT,1900-01-01 00:00:00,9999-12-31 00:00:00,0
8171,LGL_FRM_BG472,LGL_FRM_RIAD_ANCRDT,1900-01-01 00:00:00,9999-12-31 00:00:00,0
8172,LGL_FRM_SK911,LGL_FRM_RIAD_ANCRDT,1900-01-01 00:00:00,9999-12-31 00:00:00,0
8173,LGL_FRM_ESC19,LGL_FRM_RIAD_ANCRDT,1900-01-01 00:00:00,9999-12-31 00:00:00,0
8174,LGL_FRM_LV903,LGL_FRM_RIAD_ANCRDT,1900-01-01 00:00:00,9999-12-31 00:00:00,0
8175,LGL_FRM_LV405,LGL_FRM_RIAD_ANCRDT,1900-01-01 00:00:00,9999-12-31 00:00:00,0
8176,LGL_FRM_LV110,LGL_FRM_RIAD_ANCRDT,1900-01-01 00:00:00,9999-12-31 00:00:00,0
8177,LGL_FRM_CZ145,LGL_FRM_RIAD_ANCRDT,1900-01-01 00:00:00,9999-12-31 00:00:00,0
8178,LGL_FRM_CZ805,LGL_FRM_RIAD_ANCRDT,1900-01-01 00:00:00,9999-12-31 00:00:00,0
8179,LGL_FRM_CZ705,LGL_FRM_RIAD_ANCRDT,1900-01-01 00:00:00,9999-12-31 00:00:00,0
8180,LGL_FRM_LT104,LGL_FRM_RIAD_ANCRDT,1900-01-01 00:00:00,9999-12-31 00:00:00,0
8181,LGL_FRM_SI403,LGL_FRM_RIAD_ANCRDT,1900-01-01 00:00:00,9999-12-31 00:00:00,0
8182,LGL_FRM_BE413,LGL_FRM_RIAD_ANCRDT,1900-01-01 00:00:00,9999-12-31 00:00:00,0
8183,LGL_FRM_BE020,LGL_FRM_RIAD_ANCRDT,1900-01-01 00:00:00,9999-12-31 00:00:00,0
8184,LGL_FRM_SI310,LGL_FRM_RIAD_ANCRDT,1900-01-01 00:00:00,9999-12-31 00:00:00,0
8185,LGL_FRM_DE105,LGL_FRM_RIAD_ANCRDT,1900-01-01 00:00:00,9999-12-31 00:00:00,0
8186,LGL_FRM_GR999,LGL_FRM_RIAD_ANCRDT,1900-01-01 00:00:00,9999-12-31 00:00:00,0
8187,LGL_FRM_SK273,LGL_FRM_RIAD_ANCRDT,1900-01-01 00:00:00,9999-12-31 00:00:00,0
8188,LGL_FRM_SK119,LGL_FRM_RIAD_ANCRDT,1900-01-01 00:00:00,9999-12-31 00:00:00,0
8189,LGL_FRM_LV801,LGL_FRM_RIAD_ANCRDT,1900-01-01 00:00:00,9999-12-31 00:00:00,0
8190,LGL_FRM_PT231,LGL_FRM_RIAD_ANCRDT,1900-01-01 00:00:00,9999-12-31 00:00:00,0
8191,LGL_FRM_PT111,LGL_FRM_RIAD_ANCRDT,1900-01-01 00:00:00,9999-12-31 00:00:00,0
8192,LGL_FRM_LV701,LGL_FRM_RIAD_ANCRDT,1900-01-01 00:00:00,9999-12-31 00:00:00,0
8193,LGL_FRM_RO102,LGL_FRM_RIAD_ANCRDT,1900-01-01 00:00:00,9999-12-31 00:00:00,0
8194,LGL_FRM_GR906,LGL_FRM_RIAD_ANCRDT,1900-01-01 00:00:00,9999-12-31 00:00:00,0
8195,LGL_FRM_CZ907,LGL_FRM_RIAD_ANCRDT,1900-01-01 00:00:00,9999-12-31 00:00:00,0
8196,LGL_FRM_CZ161,LGL_FRM_RIAD_ANCRDT,1900-01-01 00:00:00,9999-12-31 00:00:00,0
8197,LGL_FRM_CZ938,LGL_FRM_RIAD_ANCRDT,1900-01-01 00:00:00,9999-12-31 00:00:00,0
8198,LGL_FRM_CZ721,LGL_FRM_RIAD_ANCRDT,1900-01-01 00:00:00,9999-12-31 00:00:00,0
8199,LGL_FRM_BE511,LGL_FRM_RIAD_ANCRDT,1900-01-01 00:00:00,9999-12-31 00:00:00,0
8200,LGL_FRM_SI452,LGL_FRM_RIAD_ANCRDT,1900-01-01 00:00:00,9999-12-31 00:00:00,0
8201,LGL_FRM_DE201,LGL_FRM_RIAD_ANCRDT,1900-01-01 00:00:00,9999-12-31 00:00:00,0
8202,LGL_FRM_HU567,LGL_FRM_RIAD_ANCRDT,1900-01-01 00:00:00,9999-12-31 00:00:00,0
8203,LGL_FRM_HU121,LGL_FRM_RIAD_ANCRDT,1900-01-01 00:00:00,9999-12-31 00:00:00,0
8204,LGL_FRM_HU558,LGL_FRM_RIAD_ANCRDT,1900-01-01 00:00:00,9999-12-31 00:00:00,0
8205,LGL_FRM_HU327,LGL_FRM_RIAD_ANCRDT,1900-01-01 00:00:00,9999-12-31 00:00:00,0
8206,LGL_FRM_MT040,LGL_FRM_RIAD_ANCRDT,1900-01-01 00:00:00,9999-12-31 00:00:00,0
8207,LGL_FRM_IT902,LGL_FRM_RIAD_ANCRDT,1900-01-01 00:00:00,9999-12-31 00:00:00,0
8208,LGL_FRM_CY103,LGL_FRM_RIAD_ANCRDT,1900-01-01 00:00:00,9999-12-31 00:00:00,0
8209,LGL_FRM_NL204,LGL_FRM_RIAD_ANCRDT,1900-01-01 00:00:00,9999-12-31 00:00:00,0
8210,LGL_FRM_GB600,LGL_FRM_RIAD_ANCRDT,1900-01-01 00:00:00,9999-12-31 00:00:00,0
8211,LGL_FRM_FR012,LGL_FRM_RIAD_ANCRDT,1900-01-01 00:00:00,9999-12-31 00:00:00,0
8212,LGL_FRM_FR058,LGL_FRM_RIAD_ANCRDT,1900-01-01 00:00:00,9999-12-31 00:00:00,0
8213,LGL_FRM_CY111,LGL_FRM_RIAD_ANCRDT,1900-01-01 00:00:00,9999-12-31 00:00:00,0
8214,LGL_FRM_HU575,LGL_FRM_RIAD_ANCRDT,1900-01-01 00:00:00,9999-12-31 00:00:00,0
8215,LGL_FRM_RW400,LGL_FRM_RIAD_ANCRDT,1900-01-01 00:00:00,9999-12-31 00:00:00,0
8216,LGL_FRM_HU133,LGL_FRM_RIAD_ANCRDT,1900-01-01 00:00:00,9999-12-31 00:00:00,0
8217,LGL_FRM_EU300,LGL_FRM_RIAD_ANCRDT,1900-01-01 00:00:00,9999-12-31 00:00:00,0
8218,LGL_FRM_CZ960,LGL_FRM_RIAD_ANCRDT,1900-01-01 00:00:00,9999-12-31 00:00:00,0
8219,LGL_FRM_CZ733,LGL_FRM_RIAD_ANCRDT,1900-01-01 00:00:00,9999-12-31 00:00:00,0
8220,LGL_FRM_LT212,LGL_FRM_RIAD_ANCRDT,1900-01-01 00:00:00,9999-12-31 00:00:00,0
8221,LGL_FRM_SI715,LGL_FRM_RIAD_ANCRDT,1900-01-01 00:00:00,9999-12-31 00:00:00,0
8222,LGL_FRM_SI319,LGL_FRM_RIAD_ANCRDT,1900-01-01 00:00:00,9999-12-31 00:00:00,0
8223,LGL_FRM_BE029,LGL_FRM_RIAD_ANCRDT,1900-01-01 00:00:00,9999-12-31 00:00:00,0
8224,LGL_FRM_SK701,LGL_FRM_RIAD_ANCRDT,1900-01-01 00:00:00,9999-12-31 00:00:00,0
8225,LGL_FRM_ESC10,LGL_FRM_RIAD_ANCRDT,1900-01-01 00:00:00,9999-12-31 00:00:00,0
8226,LGL_FRM_SK421,LGL_FRM_RIAD_ANCRDT,1900-01-01 00:00:00,9999-12-31 00:00:00,0
8227,LGL_FRM_SK801,LGL_FRM_RIAD_ANCRDT,1900-01-01 00:00:00,9999-12-31 00:00:00,0
8228,LGL_FRM_SK141,LGL_FRM_RIAD_ANCRDT,1900-01-01 00:00:00,9999-12-31 00:00:00,0
8229,LGL_FRM_BE610,LGL_FRM_RIAD_ANCRDT,2019-05-01 00:00:00,9999-12-31 00:00:00,0
8230,LGL_FRM_RO110,LGL_FRM_RIAD_ANCRDT,1900-01-01 00:00:00,9999-12-31 00:00:00,0
8231,LGL_FRM_RO103,LGL_FRM_RIAD_ANCRDT,1900-01-01 00:00:00,9999-12-31 00:00:00,0
8232,LGL_FRM_GR907,LGL_FRM_RIAD_ANCRDT,1900-01-01 00:00:00,9999-12-31 00:00:00,0
8233,RFRNC_RT_8,RFRNC_RT_ANCRDT_CLLCTN,1900-01-01 00:00:00,9999-12-31 00:00:00,0
8234,LGL_FRM_SK381,LGL_FRM_RIAD_ANCRDT,1900-01-01 00:00:00,9999-12-31 00:00:00,0
8235,LGL_FRM_SK118,LGL_FRM_RIAD_ANCRDT,1900-01-01 00:00:00,9999-12-31 00:00:00,0
8236,LGL_FRM_SK272,LGL_FRM_RIAD_ANCRDT,1900-01-01 00:00:00,9999-12-31 00:00:00,0
8237,LGL_FRM_SK321,LGL_FRM_RIAD_ANCRDT,1900-01-01 00:00:00,9999-12-31 00:00:00,0
8238,LGL_FRM_BE070,LGL_FRM_RIAD_ANCRDT,1900-01-01 00:00:00,9999-12-31 00:00:00,0
8239,LGL_FRM_SI453,LGL_FRM_RIAD_ANCRDT,1900-01-01 00:00:00,9999-12-31 00:00:00,0
8240,LGL_FRM_BE350,LGL_FRM_RIAD_ANCRDT,1900-01-01 00:00:00,9999-12-31 00:00:00,0
8241,LGL_FRM_SI213,LGL_FRM_RIAD_ANCRDT,1900-01-01 00:00:00,9999-12-31 00:00:00,0
8242,LGL_FRM_LT201,LGL_FRM_RIAD_ANCRDT,1900-01-01 00:00:00,9999-12-31 00:00:00,0
8243,LGL_FRM_CZ313,LGL_FRM_RIAD_ANCRDT,1900-01-01 00:00:00,9999-12-31 00:00:00,0
8244,LGL_FRM_SI799,LGL_FRM_RIAD_ANCRDT,1900-01-01 00:00:00,9999-12-31 00:00:00,0
8245,LGL_FRM_CZ115,LGL_FRM_RIAD_ANCRDT,1900-01-01 00:00:00,9999-12-31 00:00:00,0
8246,LGL_FRM_SI899,LGL_FRM_RIAD_ANCRDT,1900-01-01 00:00:00,9999-12-31 00:00:00,0
8247,LGL_FRM_EU400,LGL_FRM_RIAD_ANCRDT,1900-01-01 00:00:00,9999-12-31 00:00:00,0
8248,LGL_FRM_CZ906,LGL_FRM_RIAD_ANCRDT,1900-01-01 00:00:00,9999-12-31 00:00:00,0
8249,LGL_FRM_IT903,LGL_FRM_RIAD_ANCRDT,1900-01-01 00:00:00,9999-12-31 00:00:00,0
8250,LGL_FRM_MT034,LGL_FRM_RIAD_ANCRDT,1900-01-01 00:00:00,9999-12-31 00:00:00,0
8251,LGL_FRM_AT401,LGL_FRM_RIAD_ANCRDT,1900-01-01 00:00:00,9999-12-31 00:00:00,0
8252,LGL_FRM_RW300,LGL_FRM_RIAD_ANCRDT,1900-01-01 00:00:00,9999-12-31 00:00:00,0
8253,LGL_FRM_AT607,LGL_FRM_RIAD_ANCRDT,1900-01-01 00:00:00,9999-12-31 00:00:00,0
8254,LGL_FRM_HU566,LGL_FRM_RIAD_ANCRDT,1900-01-01 00:00:00,9999-12-31 00:00:00,0
8255,LGL_FRM_NL205,LGL_FRM_RIAD_ANCRDT,1900-01-01 00:00:00,9999-12-31 00:00:00,0
8256,LGL_FRM_CY102,LGL_FRM_RIAD_ANCRDT,1900-01-01 00:00:00,9999-12-31 00:00:00,0
8257,RFRNC_RT_6,RFRNC_RT_ANCRDT_CLLCTN,1900-01-01 00:00:00,9999-12-31 00:00:00,0
8258,LGL_FRM_FR001,LGL_FRM_RIAD_ANCRDT,1900-01-01 00:00:00,9999-12-31 00:00:00,0
8259,LGL_FRM_GB100,LGL_FRM_RIAD_ANCRDT,1900-01-01 00:00:00,9999-12-31 00:00:00,0
8260,LGL_FRM_FR066,LGL_FRM_RIAD_ANCRDT,1900-01-01 00:00:00,9999-12-31 00:00:00,0
8261,LGL_FRM_FR059,LGL_FRM_RIAD_ANCRDT,1900-01-01 00:00:00,9999-12-31 00:00:00,0
8262,LGL_FRM_FR013,LGL_FRM_RIAD_ANCRDT,1900-01-01 00:00:00,9999-12-31 00:00:00,0
8263,LGL_FRM_EE101,LGL_FRM_RIAD_ANCRDT,1900-01-01 00:00:00,9999-12-31 00:00:00,0
8264,LGL_FRM_BE028,LGL_FRM_RIAD_ANCRDT,1900-01-01 00:00:00,9999-12-31 00:00:00,0
8265,LGL_FRM_DE501,LGL_FRM_RIAD_ANCRDT,1900-01-01 00:00:00,9999-12-31 00:00:00,0
8266,LGL_FRM_SI352,LGL_FRM_RIAD_ANCRDT,1900-01-01 00:00:00,9999-12-31 00:00:00,0
8267,LGL_FRM_SI318,LGL_FRM_RIAD_ANCRDT,1900-01-01 00:00:00,9999-12-31 00:00:00,0
8268,LGL_FRM_BE017,LGL_FRM_RIAD_ANCRDT,1900-01-01 00:00:00,9999-12-31 00:00:00,0
8269,LGL_FRM_SI201,LGL_FRM_RIAD_ANCRDT,1900-01-01 00:00:00,9999-12-31 00:00:00,0
8270,LGL_FRM_BE211,LGL_FRM_RIAD_ANCRDT,1900-01-01 00:00:00,9999-12-31 00:00:00,0
8271,LGL_FRM_CZ301,LGL_FRM_RIAD_ANCRDT,1900-01-01 00:00:00,9999-12-31 00:00:00,0
8272,LGL_FRM_CZ732,LGL_FRM_RIAD_ANCRDT,1900-01-01 00:00:00,9999-12-31 00:00:00,0
8273,LGL_FRM_LT213,LGL_FRM_RIAD_ANCRDT,1900-01-01 00:00:00,9999-12-31 00:00:00,0
8274,LGL_FRM_CZ961,LGL_FRM_RIAD_ANCRDT,1900-01-01 00:00:00,9999-12-31 00:00:00,0
8275,LGL_FRM_CZ661,LGL_FRM_RIAD_ANCRDT,1900-01-01 00:00:00,9999-12-31 00:00:00,0
8276,LGL_FRM_CZ541,LGL_FRM_RIAD_ANCRDT,1900-01-01 00:00:00,9999-12-31 00:00:00,0
8277,LGL_FRM_RO111,LGL_FRM_RIAD_ANCRDT,1900-01-01 00:00:00,9999-12-31 00:00:00,0
8278,LGL_FRM_ESC11,LGL_FRM_RIAD_ANCRDT,1900-01-01 00:00:00,9999-12-31 00:00:00,0
8279,LGL_FRM_SK333,LGL_FRM_RIAD_ANCRDT,1900-01-01 00:00:00,9999-12-31 00:00:00,0
8280,LGL_FRM_DE605,LGL_FRM_RIAD_ANCRDT,1900-01-01 00:00:00,9999-12-31 00:00:00,0
8281,LGL_FRM_BE160,LGL_FRM_RIAD_ANCRDT,1900-01-01 00:00:00,9999-12-31 00:00:00,0
8282,LGL_FRM_SI303,LGL_FRM_RIAD_ANCRDT,1900-01-01 00:00:00,9999-12-31 00:00:00,0
8283,LGL_FRM_BE400,LGL_FRM_RIAD_ANCRDT,1900-01-01 00:00:00,9999-12-31 00:00:00,0
8284,LGL_FRM_SI105,LGL_FRM_RIAD_ANCRDT,1900-01-01 00:00:00,9999-12-31 00:00:00,0
8285,LGL_FRM_CZ325,LGL_FRM_RIAD_ANCRDT,1900-01-01 00:00:00,9999-12-31 00:00:00,0
8286,LGL_FRM_LT208,LGL_FRM_RIAD_ANCRDT,1900-01-01 00:00:00,9999-12-31 00:00:00,0
8287,LGL_FRM_LV103,LGL_FRM_RIAD_ANCRDT,1900-01-01 00:00:00,9999-12-31 00:00:00,0
8288,LGL_FRM_LV809,LGL_FRM_RIAD_ANCRDT,1900-01-01 00:00:00,9999-12-31 00:00:00,0
8289,LGL_FRM_SK751,LGL_FRM_RIAD_ANCRDT,1900-01-01 00:00:00,9999-12-31 00:00:00,0
8290,LGL_FRM_BG101,LGL_FRM_RIAD_ANCRDT,1900-01-01 00:00:00,9999-12-31 00:00:00,0
8291,LGL_FRM_SK111,LGL_FRM_RIAD_ANCRDT,1900-01-01 00:00:00,9999-12-31 00:00:00,0
8292,LGL_FRM_FR008,LGL_FRM_RIAD_ANCRDT,1900-01-01 00:00:00,9999-12-31 00:00:00,0
8293,LGL_FRM_FR042,LGL_FRM_RIAD_ANCRDT,1900-01-01 00:00:00,9999-12-31 00:00:00,0
8294,LGL_FRM_FR037,LGL_FRM_RIAD_ANCRDT,1900-01-01 00:00:00,9999-12-31 00:00:00,0
8295,LGL_FRM_HU116,LGL_FRM_RIAD_ANCRDT,1900-01-01 00:00:00,9999-12-31 00:00:00,0
8296,LGL_FRM_EE205,LGL_FRM_RIAD_ANCRDT,1900-01-01 00:00:00,9999-12-31 00:00:00,0
8297,LGL_FRM_AT202,LGL_FRM_RIAD_ANCRDT,1900-01-01 00:00:00,9999-12-31 00:00:00,0
8298,LGL_FRM_HU129,LGL_FRM_RIAD_ANCRDT,1900-01-01 00:00:00,9999-12-31 00:00:00,0
8299,LGL_FRM_IT801,LGL_FRM_RIAD_ANCRDT,1900-01-01 00:00:00,9999-12-31 00:00:00,0
8300,LGL_FRM_MT010,LGL_FRM_RIAD_ANCRDT,1900-01-01 00:00:00,9999-12-31 00:00:00,0
8301,LGL_FRM_IT701,LGL_FRM_RIAD_ANCRDT,1900-01-01 00:00:00,9999-12-31 00:00:00,0
8302,LGL_FRM_NL101,LGL_FRM_RIAD_ANCRDT,1900-01-01 00:00:00,9999-12-31 00:00:00,0
8303,LGL_FRM_FR050,LGL_FRM_RIAD_ANCRDT,1900-01-01 00:00:00,9999-12-31 00:00:00,0
8304,LGL_FRM_FR025,LGL_FRM_RIAD_ANCRDT,1900-01-01 00:00:00,9999-12-31 00:00:00,0
8305,LGL_FRM_LV404,LGL_FRM_RIAD_ANCRDT,1900-01-01 00:00:00,9999-12-31 00:00:00,0
8306,LGL_FRM_LV111,LGL_FRM_RIAD_ANCRDT,1900-01-01 00:00:00,9999-12-31 00:00:00,0
8307,LGL_FRM_PT141,LGL_FRM_RIAD_ANCRDT,1900-01-01 00:00:00,9999-12-31 00:00:00,0
8308,LGL_FRM_DE104,LGL_FRM_RIAD_ANCRDT,1900-01-01 00:00:00,9999-12-31 00:00:00,0
8309,LGL_FRM_BE218,LGL_FRM_RIAD_ANCRDT,1900-01-01 00:00:00,9999-12-31 00:00:00,0
8310,LGL_FRM_BE301,LGL_FRM_RIAD_ANCRDT,1900-01-01 00:00:00,9999-12-31 00:00:00,0
8311,LGL_FRM_SI311,LGL_FRM_RIAD_ANCRDT,1900-01-01 00:00:00,9999-12-31 00:00:00,0
8312,LGL_FRM_BE107,LGL_FRM_RIAD_ANCRDT,1900-01-01 00:00:00,9999-12-31 00:00:00,0
8313,LGL_FRM_BE412,LGL_FRM_RIAD_ANCRDT,1900-01-01 00:00:00,9999-12-31 00:00:00,0
8314,LGL_FRM_BE021,LGL_FRM_RIAD_ANCRDT,1900-01-01 00:00:00,9999-12-31 00:00:00,0
8315,LGL_FRM_SI402,LGL_FRM_RIAD_ANCRDT,1900-01-01 00:00:00,9999-12-31 00:00:00,0
8316,LGL_FRM_LT105,LGL_FRM_RIAD_ANCRDT,1900-01-01 00:00:00,9999-12-31 00:00:00,0
8317,LGL_FRM_CZ424,LGL_FRM_RIAD_ANCRDT,1900-01-01 00:00:00,9999-12-31 00:00:00,0
8318,LGL_FRM_CZ704,LGL_FRM_RIAD_ANCRDT,1900-01-01 00:00:00,9999-12-31 00:00:00,0
8319,LGL_FRM_CZ922,LGL_FRM_RIAD_ANCRDT,1900-01-01 00:00:00,9999-12-31 00:00:00,0
8320,LGL_FRM_CZ804,LGL_FRM_RIAD_ANCRDT,1900-01-01 00:00:00,9999-12-31 00:00:00,0
8321,LGL_FRM_CZ771,LGL_FRM_RIAD_ANCRDT,1900-01-01 00:00:00,9999-12-31 00:00:00,0
8322,LGL_FRM_IT703,LGL_FRM_RIAD_ANCRDT,1900-01-01 00:00:00,9999-12-31 00:00:00,0
8323,LGL_FRM_AT501,LGL_FRM_RIAD_ANCRDT,1900-01-01 00:00:00,9999-12-31 00:00:00,0
8324,LGL_FRM_RW200,LGL_FRM_RIAD_ANCRDT,1900-01-01 00:00:00,9999-12-31 00:00:00,0
8325,LGL_FRM_HU915,LGL_FRM_RIAD_ANCRDT,1900-01-01 00:00:00,9999-12-31 00:00:00,0
8326,LGL_FRM_FR027,LGL_FRM_RIAD_ANCRDT,1900-01-01 00:00:00,9999-12-31 00:00:00,0
8327,LGL_FRM_FR052,LGL_FRM_RIAD_ANCRDT,1900-01-01 00:00:00,9999-12-31 00:00:00,0
8328,LGL_FRM_FR018,LGL_FRM_RIAD_ANCRDT,1900-01-01 00:00:00,9999-12-31 00:00:00,0
8329,LGL_FRM_LV406,LGL_FRM_RIAD_ANCRDT,1900-01-01 00:00:00,9999-12-31 00:00:00,0
8330,LGL_FRM_ESC25,LGL_FRM_RIAD_ANCRDT,1900-01-01 00:00:00,9999-12-31 00:00:00,0
8331,LGL_FRM_SK741,LGL_FRM_RIAD_ANCRDT,1900-01-01 00:00:00,9999-12-31 00:00:00,0
8332,LGL_FRM_BE023,LGL_FRM_RIAD_ANCRDT,1900-01-01 00:00:00,9999-12-31 00:00:00,0
8333,LGL_FRM_BE303,LGL_FRM_RIAD_ANCRDT,1900-01-01 00:00:00,9999-12-31 00:00:00,0
8334,LGL_FRM_SI359,LGL_FRM_RIAD_ANCRDT,1900-01-01 00:00:00,9999-12-31 00:00:00,0
8335,LGL_FRM_SI313,LGL_FRM_RIAD_ANCRDT,1900-01-01 00:00:00,9999-12-31 00:00:00,0
8336,LGL_FRM_BE225,LGL_FRM_RIAD_ANCRDT,1900-01-01 00:00:00,9999-12-31 00:00:00,0
8337,LGL_FRM_LT301,LGL_FRM_RIAD_ANCRDT,1900-01-01 00:00:00,9999-12-31 00:00:00,0
8338,LGL_FRM_CZ706,LGL_FRM_RIAD_ANCRDT,1900-01-01 00:00:00,9999-12-31 00:00:00,0
8339,LGL_FRM_LT107,LGL_FRM_RIAD_ANCRDT,1900-01-01 00:00:00,9999-12-31 00:00:00,0
8340,LGL_FRM_SI458,LGL_FRM_RIAD_ANCRDT,1900-01-01 00:00:00,9999-12-31 00:00:00,0
8341,LGL_FRM_BE117,LGL_FRM_RIAD_ANCRDT,1900-01-01 00:00:00,9999-12-31 00:00:00,0
8342,LGL_FRM_SI301,LGL_FRM_RIAD_ANCRDT,1900-01-01 00:00:00,9999-12-31 00:00:00,0
8343,LGL_FRM_DE401,LGL_FRM_RIAD_ANCRDT,1900-01-01 00:00:00,9999-12-31 00:00:00,0
8344,LGL_FRM_BE208,LGL_FRM_RIAD_ANCRDT,1900-01-01 00:00:00,9999-12-31 00:00:00,0
8345,LGL_FRM_CZ761,LGL_FRM_RIAD_ANCRDT,1900-01-01 00:00:00,9999-12-31 00:00:00,0
8346,LGL_FRM_CZ352,LGL_FRM_RIAD_ANCRDT,1900-01-01 00:00:00,9999-12-31 00:00:00,0
8347,LGL_FRM_CZ121,LGL_FRM_RIAD_ANCRDT,1900-01-01 00:00:00,9999-12-31 00:00:00,0
8348,LGL_FRM_PT151,LGL_FRM_RIAD_ANCRDT,1900-01-01 00:00:00,9999-12-31 00:00:00,0
8349,LGL_FRM_RO108,LGL_FRM_RIAD_ANCRDT,1900-01-01 00:00:00,9999-12-31 00:00:00,0
8350,LGL_FRM_PT711,LGL_FRM_RIAD_ANCRDT,1900-01-01 00:00:00,9999-12-31 00:00:00,0
8351,LGL_FRM_LV101,LGL_FRM_RIAD_ANCRDT,1900-01-01 00:00:00,9999-12-31 00:00:00,0
8352,LGL_FRM_BG103,LGL_FRM_RIAD_ANCRDT,1900-01-01 00:00:00,9999-12-31 00:00:00,0
8353,LGL_FRM_SK113,LGL_FRM_RIAD_ANCRDT,1900-01-01 00:00:00,9999-12-31 00:00:00,0
8354,LGL_FRM_ESC08,LGL_FRM_RIAD_ANCRDT,1900-01-01 00:00:00,9999-12-31 00:00:00,0
8355,LGL_FRM_CY109,LGL_FRM_RIAD_ANCRDT,1900-01-01 00:00:00,9999-12-31 00:00:00,0
8356,LGL_FRM_FR035,LGL_FRM_RIAD_ANCRDT,1900-01-01 00:00:00,9999-12-31 00:00:00,0
8357,LGL_FRM_FR040,LGL_FRM_RIAD_ANCRDT,1900-01-01 00:00:00,9999-12-31 00:00:00,0
8358,LGL_FRM_HU552,LGL_FRM_RIAD_ANCRDT,1900-01-01 00:00:00,9999-12-31 00:00:00,0
8359,LGL_FRM_HU312,LGL_FRM_RIAD_ANCRDT,1900-01-01 00:00:00,9999-12-31 00:00:00,0
8360,LGL_FRM_HU114,LGL_FRM_RIAD_ANCRDT,1900-01-01 00:00:00,9999-12-31 00:00:00,0
8361,LGL_FRM_EE207,LGL_FRM_RIAD_ANCRDT,1900-01-01 00:00:00,9999-12-31 00:00:00,0
8362,LGL_FRM_FR011,LGL_FRM_RIAD_ANCRDT,1900-01-01 00:00:00,9999-12-31 00:00:00,0
8363,LGL_FRM_FR064,LGL_FRM_RIAD_ANCRDT,1900-01-01 00:00:00,9999-12-31 00:00:00,0
8364,LGL_FRM_DK130,LGL_FRM_RIAD_ANCRDT,1900-01-01 00:00:00,9999-12-31 00:00:00,0
8365,LGL_FRM_HU576,LGL_FRM_RIAD_ANCRDT,1900-01-01 00:00:00,9999-12-31 00:00:00,0
8366,LGL_FRM_HU549,LGL_FRM_RIAD_ANCRDT,1900-01-01 00:00:00,9999-12-31 00:00:00,0
8367,LGL_FRM_BE213,LGL_FRM_RIAD_ANCRDT,1900-01-01 00:00:00,9999-12-31 00:00:00,0
8368,LGL_FRM_BE015,LGL_FRM_RIAD_ANCRDT,1900-01-01 00:00:00,9999-12-31 00:00:00,0
8369,LGL_FRM_DE503,LGL_FRM_RIAD_ANCRDT,1900-01-01 00:00:00,9999-12-31 00:00:00,0
8370,LGL_FRM_BE340,LGL_FRM_RIAD_ANCRDT,1900-01-01 00:00:00,9999-12-31 00:00:00,0
8371,LGL_FRM_DE210,LGL_FRM_RIAD_ANCRDT,1900-01-01 00:00:00,9999-12-31 00:00:00,0
8372,LGL_FRM_BE419,LGL_FRM_RIAD_ANCRDT,1900-01-01 00:00:00,9999-12-31 00:00:00,0
8373,LGL_FRM_BE060,LGL_FRM_RIAD_ANCRDT,1900-01-01 00:00:00,9999-12-31 00:00:00,0
8374,LGL_FRM_CZ745,LGL_FRM_RIAD_ANCRDT,1900-01-01 00:00:00,9999-12-31 00:00:00,0
8375,LGL_FRM_LT211,LGL_FRM_RIAD_ANCRDT,1900-01-01 00:00:00,9999-12-31 00:00:00,0
8376,LGL_FRM_LV810,LGL_FRM_RIAD_ANCRDT,1900-01-01 00:00:00,9999-12-31 00:00:00,0
8377,LGL_FRM_ESC13,LGL_FRM_RIAD_ANCRDT,1900-01-01 00:00:00,9999-12-31 00:00:00,0
8378,LGL_FRM_SK331,LGL_FRM_RIAD_ANCRDT,1900-01-01 00:00:00,9999-12-31 00:00:00,0
8379,LGL_FRM_SK383,LGL_FRM_RIAD_ANCRDT,1900-01-01 00:00:00,9999-12-31 00:00:00,0
8380,LGL_FRM_LV108,LGL_FRM_RIAD_ANCRDT,1900-01-01 00:00:00,9999-12-31 00:00:00,0
8381,LGL_FRM_LV802,LGL_FRM_RIAD_ANCRDT,1900-01-01 00:00:00,9999-12-31 00:00:00,0
8382,LGL_FRM_PT901,LGL_FRM_RIAD_ANCRDT,1900-01-01 00:00:00,9999-12-31 00:00:00,0
8383,LGL_FRM_RO101,LGL_FRM_RIAD_ANCRDT,1900-01-01 00:00:00,9999-12-31 00:00:00,0
8384,LGL_FRM_GR905,LGL_FRM_RIAD_ANCRDT,1900-01-01 00:00:00,9999-12-31 00:00:00,0
8385,LGL_FRM_SK205,LGL_FRM_RIAD_ANCRDT,1900-01-01 00:00:00,9999-12-31 00:00:00,0
8386,LGL_FRM_SK125,LGL_FRM_RIAD_ANCRDT,1900-01-01 00:00:00,9999-12-31 00:00:00,0
8387,LGL_FRM_SK445,LGL_FRM_RIAD_ANCRDT,1900-01-01 00:00:00,9999-12-31 00:00:00,0
8388,LGL_FRM_SI211,LGL_FRM_RIAD_ANCRDT,1900-01-01 00:00:00,9999-12-31 00:00:00,0
8389,LGL_FRM_SI704,LGL_FRM_RIAD_ANCRDT,1900-01-01 00:00:00,9999-12-31 00:00:00,0
8390,LGL_FRM_BE512,LGL_FRM_RIAD_ANCRDT,1900-01-01 00:00:00,9999-12-31 00:00:00,0
8391,LGL_FRM_BE121,LGL_FRM_RIAD_ANCRDT,1900-01-01 00:00:00,9999-12-31 00:00:00,0
8392,LGL_FRM_SI308,LGL_FRM_RIAD_ANCRDT,1900-01-01 00:00:00,9999-12-31 00:00:00,0
8393,LGL_FRM_DE202,LGL_FRM_RIAD_ANCRDT,1900-01-01 00:00:00,9999-12-31 00:00:00,0
8394,LGL_FRM_SI804,LGL_FRM_RIAD_ANCRDT,1900-01-01 00:00:00,9999-12-31 00:00:00,0
8395,LGL_FRM_SI451,LGL_FRM_RIAD_ANCRDT,1900-01-01 00:00:00,9999-12-31 00:00:00,0
8396,LGL_FRM_CZ117,LGL_FRM_RIAD_ANCRDT,1900-01-01 00:00:00,9999-12-31 00:00:00,0
8397,LGL_FRM_LT203,LGL_FRM_RIAD_ANCRDT,1900-01-01 00:00:00,9999-12-31 00:00:00,0
8398,LGL_FRM_CZ722,LGL_FRM_RIAD_ANCRDT,1900-01-01 00:00:00,9999-12-31 00:00:00,0
8399,LGL_FRM_IT601,LGL_FRM_RIAD_ANCRDT,1900-01-01 00:00:00,9999-12-31 00:00:00,0
8400,LGL_FRM_AT605,LGL_FRM_RIAD_ANCRDT,1900-01-01 00:00:00,9999-12-31 00:00:00,0
8401,LGL_FRM_HU122,LGL_FRM_RIAD_ANCRDT,1900-01-01 00:00:00,9999-12-31 00:00:00,0
8402,LGL_FRM_HU511,LGL_FRM_RIAD_ANCRDT,1900-01-01 00:00:00,9999-12-31 00:00:00,0
8403,LGL_FRM_NL207,LGL_FRM_RIAD_ANCRDT,1900-01-01 00:00:00,9999-12-31 00:00:00,0
8404,LGL_FRM_FR003,LGL_FRM_RIAD_ANCRDT,1900-01-01 00:00:00,9999-12-31 00:00:00,0
8405,LGL_FRM_FR049,LGL_FRM_RIAD_ANCRDT,1900-01-01 00:00:00,9999-12-31 00:00:00,0
8406,LGL_FRM_FR060,LGL_FRM_RIAD_ANCRDT,1900-01-01 00:00:00,9999-12-31 00:00:00,0
8407,LGL_FRM_FR015,LGL_FRM_RIAD_ANCRDT,1900-01-01 00:00:00,9999-12-31 00:00:00,0
8408,LGL_FRM_GB300,LGL_FRM_RIAD_ANCRDT,1900-01-01 00:00:00,9999-12-31 00:00:00,0
8409,LGL_FRM_CY116,LGL_FRM_RIAD_ANCRDT,1900-01-01 00:00:00,9999-12-31 00:00:00,0
8410,RFRNC_RT_3,RFRNC_RT_ANCRDT_CLLCTN,1900-01-01 00:00:00,9999-12-31 00:00:00,0
8411,LGL_FRM_MT080,LGL_FRM_RIAD_ANCRDT,1900-01-01 00:00:00,9999-12-31 00:00:00,0
8412,LGL_FRM_HU141,LGL_FRM_RIAD_ANCRDT,1900-01-01 00:00:00,9999-12-31 00:00:00,0
8413,LGL_FRM_HU572,LGL_FRM_RIAD_ANCRDT,1900-01-01 00:00:00,9999-12-31 00:00:00,0
8414,RFRNC_RT_4,RFRNC_RT_ANCRDT_CLLCTN,1900-01-01 00:00:00,9999-12-31 00:00:00,0
8415,LGL_FRM_AT613,LGL_FRM_RIAD_ANCRDT,1900-01-01 00:00:00,9999-12-31 00:00:00,0
8416,LGL_FRM_MT020,LGL_FRM_RIAD_ANCRDT,1900-01-01 00:00:00,9999-12-31 00:00:00,0
8417,LGL_FRM_CZ734,LGL_FRM_RIAD_ANCRDT,1900-01-01 00:00:00,9999-12-31 00:00:00,0
8418,LGL_FRM_LT215,LGL_FRM_RIAD_ANCRDT,1900-01-01 00:00:00,9999-12-31 00:00:00,0
8419,LGL_FRM_CZ741,LGL_FRM_RIAD_ANCRDT,1900-01-01 00:00:00,9999-12-31 00:00:00,0
8420,LGL_FRM_SI354,LGL_FRM_RIAD_ANCRDT,1900-01-01 00:00:00,9999-12-31 00:00:00,0
8421,LGL_FRM_DE507,LGL_FRM_RIAD_ANCRDT,1900-01-01 00:00:00,9999-12-31 00:00:00,0
8422,LGL_FRM_BE651,LGL_FRM_RIAD_ANCRDT,1900-01-01 00:00:00,9999-12-31 00:00:00,0
8423,LGL_FRM_BE108,LGL_FRM_RIAD_ANCRDT,1900-01-01 00:00:00,9999-12-31 00:00:00,0
8424,LGL_FRM_DE701,LGL_FRM_RIAD_ANCRDT,1900-01-01 00:00:00,9999-12-31 00:00:00,0
8425,LGL_FRM_SI321,LGL_FRM_RIAD_ANCRDT,1900-01-01 00:00:00,9999-12-31 00:00:00,0
8426,LGL_FRM_BE702,LGL_FRM_RIAD_ANCRDT,1900-01-01 00:00:00,9999-12-31 00:00:00,0
8427,LGL_FRM_BE217,LGL_FRM_RIAD_ANCRDT,1900-01-01 00:00:00,9999-12-31 00:00:00,0
8428,LGL_FRM_BE011,LGL_FRM_RIAD_ANCRDT,1900-01-01 00:00:00,9999-12-31 00:00:00,0
8429,LGL_FRM_BE422,LGL_FRM_RIAD_ANCRDT,1900-01-01 00:00:00,9999-12-31 00:00:00,0
8430,LGL_FRM_BE617,LGL_FRM_RIAD_ANCRDT,2019-05-01 00:00:00,9999-12-31 00:00:00,0
8431,LGL_FRM_ESC17,LGL_FRM_RIAD_ANCRDT,1900-01-01 00:00:00,9999-12-31 00:00:00,0
8432,LGL_FRM_PT411,LGL_FRM_RIAD_ANCRDT,1900-01-01 00:00:00,9999-12-31 00:00:00,0
8433,LGL_FRM_GR913,LGL_FRM_RIAD_ANCRDT,1900-01-01 00:00:00,9999-12-31 00:00:00,0
8434,LGL_FRM_RO117,LGL_FRM_RIAD_ANCRDT,1900-01-01 00:00:00,9999-12-31 00:00:00,0
8435,LGL_FRM_PT171,LGL_FRM_RIAD_ANCRDT,1900-01-01 00:00:00,9999-12-31 00:00:00,0
8436,LGL_FRM_ESC05,LGL_FRM_RIAD_ANCRDT,1900-01-01 00:00:00,9999-12-31 00:00:00,0
8437,LGL_FRM_SK121,LGL_FRM_RIAD_ANCRDT,1900-01-01 00:00:00,9999-12-31 00:00:00,0
8438,LGL_FRM_SK434,LGL_FRM_RIAD_ANCRDT,1900-01-01 00:00:00,9999-12-31 00:00:00,0
8439,LGL_FRM_RO105,LGL_FRM_RIAD_ANCRDT,1900-01-01 00:00:00,9999-12-31 00:00:00,0
8440,LGL_FRM_GR901,LGL_FRM_RIAD_ANCRDT,1900-01-01 00:00:00,9999-12-31 00:00:00,0
8441,LGL_FRM_LV806,LGL_FRM_RIAD_ANCRDT,1900-01-01 00:00:00,9999-12-31 00:00:00,0
8442,LGL_FRM_CZ113,LGL_FRM_RIAD_ANCRDT,1900-01-01 00:00:00,9999-12-31 00:00:00,0
8443,LGL_FRM_LT207,LGL_FRM_RIAD_ANCRDT,1900-01-01 00:00:00,9999-12-31 00:00:00,0
8444,LGL_FRM_DE206,LGL_FRM_RIAD_ANCRDT,1900-01-01 00:00:00,9999-12-31 00:00:00,0
8445,LGL_FRM_BE003,LGL_FRM_RIAD_ANCRDT,1900-01-01 00:00:00,9999-12-31 00:00:00,0
8446,LGL_FRM_BE125,LGL_FRM_RIAD_ANCRDT,1900-01-01 00:00:00,9999-12-31 00:00:00,0
8447,LGL_FRM_AT601,LGL_FRM_RIAD_ANCRDT,1900-01-01 00:00:00,9999-12-31 00:00:00,0
8448,LGL_FRM_RW100,LGL_FRM_RIAD_ANCRDT,1900-01-01 00:00:00,9999-12-31 00:00:00,0
8449,LGL_FRM_MT032,LGL_FRM_RIAD_ANCRDT,1900-01-01 00:00:00,9999-12-31 00:00:00,0
8450,LGL_FRM_FR038,LGL_FRM_RIAD_ANCRDT,1900-01-01 00:00:00,9999-12-31 00:00:00,0
8451,LGL_FRM_FR007,LGL_FRM_RIAD_ANCRDT,1900-01-01 00:00:00,9999-12-31 00:00:00,0
8452,LGL_FRM_NL203,LGL_FRM_RIAD_ANCRDT,1900-01-01 00:00:00,9999-12-31 00:00:00,0
8453,LGL_FRM_HU611,LGL_FRM_RIAD_ANCRDT,1900-01-01 00:00:00,9999-12-31 00:00:00,0
8454,LGL_FRM_HU371,LGL_FRM_RIAD_ANCRDT,1900-01-01 00:00:00,9999-12-31 00:00:00,0
8455,LGL_FRM_IT501,LGL_FRM_RIAD_ANCRDT,1900-01-01 00:00:00,9999-12-31 00:00:00,0
8456,LGL_FRM_FR056,LGL_FRM_RIAD_ANCRDT,1900-01-01 00:00:00,9999-12-31 00:00:00,0
8457,LGL_FRM_NL301,LGL_FRM_RIAD_ANCRDT,1900-01-01 00:00:00,9999-12-31 00:00:00,0
8458,LGL_FRM_SK745,LGL_FRM_RIAD_ANCRDT,1900-01-01 00:00:00,9999-12-31 00:00:00,0
8459,LGL_FRM_ESC21,LGL_FRM_RIAD_ANCRDT,1900-01-01 00:00:00,9999-12-31 00:00:00,0
8460,LGL_FRM_RO121,LGL_FRM_RIAD_ANCRDT,1900-01-01 00:00:00,9999-12-31 00:00:00,0
8461,LGL_FRM_LV402,LGL_FRM_RIAD_ANCRDT,1900-01-01 00:00:00,9999-12-31 00:00:00,0
8462,LGL_FRM_CZ331,LGL_FRM_RIAD_ANCRDT,1900-01-01 00:00:00,9999-12-31 00:00:00,0
8463,LGL_FRM_LT103,LGL_FRM_RIAD_ANCRDT,1900-01-01 00:00:00,9999-12-31 00:00:00,0
8464,LGL_FRM_CZ422,LGL_FRM_RIAD_ANCRDT,1900-01-01 00:00:00,9999-12-31 00:00:00,0
8465,LGL_FRM_CZ391,LGL_FRM_RIAD_ANCRDT,1900-01-01 00:00:00,9999-12-31 00:00:00,0
8466,LGL_FRM_SI362,LGL_FRM_RIAD_ANCRDT,1900-01-01 00:00:00,9999-12-31 00:00:00,0
8467,LGL_FRM_DE102,LGL_FRM_RIAD_ANCRDT,1900-01-01 00:00:00,9999-12-31 00:00:00,0
8468,LGL_FRM_BE414,LGL_FRM_RIAD_ANCRDT,1900-01-01 00:00:00,9999-12-31 00:00:00,0
8469,LGL_FRM_SI404,LGL_FRM_RIAD_ANCRDT,1900-01-01 00:00:00,9999-12-31 00:00:00,0
8470,LGL_FRM_CZ205,LGL_FRM_RIAD_ANCRDT,1900-01-01 00:00:00,9999-12-31 00:00:00,0
8471,LGL_FRM_LT111,LGL_FRM_RIAD_ANCRDT,1900-01-01 00:00:00,9999-12-31 00:00:00,0
8472,LGL_FRM_CZ936,LGL_FRM_RIAD_ANCRDT,1900-01-01 00:00:00,9999-12-31 00:00:00,0
8473,LGL_FRM_DE110,LGL_FRM_RIAD_ANCRDT,1900-01-01 00:00:00,9999-12-31 00:00:00,0
8474,LGL_FRM_SI103,LGL_FRM_RIAD_ANCRDT,1900-01-01 00:00:00,9999-12-31 00:00:00,0
8475,LGL_FRM_SI305,LGL_FRM_RIAD_ANCRDT,1900-01-01 00:00:00,9999-12-31 00:00:00,0
8476,LGL_FRM_BG107,LGL_FRM_RIAD_ANCRDT,1900-01-01 00:00:00,9999-12-31 00:00:00,0
8477,LGL_FRM_SK117,LGL_FRM_RIAD_ANCRDT,1900-01-01 00:00:00,9999-12-31 00:00:00,0
8478,LGL_FRM_ESC33,LGL_FRM_RIAD_ANCRDT,1900-01-01 00:00:00,9999-12-31 00:00:00,0
8479,LGL_FRM_SK311,LGL_FRM_RIAD_ANCRDT,1900-01-01 00:00:00,9999-12-31 00:00:00,0
8480,LGL_FRM_LV303,LGL_FRM_RIAD_ANCRDT,1900-01-01 00:00:00,9999-12-31 00:00:00,0
8481,LGL_FRM_LV105,LGL_FRM_RIAD_ANCRDT,1900-01-01 00:00:00,9999-12-31 00:00:00,0
8482,LGL_FRM_GR908,LGL_FRM_RIAD_ANCRDT,1900-01-01 00:00:00,9999-12-31 00:00:00,0
8483,LGL_FRM_FR044,LGL_FRM_RIAD_ANCRDT,1900-01-01 00:00:00,9999-12-31 00:00:00,0
8484,LGL_FRM_FR031,LGL_FRM_RIAD_ANCRDT,1900-01-01 00:00:00,9999-12-31 00:00:00,0
8485,LGL_FRM_HU569,LGL_FRM_RIAD_ANCRDT,1900-01-01 00:00:00,9999-12-31 00:00:00,0
8486,LGL_FRM_EE203,LGL_FRM_RIAD_ANCRDT,1900-01-01 00:00:00,9999-12-31 00:00:00,0
8487,LGL_FRM_HU556,LGL_FRM_RIAD_ANCRDT,1900-01-01 00:00:00,9999-12-31 00:00:00,0
8488,LGL_FRM_DK245,LGL_FRM_RIAD_ANCRDT,1900-01-01 00:00:00,9999-12-31 00:00:00,0
8489,LGL_FRM_HU583,LGL_FRM_RIAD_ANCRDT,1900-01-01 00:00:00,9999-12-31 00:00:00,0
8490,LGL_FRM_DK230,LGL_FRM_RIAD_ANCRDT,1900-01-01 00:00:00,9999-12-31 00:00:00,0
8491,LGL_FRM_DK110,LGL_FRM_RIAD_ANCRDT,1900-01-01 00:00:00,9999-12-31 00:00:00,0
8492,LGL_FRM_CZ152,LGL_FRM_RIAD_ANCRDT,1900-01-01 00:00:00,9999-12-31 00:00:00,0
8493,LGL_FRM_CZ118,LGL_FRM_RIAD_ANCRDT,1900-01-01 00:00:00,9999-12-31 00:00:00,0
8494,LGL_FRM_CZ641,LGL_FRM_RIAD_ANCRDT,1900-01-01 00:00:00,9999-12-31 00:00:00,0
8495,LGL_FRM_SI307,LGL_FRM_RIAD_ANCRDT,1900-01-01 00:00:00,9999-12-31 00:00:00,0
8496,LGL_FRM_SI101,LGL_FRM_RIAD_ANCRDT,1900-01-01 00:00:00,9999-12-31 00:00:00,0
8497,LGL_FRM_DE601,LGL_FRM_RIAD_ANCRDT,1900-01-01 00:00:00,9999-12-31 00:00:00,0
8498,LGL_FRM_BE008,LGL_FRM_RIAD_ANCRDT,1900-01-01 00:00:00,9999-12-31 00:00:00,0
8499,LGL_FRM_CZ381,LGL_FRM_RIAD_ANCRDT,1900-01-01 00:00:00,9999-12-31 00:00:00,0
8500,LGL_FRM_ESC31,LGL_FRM_RIAD_ANCRDT,1900-01-01 00:00:00,9999-12-31 00:00:00,0
8501,LGL_FRM_BG105,LGL_FRM_RIAD_ANCRDT,1900-01-01 00:00:00,9999-12-31 00:00:00,0
8502,LGL_FRM_PT182,LGL_FRM_RIAD_ANCRDT,1900-01-01 00:00:00,9999-12-31 00:00:00,0
8503,LGL_FRM_LV107,LGL_FRM_RIAD_ANCRDT,1900-01-01 00:00:00,9999-12-31 00:00:00,0
8504,LGL_FRM_PT122,LGL_FRM_RIAD_ANCRDT,1900-01-01 00:00:00,9999-12-31 00:00:00,0
8505,LGL_FRM_LV301,LGL_FRM_RIAD_ANCRDT,1900-01-01 00:00:00,9999-12-31 00:00:00,0
8506,LGL_FRM_FR033,LGL_FRM_RIAD_ANCRDT,1900-01-01 00:00:00,9999-12-31 00:00:00,0
8507,LGL_FRM_FR046,LGL_FRM_RIAD_ANCRDT,1900-01-01 00:00:00,9999-12-31 00:00:00,0
8508,LGL_FRM_NL402,LGL_FRM_RIAD_ANCRDT,1900-01-01 00:00:00,9999-12-31 00:00:00,0
8509,LGL_FRM_GB200,LGL_FRM_RIAD_ANCRDT,1900-01-01 00:00:00,9999-12-31 00:00:00,0
8510,LGL_FRM_EE201,LGL_FRM_RIAD_ANCRDT,1900-01-01 00:00:00,9999-12-31 00:00:00,0
8511,LGL_FRM_HU581,LGL_FRM_RIAD_ANCRDT,1900-01-01 00:00:00,9999-12-31 00:00:00,0
8512,LGL_FRM_HU373,LGL_FRM_RIAD_ANCRDT,1900-01-01 00:00:00,9999-12-31 00:00:00,0
8513,LGL_FRM_DK280,LGL_FRM_RIAD_ANCRDT,1900-01-01 00:00:00,9999-12-31 00:00:00,0
8514,LGL_FRM_DK100,LGL_FRM_RIAD_ANCRDT,1900-01-01 00:00:00,9999-12-31 00:00:00,0
8515,LGL_FRM_FR021,LGL_FRM_RIAD_ANCRDT,1900-01-01 00:00:00,9999-12-31 00:00:00,0
8516,LGL_FRM_FR054,LGL_FRM_RIAD_ANCRDT,1900-01-01 00:00:00,9999-12-31 00:00:00,0
8517,LGL_FRM_NL303,LGL_FRM_RIAD_ANCRDT,1900-01-01 00:00:00,9999-12-31 00:00:00,0
8518,LGL_FRM_SK301,LGL_FRM_RIAD_ANCRDT,1900-01-01 00:00:00,9999-12-31 00:00:00,0
8519,LGL_FRM_LT101,LGL_FRM_RIAD_ANCRDT,1900-01-01 00:00:00,9999-12-31 00:00:00,0
8520,LGL_FRM_SI315,LGL_FRM_RIAD_ANCRDT,1900-01-01 00:00:00,9999-12-31 00:00:00,0
8521,LGL_FRM_SI113,LGL_FRM_RIAD_ANCRDT,1900-01-01 00:00:00,9999-12-31 00:00:00,0
8522,LGL_FRM_BE416,LGL_FRM_RIAD_ANCRDT,1900-01-01 00:00:00,9999-12-31 00:00:00,0
8523,LGL_FRM_BE025,LGL_FRM_RIAD_ANCRDT,1900-01-01 00:00:00,9999-12-31 00:00:00,0
8524,LGL_FRM_SI406,LGL_FRM_RIAD_ANCRDT,1900-01-01 00:00:00,9999-12-31 00:00:00,0
8525,LGL_FRM_SI719,LGL_FRM_RIAD_ANCRDT,1900-01-01 00:00:00,9999-12-31 00:00:00,0
8526,LGL_FRM_SI360,LGL_FRM_RIAD_ANCRDT,1900-01-01 00:00:00,9999-12-31 00:00:00,0
8527,LGL_FRM_ESC07,LGL_FRM_RIAD_ANCRDT,1900-01-01 00:00:00,9999-12-31 00:00:00,0
8528,LGL_FRM_PT161,LGL_FRM_RIAD_ANCRDT,1900-01-01 00:00:00,9999-12-31 00:00:00,0
8529,LGL_FRM_LV804,LGL_FRM_RIAD_ANCRDT,1900-01-01 00:00:00,9999-12-31 00:00:00,0
8530,LGL_FRM_RO107,LGL_FRM_RIAD_ANCRDT,1900-01-01 00:00:00,9999-12-31 00:00:00,0
8531,LGL_FRM_GR903,LGL_FRM_RIAD_ANCRDT,1900-01-01 00:00:00,9999-12-31 00:00:00,0
8532,LGL_FRM_PT312,LGL_FRM_RIAD_ANCRDT,1900-01-01 00:00:00,9999-12-31 00:00:00,0
8533,LGL_FRM_CZ751,LGL_FRM_RIAD_ANCRDT,1900-01-01 00:00:00,9999-12-31 00:00:00,0
8534,LGL_FRM_LT205,LGL_FRM_RIAD_ANCRDT,1900-01-01 00:00:00,9999-12-31 00:00:00,0
8535,LGL_FRM_CZ111,LGL_FRM_RIAD_ANCRDT,1900-01-01 00:00:00,9999-12-31 00:00:00,0
8536,LGL_FRM_BE127,LGL_FRM_RIAD_ANCRDT,1900-01-01 00:00:00,9999-12-31 00:00:00,0
8537,LGL_FRM_BE514,LGL_FRM_RIAD_ANCRDT,1900-01-01 00:00:00,9999-12-31 00:00:00,0
8538,LGL_FRM_SI702,LGL_FRM_RIAD_ANCRDT,1900-01-01 00:00:00,9999-12-31 00:00:00,0
8539,LGL_FRM_SI108,LGL_FRM_RIAD_ANCRDT,1900-01-01 00:00:00,9999-12-31 00:00:00,0
8540,LGL_FRM_AT603,LGL_FRM_RIAD_ANCRDT,1900-01-01 00:00:00,9999-12-31 00:00:00,0
8541,LGL_FRM_EE208,LGL_FRM_RIAD_ANCRDT,1900-01-01 00:00:00,9999-12-31 00:00:00,0
8542,LGL_FRM_HU322,LGL_FRM_RIAD_ANCRDT,1900-01-01 00:00:00,9999-12-31 00:00:00,0
8543,LGL_FRM_HU517,LGL_FRM_RIAD_ANCRDT,1900-01-01 00:00:00,9999-12-31 00:00:00,0
8544,LGL_FRM_HU124,LGL_FRM_RIAD_ANCRDT,1900-01-01 00:00:00,9999-12-31 00:00:00,0
8545,LGL_FRM_IT401,LGL_FRM_RIAD_ANCRDT,1900-01-01 00:00:00,9999-12-31 00:00:00,0
8546,LGL_FRM_MT030,LGL_FRM_RIAD_ANCRDT,1900-01-01 00:00:00,9999-12-31 00:00:00,0
8547,LGL_FRM_DK151,LGL_FRM_RIAD_ANCRDT,1900-01-01 00:00:00,9999-12-31 00:00:00,0
8548,LGL_FRM_FR005,LGL_FRM_RIAD_ANCRDT,1900-01-01 00:00:00,9999-12-31 00:00:00,0
8549,LGL_FRM_NL201,LGL_FRM_RIAD_ANCRDT,1900-01-01 00:00:00,9999-12-31 00:00:00,0
8550,LGL_FRM_FR017,LGL_FRM_RIAD_ANCRDT,1900-01-01 00:00:00,9999-12-31 00:00:00,0
8551,LGL_FRM_FR028,LGL_FRM_RIAD_ANCRDT,1900-01-01 00:00:00,9999-12-31 00:00:00,0
8552,LGL_FRM_FR062,LGL_FRM_RIAD_ANCRDT,1900-01-01 00:00:00,9999-12-31 00:00:00,0
8553,LGL_FRM_CY114,LGL_FRM_RIAD_ANCRDT,1900-01-01 00:00:00,9999-12-31 00:00:00,0
8554,LGL_FRM_AT102,LGL_FRM_RIAD_ANCRDT,1900-01-01 00:00:00,9999-12-31 00:00:00,0
8555,LGL_FRM_AT611,LGL_FRM_RIAD_ANCRDT,1900-01-01 00:00:00,9999-12-31 00:00:00,0
8556,LGL_FRM_LT108,LGL_FRM_RIAD_ANCRDT,1900-01-01 00:00:00,9999-12-31 00:00:00,0
8557,LGL_FRM_CZ736,LGL_FRM_RIAD_ANCRDT,1900-01-01 00:00:00,9999-12-31 00:00:00,0
8558,LGL_FRM_BE506,LGL_FRM_RIAD_ANCRDT,1900-01-01 00:00:00,9999-12-31 00:00:00,0
8559,LGL_FRM_BE420,LGL_FRM_RIAD_ANCRDT,1900-01-01 00:00:00,9999-12-31 00:00:00,0
8560,LGL_FRM_BE013,LGL_FRM_RIAD_ANCRDT,1900-01-01 00:00:00,9999-12-31 00:00:00,0
8561,LGL_FRM_DE109,LGL_FRM_RIAD_ANCRDT,1900-01-01 00:00:00,9999-12-31 00:00:00,0
8562,LGL_FRM_BE215,LGL_FRM_RIAD_ANCRDT,1900-01-01 00:00:00,9999-12-31 00:00:00,0
8563,LGL_FRM_DE505,LGL_FRM_RIAD_ANCRDT,1900-01-01 00:00:00,9999-12-31 00:00:00,0
8564,LGL_FRM_GR911,LGL_FRM_RIAD_ANCRDT,1900-01-01 00:00:00,9999-12-31 00:00:00,0
8565,LGL_FRM_RO115,LGL_FRM_RIAD_ANCRDT,1900-01-01 00:00:00,9999-12-31 00:00:00,0
8566,LGL_FRM_FR6551,LGL_FRM_RIAD_ANCRDT,1900-01-01 00:00:00,9999-12-31 00:00:00,0
8567,RFRNC_RT_10,RFRNC_RT_ANCRDT_CLLCTN,1900-01-01 00:00:00,9999-12-31 00:00:00,0
8568,RFRNC_RT_78,RFRNC_RT_ANCRDT_CLLCTN,1900-01-01 00:00:00,9999-12-31 00:00:00,0
8569,RFRNC_RT_17,RFRNC_RT_ANCRDT_CLLCTN,1900-01-01 00:00:00,9999-12-31 00:00:00,0
8570,RFRNC_RT_19,RFRNC_RT_ANCRDT_CLLCTN,1900-01-01 00:00:00,9999-12-31 00:00:00,0
8571,LGL_FRM_PLB138,LGL_FRM_RIAD_ANCRDT,1900-01-01 00:00:00,9999-12-31 00:00:00,0
8572,RFRNC_RT_76,RFRNC_RT_ANCRDT_CLLCTN,1900-01-01 00:00:00,9999-12-31 00:00:00,0
8573,LGL_FRM_FR5460,LGL_FRM_RIAD_ANCRDT,1900-01-01 00:00:00,9999-12-31 00:00:00,0
8574,LGL_FRM_FR5546,LGL_FRM_RIAD_ANCRDT,1900-01-01 00:00:00,9999-12-31 00:00:00,0
8575,LGL_FRM_FR5415,LGL_FRM_RIAD_ANCRDT,1900-01-01 00:00:00,9999-12-31 00:00:00,0
8576,LGL_FRM_FR5659,LGL_FRM_RIAD_ANCRDT,1900-01-01 00:00:00,9999-12-31 00:00:00,0
8577,LGL_FRM_FR5306,LGL_FRM_RIAD_ANCRDT,1900-01-01 00:00:00,9999-12-31 00:00:00,0
8578,LGL_FRM_FR7367,LGL_FRM_RIAD_ANCRDT,1900-01-01 00:00:00,9999-12-31 00:00:00,0
8579,LGL_FRM_FR2220,LGL_FRM_RIAD_ANCRDT,1900-01-01 00:00:00,9999-12-31 00:00:00,0
8580,LGL_FRM_FR8311,LGL_FRM_RIAD_ANCRDT,1900-01-01 00:00:00,9999-12-31 00:00:00,0
8581,LGL_FRM_FR7312,LGL_FRM_RIAD_ANCRDT,1900-01-01 00:00:00,9999-12-31 00:00:00,0
8582,RFRNC_RT_71,RFRNC_RT_ANCRDT_CLLCTN,1900-01-01 00:00:00,9999-12-31 00:00:00,0
8583,LGL_FRM_FR8170,LGL_FRM_RIAD_ANCRDT,1900-01-01 00:00:00,9999-12-31 00:00:00,0
8584,LGL_FRM_FR8250,LGL_FRM_RIAD_ANCRDT,1900-01-01 00:00:00,9999-12-31 00:00:00,0
8585,LGL_FRM_FR8410,LGL_FRM_RIAD_ANCRDT,1900-01-01 00:00:00,9999-12-31 00:00:00,0
8586,LGL_FRM_FR5498,LGL_FRM_RIAD_ANCRDT,1900-01-01 00:00:00,9999-12-31 00:00:00,0
8587,LGL_FRM_FR5554,LGL_FRM_RIAD_ANCRDT,1900-01-01 00:00:00,9999-12-31 00:00:00,0
8588,LGL_FRM_FR6536,LGL_FRM_RIAD_ANCRDT,1900-01-01 00:00:00,9999-12-31 00:00:00,0
8589,LGL_FRM_FR9300,LGL_FRM_RIAD_ANCRDT,1900-01-01 00:00:00,9999-12-31 00:00:00,0
8590,LGL_FRM_FR6543,LGL_FRM_RIAD_ANCRDT,1900-01-01 00:00:00,9999-12-31 00:00:00,0
8591,LGL_FRM_PLA428,LGL_FRM_RIAD_ANCRDT,1900-01-01 00:00:00,9999-12-31 00:00:00,0
8592,LGL_FRM_FR6596,LGL_FRM_RIAD_ANCRDT,1900-01-01 00:00:00,9999-12-31 00:00:00,0
8593,LGL_FRM_PLA177,LGL_FRM_RIAD_ANCRDT,1900-01-01 00:00:00,9999-12-31 00:00:00,0
8594,LGL_FRM_PLA148,LGL_FRM_RIAD_ANCRDT,1900-01-01 00:00:00,9999-12-31 00:00:00,0
8595,LGL_FRM_SPFUND,LGL_FRM_RIAD_ANCRDT,1900-01-01 00:00:00,9999-12-31 00:00:00,0
8596,LGL_FRM_FR4140,LGL_FRM_RIAD_ANCRDT,1900-01-01 00:00:00,9999-12-31 00:00:00,0
8597,LGL_FRM_FR6558,LGL_FRM_RIAD_ANCRDT,1900-01-01 00:00:00,9999-12-31 00:00:00,0
8598,LGL_FRM_FR6318,LGL_FRM_RIAD_ANCRDT,1900-01-01 00:00:00,9999-12-31 00:00:00,0
8599,LGL_FRM_FR6567,LGL_FRM_RIAD_ANCRDT,1900-01-01 00:00:00,9999-12-31 00:00:00,0
8600,LGL_FRM_PLA126,LGL_FRM_RIAD_ANCRDT,1900-01-01 00:00:00,9999-12-31 00:00:00,0
8601,LGL_FRM_FR7351,LGL_FRM_RIAD_ANCRDT,1900-01-01 00:00:00,9999-12-31 00:00:00,0
8602,LGL_FRM_FR7384,LGL_FRM_RIAD_ANCRDT,1900-01-01 00:00:00,9999-12-31 00:00:00,0
8603,LGL_FRM_FR5685,LGL_FRM_RIAD_ANCRDT,1900-01-01 00:00:00,9999-12-31 00:00:00,0
8604,LGL_FRM_FR5196,LGL_FRM_RIAD_ANCRDT,1900-01-01 00:00:00,9999-12-31 00:00:00,0
8605,LGL_FRM_FR5570,LGL_FRM_RIAD_ANCRDT,1900-01-01 00:00:00,9999-12-31 00:00:00,0
8606,LGL_FRM_FR5625,LGL_FRM_RIAD_ANCRDT,1900-01-01 00:00:00,9999-12-31 00:00:00,0
8607,LGL_FRM_FR5505,LGL_FRM_RIAD_ANCRDT,1900-01-01 00:00:00,9999-12-31 00:00:00,0
8608,LGL_FRM_FR5642,LGL_FRM_RIAD_ANCRDT,1900-01-01 00:00:00,9999-12-31 00:00:00,0
8609,RFRNC_RT_62,RFRNC_RT_ANCRDT_CLLCTN,1900-01-01 00:00:00,9999-12-31 00:00:00,0
8610,LGL_FRM_FR5431,LGL_FRM_RIAD_ANCRDT,1900-01-01 00:00:00,9999-12-31 00:00:00,0
8611,LGL_FRM_FR7343,LGL_FRM_RIAD_ANCRDT,1900-01-01 00:00:00,9999-12-31 00:00:00,0
8612,LGL_FRM_FR7450,LGL_FRM_RIAD_ANCRDT,1900-01-01 00:00:00,9999-12-31 00:00:00,0
8613,RFRNC_RT_65,RFRNC_RT_ANCRDT_CLLCTN,1900-01-01 00:00:00,9999-12-31 00:00:00,0
8614,LGL_FRM_FR7210,LGL_FRM_RIAD_ANCRDT,1900-01-01 00:00:00,9999-12-31 00:00:00,0
8615,LGL_FRM_FR7190,LGL_FRM_RIAD_ANCRDT,1900-01-01 00:00:00,9999-12-31 00:00:00,0
8616,LGL_FRM_FR9210,LGL_FRM_RIAD_ANCRDT,1900-01-01 00:00:00,9999-12-31 00:00:00,0
8617,LGL_FRM_FR6575,LGL_FRM_RIAD_ANCRDT,1900-01-01 00:00:00,9999-12-31 00:00:00,0
8618,LGL_FRM_PLA134,LGL_FRM_RIAD_ANCRDT,1900-01-01 00:00:00,9999-12-31 00:00:00,0
8619,LGL_FRM_FR1500,LGL_FRM_RIAD_ANCRDT,1900-01-01 00:00:00,9999-12-31 00:00:00,0
8620,LGL_FRM_FR5515,LGL_FRM_RIAD_ANCRDT,1900-01-01 00:00:00,9999-12-31 00:00:00,0
8621,RFRNC_RT_22,RFRNC_RT_ANCRDT_CLLCTN,1900-01-01 00:00:00,9999-12-31 00:00:00,0
8622,LGL_FRM_FR5560,LGL_FRM_RIAD_ANCRDT,1900-01-01 00:00:00,9999-12-31 00:00:00,0
8623,LGL_FRM_FR2320,LGL_FRM_RIAD_ANCRDT,1900-01-01 00:00:00,9999-12-31 00:00:00,0
8624,RFRNC_RT_25,RFRNC_RT_ANCRDT_CLLCTN,1900-01-01 00:00:00,9999-12-31 00:00:00,0
8625,LGL_FRM_FR7341,LGL_FRM_RIAD_ANCRDT,1900-01-01 00:00:00,9999-12-31 00:00:00,0
8626,LGL_FRM_FR6577,LGL_FRM_RIAD_ANCRDT,1900-01-01 00:00:00,9999-12-31 00:00:00,0
8627,RFRNC_RT_44,RFRNC_RT_ANCRDT_CLLCTN,1900-01-01 00:00:00,9999-12-31 00:00:00,0
8628,LGL_FRM_FR3205,LGL_FRM_RIAD_ANCRDT,1900-01-01 00:00:00,9999-12-31 00:00:00,0
8629,LGL_FRM_FR4150,LGL_FRM_RIAD_ANCRDT,1900-01-01 00:00:00,9999-12-31 00:00:00,0
8630,RFRNC_RT_43,RFRNC_RT_ANCRDT_CLLCTN,1900-01-01 00:00:00,9999-12-31 00:00:00,0
8631,RFRNC_RT_86,RFRNC_RT_ANCRDT_CLLCTN,1900-01-01 00:00:00,9999-12-31 00:00:00,0
8632,LGL_FRM_FR6565,LGL_FRM_RIAD_ANCRDT,1900-01-01 00:00:00,9999-12-31 00:00:00,0
8633,LGL_FRM_PLA124,LGL_FRM_RIAD_ANCRDT,1900-01-01 00:00:00,9999-12-31 00:00:00,0
8634,RFRNC_RT_81,RFRNC_RT_ANCRDT_CLLCTN,1900-01-01 00:00:00,9999-12-31 00:00:00,0
8635,LGL_FRM_FR7120,LGL_FRM_RIAD_ANCRDT,1900-01-01 00:00:00,9999-12-31 00:00:00,0
8636,LGL_FRM_FR8510,LGL_FRM_RIAD_ANCRDT,1900-01-01 00:00:00,9999-12-31 00:00:00,0
8637,LGL_FRM_FR7353,LGL_FRM_RIAD_ANCRDT,1900-01-01 00:00:00,9999-12-31 00:00:00,0
8638,LGL_FRM_PLB060,LGL_FRM_RIAD_ANCRDT,1900-01-01 00:00:00,9999-12-31 00:00:00,0
8639,LGL_FRM_FR5194,LGL_FRM_RIAD_ANCRDT,1900-01-01 00:00:00,9999-12-31 00:00:00,0
8640,RFRNC_RT_88,RFRNC_RT_ANCRDT_CLLCTN,1900-01-01 00:00:00,9999-12-31 00:00:00,0
8641,LGL_FRM_PLB133,LGL_FRM_RIAD_ANCRDT,1900-01-01 00:00:00,9999-12-31 00:00:00,0
8642,LGL_FRM_FR0120,LGL_FRM_RIAD_ANCRDT,1900-01-01 00:00:00,9999-12-31 00:00:00,0
8643,LGL_FRM_FR5454,LGL_FRM_RIAD_ANCRDT,1900-01-01 00:00:00,9999-12-31 00:00:00,0
8644,LGL_FRM_FR5652,LGL_FRM_RIAD_ANCRDT,1900-01-01 00:00:00,9999-12-31 00:00:00,0
8645,LGL_FRM_FR2110,LGL_FRM_RIAD_ANCRDT,1900-01-01 00:00:00,9999-12-31 00:00:00,0
8646,LGL_FRM_FR7348,LGL_FRM_RIAD_ANCRDT,1900-01-01 00:00:00,9999-12-31 00:00:00,0
8647,LGL_FRM_FR7171,LGL_FRM_RIAD_ANCRDT,1900-01-01 00:00:00,9999-12-31 00:00:00,0
8648,LGL_FRM_FR5785,LGL_FRM_RIAD_ANCRDT,1900-01-01 00:00:00,9999-12-31 00:00:00,0
8649,LGL_FRM_FR5470,LGL_FRM_RIAD_ANCRDT,1900-01-01 00:00:00,9999-12-31 00:00:00,0
8650,RFRNC_RT_92,RFRNC_RT_ANCRDT_CLLCTN,1900-01-01 00:00:00,9999-12-31 00:00:00,0
8651,LGL_FRM_FR6541,LGL_FRM_RIAD_ANCRDT,1900-01-01 00:00:00,9999-12-31 00:00:00,0
8652,RFRNC_RT_95,RFRNC_RT_ANCRDT_CLLCTN,1900-01-01 00:00:00,9999-12-31 00:00:00,0
8653,LGL_FRM_FR9224,LGL_FRM_RIAD_ANCRDT,1900-01-01 00:00:00,9999-12-31 00:00:00,0
8654,LGL_FRM_FR6534,LGL_FRM_RIAD_ANCRDT,1900-01-01 00:00:00,9999-12-31 00:00:00,0
8655,LGL_FRM_PLA019,LGL_FRM_RIAD_ANCRDT,1900-01-01 00:00:00,9999-12-31 00:00:00,0
8656,LGL_FRM_FR9970,LGL_FRM_RIAD_ANCRDT,1900-01-01 00:00:00,9999-12-31 00:00:00,0
8657,RFRNC_RT_50,RFRNC_RT_ANCRDT_CLLCTN,1900-01-01 00:00:00,9999-12-31 00:00:00,0
8658,RFRNC_RT_38,RFRNC_RT_ANCRDT_CLLCTN,1900-01-01 00:00:00,9999-12-31 00:00:00,0
8659,RFRNC_RT_57,RFRNC_RT_ANCRDT_CLLCTN,1900-01-01 00:00:00,9999-12-31 00:00:00,0
8660,LGL_FRM_FR1400,LGL_FRM_RIAD_ANCRDT,1900-01-01 00:00:00,9999-12-31 00:00:00,0
8661,RFRNC_RT_59,RFRNC_RT_ANCRDT_CLLCTN,1900-01-01 00:00:00,9999-12-31 00:00:00,0
8662,RFRNC_RT_36,RFRNC_RT_ANCRDT_CLLCTN,1900-01-01 00:00:00,9999-12-31 00:00:00,0
8663,LGL_FRM_FR5531,LGL_FRM_RIAD_ANCRDT,1900-01-01 00:00:00,9999-12-31 00:00:00,0
8664,LGL_FRM_FR7365,LGL_FRM_RIAD_ANCRDT,1900-01-01 00:00:00,9999-12-31 00:00:00,0
8665,LGL_FRM_FR8160,LGL_FRM_RIAD_ANCRDT,1900-01-01 00:00:00,9999-12-31 00:00:00,0
8666,RFRNC_RT_31,RFRNC_RT_ANCRDT_CLLCTN,1900-01-01 00:00:00,9999-12-31 00:00:00,0
8667,RFRNC_RT_74,RFRNC_RT_ANCRDT_CLLCTN,1900-01-01 00:00:00,9999-12-31 00:00:00,0
8668,LGL_FRM_FR7373,LGL_FRM_RIAD_ANCRDT,1900-01-01 00:00:00,9999-12-31 00:00:00,0
8669,LGL_FRM_FR7220,LGL_FRM_RIAD_ANCRDT,1900-01-01 00:00:00,9999-12-31 00:00:00,0
8670,LGL_FRM_FR5552,LGL_FRM_RIAD_ANCRDT,1900-01-01 00:00:00,9999-12-31 00:00:00,0
8671,RFRNC_RT_73,RFRNC_RT_ANCRDT_CLLCTN,1900-01-01 00:00:00,9999-12-31 00:00:00,0
8672,RFRNC_RT_12,RFRNC_RT_ANCRDT_CLLCTN,1900-01-01 00:00:00,9999-12-31 00:00:00,0
8673,RFRNC_RT_15,RFRNC_RT_ANCRDT_CLLCTN,1900-01-01 00:00:00,9999-12-31 00:00:00,0
8674,LGL_FRM_FR9220,LGL_FRM_RIAD_ANCRDT,1900-01-01 00:00:00,9999-12-31 00:00:00,0
8675,LGL_FRM_PLA116,LGL_FRM_RIAD_ANCRDT,1900-01-01 00:00:00,9999-12-31 00:00:00,0
8676,LGL_FRM_PLA403,LGL_FRM_RIAD_ANCRDT,1900-01-01 00:00:00,9999-12-31 00:00:00,0
8677,LGL_FRM_FR6317,LGL_FRM_RIAD_ANCRDT,1900-01-01 00:00:00,9999-12-31 00:00:00,0
8678,LGL_FRM_FR6568,LGL_FRM_RIAD_ANCRDT,1900-01-01 00:00:00,9999-12-31 00:00:00,0
8679,LGL_FRM_FR5660,LGL_FRM_RIAD_ANCRDT,1900-01-01 00:00:00,9999-12-31 00:00:00,0
8680,LGL_FRM_FR5615,LGL_FRM_RIAD_ANCRDT,1900-01-01 00:00:00,9999-12-31 00:00:00,0
8681,LGL_FRM_FR5459,LGL_FRM_RIAD_ANCRDT,1900-01-01 00:00:00,9999-12-31 00:00:00,0
8682,LGL_FRM_FR7361,LGL_FRM_RIAD_ANCRDT,1900-01-01 00:00:00,9999-12-31 00:00:00,0
8683,LGL_FRM_FR7314,LGL_FRM_RIAD_ANCRDT,1900-01-01 00:00:00,9999-12-31 00:00:00,0
8684,LGL_FRM_FR7112,LGL_FRM_RIAD_ANCRDT,1900-01-01 00:00:00,9999-12-31 00:00:00,0
8685,LGL_FRM_FR5442,LGL_FRM_RIAD_ANCRDT,1900-01-01 00:00:00,9999-12-31 00:00:00,0
8686,LGL_FRM_FR5631,LGL_FRM_RIAD_ANCRDT,1900-01-01 00:00:00,9999-12-31 00:00:00,0
8687,LGL_FRM_FR5202,LGL_FRM_RIAD_ANCRDT,1900-01-01 00:00:00,9999-12-31 00:00:00,0
8688,LGL_FRM_PLE049,LGL_FRM_RIAD_ANCRDT,1900-01-01 00:00:00,9999-12-31 00:00:00,0
8689,LGL_FRM_FR8140,LGL_FRM_RIAD_ANCRDT,1900-01-01 00:00:00,9999-12-31 00:00:00,0
8690,LGL_FRM_FR7229,LGL_FRM_RIAD_ANCRDT,1900-01-01 00:00:00,9999-12-31 00:00:00,0
8691,LGL_FRM_FR7345,LGL_FRM_RIAD_ANCRDT,1900-01-01 00:00:00,9999-12-31 00:00:00,0
8692,LGL_FRM_FR8420,LGL_FRM_RIAD_ANCRDT,1900-01-01 00:00:00,9999-12-31 00:00:00,0
8693,LGL_FRM_FR6599,LGL_FRM_RIAD_ANCRDT,1900-01-01 00:00:00,9999-12-31 00:00:00,0
8694,LGL_FRM_PLA132,LGL_FRM_RIAD_ANCRDT,1900-01-01 00:00:00,9999-12-31 00:00:00,0
8695,LGL_FRM_FR6539,LGL_FRM_RIAD_ANCRDT,1900-01-01 00:00:00,9999-12-31 00:00:00,0
8696,LGL_FRM_FR6573,LGL_FRM_RIAD_ANCRDT,1900-01-01 00:00:00,9999-12-31 00:00:00,0
8697,LGL_FRM_FR1700,LGL_FRM_RIAD_ANCRDT,1900-01-01 00:00:00,9999-12-31 00:00:00,0
8698,LGL_FRM_FR1800,LGL_FRM_RIAD_ANCRDT,1900-01-01 00:00:00,9999-12-31 00:00:00,0
8699,RFRNC_RT_69,RFRNC_RT_ANCRDT_CLLCTN,1900-01-01 00:00:00,9999-12-31 00:00:00,0
8700,LGL_FRM_PLA120,LGL_FRM_RIAD_ANCRDT,1900-01-01 00:00:00,9999-12-31 00:00:00,0
8701,LGL_FRM_PLA099,LGL_FRM_RIAD_ANCRDT,1900-01-01 00:00:00,9999-12-31 00:00:00,0
8702,LGL_FRM_FR6561,LGL_FRM_RIAD_ANCRDT,1900-01-01 00:00:00,9999-12-31 00:00:00,0
8703,LGL_FRM_PLA180,LGL_FRM_RIAD_ANCRDT,1900-01-01 00:00:00,9999-12-31 00:00:00,0
8704,LGL_FRM_FR7382,LGL_FRM_RIAD_ANCRDT,1900-01-01 00:00:00,9999-12-31 00:00:00,0
8705,LGL_FRM_FR7357,LGL_FRM_RIAD_ANCRDT,1900-01-01 00:00:00,9999-12-31 00:00:00,0
8706,RFRNC_RT_60,RFRNC_RT_ANCRDT_CLLCTN,1900-01-01 00:00:00,9999-12-31 00:00:00,0
8707,LGL_FRM_FR2210,LGL_FRM_RIAD_ANCRDT,1900-01-01 00:00:00,9999-12-31 00:00:00,0
8708,LGL_FRM_FR7322,LGL_FRM_RIAD_ANCRDT,1900-01-01 00:00:00,9999-12-31 00:00:00,0
8709,RFRNC_RT_67,RFRNC_RT_ANCRDT_CLLCTN,1900-01-01 00:00:00,9999-12-31 00:00:00,0
8710,LGL_FRM_FR5309,LGL_FRM_RIAD_ANCRDT,1900-01-01 00:00:00,9999-12-31 00:00:00,0
8711,LGL_FRM_FR5770,LGL_FRM_RIAD_ANCRDT,1900-01-01 00:00:00,9999-12-31 00:00:00,0
8712,LGL_FRM_PLB137,LGL_FRM_RIAD_ANCRDT,1900-01-01 00:00:00,9999-12-31 00:00:00,0
8713,LGL_FRM_FR5485,LGL_FRM_RIAD_ANCRDT,1900-01-01 00:00:00,9999-12-31 00:00:00,0
8714,RFRNC_RT_46,RFRNC_RT_ANCRDT_CLLCTN,1900-01-01 00:00:00,9999-12-31 00:00:00,0
8715,RFRNC_RT_29,RFRNC_RT_ANCRDT_CLLCTN,1900-01-01 00:00:00,9999-12-31 00:00:00,0
8716,LGL_FRM_FR6589,LGL_FRM_RIAD_ANCRDT,1900-01-01 00:00:00,9999-12-31 00:00:00,0
8717,LGL_FRM_FR6563,LGL_FRM_RIAD_ANCRDT,1900-01-01 00:00:00,9999-12-31 00:00:00,0
8718,RFRNC_RT_41,RFRNC_RT_ANCRDT_CLLCTN,1900-01-01 00:00:00,9999-12-31 00:00:00,0
8719,LGL_FRM_FR8490,LGL_FRM_RIAD_ANCRDT,1900-01-01 00:00:00,9999-12-31 00:00:00,0
8720,RFRNC_RT_20,RFRNC_RT_ANCRDT_CLLCTN,1900-01-01 00:00:00,9999-12-31 00:00:00,0
8721,LGL_FRM_FR7355,LGL_FRM_RIAD_ANCRDT,1900-01-01 00:00:00,9999-12-31 00:00:00,0
8722,LGL_FRM_FR8150,LGL_FRM_RIAD_ANCRDT,1900-01-01 00:00:00,9999-12-31 00:00:00,0
8723,LGL_FRM_FR0000,LGL_FRM_RIAD_ANCRDT,1900-01-01 00:00:00,9999-12-31 00:00:00,0
8724,RFRNC_RT_27,RFRNC_RT_ANCRDT_CLLCTN,1900-01-01 00:00:00,9999-12-31 00:00:00,0
8725,LGL_FRM_FR5654,LGL_FRM_RIAD_ANCRDT,1900-01-01 00:00:00,9999-12-31 00:00:00,0
8726,RFRNC_RT_48,RFRNC_RT_ANCRDT_CLLCTN,1900-01-01 00:00:00,9999-12-31 00:00:00,0
8727,LGL_FRM_FR5192,LGL_FRM_RIAD_ANCRDT,1900-01-01 00:00:00,9999-12-31 00:00:00,0
8728,LGL_FRM_FR5559,LGL_FRM_RIAD_ANCRDT,1900-01-01 00:00:00,9999-12-31 00:00:00,0
8729,LGL_FRM_PLB381,LGL_FRM_RIAD_ANCRDT,1900-01-01 00:00:00,9999-12-31 00:00:00,0
8730,LGL_FRM_FR5646,LGL_FRM_RIAD_ANCRDT,1900-01-01 00:00:00,9999-12-31 00:00:00,0
8731,LGL_FRM_FR2120,LGL_FRM_RIAD_ANCRDT,1900-01-01 00:00:00,9999-12-31 00:00:00,0
8732,LGL_FRM_FR7378,LGL_FRM_RIAD_ANCRDT,1900-01-01 00:00:00,9999-12-31 00:00:00,0
8733,LGL_FRM_FR7347,LGL_FRM_RIAD_ANCRDT,1900-01-01 00:00:00,9999-12-31 00:00:00,0
8734,RFRNC_RT_84,RFRNC_RT_ANCRDT_CLLCTN,1900-01-01 00:00:00,9999-12-31 00:00:00,0
8735,LGL_FRM_FR6571,LGL_FRM_RIAD_ANCRDT,1900-01-01 00:00:00,9999-12-31 00:00:00,0
8736,RFRNC_RT_83,RFRNC_RT_ANCRDT_CLLCTN,1900-01-01 00:00:00,9999-12-31 00:00:00,0
8737,RFRNC_RT_90,RFRNC_RT_ANCRDT_CLLCTN,1900-01-01 00:00:00,9999-12-31 00:00:00,0
8738,LGL_FRM_FR9110,LGL_FRM_RIAD_ANCRDT,1900-01-01 00:00:00,9999-12-31 00:00:00,0
8739,LGL_FRM_FR9230,LGL_FRM_RIAD_ANCRDT,1900-01-01 00:00:00,9999-12-31 00:00:00,0
8740,RFRNC_RT_97,RFRNC_RT_ANCRDT_CLLCTN,1900-01-01 00:00:00,9999-12-31 00:00:00,0
8741,LGL_FRM_FR1600,LGL_FRM_RIAD_ANCRDT,1900-01-01 00:00:00,9999-12-31 00:00:00,0
8742,LGL_FRM_FR0110,LGL_FRM_RIAD_ANCRDT,1900-01-01 00:00:00,9999-12-31 00:00:00,0
8743,RFRNC_RT_99,RFRNC_RT_ANCRDT_CLLCTN,1900-01-01 00:00:00,9999-12-31 00:00:00,0
8744,LGL_FRM_FR5542,LGL_FRM_RIAD_ANCRDT,1900-01-01 00:00:00,9999-12-31 00:00:00,0
8745,LGL_FRM_BG1539,LGL_FRM_RIAD_ANCRDT,1900-01-01 00:00:00,9999-12-31 00:00:00,0
8746,LGL_FRM_PLB429,LGL_FRM_RIAD_ANCRDT,1900-01-01 00:00:00,9999-12-31 00:00:00,0
8747,LGL_FRM_PLB050,LGL_FRM_RIAD_ANCRDT,1900-01-01 00:00:00,9999-12-31 00:00:00,0
8748,LGL_FRM_FR7389,LGL_FRM_RIAD_ANCRDT,1900-01-01 00:00:00,9999-12-31 00:00:00,0
8749,LGL_FRM_FR8520,LGL_FRM_RIAD_ANCRDT,1900-01-01 00:00:00,9999-12-31 00:00:00,0
8750,LGL_FRM_FR7230,LGL_FRM_RIAD_ANCRDT,1900-01-01 00:00:00,9999-12-31 00:00:00,0
8751,LGL_FRM_FR7470,LGL_FRM_RIAD_ANCRDT,1900-01-01 00:00:00,9999-12-31 00:00:00,0
8752,LGL_FRM_FR7363,LGL_FRM_RIAD_ANCRDT,1900-01-01 00:00:00,9999-12-31 00:00:00,0
8753,RFRNC_RT_34,RFRNC_RT_ANCRDT_CLLCTN,1900-01-01 00:00:00,9999-12-31 00:00:00,0
8754,LGL_FRM_FR2310,LGL_FRM_RIAD_ANCRDT,1900-01-01 00:00:00,9999-12-31 00:00:00,0
8755,LGL_FRM_FR7371,LGL_FRM_RIAD_ANCRDT,1900-01-01 00:00:00,9999-12-31 00:00:00,0
8756,LGL_FRM_FR5525,LGL_FRM_RIAD_ANCRDT,1900-01-01 00:00:00,9999-12-31 00:00:00,0
8757,LGL_FRM_FR5605,LGL_FRM_RIAD_ANCRDT,1900-01-01 00:00:00,9999-12-31 00:00:00,0
8758,LGL_FRM_FR5670,LGL_FRM_RIAD_ANCRDT,1900-01-01 00:00:00,9999-12-31 00:00:00,0
8759,LGL_FRM_FR5585,LGL_FRM_RIAD_ANCRDT,1900-01-01 00:00:00,9999-12-31 00:00:00,0
8760,RFRNC_RT_33,RFRNC_RT_ANCRDT_CLLCTN,1900-01-01 00:00:00,9999-12-31 00:00:00,0
8761,LGL_FRM_FR4160,LGL_FRM_RIAD_ANCRDT,1900-01-01 00:00:00,9999-12-31 00:00:00,0
8762,RFRNC_RT_52,RFRNC_RT_ANCRDT_CLLCTN,1900-01-01 00:00:00,9999-12-31 00:00:00,0
8763,RFRNC_RT_55,RFRNC_RT_ANCRDT_CLLCTN,1900-01-01 00:00:00,9999-12-31 00:00:00,0
8764,LGL_FRM_FR6532,LGL_FRM_RIAD_ANCRDT,1900-01-01 00:00:00,9999-12-31 00:00:00,0
8765,LGL_FRM_FR6578,LGL_FRM_RIAD_ANCRDT,1900-01-01 00:00:00,9999-12-31 00:00:00,0
8766,LGL_FRM_FR9222,LGL_FRM_RIAD_ANCRDT,1900-01-01 00:00:00,9999-12-31 00:00:00,0
8767,LGL_FRM_FR6521,LGL_FRM_RIAD_ANCRDT,1900-01-01 00:00:00,9999-12-31 00:00:00,0
8768,LGL_FRM_FR6901,LGL_FRM_RIAD_ANCRDT,1900-01-01 00:00:00,9999-12-31 00:00:00,0
8769,LGL_FRM_FR6554,LGL_FRM_RIAD_ANCRDT,1900-01-01 00:00:00,9999-12-31 00:00:00,0
8770,LGL_FRM_PLA115,LGL_FRM_RIAD_ANCRDT,1900-01-01 00:00:00,9999-12-31 00:00:00,0
8771,LGL_FRM_FR5543,LGL_FRM_RIAD_ANCRDT,1900-01-01 00:00:00,9999-12-31 00:00:00,0
8772,LGL_FRM_FR5410,LGL_FRM_RIAD_ANCRDT,1900-01-01 00:00:00,9999-12-31 00:00:00,0
8773,LGL_FRM_FR7362,LGL_FRM_RIAD_ANCRDT,1900-01-01 00:00:00,9999-12-31 00:00:00,0
8774,LGL_FRM_FR7111,LGL_FRM_RIAD_ANCRDT,1900-01-01 00:00:00,9999-12-31 00:00:00,0
8775,RFRNC_RT_14,RFRNC_RT_ANCRDT_CLLCTN,1900-01-01 00:00:00,9999-12-31 00:00:00,0
8776,RFRNC_RT_13,RFRNC_RT_ANCRDT_CLLCTN,1900-01-01 00:00:00,9999-12-31 00:00:00,0
8777,LGL_FRM_FR5551,LGL_FRM_RIAD_ANCRDT,1900-01-01 00:00:00,9999-12-31 00:00:00,0
8778,RFRNC_RT_72,RFRNC_RT_ANCRDT_CLLCTN,1900-01-01 00:00:00,9999-12-31 00:00:00,0
8779,LGL_FRM_FR1100,LGL_FRM_RIAD_ANCRDT,1900-01-01 00:00:00,9999-12-31 00:00:00,0
8780,LGL_FRM_FR9223,LGL_FRM_RIAD_ANCRDT,1900-01-01 00:00:00,9999-12-31 00:00:00,0
8781,LGL_FRM_FR6220,LGL_FRM_RIAD_ANCRDT,1900-01-01 00:00:00,9999-12-31 00:00:00,0
8782,LGL_FRM_FR6533,LGL_FRM_RIAD_ANCRDT,1900-01-01 00:00:00,9999-12-31 00:00:00,0
8783,LGL_FRM_FR6100,LGL_FRM_RIAD_ANCRDT,1900-01-01 00:00:00,9999-12-31 00:00:00,0
8784,RFRNC_RT_75,RFRNC_RT_ANCRDT_CLLCTN,1900-01-01 00:00:00,9999-12-31 00:00:00,0
8785,LGL_FRM_FR4130,LGL_FRM_RIAD_ANCRDT,1900-01-01 00:00:00,9999-12-31 00:00:00,0
8786,RFRNC_RT_66,RFRNC_RT_ANCRDT_CLLCTN,1900-01-01 00:00:00,9999-12-31 00:00:00,0
8787,LGL_FRM_FR3210,LGL_FRM_RIAD_ANCRDT,1900-01-01 00:00:00,9999-12-31 00:00:00,0
8788,LGL_FRM_FR6562,LGL_FRM_RIAD_ANCRDT,1900-01-01 00:00:00,9999-12-31 00:00:00,0
8789,RFRNC_RT_61,RFRNC_RT_ANCRDT_CLLCTN,1900-01-01 00:00:00,9999-12-31 00:00:00,0
8790,LGL_FRM_PLA070,LGL_FRM_RIAD_ANCRDT,1900-01-01 00:00:00,9999-12-31 00:00:00,0
8791,LGL_FRM_PLA409,LGL_FRM_RIAD_ANCRDT,1900-01-01 00:00:00,9999-12-31 00:00:00,0
8792,LGL_FRM_FR6588,LGL_FRM_RIAD_ANCRDT,1900-01-01 00:00:00,9999-12-31 00:00:00,0
8793,LGL_FRM_FR7354,LGL_FRM_RIAD_ANCRDT,1900-01-01 00:00:00,9999-12-31 00:00:00,0
8794,LGL_FRM_FR7321,LGL_FRM_RIAD_ANCRDT,1900-01-01 00:00:00,9999-12-31 00:00:00,0
8795,LGL_FRM_FR7381,LGL_FRM_RIAD_ANCRDT,1900-01-01 00:00:00,9999-12-31 00:00:00,0
8796,LGL_FRM_FR5193,LGL_FRM_RIAD_ANCRDT,1900-01-01 00:00:00,9999-12-31 00:00:00,0
8797,LGL_FRM_PLB141,LGL_FRM_RIAD_ANCRDT,1900-01-01 00:00:00,9999-12-31 00:00:00,0
8798,LGL_FRM_FR5453,LGL_FRM_RIAD_ANCRDT,1900-01-01 00:00:00,9999-12-31 00:00:00,0
8799,RFRNC_RT_68,RFRNC_RT_ANCRDT_CLLCTN,1900-01-01 00:00:00,9999-12-31 00:00:00,0
8800,LGL_FRM_FR5655,LGL_FRM_RIAD_ANCRDT,1900-01-01 00:00:00,9999-12-31 00:00:00,0
8801,LGL_FRM_FR5426,LGL_FRM_RIAD_ANCRDT,1900-01-01 00:00:00,9999-12-31 00:00:00,0
8802,LGL_FRM_FR5620,LGL_FRM_RIAD_ANCRDT,1900-01-01 00:00:00,9999-12-31 00:00:00,0
8803,LGL_FRM_FR5647,LGL_FRM_RIAD_ANCRDT,1900-01-01 00:00:00,9999-12-31 00:00:00,0
8804,LGL_FRM_FR5558,LGL_FRM_RIAD_ANCRDT,1900-01-01 00:00:00,9999-12-31 00:00:00,0
8805,LGL_FRM_FR5632,LGL_FRM_RIAD_ANCRDT,1900-01-01 00:00:00,9999-12-31 00:00:00,0
8806,LGL_FRM_FR7346,LGL_FRM_RIAD_ANCRDT,1900-01-01 00:00:00,9999-12-31 00:00:00,0
8807,LGL_FRM_FR7379,LGL_FRM_RIAD_ANCRDT,1900-01-01 00:00:00,9999-12-31 00:00:00,0
8808,LGL_FRM_FR9260,LGL_FRM_RIAD_ANCRDT,1900-01-01 00:00:00,9999-12-31 00:00:00,0
8809,LGL_FRM_PLD049,LGL_FRM_RIAD_ANCRDT,1900-01-01 00:00:00,9999-12-31 00:00:00,0
8810,LGL_FRM_PLC049,LGL_FRM_RIAD_ANCRDT,1900-01-01 00:00:00,9999-12-31 00:00:00,0
8811,LGL_FRM_FR5385,LGL_FRM_RIAD_ANCRDT,1900-01-01 00:00:00,9999-12-31 00:00:00,0
8812,RFRNC_RT_82,RFRNC_RT_ANCRDT_CLLCTN,1900-01-01 00:00:00,9999-12-31 00:00:00,0
8813,LGL_FRM_FR5630,LGL_FRM_RIAD_ANCRDT,1900-01-01 00:00:00,9999-12-31 00:00:00,0
8814,LGL_FRM_FR5203,LGL_FRM_RIAD_ANCRDT,1900-01-01 00:00:00,9999-12-31 00:00:00,0
8815,LGL_FRM_FR5510,LGL_FRM_RIAD_ANCRDT,1900-01-01 00:00:00,9999-12-31 00:00:00,0
8816,LGL_FRM_FR5443,LGL_FRM_RIAD_ANCRDT,1900-01-01 00:00:00,9999-12-31 00:00:00,0
8817,LGL_FRM_FR7331,LGL_FRM_RIAD_ANCRDT,1900-01-01 00:00:00,9999-12-31 00:00:00,0
8818,LGL_FRM_FR7344,LGL_FRM_RIAD_ANCRDT,1900-01-01 00:00:00,9999-12-31 00:00:00,0
8819,RFRNC_RT_85,RFRNC_RT_ANCRDT_CLLCTN,1900-01-01 00:00:00,9999-12-31 00:00:00,0
8820,LGL_FRM_FR2385,LGL_FRM_RIAD_ANCRDT,1900-01-01 00:00:00,9999-12-31 00:00:00,0
8821,LGL_FRM_FR6572,LGL_FRM_RIAD_ANCRDT,1900-01-01 00:00:00,9999-12-31 00:00:00,0
8822,LGL_FRM_FR6538,LGL_FRM_RIAD_ANCRDT,1900-01-01 00:00:00,9999-12-31 00:00:00,0
8823,LGL_FRM_FR3120,LGL_FRM_RIAD_ANCRDT,1900-01-01 00:00:00,9999-12-31 00:00:00,0
8824,LGL_FRM_FR6598,LGL_FRM_RIAD_ANCRDT,1900-01-01 00:00:00,9999-12-31 00:00:00,0
8825,LGL_FRM_PLA146,LGL_FRM_RIAD_ANCRDT,1900-01-01 00:00:00,9999-12-31 00:00:00,0
8826,LGL_FRM_FR4120,LGL_FRM_RIAD_ANCRDT,1900-01-01 00:00:00,9999-12-31 00:00:00,0
8827,RFRNC_RT_49,RFRNC_RT_ANCRDT_CLLCTN,1900-01-01 00:00:00,9999-12-31 00:00:00,0
8828,RFRNC_RT_26,RFRNC_RT_ANCRDT_CLLCTN,1900-01-01 00:00:00,9999-12-31 00:00:00,0
8829,LGL_FRM_FR9150,LGL_FRM_RIAD_ANCRDT,1900-01-01 00:00:00,9999-12-31 00:00:00,0
8830,LGL_FRM_FR6560,LGL_FRM_RIAD_ANCRDT,1900-01-01 00:00:00,9999-12-31 00:00:00,0
8831,RFRNC_RT_21,RFRNC_RT_ANCRDT_CLLCTN,1900-01-01 00:00:00,9999-12-31 00:00:00,0
8832,LGL_FRM_PLA121,LGL_FRM_RIAD_ANCRDT,1900-01-01 00:00:00,9999-12-31 00:00:00,0
8833,LGL_FRM_FR7323,LGL_FRM_RIAD_ANCRDT,1900-01-01 00:00:00,9999-12-31 00:00:00,0
8834,LGL_FRM_FR7430,LGL_FRM_RIAD_ANCRDT,1900-01-01 00:00:00,9999-12-31 00:00:00,0
8835,LGL_FRM_FR7356,LGL_FRM_RIAD_ANCRDT,1900-01-01 00:00:00,9999-12-31 00:00:00,0
8836,LGL_FRM_FR7150,LGL_FRM_RIAD_ANCRDT,1900-01-01 00:00:00,9999-12-31 00:00:00,0
8837,RFRNC_RT_40,RFRNC_RT_ANCRDT_CLLCTN,1900-01-01 00:00:00,9999-12-31 00:00:00,0
8838,LGL_FRM_FR7383,LGL_FRM_RIAD_ANCRDT,1900-01-01 00:00:00,9999-12-31 00:00:00,0
8839,LGL_FRM_FR7490,LGL_FRM_RIAD_ANCRDT,1900-01-01 00:00:00,9999-12-31 00:00:00,0
8840,LGL_FRM_FR5191,LGL_FRM_RIAD_ANCRDT,1900-01-01 00:00:00,9999-12-31 00:00:00,0
8841,LGL_FRM_FR5622,LGL_FRM_RIAD_ANCRDT,1900-01-01 00:00:00,9999-12-31 00:00:00,0
8842,LGL_FRM_FR5548,LGL_FRM_RIAD_ANCRDT,1900-01-01 00:00:00,9999-12-31 00:00:00,0
8843,RFRNC_RT_28,RFRNC_RT_ANCRDT_CLLCTN,1900-01-01 00:00:00,9999-12-31 00:00:00,0
8844,RFRNC_RT_47,RFRNC_RT_ANCRDT_CLLCTN,1900-01-01 00:00:00,9999-12-31 00:00:00,0
8845,LGL_FRM_FR5308,LGL_FRM_RIAD_ANCRDT,1900-01-01 00:00:00,9999-12-31 00:00:00,0
8846,LGL_FRM_FR5451,LGL_FRM_RIAD_ANCRDT,1900-01-01 00:00:00,9999-12-31 00:00:00,0
8847,LGL_FRM_FR2400,LGL_FRM_RIAD_ANCRDT,1900-01-01 00:00:00,9999-12-31 00:00:00,0
8848,LGL_FRM_FR7372,LGL_FRM_RIAD_ANCRDT,1900-01-01 00:00:00,9999-12-31 00:00:00,0
8849,RFRNC_RT_54,RFRNC_RT_ANCRDT_CLLCTN,1900-01-01 00:00:00,9999-12-31 00:00:00,0
8850,RFRNC_RT_53,RFRNC_RT_ANCRDT_CLLCTN,1900-01-01 00:00:00,9999-12-31 00:00:00,0
8851,LGL_FRM_FR5699,LGL_FRM_RIAD_ANCRDT,1900-01-01 00:00:00,9999-12-31 00:00:00,0
8852,LGL_FRM_FR5720,LGL_FRM_RIAD_ANCRDT,1900-01-01 00:00:00,9999-12-31 00:00:00,0
8853,LGL_FRM_FR5553,LGL_FRM_RIAD_ANCRDT,1900-01-01 00:00:00,9999-12-31 00:00:00,0
8854,RFRNC_RT_32,RFRNC_RT_ANCRDT_CLLCTN,1900-01-01 00:00:00,9999-12-31 00:00:00,0
8855,LGL_FRM_FR6544,LGL_FRM_RIAD_ANCRDT,1900-01-01 00:00:00,9999-12-31 00:00:00,0
8856,LGL_FRM_FR9221,LGL_FRM_RIAD_ANCRDT,1900-01-01 00:00:00,9999-12-31 00:00:00,0
8857,RFRNC_RT_35,RFRNC_RT_ANCRDT_CLLCTN,1900-01-01 00:00:00,9999-12-31 00:00:00,0
8858,LGL_FRM_FR9900,LGL_FRM_RIAD_ANCRDT,1900-01-01 00:00:00,9999-12-31 00:00:00,0
8859,LGL_FRM_FR6569,LGL_FRM_RIAD_ANCRDT,1900-01-01 00:00:00,9999-12-31 00:00:00,0
8860,LGL_FRM_FR6316,LGL_FRM_RIAD_ANCRDT,1900-01-01 00:00:00,9999-12-31 00:00:00,0
8861,LGL_FRM_PLA117,LGL_FRM_RIAD_ANCRDT,1900-01-01 00:00:00,9999-12-31 00:00:00,0
8862,LGL_FRM_PLA044,LGL_FRM_RIAD_ANCRDT,1900-01-01 00:00:00,9999-12-31 00:00:00,0
8863,RFRNC_RT_98,RFRNC_RT_ANCRDT_CLLCTN,1900-01-01 00:00:00,9999-12-31 00:00:00,0
8864,LGL_FRM_FR5458,LGL_FRM_RIAD_ANCRDT,1900-01-01 00:00:00,9999-12-31 00:00:00,0
8865,RFRNC_RT_96,RFRNC_RT_ANCRDT_CLLCTN,1900-01-01 00:00:00,9999-12-31 00:00:00,0
8866,LGL_FRM_FR7113,LGL_FRM_RIAD_ANCRDT,1900-01-01 00:00:00,9999-12-31 00:00:00,0
8867,LGL_FRM_FR8110,LGL_FRM_RIAD_ANCRDT,1900-01-01 00:00:00,9999-12-31 00:00:00,0
8868,LGL_FRM_FR8470,LGL_FRM_RIAD_ANCRDT,1900-01-01 00:00:00,9999-12-31 00:00:00,0
8869,RFRNC_RT_91,RFRNC_RT_ANCRDT_CLLCTN,1900-01-01 00:00:00,9999-12-31 00:00:00,0
8870,LGL_FRM_FR8290,LGL_FRM_RIAD_ANCRDT,1900-01-01 00:00:00,9999-12-31 00:00:00,0
8871,LGL_FRM_FR7410,LGL_FRM_RIAD_ANCRDT,1900-01-01 00:00:00,9999-12-31 00:00:00,0
8872,LGL_FRM_FR7225,LGL_FRM_RIAD_ANCRDT,1900-01-01 00:00:00,9999-12-31 00:00:00,0
8873,LGL_FRM_FR7349,LGL_FRM_RIAD_ANCRDT,1900-01-01 00:00:00,9999-12-31 00:00:00,0
8874,LGL_FRM_FR5522,LGL_FRM_RIAD_ANCRDT,1900-01-01 00:00:00,9999-12-31 00:00:00,0
8875,LGL_FRM_FR5648,LGL_FRM_RIAD_ANCRDT,1900-01-01 00:00:00,9999-12-31 00:00:00,0
8876,LGL_FRM_FR1300,LGL_FRM_RIAD_ANCRDT,1900-01-01 00:00:00,9999-12-31 00:00:00,0
8877,LGL_FRM_FR6595,LGL_FRM_RIAD_ANCRDT,1900-01-01 00:00:00,9999-12-31 00:00:00,0
8878,LGL_FRM_FR6535,LGL_FRM_RIAD_ANCRDT,1900-01-01 00:00:00,9999-12-31 00:00:00,0
8879,LGL_FRM_FR6540,LGL_FRM_RIAD_ANCRDT,1900-01-01 00:00:00,9999-12-31 00:00:00,0
8880,RFRNC_RT_70,RFRNC_RT_ANCRDT_CLLCTN,1900-01-01 00:00:00,9999-12-31 00:00:00,0
8881,LGL_FRM_FR3220,LGL_FRM_RIAD_ANCRDT,1900-01-01 00:00:00,9999-12-31 00:00:00,0
8882,RFRNC_RT_77,RFRNC_RT_ANCRDT_CLLCTN,1900-01-01 00:00:00,9999-12-31 00:00:00,0
8883,RFRNC_RT_18,RFRNC_RT_ANCRDT_CLLCTN,1900-01-01 00:00:00,9999-12-31 00:00:00,0
8884,LGL_FRM_FR5370,LGL_FRM_RIAD_ANCRDT,1900-01-01 00:00:00,9999-12-31 00:00:00,0
8885,LGL_FRM_FR5530,LGL_FRM_RIAD_ANCRDT,1900-01-01 00:00:00,9999-12-31 00:00:00,0
8886,LGL_FRM_FR5610,LGL_FRM_RIAD_ANCRDT,1900-01-01 00:00:00,9999-12-31 00:00:00,0
8887,RFRNC_RT_16,RFRNC_RT_ANCRDT_CLLCTN,1900-01-01 00:00:00,9999-12-31 00:00:00,0
8888,RFRNC_RT_79,RFRNC_RT_ANCRDT_CLLCTN,1900-01-01 00:00:00,9999-12-31 00:00:00,0
8889,RFRNC_RT_11,RFRNC_RT_ANCRDT_CLLCTN,1900-01-01 00:00:00,9999-12-31 00:00:00,0
8890,LGL_FRM_FR7364,LGL_FRM_RIAD_ANCRDT,1900-01-01 00:00:00,9999-12-31 00:00:00,0
8891,LGL_FRM_FR5432,LGL_FRM_RIAD_ANCRDT,1900-01-01 00:00:00,9999-12-31 00:00:00,0
8892,LGL_FRM_FR8190,LGL_FRM_RIAD_ANCRDT,1900-01-01 00:00:00,9999-12-31 00:00:00,0
8893,LGL_FRM_FR7340,LGL_FRM_RIAD_ANCRDT,1900-01-01 00:00:00,9999-12-31 00:00:00,0
8894,LGL_FRM_FR8450,LGL_FRM_RIAD_ANCRDT,1900-01-01 00:00:00,9999-12-31 00:00:00,0
8895,LGL_FRM_FR8210,LGL_FRM_RIAD_ANCRDT,1900-01-01 00:00:00,9999-12-31 00:00:00,0
8896,LGL_FRM_FR8130,LGL_FRM_RIAD_ANCRDT,1900-01-01 00:00:00,9999-12-31 00:00:00,0
8897,LGL_FRM_FR7179,LGL_FRM_RIAD_ANCRDT,1900-01-01 00:00:00,9999-12-31 00:00:00,0
8898,LGL_FRM_FR6576,LGL_FRM_RIAD_ANCRDT,1900-01-01 00:00:00,9999-12-31 00:00:00,0
8899,RFRNC_RT_64,RFRNC_RT_ANCRDT_CLLCTN,1900-01-01 00:00:00,9999-12-31 00:00:00,0
8900,RFRNC_RT_63,RFRNC_RT_ANCRDT_CLLCTN,1900-01-01 00:00:00,9999-12-31 00:00:00,0
8901,LGL_FRM_FR6511,LGL_FRM_RIAD_ANCRDT,1900-01-01 00:00:00,9999-12-31 00:00:00,0
8902,LGL_FRM_FR6564,LGL_FRM_RIAD_ANCRDT,1900-01-01 00:00:00,9999-12-31 00:00:00,0
8903,LGL_FRM_FR7352,LGL_FRM_RIAD_ANCRDT,1900-01-01 00:00:00,9999-12-31 00:00:00,0
8904,LGL_FRM_FR2700,LGL_FRM_RIAD_ANCRDT,1900-01-01 00:00:00,9999-12-31 00:00:00,0
8905,LGL_FRM_FR5653,LGL_FRM_RIAD_ANCRDT,1900-01-01 00:00:00,9999-12-31 00:00:00,0
8906,LGL_FRM_FR5455,LGL_FRM_RIAD_ANCRDT,1900-01-01 00:00:00,9999-12-31 00:00:00,0
8907,LGL_FRM_FR5599,LGL_FRM_RIAD_ANCRDT,1900-01-01 00:00:00,9999-12-31 00:00:00,0
8908,LGL_FRM_FR5195,LGL_FRM_RIAD_ANCRDT,1900-01-01 00:00:00,9999-12-31 00:00:00,0
8909,LGL_FRM_PLB147,LGL_FRM_RIAD_ANCRDT,1900-01-01 00:00:00,9999-12-31 00:00:00,0
8910,LGL_FRM_FR1200,LGL_FRM_RIAD_ANCRDT,1900-01-01 00:00:00,9999-12-31 00:00:00,0
8911,RFRNC_RT_89,RFRNC_RT_ANCRDT_CLLCTN,1900-01-01 00:00:00,9999-12-31 00:00:00,0
8912,LGL_FRM_PLA118,LGL_FRM_RIAD_ANCRDT,1900-01-01 00:00:00,9999-12-31 00:00:00,0
8913,LGL_FRM_FR6566,LGL_FRM_RIAD_ANCRDT,1900-01-01 00:00:00,9999-12-31 00:00:00,0
8914,RFRNC_RT_80,RFRNC_RT_ANCRDT_CLLCTN,1900-01-01 00:00:00,9999-12-31 00:00:00,0
8915,LGL_FRM_FR7385,LGL_FRM_RIAD_ANCRDT,1900-01-01 00:00:00,9999-12-31 00:00:00,0
8916,LGL_FRM_FR8120,LGL_FRM_RIAD_ANCRDT,1900-01-01 00:00:00,9999-12-31 00:00:00,0
8917,LGL_FRM_FR5422,LGL_FRM_RIAD_ANCRDT,1900-01-01 00:00:00,9999-12-31 00:00:00,0
8918,LGL_FRM_FR5651,LGL_FRM_RIAD_ANCRDT,1900-01-01 00:00:00,9999-12-31 00:00:00,0
8919,RFRNC_RT_87,RFRNC_RT_ANCRDT_CLLCTN,1900-01-01 00:00:00,9999-12-31 00:00:00,0
8920,LGL_FRM_FR5430,LGL_FRM_RIAD_ANCRDT,1900-01-01 00:00:00,9999-12-31 00:00:00,0
8921,LGL_FRM_FR5710,LGL_FRM_RIAD_ANCRDT,1900-01-01 00:00:00,9999-12-31 00:00:00,0
8922,RFRNC_RT_42,RFRNC_RT_ANCRDT_CLLCTN,1900-01-01 00:00:00,9999-12-31 00:00:00,0
8923,LGL_FRM_FR5643,LGL_FRM_RIAD_ANCRDT,1900-01-01 00:00:00,9999-12-31 00:00:00,0
8924,LGL_FRM_FR7342,LGL_FRM_RIAD_ANCRDT,1900-01-01 00:00:00,9999-12-31 00:00:00,0
8925,RFRNC_RT_45,RFRNC_RT_ANCRDT_CLLCTN,1900-01-01 00:00:00,9999-12-31 00:00:00,0
8926,LGL_FRM_PLA140,LGL_FRM_RIAD_ANCRDT,1900-01-01 00:00:00,9999-12-31 00:00:00,0
8927,LGL_FRM_FR6574,LGL_FRM_RIAD_ANCRDT,1900-01-01 00:00:00,9999-12-31 00:00:00,0
8928,RFRNC_RT_24,RFRNC_RT_ANCRDT_CLLCTN,1900-01-01 00:00:00,9999-12-31 00:00:00,0
8929,RFRNC_RT_23,RFRNC_RT_ANCRDT_CLLCTN,1900-01-01 00:00:00,9999-12-31 00:00:00,0
8930,RFRNC_RT_30,RFRNC_RT_ANCRDT_CLLCTN,1900-01-01 00:00:00,9999-12-31 00:00:00,0
8931,LGL_FRM_FR6585,LGL_FRM_RIAD_ANCRDT,1900-01-01 00:00:00,9999-12-31 00:00:00,0
8932,LGL_FRM_FR9240,LGL_FRM_RIAD_ANCRDT,1900-01-01 00:00:00,9999-12-31 00:00:00,0
8933,RFRNC_RT_37,RFRNC_RT_ANCRDT_CLLCTN,1900-01-01 00:00:00,9999-12-31 00:00:00,0
8934,RFRNC_RT_58,RFRNC_RT_ANCRDT_CLLCTN,1900-01-01 00:00:00,9999-12-31 00:00:00,0
8935,LGL_FRM_FR5658,LGL_FRM_RIAD_ANCRDT,1900-01-01 00:00:00,9999-12-31 00:00:00,0
8936,LGL_FRM_FR5307,LGL_FRM_RIAD_ANCRDT,1900-01-01 00:00:00,9999-12-31 00:00:00,0
8937,LGL_FRM_FR5532,LGL_FRM_RIAD_ANCRDT,1900-01-01 00:00:00,9999-12-31 00:00:00,0
8938,LGL_FRM_FR5547,LGL_FRM_RIAD_ANCRDT,1900-01-01 00:00:00,9999-12-31 00:00:00,0
8939,LGL_FRM_PLB055,LGL_FRM_RIAD_ANCRDT,1900-01-01 00:00:00,9999-12-31 00:00:00,0
8940,RFRNC_RT_56,RFRNC_RT_ANCRDT_CLLCTN,1900-01-01 00:00:00,9999-12-31 00:00:00,0
8941,RFRNC_RT_39,RFRNC_RT_ANCRDT_CLLCTN,1900-01-01 00:00:00,9999-12-31 00:00:00,0
8942,RFRNC_RT_51,RFRNC_RT_ANCRDT_CLLCTN,1900-01-01 00:00:00,9999-12-31 00:00:00,0
8943,LGL_FRM_FR7313,LGL_FRM_RIAD_ANCRDT,1900-01-01 00:00:00,9999-12-31 00:00:00,0
8944,LGL_FRM_FR8310,LGL_FRM_RIAD_ANCRDT,1900-01-01 00:00:00,9999-12-31 00:00:00,0
8945,LGL_FRM_FR7366,LGL_FRM_RIAD_ANCRDT,1900-01-01 00:00:00,9999-12-31 00:00:00,0
8946,LGL_FRM_FR7160,LGL_FRM_RIAD_ANCRDT,1900-01-01 00:00:00,9999-12-31 00:00:00,0
8947,LGL_FRM_FR2900,LGL_FRM_RIAD_ANCRDT,1900-01-01 00:00:00,9999-12-31 00:00:00,0
8948,RFRNC_RT_94,RFRNC_RT_ANCRDT_CLLCTN,1900-01-01 00:00:00,9999-12-31 00:00:00,0
8949,LGL_FRM_FR7172,LGL_FRM_RIAD_ANCRDT,1900-01-01 00:00:00,9999-12-31 00:00:00,0
8950,LGL_FRM_FR5520,LGL_FRM_RIAD_ANCRDT,1900-01-01 00:00:00,9999-12-31 00:00:00,0
8951,RFRNC_RT_93,RFRNC_RT_ANCRDT_CLLCTN,1900-01-01 00:00:00,9999-12-31 00:00:00,0
8952,LGL_FRM_FR5555,LGL_FRM_RIAD_ANCRDT,1900-01-01 00:00:00,9999-12-31 00:00:00,0
8953,LGL_FRM_FR5499,LGL_FRM_RIAD_ANCRDT,1900-01-01 00:00:00,9999-12-31 00:00:00,0
8954,LGL_FRM_PLB401,LGL_FRM_RIAD_ANCRDT,1900-01-01 00:00:00,9999-12-31 00:00:00,0
8955,LGL_FRM_FR4110,LGL_FRM_RIAD_ANCRDT,1900-01-01 00:00:00,9999-12-31 00:00:00,0
8956,LGL_FRM_FR3290,LGL_FRM_RIAD_ANCRDT,1900-01-01 00:00:00,9999-12-31 00:00:00,0
8957,LGL_FRM_FR6597,LGL_FRM_RIAD_ANCRDT,1900-01-01 00:00:00,9999-12-31 00:00:00,0
8958,LGL_FRM_PLA085,LGL_FRM_RIAD_ANCRDT,1900-01-01 00:00:00,9999-12-31 00:00:00,0
8959,LGL_FRM_FR6542,LGL_FRM_RIAD_ANCRDT,1900-01-01 00:00:00,9999-12-31 00:00:00,0
8960,LGL_FRM_FR3110,LGL_FRM_RIAD_ANCRDT,1900-01-01 00:00:00,9999-12-31 00:00:00,0
8961,LGL_FRM_FR6411,LGL_FRM_RIAD_ANCRDT,1900-01-01 00:00:00,9999-12-31 00:00:00,0
8962,LGL_FRM_FR6537,LGL_FRM_RIAD_ANCRDT,1900-01-01 00:00:00,9999-12-31 00:00:00,0
8963,RFRNC_RT_101,RFRNC_RT_ANCRDT_CLLCTN,1900-01-01 00:00:00,9999-12-31 00:00:00,0
8964,RFRNC_RT_106,RFRNC_RT_ANCRDT_CLLCTN,1900-01-01 00:00:00,9999-12-31 00:00:00,0
8965,RFRNC_RT_108,RFRNC_RT_ANCRDT_CLLCTN,1900-01-01 00:00:00,9999-12-31 00:00:00,0
8966,FRQNCY_8,FRQNCY_PYMNT_ANCRDT_CLLCTN,1900-01-01 00:00:00,9999-12-31 00:00:00,0
8967,RFRNC_RT_115,RFRNC_RT_ANCRDT_CLLCTN,1900-01-01 00:00:00,9999-12-31 00:00:00,0
8968,RFRNC_RT_112,RFRNC_RT_ANCRDT_CLLCTN,1900-01-01 00:00:00,9999-12-31 00:00:00,0
8969,RFRNC_RT_133,RFRNC_RT_ANCRDT_CLLCTN,1900-01-01 00:00:00,9999-12-31 00:00:00,0
8970,RFRNC_RT_134,RFRNC_RT_ANCRDT_CLLCTN,1900-01-01 00:00:00,9999-12-31 00:00:00,0
8971,RFRNC_RT_152,RFRNC_RT_ANCRDT_CLLCTN,1900-01-01 00:00:00,9999-12-31 00:00:00,0
8972,LGL_FRM_FBRANCH,LGL_FRM_RIAD_ANCRDT,1900-01-01 00:00:00,9999-12-31 00:00:00,0
8973,RFRNC_RT_141,RFRNC_RT_ANCRDT_CLLCTN,1900-01-01 00:00:00,9999-12-31 00:00:00,0
8974,RFRNC_RT_146,RFRNC_RT_ANCRDT_CLLCTN,1900-01-01 00:00:00,9999-12-31 00:00:00,0
8975,RFRNC_RT_129,RFRNC_RT_ANCRDT_CLLCTN,1900-01-01 00:00:00,9999-12-31 00:00:00,0
8976,RFRNC_RT_127,RFRNC_RT_ANCRDT_CLLCTN,1900-01-01 00:00:00,9999-12-31 00:00:00,0
8977,RFRNC_RT_148,RFRNC_RT_ANCRDT_CLLCTN,1900-01-01 00:00:00,9999-12-31 00:00:00,0
8978,RFRNC_RT_120,RFRNC_RT_ANCRDT_CLLCTN,1900-01-01 00:00:00,9999-12-31 00:00:00,0
8979,RFRNC_RT_103,RFRNC_RT_ANCRDT_CLLCTN,1900-01-01 00:00:00,9999-12-31 00:00:00,0
8980,RFRNC_RT_104,RFRNC_RT_ANCRDT_CLLCTN,1900-01-01 00:00:00,9999-12-31 00:00:00,0
8981,FRQNCY_1,FRQNCY_PYMNT_ANCRDT_CLLCTN,1900-01-01 00:00:00,9999-12-31 00:00:00,0
8982,RFRNC_RT_117,RFRNC_RT_ANCRDT_CLLCTN,1900-01-01 00:00:00,9999-12-31 00:00:00,0
8983,RFRNC_RT_110,RFRNC_RT_ANCRDT_CLLCTN,1900-01-01 00:00:00,9999-12-31 00:00:00,0
8984,RFRNC_RT_119,RFRNC_RT_ANCRDT_CLLCTN,1900-01-01 00:00:00,9999-12-31 00:00:00,0
8985,RFRNC_RT_138,RFRNC_RT_ANCRDT_CLLCTN,1900-01-01 00:00:00,9999-12-31 00:00:00,0
8986,RFRNC_RT_150,RFRNC_RT_ANCRDT_CLLCTN,1900-01-01 00:00:00,9999-12-31 00:00:00,0
8987,RFRNC_RT_131,RFRNC_RT_ANCRDT_CLLCTN,1900-01-01 00:00:00,9999-12-31 00:00:00,0
8988,RFRNC_RT_136,RFRNC_RT_ANCRDT_CLLCTN,1900-01-01 00:00:00,9999-12-31 00:00:00,0
8989,RFRNC_RT_125,RFRNC_RT_ANCRDT_CLLCTN,1900-01-01 00:00:00,9999-12-31 00:00:00,0
8990,RFRNC_RT_122,RFRNC_RT_ANCRDT_CLLCTN,1900-01-01 00:00:00,9999-12-31 00:00:00,0
8991,RFRNC_RT_143,RFRNC_RT_ANCRDT_CLLCTN,1900-01-01 00:00:00,9999-12-31 00:00:00,0
8992,RFRNC_RT_144,RFRNC_RT_ANCRDT_CLLCTN,1900-01-01 00:00:00,9999-12-31 00:00:00,0
8993,RFRNC_RT_105,RFRNC_RT_ANCRDT_CLLCTN,1900-01-01 00:00:00,9999-12-31 00:00:00,0
8994,RFRNC_RT_102,RFRNC_RT_ANCRDT_CLLCTN,1900-01-01 00:00:00,9999-12-31 00:00:00,0
8995,RFRNC_RT_118,RFRNC_RT_ANCRDT_CLLCTN,1900-01-01 00:00:00,9999-12-31 00:00:00,0
8996,RFRNC_RT_111,RFRNC_RT_ANCRDT_CLLCTN,1900-01-01 00:00:00,9999-12-31 00:00:00,0
8997,RFRNC_RT_116,RFRNC_RT_ANCRDT_CLLCTN,1900-01-01 00:00:00,9999-12-31 00:00:00,0
8998,RFRNC_RT_137,RFRNC_RT_ANCRDT_CLLCTN,1900-01-01 00:00:00,9999-12-31 00:00:00,0
8999,RFRNC_RT_130,RFRNC_RT_ANCRDT_CLLCTN,1900-01-01 00:00:00,9999-12-31 00:00:00,0
9000,RFRNC_RT_151,RFRNC_RT_ANCRDT_CLLCTN,1900-01-01 00:00:00,9999-12-31 00:00:00,0
9001,RFRNC_RT_139,RFRNC_RT_ANCRDT_CLLCTN,1900-01-01 00:00:00,9999-12-31 00:00:00,0
9002,RFRNC_RT_145,RFRNC_RT_ANCRDT_CLLCTN,1900-01-01 00:00:00,9999-12-31 00:00:00,0
9003,RFRNC_RT_142,RFRNC_RT_ANCRDT_CLLCTN,1900-01-01 00:00:00,9999-12-31 00:00:00,0
9004,RFRNC_RT_123,RFRNC_RT_ANCRDT_CLLCTN,1900-01-01 00:00:00,9999-12-31 00:00:00,0
9005,RFRNC_RT_124,RFRNC_RT_ANCRDT_CLLCTN,1900-01-01 00:00:00,9999-12-31 00:00:00,0
9006,RFRNC_RT_109,RFRNC_RT_ANCRDT_CLLCTN,1900-01-01 00:00:00,9999-12-31 00:00:00,0
9007,RFRNC_RT_107,RFRNC_RT_ANCRDT_CLLCTN,1900-01-01 00:00:00,9999-12-31 00:00:00,0
9008,RFRNC_RT_100,RFRNC_RT_ANCRDT_CLLCTN,1900-01-01 00:00:00,9999-12-31 00:00:00,0
9009,RFRNC_RT_113,RFRNC_RT_ANCRDT_CLLCTN,1900-01-01 00:00:00,9999-12-31 00:00:00,0
9010,RFRNC_RT_114,RFRNC_RT_ANCRDT_CLLCTN,1900-01-01 00:00:00,9999-12-31 00:00:00,0
9011,FRQNCY_4,FRQNCY_PYMNT_ANCRDT_CLLCTN,1900-01-01 00:00:00,9999-12-31 00:00:00,0
9012,RFRNC_RT_135,RFRNC_RT_ANCRDT_CLLCTN,1900-01-01 00:00:00,9999-12-31 00:00:00,0
9013,RFRNC_RT_132,RFRNC_RT_ANCRDT_CLLCTN,1900-01-01 00:00:00,9999-12-31 00:00:00,0
9014,RFRNC_RT_121,RFRNC_RT_ANCRDT_CLLCTN,1900-01-01 00:00:00,9999-12-31 00:00:00,0
9015,RFRNC_RT_149,RFRNC_RT_ANCRDT_CLLCTN,1900-01-01 00:00:00,9999-12-31 00:00:00,0
9016,RFRNC_RT_126,RFRNC_RT_ANCRDT_CLLCTN,1900-01-01 00:00:00,9999-12-31 00:00:00,0
9017,RFRNC_RT_128,RFRNC_RT_ANCRDT_CLLCTN,1900-01-01 00:00:00,9999-12-31 00:00:00,0
9018,RFRNC_RT_147,RFRNC_RT_ANCRDT_CLLCTN,1900-01-01 00:00:00,9999-12-31 00:00:00,0
9019,RFRNC_RT_140,RFRNC_RT_ANCRDT_CLLCTN,1900-01-01 00:00:00,9999-12-31 00:00:00,0
9020,GGRPHCL_ARS_FK,ISO3166_DSJNT_S_STGNG,1900-01-01 00:00:00,9999-12-31 00:00:00,0
9021,GGRPHCL_ARS_AU,ISO3166_DSJNT_S_STGNG,1900-01-01 00:00:00,9999-12-31 00:00:00,0
9022,GGRPHCL_ARS_AZ,ISO3166_DSJNT_S_STGNG,1900-01-01 00:00:00,9999-12-31 00:00:00,0
9023,GGRPHCL_ARS_AD,ISO3166_DSJNT_S_STGNG,1900-01-01 00:00:00,9999-12-31 00:00:00,0
9024,GGRPHCL_ARS_HK,ISO3166_DSJNT_S_STGNG,1900-01-01 00:00:00,9999-12-31 00:00:00,0
9025,GGRPHCL_ARS_VI,ISO3166_DSJNT_S_STGNG,1900-01-01 00:00:00,9999-12-31 00:00:00,0
9026,GGRPHCL_ARS_HU,ISO3166_DSJNT_S_STGNG,1900-01-01 00:00:00,9999-12-31 00:00:00,0
9027,GGRPHCL_ARS_SK,ISO3166_DSJNT_S_STGNG,1900-01-01 00:00:00,9999-12-31 00:00:00,0
9028,GGRPHCL_ARS_SD,ISO3166_DSJNT_S_STGNG,1900-01-01 00:00:00,9999-12-31 00:00:00,0
9029,GGRPHCL_ARS_MF,ISO3166_DSJNT_S_STGNG,1900-01-01 00:00:00,9999-12-31 00:00:00,0
9030,GGRPHCL_ARS_MX,ISO3166_DSJNT_S_STGNG,1900-01-01 00:00:00,9999-12-31 00:00:00,0
9031,GGRPHCL_ARS_SZ,ISO3166_DSJNT_S_STGNG,1900-01-01 00:00:00,9999-12-31 00:00:00,0
9032,GGRPHCL_ARS_MW,ISO3166_DSJNT_S_STGNG,1900-01-01 00:00:00,9999-12-31 00:00:00,0
9033,GGRPHCL_ARS_TZ,ISO3166_DSJNT_S_STGNG,1900-01-01 00:00:00,9999-12-31 00:00:00,0
9034,GGRPHCL_ARS_TK,ISO3166_DSJNT_S_STGNG,1900-01-01 00:00:00,9999-12-31 00:00:00,0
9035,GGRPHCL_ARS_TD,ISO3166_DSJNT_S_STGNG,1900-01-01 00:00:00,9999-12-31 00:00:00,0
9036,GGRPHCL_ARS_CF,ISO3166_DSJNT_S_STGNG,1900-01-01 00:00:00,9999-12-31 00:00:00,0
9037,GGRPHCL_ARS_CI,ISO3166_DSJNT_S_STGNG,1900-01-01 00:00:00,9999-12-31 00:00:00,0
9038,GGRPHCL_ARS_CW,ISO3166_DSJNT_S_STGNG,1900-01-01 00:00:00,9999-12-31 00:00:00,0
9039,GGRPHCL_ARS_CX,ISO3166_DSJNT_S_STGNG,1900-01-01 00:00:00,9999-12-31 00:00:00,0
9040,GGRPHCL_ARS_IM,ISO3166_DSJNT_S_STGNG,1900-01-01 00:00:00,9999-12-31 00:00:00,0
9041,GGRPHCL_ARS_IS,ISO3166_DSJNT_S_STGNG,1900-01-01 00:00:00,9999-12-31 00:00:00,0
9042,GGRPHCL_ARS_GM,ISO3166_DSJNT_S_STGNG,1900-01-01 00:00:00,9999-12-31 00:00:00,0
9043,GGRPHCL_ARS_GB,ISO3166_DSJNT_S_STGNG,1900-01-01 00:00:00,9999-12-31 00:00:00,0
9044,GGRPHCL_ARS_GS,ISO3166_DSJNT_S_STGNG,1900-01-01 00:00:00,9999-12-31 00:00:00,0
9045,GGRPHCL_ARS_N$,ISO3166_DSJNT_S_STGNG,1900-01-01 00:00:00,9999-12-31 00:00:00,0
9046,GGRPHCL_ARS_BO,ISO3166_DSJNT_S_STGNG,1900-01-01 00:00:00,9999-12-31 00:00:00,0
9047,GGRPHCL_ARS_BQ,ISO3166_DSJNT_S_STGNG,1900-01-01 00:00:00,9999-12-31 00:00:00,0
9048,GGRPHCL_ARS_RS,ISO3166_DSJNT_S_STGNG,1900-01-01 00:00:00,9999-12-31 00:00:00,0
9049,GGRPHCL_ARS_US,ISO3166_DSJNT_S_STGNG,1900-01-01 00:00:00,9999-12-31 00:00:00,0
9050,GGRPHCL_ARS_UM,ISO3166_DSJNT_S_STGNG,1900-01-01 00:00:00,9999-12-31 00:00:00,0
9051,GGRPHCL_ARS_VG,ISO3166_DSJNT_S_STGNG,1900-01-01 00:00:00,9999-12-31 00:00:00,0
9052,GGRPHCL_ARS_HT,ISO3166_DSJNT_S_STGNG,1900-01-01 00:00:00,9999-12-31 00:00:00,0
9053,GGRPHCL_ARS_FJ,ISO3166_DSJNT_S_STGNG,1900-01-01 00:00:00,9999-12-31 00:00:00,0
9054,GGRPHCL_ARS_AT,ISO3166_DSJNT_S_STGNG,1900-01-01 00:00:00,9999-12-31 00:00:00,0
9055,GGRPHCL_ARS_AE,ISO3166_DSJNT_S_STGNG,1900-01-01 00:00:00,9999-12-31 00:00:00,0
9056,GGRPHCL_ARS_CH,ISO3166_DSJNT_S_STGNG,1900-01-01 00:00:00,9999-12-31 00:00:00,0
9057,GGRPHCL_ARS_CG,ISO3166_DSJNT_S_STGNG,1900-01-01 00:00:00,9999-12-31 00:00:00,0
9058,GGRPHCL_ARS_CY,ISO3166_DSJNT_S_STGNG,1900-01-01 00:00:00,9999-12-31 00:00:00,0
9059,GGRPHCL_ARS_CV,ISO3166_DSJNT_S_STGNG,1900-01-01 00:00:00,9999-12-31 00:00:00,0
9060,GGRPHCL_ARS_SE,ISO3166_DSJNT_S_STGNG,1900-01-01 00:00:00,9999-12-31 00:00:00,0
9061,GGRPHCL_ARS_MG,ISO3166_DSJNT_S_STGNG,1900-01-01 00:00:00,9999-12-31 00:00:00,0
9062,GGRPHCL_ARS_MH,ISO3166_DSJNT_S_STGNG,1900-01-01 00:00:00,9999-12-31 00:00:00,0
9063,GGRPHCL_ARS_SJ,ISO3166_DSJNT_S_STGNG,1900-01-01 00:00:00,9999-12-31 00:00:00,0
9064,GGRPHCL_ARS_ST,ISO3166_DSJNT_S_STGNG,1900-01-01 00:00:00,9999-12-31 00:00:00,0
9065,GGRPHCL_ARS_MV,ISO3166_DSJNT_S_STGNG,1900-01-01 00:00:00,9999-12-31 00:00:00,0
9066,GGRPHCL_ARS_MY,ISO3166_DSJNT_S_STGNG,1900-01-01 00:00:00,9999-12-31 00:00:00,0
9067,GGRPHCL_ARS_TT,ISO3166_DSJNT_S_STGNG,1900-01-01 00:00:00,9999-12-31 00:00:00,0
9068,GGRPHCL_ARS_TJ,ISO3166_DSJNT_S_STGNG,1900-01-01 00:00:00,9999-12-31 00:00:00,0
9069,GGRPHCL_ARS_GL,ISO3166_DSJNT_S_STGNG,1900-01-01 00:00:00,9999-12-31 00:00:00,0
9070,GGRPHCL_ARS_GR,ISO3166_DSJNT_S_STGNG,1900-01-01 00:00:00,9999-12-31 00:00:00,0
9071,GGRPHCL_ARS_NR,ISO3166_DSJNT_S_STGNG,1900-01-01 00:00:00,9999-12-31 00:00:00,0
9072,GGRPHCL_ARS_PN,ISO3166_DSJNT_S_STGNG,1900-01-01 00:00:00,9999-12-31 00:00:00,0
9073,GGRPHCL_ARS_NL,ISO3166_DSJNT_S_STGNG,1900-01-01 00:00:00,9999-12-31 00:00:00,0
9074,GGRPHCL_ARS_NC,ISO3166_DSJNT_S_STGNG,1900-01-01 00:00:00,9999-12-31 00:00:00,0
9075,GGRPHCL_ARS_PA,ISO3166_DSJNT_S_STGNG,1900-01-01 00:00:00,9999-12-31 00:00:00,0
9076,GGRPHCL_ARS_IL,ISO3166_DSJNT_S_STGNG,1900-01-01 00:00:00,9999-12-31 00:00:00,0
9077,GGRPHCL_ARS_IR,ISO3166_DSJNT_S_STGNG,1900-01-01 00:00:00,9999-12-31 00:00:00,0
9078,GGRPHCL_ARS_LA,ISO3166_DSJNT_S_STGNG,1900-01-01 00:00:00,9999-12-31 00:00:00,0
9079,GGRPHCL_ARS_KP,ISO3166_DSJNT_S_STGNG,1900-01-01 00:00:00,9999-12-31 00:00:00,0
9080,GGRPHCL_ARS_KN,ISO3166_DSJNT_S_STGNG,1900-01-01 00:00:00,9999-12-31 00:00:00,0
9081,GGRPHCL_ARS_BA,ISO3166_DSJNT_S_STGNG,1900-01-01 00:00:00,9999-12-31 00:00:00,0
9082,GGRPHCL_ARS_BN,ISO3166_DSJNT_S_STGNG,1900-01-01 00:00:00,9999-12-31 00:00:00,0
9083,GGRPHCL_ARS_MZ,ISO3166_DSJNT_S_STGNG,1900-01-01 00:00:00,9999-12-31 00:00:00,0
9084,GGRPHCL_ARS_SX,ISO3166_DSJNT_S_STGNG,1900-01-01 00:00:00,9999-12-31 00:00:00,0
9085,GGRPHCL_ARS_MU,ISO3166_DSJNT_S_STGNG,1900-01-01 00:00:00,9999-12-31 00:00:00,0
9086,GGRPHCL_ARS_MK,ISO3166_DSJNT_S_STGNG,1900-01-01 00:00:00,9999-12-31 00:00:00,0
9087,GGRPHCL_ARS_SI,ISO3166_DSJNT_S_STGNG,1900-01-01 00:00:00,9999-12-31 00:00:00,0
9088,GGRPHCL_ARS_MD,ISO3166_DSJNT_S_STGNG,1900-01-01 00:00:00,9999-12-31 00:00:00,0
9089,GGRPHCL_ARS_TF,ISO3166_DSJNT_S_STGNG,1900-01-01 00:00:00,9999-12-31 00:00:00,0
9090,GGRPHCL_ARS_TW,ISO3166_DSJNT_S_STGNG,1900-01-01 00:00:00,9999-12-31 00:00:00,0
9091,GGRPHCL_ARS_DK,ISO3166_DSJNT_S_STGNG,1900-01-01 00:00:00,9999-12-31 00:00:00,0
9092,GGRPHCL_ARS_ZW,ISO3166_DSJNT_S_STGNG,1900-01-01 00:00:00,9999-12-31 00:00:00,0
9093,GGRPHCL_ARS_DZ,ISO3166_DSJNT_S_STGNG,1900-01-01 00:00:00,9999-12-31 00:00:00,0
9094,GGRPHCL_ARS_CU,ISO3166_DSJNT_S_STGNG,1900-01-01 00:00:00,9999-12-31 00:00:00,0
9095,GGRPHCL_ARS_CZ,ISO3166_DSJNT_S_STGNG,1900-01-01 00:00:00,9999-12-31 00:00:00,0
9096,GGRPHCL_ARS_CD,ISO3166_DSJNT_S_STGNG,1900-01-01 00:00:00,9999-12-31 00:00:00,0
9097,GGRPHCL_ARS_CK,ISO3166_DSJNT_S_STGNG,1900-01-01 00:00:00,9999-12-31 00:00:00,0
9098,GGRPHCL_ARS_FI,ISO3166_DSJNT_S_STGNG,1900-01-01 00:00:00,9999-12-31 00:00:00,0
9099,GGRPHCL_ARS_AF,ISO3166_DSJNT_S_STGNG,1900-01-01 00:00:00,9999-12-31 00:00:00,0
9100,FRQNCY_15,FRQNCY_PYMNT_ANCRDT_CLLCTN,1900-01-01 00:00:00,9999-12-31 00:00:00,0
9101,GGRPHCL_ARS_AI,ISO3166_DSJNT_S_STGNG,1900-01-01 00:00:00,9999-12-31 00:00:00,0
9102,GGRPHCL_ARS_AW,ISO3166_DSJNT_S_STGNG,1900-01-01 00:00:00,9999-12-31 00:00:00,0
9103,GGRPHCL_ARS_AX,ISO3166_DSJNT_S_STGNG,1900-01-01 00:00:00,9999-12-31 00:00:00,0
9104,GGRPHCL_ARS_VU,ISO3166_DSJNT_S_STGNG,1900-01-01 00:00:00,9999-12-31 00:00:00,0
9105,GGRPHCL_ARS_ES,ISO3166_DSJNT_S_STGNG,1900-01-01 00:00:00,9999-12-31 00:00:00,0
9106,FRQNCY_22,FRQNCY_PYMNT_ANCRDT_CLLCTN,1900-01-01 00:00:00,9999-12-31 00:00:00,0
9107,GGRPHCL_ARS_BS,ISO3166_DSJNT_S_STGNG,1900-01-01 00:00:00,9999-12-31 00:00:00,0
9108,GGRPHCL_ARS_BM,ISO3166_DSJNT_S_STGNG,1900-01-01 00:00:00,9999-12-31 00:00:00,0
9109,GGRPHCL_ARS_BB,ISO3166_DSJNT_S_STGNG,1900-01-01 00:00:00,9999-12-31 00:00:00,0
9110,GGRPHCL_ARS_LS,ISO3166_DSJNT_S_STGNG,1900-01-01 00:00:00,9999-12-31 00:00:00,0
9111,GGRPHCL_ARS_LB,ISO3166_DSJNT_S_STGNG,1900-01-01 00:00:00,9999-12-31 00:00:00,0
9112,GGRPHCL_ARS_RO,ISO3166_DSJNT_S_STGNG,1900-01-01 00:00:00,9999-12-31 00:00:00,0
9113,GGRPHCL_ARS_E$,ISO3166_DSJNT_S_STGNG,1900-01-01 00:00:00,9999-12-31 00:00:00,0
9114,GGRPHCL_ARS_KM,ISO3166_DSJNT_S_STGNG,1900-01-01 00:00:00,9999-12-31 00:00:00,0
9115,GGRPHCL_ARS_PM,ISO3166_DSJNT_S_STGNG,1900-01-01 00:00:00,9999-12-31 00:00:00,0
9116,GGRPHCL_ARS_NO,ISO3166_DSJNT_S_STGNG,1900-01-01 00:00:00,9999-12-31 00:00:00,0
9117,GGRPHCL_ARS_PS,ISO3166_DSJNT_S_STGNG,1900-01-01 00:00:00,9999-12-31 00:00:00,0
9118,GGRPHCL_ARS_WS,ISO3166_DSJNT_S_STGNG,1900-01-01 00:00:00,9999-12-31 00:00:00,0
9119,GGRPHCL_ARS_IQ,ISO3166_DSJNT_S_STGNG,1900-01-01 00:00:00,9999-12-31 00:00:00,0
9120,GGRPHCL_ARS_IO,ISO3166_DSJNT_S_STGNG,1900-01-01 00:00:00,9999-12-31 00:00:00,0
9121,GGRPHCL_ARS_GQ,ISO3166_DSJNT_S_STGNG,1900-01-01 00:00:00,9999-12-31 00:00:00,0
9122,GGRPHCL_ARS_DJ,ISO3166_DSJNT_S_STGNG,1900-01-01 00:00:00,9999-12-31 00:00:00,0
9123,GGRPHCL_ARS_DE,ISO3166_DSJNT_S_STGNG,1900-01-01 00:00:00,9999-12-31 00:00:00,0
9124,GGRPHCL_ARS_SV,ISO3166_DSJNT_S_STGNG,1900-01-01 00:00:00,9999-12-31 00:00:00,0
9125,GGRPHCL_ARS_MT,ISO3166_DSJNT_S_STGNG,1900-01-01 00:00:00,9999-12-31 00:00:00,0
9126,GGRPHCL_ARS_SY,ISO3166_DSJNT_S_STGNG,1900-01-01 00:00:00,9999-12-31 00:00:00,0
9127,GGRPHCL_ARS_SG,ISO3166_DSJNT_S_STGNG,1900-01-01 00:00:00,9999-12-31 00:00:00,0
9128,GGRPHCL_ARS_ME,ISO3166_DSJNT_S_STGNG,1900-01-01 00:00:00,9999-12-31 00:00:00,0
9129,GGRPHCL_ARS_SH,ISO3166_DSJNT_S_STGNG,1900-01-01 00:00:00,9999-12-31 00:00:00,0
9130,GGRPHCL_ARS_JE,ISO3166_DSJNT_S_STGNG,1900-01-01 00:00:00,9999-12-31 00:00:00,0
9131,GGRPHCL_ARS_TG,ISO3166_DSJNT_S_STGNG,1900-01-01 00:00:00,9999-12-31 00:00:00,0
9132,GGRPHCL_ARS_TH,ISO3166_DSJNT_S_STGNG,1900-01-01 00:00:00,9999-12-31 00:00:00,0
9133,GGRPHCL_ARS_TV,ISO3166_DSJNT_S_STGNG,1900-01-01 00:00:00,9999-12-31 00:00:00,0
9134,GGRPHCL_ARS_VE,ISO3166_DSJNT_S_STGNG,1900-01-01 00:00:00,9999-12-31 00:00:00,0
9135,GGRPHCL_ARS_AG,ISO3166_DSJNT_S_STGNG,1900-01-01 00:00:00,9999-12-31 00:00:00,0
9136,GGRPHCL_ARS_LR,ISO3166_DSJNT_S_STGNG,1900-01-01 00:00:00,9999-12-31 00:00:00,0
9137,GGRPHCL_ARS_LC,ISO3166_DSJNT_S_STGNG,1900-01-01 00:00:00,9999-12-31 00:00:00,0
9138,GGRPHCL_ARS_UA,ISO3166_DSJNT_S_STGNG,1900-01-01 00:00:00,9999-12-31 00:00:00,0
9139,GGRPHCL_ARS_KR,ISO3166_DSJNT_S_STGNG,1900-01-01 00:00:00,9999-12-31 00:00:00,0
9140,GGRPHCL_ARS_EC,ISO3166_DSJNT_S_STGNG,1900-01-01 00:00:00,9999-12-31 00:00:00,0
9141,GGRPHCL_ARS_ER,ISO3166_DSJNT_S_STGNG,1900-01-01 00:00:00,9999-12-31 00:00:00,0
9142,GGRPHCL_ARS_BR,ISO3166_DSJNT_S_STGNG,1900-01-01 00:00:00,9999-12-31 00:00:00,0
9143,GGRPHCL_ARS_BL,ISO3166_DSJNT_S_STGNG,1900-01-01 00:00:00,9999-12-31 00:00:00,0
9144,GGRPHCL_ARS_GP,ISO3166_DSJNT_S_STGNG,1900-01-01 00:00:00,9999-12-31 00:00:00,0
9145,GGRPHCL_ARS_GA,ISO3166_DSJNT_S_STGNG,1900-01-01 00:00:00,9999-12-31 00:00:00,0
9146,GGRPHCL_ARS_GN,ISO3166_DSJNT_S_STGNG,1900-01-01 00:00:00,9999-12-31 00:00:00,0
9147,GGRPHCL_ARS_PL,ISO3166_DSJNT_S_STGNG,1900-01-01 00:00:00,9999-12-31 00:00:00,0
9148,GGRPHCL_ARS_NA,ISO3166_DSJNT_S_STGNG,1900-01-01 00:00:00,9999-12-31 00:00:00,0
9149,GGRPHCL_ARS_NP,ISO3166_DSJNT_S_STGNG,1900-01-01 00:00:00,9999-12-31 00:00:00,0
9150,GGRPHCL_ARS_PR,ISO3166_DSJNT_S_STGNG,1900-01-01 00:00:00,9999-12-31 00:00:00,0
9151,GGRPHCL_ARS_IN,ISO3166_DSJNT_S_STGNG,1900-01-01 00:00:00,9999-12-31 00:00:00,0
9152,GGRPHCL_ARS_NF,ISO3166_DSJNT_S_STGNG,1900-01-01 00:00:00,9999-12-31 00:00:00,0
9153,GGRPHCL_ARS_PK,ISO3166_DSJNT_S_STGNG,1900-01-01 00:00:00,9999-12-31 00:00:00,0
9154,GGRPHCL_ARS_NI,ISO3166_DSJNT_S_STGNG,1900-01-01 00:00:00,9999-12-31 00:00:00,0
9155,GGRPHCL_ARS_GI,ISO3166_DSJNT_S_STGNG,1900-01-01 00:00:00,9999-12-31 00:00:00,0
9156,GGRPHCL_ARS_GF,ISO3166_DSJNT_S_STGNG,1900-01-01 00:00:00,9999-12-31 00:00:00,0
9157,GGRPHCL_ARS_GW,ISO3166_DSJNT_S_STGNG,1900-01-01 00:00:00,9999-12-31 00:00:00,0
9158,GGRPHCL_ARS_BD,ISO3166_DSJNT_S_STGNG,1900-01-01 00:00:00,9999-12-31 00:00:00,0
9159,GGRPHCL_ARS_BZ,ISO3166_DSJNT_S_STGNG,1900-01-01 00:00:00,9999-12-31 00:00:00,0
9160,GGRPHCL_ARS_KZ,ISO3166_DSJNT_S_STGNG,1900-01-01 00:00:00,9999-12-31 00:00:00,0
9161,GGRPHCL_ARS_LK,ISO3166_DSJNT_S_STGNG,1900-01-01 00:00:00,9999-12-31 00:00:00,0
9162,GGRPHCL_ARS_RW,ISO3166_DSJNT_S_STGNG,1900-01-01 00:00:00,9999-12-31 00:00:00,0
9163,GGRPHCL_ARS_LU,ISO3166_DSJNT_S_STGNG,1900-01-01 00:00:00,9999-12-31 00:00:00,0
9164,GGRPHCL_ARS_AQ,ISO3166_DSJNT_S_STGNG,1900-01-01 00:00:00,9999-12-31 00:00:00,0
9165,GGRPHCL_ARS_AO,ISO3166_DSJNT_S_STGNG,1900-01-01 00:00:00,9999-12-31 00:00:00,0
9166,GGRPHCL_ARS_FO,ISO3166_DSJNT_S_STGNG,1900-01-01 00:00:00,9999-12-31 00:00:00,0
9167,GGRPHCL_ARS_TO,ISO3166_DSJNT_S_STGNG,1900-01-01 00:00:00,9999-12-31 00:00:00,0
9168,GGRPHCL_ARS_JM,ISO3166_DSJNT_S_STGNG,1900-01-01 00:00:00,9999-12-31 00:00:00,0
9169,GGRPHCL_ARS_MM,ISO3166_DSJNT_S_STGNG,1900-01-01 00:00:00,9999-12-31 00:00:00,0
9170,GGRPHCL_ARS_SO,ISO3166_DSJNT_S_STGNG,1900-01-01 00:00:00,9999-12-31 00:00:00,0
9171,GGRPHCL_ARS_MS,ISO3166_DSJNT_S_STGNG,1900-01-01 00:00:00,9999-12-31 00:00:00,0
9172,GGRPHCL_ARS_CM,ISO3166_DSJNT_S_STGNG,1900-01-01 00:00:00,9999-12-31 00:00:00,0
9173,GGRPHCL_ARS_DM,ISO3166_DSJNT_S_STGNG,1900-01-01 00:00:00,9999-12-31 00:00:00,0
9174,GGRPHCL_ARS_YE,ISO3166_DSJNT_S_STGNG,1900-01-01 00:00:00,9999-12-31 00:00:00,0
9175,GGRPHCL_ARS_GG,ISO3166_DSJNT_S_STGNG,1900-01-01 00:00:00,9999-12-31 00:00:00,0
9176,GGRPHCL_ARS_GH,ISO3166_DSJNT_S_STGNG,1900-01-01 00:00:00,9999-12-31 00:00:00,0
9177,GGRPHCL_ARS_YT,ISO3166_DSJNT_S_STGNG,1900-01-01 00:00:00,9999-12-31 00:00:00,0
9178,GGRPHCL_ARS_GY,ISO3166_DSJNT_S_STGNG,1900-01-01 00:00:00,9999-12-31 00:00:00,0
9179,GGRPHCL_ARS_PT,ISO3166_DSJNT_S_STGNG,1900-01-01 00:00:00,9999-12-31 00:00:00,0
9180,GGRPHCL_ARS_NG,ISO3166_DSJNT_S_STGNG,1900-01-01 00:00:00,9999-12-31 00:00:00,0
9181,GGRPHCL_ARS_PE,ISO3166_DSJNT_S_STGNG,1900-01-01 00:00:00,9999-12-31 00:00:00,0
9182,GGRPHCL_ARS_UY,ISO3166_DSJNT_S_STGNG,1900-01-01 00:00:00,9999-12-31 00:00:00,0
9183,GGRPHCL_ARS_KE,ISO3166_DSJNT_S_STGNG,1900-01-01 00:00:00,9999-12-31 00:00:00,0
9184,GGRPHCL_ARS_UG,ISO3166_DSJNT_S_STGNG,1900-01-01 00:00:00,9999-12-31 00:00:00,0
9185,GGRPHCL_ARS_LT,ISO3166_DSJNT_S_STGNG,1900-01-01 00:00:00,9999-12-31 00:00:00,0
9186,GGRPHCL_ARS_BE,ISO3166_DSJNT_S_STGNG,1900-01-01 00:00:00,9999-12-31 00:00:00,0
9187,GGRPHCL_ARS_BJ,ISO3166_DSJNT_S_STGNG,1900-01-01 00:00:00,9999-12-31 00:00:00,0
9188,GGRPHCL_ARS_BT,ISO3166_DSJNT_S_STGNG,1900-01-01 00:00:00,9999-12-31 00:00:00,0
9189,GGRPHCL_ARS_ET,ISO3166_DSJNT_S_STGNG,1900-01-01 00:00:00,9999-12-31 00:00:00,0
9190,GGRPHCL_ARS_EE,ISO3166_DSJNT_S_STGNG,1900-01-01 00:00:00,9999-12-31 00:00:00,0
9191,GGRPHCL_ARS_VC,ISO3166_DSJNT_S_STGNG,1900-01-01 00:00:00,9999-12-31 00:00:00,0
9192,GGRPHCL_ARS_HN,ISO3166_DSJNT_S_STGNG,1900-01-01 00:00:00,9999-12-31 00:00:00,0
9193,FRQNCY_19,FRQNCY_PYMNT_ANCRDT_CLLCTN,1900-01-01 00:00:00,9999-12-31 00:00:00,0
9194,GGRPHCL_ARS_CL,ISO3166_DSJNT_S_STGNG,1900-01-01 00:00:00,9999-12-31 00:00:00,0
9195,GGRPHCL_ARS_CC,ISO3166_DSJNT_S_STGNG,1900-01-01 00:00:00,9999-12-31 00:00:00,0
9196,GGRPHCL_ARS_CR,ISO3166_DSJNT_S_STGNG,1900-01-01 00:00:00,9999-12-31 00:00:00,0
9197,GGRPHCL_ARS_ZA,ISO3166_DSJNT_S_STGNG,1900-01-01 00:00:00,9999-12-31 00:00:00,0
9198,GGRPHCL_ARS_TN,ISO3166_DSJNT_S_STGNG,1900-01-01 00:00:00,9999-12-31 00:00:00,0
9199,GGRPHCL_ARS_SA,ISO3166_DSJNT_S_STGNG,1900-01-01 00:00:00,9999-12-31 00:00:00,0
9200,GGRPHCL_ARS_MC,ISO3166_DSJNT_S_STGNG,1900-01-01 00:00:00,9999-12-31 00:00:00,0
9201,GGRPHCL_ARS_ML,ISO3166_DSJNT_S_STGNG,1900-01-01 00:00:00,9999-12-31 00:00:00,0
9202,GGRPHCL_ARS_SN,ISO3166_DSJNT_S_STGNG,1900-01-01 00:00:00,9999-12-31 00:00:00,0
9203,GGRPHCL_ARS_MR,ISO3166_DSJNT_S_STGNG,1900-01-01 00:00:00,9999-12-31 00:00:00,0
9204,GGRPHCL_ARS_BW,ISO3166_DSJNT_S_STGNG,1900-01-01 00:00:00,9999-12-31 00:00:00,0
9205,GGRPHCL_ARS_BI,ISO3166_DSJNT_S_STGNG,1900-01-01 00:00:00,9999-12-31 00:00:00,0
9206,GGRPHCL_ARS_BF,ISO3166_DSJNT_S_STGNG,1900-01-01 00:00:00,9999-12-31 00:00:00,0
9207,GGRPHCL_ARS_KI,ISO3166_DSJNT_S_STGNG,1900-01-01 00:00:00,9999-12-31 00:00:00,0
9208,GGRPHCL_ARS_KW,ISO3166_DSJNT_S_STGNG,1900-01-01 00:00:00,9999-12-31 00:00:00,0
9209,GGRPHCL_ARS_UZ,ISO3166_DSJNT_S_STGNG,1900-01-01 00:00:00,9999-12-31 00:00:00,0
9210,GGRPHCL_ARS_RU,ISO3166_DSJNT_S_STGNG,1900-01-01 00:00:00,9999-12-31 00:00:00,0
9211,GGRPHCL_ARS_LI,ISO3166_DSJNT_S_STGNG,1900-01-01 00:00:00,9999-12-31 00:00:00,0
9212,GGRPHCL_ARS_WF,ISO3166_DSJNT_S_STGNG,1900-01-01 00:00:00,9999-12-31 00:00:00,0
9213,GGRPHCL_ARS_ID,ISO3166_DSJNT_S_STGNG,1900-01-01 00:00:00,9999-12-31 00:00:00,0
9214,GGRPHCL_ARS_PF,ISO3166_DSJNT_S_STGNG,1900-01-01 00:00:00,9999-12-31 00:00:00,0
9215,GGRPHCL_ARS_NU,ISO3166_DSJNT_S_STGNG,1900-01-01 00:00:00,9999-12-31 00:00:00,0
9216,GGRPHCL_ARS_PW,ISO3166_DSJNT_S_STGNG,1900-01-01 00:00:00,9999-12-31 00:00:00,0
9217,GGRPHCL_ARS_NZ,ISO3166_DSJNT_S_STGNG,1900-01-01 00:00:00,9999-12-31 00:00:00,0
9218,GGRPHCL_ARS_GU,ISO3166_DSJNT_S_STGNG,1900-01-01 00:00:00,9999-12-31 00:00:00,0
9219,GGRPHCL_ARS_GD,ISO3166_DSJNT_S_STGNG,1900-01-01 00:00:00,9999-12-31 00:00:00,0
9220,GGRPHCL_ARS_TM,ISO3166_DSJNT_S_STGNG,1900-01-01 00:00:00,9999-12-31 00:00:00,0
9221,GGRPHCL_ARS_JO,ISO3166_DSJNT_S_STGNG,1900-01-01 00:00:00,9999-12-31 00:00:00,0
9222,GGRPHCL_ARS_SS,ISO3166_DSJNT_S_STGNG,1900-01-01 00:00:00,9999-12-31 00:00:00,0
9223,GGRPHCL_ARS_MQ,ISO3166_DSJNT_S_STGNG,1900-01-01 00:00:00,9999-12-31 00:00:00,0
9224,GGRPHCL_ARS_MO,ISO3166_DSJNT_S_STGNG,1900-01-01 00:00:00,9999-12-31 00:00:00,0
9225,GGRPHCL_ARS_SM,ISO3166_DSJNT_S_STGNG,1900-01-01 00:00:00,9999-12-31 00:00:00,0
9226,GGRPHCL_ARS_SB,ISO3166_DSJNT_S_STGNG,1900-01-01 00:00:00,9999-12-31 00:00:00,0
9227,GGRPHCL_ARS_CO,ISO3166_DSJNT_S_STGNG,1900-01-01 00:00:00,9999-12-31 00:00:00,0
9228,GGRPHCL_ARS_ZM,ISO3166_DSJNT_S_STGNG,1900-01-01 00:00:00,9999-12-31 00:00:00,0
9229,GGRPHCL_ARS_DO,ISO3166_DSJNT_S_STGNG,1900-01-01 00:00:00,9999-12-31 00:00:00,0
9230,GGRPHCL_ARS_AM,ISO3166_DSJNT_S_STGNG,1900-01-01 00:00:00,9999-12-31 00:00:00,0
9231,GGRPHCL_ARS_AS,ISO3166_DSJNT_S_STGNG,1900-01-01 00:00:00,9999-12-31 00:00:00,0
9232,GGRPHCL_ARS_FM,ISO3166_DSJNT_S_STGNG,1900-01-01 00:00:00,9999-12-31 00:00:00,0
9233,GGRPHCL_ARS_HM,ISO3166_DSJNT_S_STGNG,1900-01-01 00:00:00,9999-12-31 00:00:00,0
9234,GGRPHCL_ARS_OM,ISO3166_DSJNT_S_STGNG,1900-01-01 00:00:00,9999-12-31 00:00:00,0
9235,GGRPHCL_ARS_KH,ISO3166_DSJNT_S_STGNG,1900-01-01 00:00:00,9999-12-31 00:00:00,0
9236,GGRPHCL_ARS_KG,ISO3166_DSJNT_S_STGNG,1900-01-01 00:00:00,9999-12-31 00:00:00,0
9237,GGRPHCL_ARS_KY,ISO3166_DSJNT_S_STGNG,1900-01-01 00:00:00,9999-12-31 00:00:00,0
9238,GGRPHCL_ARS_LY,ISO3166_DSJNT_S_STGNG,1900-01-01 00:00:00,9999-12-31 00:00:00,0
9239,GGRPHCL_ARS_LV,ISO3166_DSJNT_S_STGNG,1900-01-01 00:00:00,9999-12-31 00:00:00,0
9240,GGRPHCL_ARS_RE,ISO3166_DSJNT_S_STGNG,1900-01-01 00:00:00,9999-12-31 00:00:00,0
9241,GGRPHCL_ARS_BV,ISO3166_DSJNT_S_STGNG,1900-01-01 00:00:00,9999-12-31 00:00:00,0
9242,GGRPHCL_ARS_BY,ISO3166_DSJNT_S_STGNG,1900-01-01 00:00:00,9999-12-31 00:00:00,0
9243,GGRPHCL_ARS_BG,ISO3166_DSJNT_S_STGNG,1900-01-01 00:00:00,9999-12-31 00:00:00,0
9244,GGRPHCL_ARS_BH,ISO3166_DSJNT_S_STGNG,1900-01-01 00:00:00,9999-12-31 00:00:00,0
9245,GGRPHCL_ARS_EG,ISO3166_DSJNT_S_STGNG,1900-01-01 00:00:00,9999-12-31 00:00:00,0
9246,GGRPHCL_ARS_EH,ISO3166_DSJNT_S_STGNG,1900-01-01 00:00:00,9999-12-31 00:00:00,0
9247,GGRPHCL_ARS_GT,ISO3166_DSJNT_S_STGNG,1900-01-01 00:00:00,9999-12-31 00:00:00,0
9248,GGRPHCL_ARS_GE,ISO3166_DSJNT_S_STGNG,1900-01-01 00:00:00,9999-12-31 00:00:00,0
9249,GGRPHCL_ARS_IT,ISO3166_DSJNT_S_STGNG,1900-01-01 00:00:00,9999-12-31 00:00:00,0
9250,GGRPHCL_ARS_IE,ISO3166_DSJNT_S_STGNG,1900-01-01 00:00:00,9999-12-31 00:00:00,0
9251,GGRPHCL_ARS_PH,ISO3166_DSJNT_S_STGNG,1900-01-01 00:00:00,9999-12-31 00:00:00,0
9252,GGRPHCL_ARS_NE,ISO3166_DSJNT_S_STGNG,1900-01-01 00:00:00,9999-12-31 00:00:00,0
9253,GGRPHCL_ARS_PG,ISO3166_DSJNT_S_STGNG,1900-01-01 00:00:00,9999-12-31 00:00:00,0
9254,GGRPHCL_ARS_PY,ISO3166_DSJNT_S_STGNG,1900-01-01 00:00:00,9999-12-31 00:00:00,0
9255,GGRPHCL_ARS_CN,ISO3166_DSJNT_S_STGNG,1900-01-01 00:00:00,9999-12-31 00:00:00,0
9256,GGRPHCL_ARS_CA,ISO3166_DSJNT_S_STGNG,1900-01-01 00:00:00,9999-12-31 00:00:00,0
9257,GGRPHCL_ARS_TC,ISO3166_DSJNT_S_STGNG,1900-01-01 00:00:00,9999-12-31 00:00:00,0
9258,GGRPHCL_ARS_TL,ISO3166_DSJNT_S_STGNG,1900-01-01 00:00:00,9999-12-31 00:00:00,0
9259,GGRPHCL_ARS_JP,ISO3166_DSJNT_S_STGNG,1900-01-01 00:00:00,9999-12-31 00:00:00,0
9260,GGRPHCL_ARS_TR,ISO3166_DSJNT_S_STGNG,1900-01-01 00:00:00,9999-12-31 00:00:00,0
9261,GGRPHCL_ARS_SR,ISO3166_DSJNT_S_STGNG,1900-01-01 00:00:00,9999-12-31 00:00:00,0
9262,GGRPHCL_ARS_MP,ISO3166_DSJNT_S_STGNG,1900-01-01 00:00:00,9999-12-31 00:00:00,0
9263,GGRPHCL_ARS_SC,ISO3166_DSJNT_S_STGNG,1900-01-01 00:00:00,9999-12-31 00:00:00,0
9264,GGRPHCL_ARS_MA,ISO3166_DSJNT_S_STGNG,1900-01-01 00:00:00,9999-12-31 00:00:00,0
9265,GGRPHCL_ARS_MN,ISO3166_DSJNT_S_STGNG,1900-01-01 00:00:00,9999-12-31 00:00:00,0
9266,GGRPHCL_ARS_SL,ISO3166_DSJNT_S_STGNG,1900-01-01 00:00:00,9999-12-31 00:00:00,0
9267,GGRPHCL_ARS_HR,ISO3166_DSJNT_S_STGNG,1900-01-01 00:00:00,9999-12-31 00:00:00,0
9268,GGRPHCL_ARS_VA,ISO3166_DSJNT_S_STGNG,1900-01-01 00:00:00,9999-12-31 00:00:00,0
9269,GGRPHCL_ARS_VN,ISO3166_DSJNT_S_STGNG,1900-01-01 00:00:00,9999-12-31 00:00:00,0
9270,GGRPHCL_ARS_QA,ISO3166_DSJNT_S_STGNG,1900-01-01 00:00:00,9999-12-31 00:00:00,0
9271,GGRPHCL_ARS_AL,ISO3166_DSJNT_S_STGNG,1900-01-01 00:00:00,9999-12-31 00:00:00,0
9272,FRQNCY_18,FRQNCY_PYMNT_ANCRDT_CLLCTN,1900-01-01 00:00:00,9999-12-31 00:00:00,0
9273,GGRPHCL_ARS_AR,ISO3166_DSJNT_S_STGNG,1900-01-01 00:00:00,9999-12-31 00:00:00,0
9274,GGRPHCL_ARS_FR,ISO3166_DSJNT_S_STGNG,1900-01-01 00:00:00,9999-12-31 00:00:00,0
9275,GGRPHCL_ARS_KN,ISO3166_DSJNT_C_CLLCTN,1900-01-01 00:00:00,9999-12-31 00:00:00,0
9276,GGRPHCL_ARS_HR04A,NUTS3_ANCRDT_CLLCTN,1900-01-01 00:00:00,2023-12-31 00:00:00,0
9277,GGRPHCL_ARS_BG321,NUTS3_ANCRDT_CLLCTN,1900-01-01 00:00:00,9999-12-31 00:00:00,0
9278,GGRPHCL_ARS_MA,ISO3166_DSJNT_C_CLLCTN,1900-01-01 00:00:00,9999-12-31 00:00:00,0
9279,GGRPHCL_ARS_LV003,NUTS3_ANCRDT_CLLCTN,1900-01-01 00:00:00,2023-12-31 00:00:00,0
9280,GGRPHCL_ARS_FRC22,NUTS3_ANCRDT_CLLCTN,1900-01-01 00:00:00,9999-12-31 00:00:00,0
9281,GGRPHCL_ARS_FRJ28,NUTS3_ANCRDT_CLLCTN,1900-01-01 00:00:00,9999-12-31 00:00:00,0
9282,GGRPHCL_ARS_RO315,NUTS3_ANCRDT_CLLCTN,1900-01-01 00:00:00,9999-12-31 00:00:00,0
9283,GGRPHCL_ARS_FRB04,NUTS3_ANCRDT_CLLCTN,1900-01-01 00:00:00,9999-12-31 00:00:00,0
9284,GGRPHCL_ARS_RO113,NUTS3_ANCRDT_CLLCTN,1900-01-01 00:00:00,9999-12-31 00:00:00,0
9285,GGRPHCL_ARS_TH,ISO3166_DSJNT_C_CLLCTN,1900-01-01 00:00:00,9999-12-31 00:00:00,0
9286,GGRPHCL_ARS_GP,ISO3166_DSJNT_C_CLLCTN,1900-01-01 00:00:00,9999-12-31 00:00:00,0
9287,GGRPHCL_ARS_EL305,NUTS3_ANCRDT_CLLCTN,1900-01-01 00:00:00,9999-12-31 00:00:00,0
9288,GGRPHCL_ARS_AX,ISO3166_DSJNT_C_CLLCTN,1900-01-01 00:00:00,9999-12-31 00:00:00,0
9289,GGRPHCL_ARS_ITH53,NUTS3_ANCRDT_CLLCTN,1900-01-01 00:00:00,9999-12-31 00:00:00,0
9290,GGRPHCL_ARS_ITC15,NUTS3_ANCRDT_CLLCTN,1900-01-01 00:00:00,9999-12-31 00:00:00,0
9291,GGRPHCL_ARS_ITG26,NUTS3_ANCRDT_CLLCTN,1900-01-01 00:00:00,2023-12-31 00:00:00,0
9292,GGRPHCL_ARS_PT1C3,NUTS3_ANCRDT_CLLCTN,2024-01-01 00:00:00,9999-12-31 00:00:00,0
9293,GGRPHCL_ARS_LT028,NUTS3_ANCRDT_CLLCTN,1900-01-01 00:00:00,9999-12-31 00:00:00,0
9294,GGRPHCL_ARS_ITG19,NUTS3_ANCRDT_CLLCTN,1900-01-01 00:00:00,9999-12-31 00:00:00,0
9295,GGRPHCL_ARS_TO,ISO3166_DSJNT_C_CLLCTN,1900-01-01 00:00:00,9999-12-31 00:00:00,0
9296,GGRPHCL_ARS_FI1DA,NUTS3_ANCRDT_CLLCTN,2024-01-01 00:00:00,9999-12-31 00:00:00,0
9297,GGRPHCL_ARS_GW,ISO3166_DSJNT_C_CLLCTN,1900-01-01 00:00:00,9999-12-31 00:00:00,0
9298,GGRPHCL_ARS_KI,ISO3166_DSJNT_C_CLLCTN,1900-01-01 00:00:00,9999-12-31 00:00:00,0
9299,GGRPHCL_ARS_DE145,NUTS3_ANCRDT_CLLCTN,1900-01-01 00:00:00,9999-12-31 00:00:00,0
9300,GGRPHCL_ARS_MF,ISO3166_DSJNT_C_CLLCTN,1900-01-01 00:00:00,9999-12-31 00:00:00,0
9301,GGRPHCL_ARS_DE923,NUTS3_ANCRDT_CLLCTN,1900-01-01 00:00:00,9999-12-31 00:00:00,0
9302,GGRPHCL_ARS_DEG0K,NUTS3_ANCRDT_CLLCTN,1900-01-01 00:00:00,9999-12-31 00:00:00,0
9303,GGRPHCL_ARS_BE335,NUTS3_ANCRDT_CLLCTN,1900-01-01 00:00:00,9999-12-31 00:00:00,0
9304,GGRPHCL_ARS_BE213,NUTS3_ANCRDT_CLLCTN,1900-01-01 00:00:00,9999-12-31 00:00:00,0
9305,GGRPHCL_ARS_DE265,NUTS3_ANCRDT_CLLCTN,1900-01-01 00:00:00,9999-12-31 00:00:00,0
9306,GGRPHCL_ARS_LUZZZ,NUTS3_ANCRDT_CLLCTN,1900-01-01 00:00:00,9999-12-31 00:00:00,0
9307,GGRPHCL_ARS_GY,ISO3166_DSJNT_C_CLLCTN,1900-01-01 00:00:00,9999-12-31 00:00:00,0
9308,GGRPHCL_ARS_DED43,NUTS3_ANCRDT_CLLCTN,1900-01-01 00:00:00,9999-12-31 00:00:00,0
9309,GGRPHCL_ARS_DEA56,NUTS3_ANCRDT_CLLCTN,1900-01-01 00:00:00,9999-12-31 00:00:00,0
9310,GGRPHCL_ARS_DE40G,NUTS3_ANCRDT_CLLCTN,1900-01-01 00:00:00,9999-12-31 00:00:00,0
9311,GGRPHCL_ARS_DE11B,NUTS3_ANCRDT_CLLCTN,1900-01-01 00:00:00,9999-12-31 00:00:00,0
9312,GGRPHCL_ARS_AT224,NUTS3_ANCRDT_CLLCTN,1900-01-01 00:00:00,9999-12-31 00:00:00,0
9313,GGRPHCL_ARS_DEA23,NUTS3_ANCRDT_CLLCTN,1900-01-01 00:00:00,9999-12-31 00:00:00,0
9314,GGRPHCL_ARS_PL616,NUTS3_ANCRDT_CLLCTN,1900-01-01 00:00:00,9999-12-31 00:00:00,0
9315,GGRPHCL_ARS_PL225,NUTS3_ANCRDT_CLLCTN,1900-01-01 00:00:00,9999-12-31 00:00:00,0
9316,GGRPHCL_ARS_MH,ISO3166_DSJNT_C_CLLCTN,1900-01-01 00:00:00,9999-12-31 00:00:00,0
9317,GGRPHCL_ARS_ITC4B,NUTS3_ANCRDT_CLLCTN,1900-01-01 00:00:00,9999-12-31 00:00:00,0
9318,GGRPHCL_ARS_KG,ISO3166_DSJNT_C_CLLCTN,1900-01-01 00:00:00,9999-12-31 00:00:00,0
9319,GGRPHCL_ARS_IE023,NUTS3_ANCRDT_CLLCTN,1900-01-01 00:00:00,2023-12-31 00:00:00,0
9320,GGRPHCL_ARS_SE331,NUTS3_ANCRDT_CLLCTN,1900-01-01 00:00:00,9999-12-31 00:00:00,0
9321,GGRPHCL_ARS_FR108,NUTS3_ANCRDT_CLLCTN,1900-01-01 00:00:00,9999-12-31 00:00:00,0
9322,GGRPHCL_ARS_FR262,NUTS3_ANCRDT_CLLCTN,1900-01-01 00:00:00,2023-12-31 00:00:00,0
9323,GGRPHCL_ARS_MO,ISO3166_DSJNT_C_CLLCTN,1900-01-01 00:00:00,9999-12-31 00:00:00,0
9324,GGRPHCL_ARS_FR422,NUTS3_ANCRDT_CLLCTN,1900-01-01 00:00:00,2023-12-31 00:00:00,0
9325,GGRPHCL_ARS_FR624,NUTS3_ANCRDT_CLLCTN,1900-01-01 00:00:00,2023-12-31 00:00:00,0
9326,GGRPHCL_ARS_PT16H,NUTS3_ANCRDT_CLLCTN,1900-01-01 00:00:00,2023-12-31 00:00:00,0
9327,GGRPHCL_ARS_TF,ISO3166_DSJNT_C_CLLCTN,1900-01-01 00:00:00,9999-12-31 00:00:00,0
9328,GGRPHCL_ARS_UKJ14,NUTS3_ANCRDT_CLLCTN,1900-01-01 00:00:00,2021-01-31 00:00:00,0
9329,GGRPHCL_ARS_ES413,NUTS3_ANCRDT_CLLCTN,1900-01-01 00:00:00,9999-12-31 00:00:00,0
9330,GGRPHCL_ARS_UKI34,NUTS3_ANCRDT_CLLCTN,1900-01-01 00:00:00,2021-01-31 00:00:00,0
9331,GGRPHCL_ARS_ES300,NUTS3_ANCRDT_CLLCTN,1900-01-01 00:00:00,9999-12-31 00:00:00,0
9332,GGRPHCL_ARS_UKL21,NUTS3_ANCRDT_CLLCTN,1900-01-01 00:00:00,2021-01-31 00:00:00,0
9333,GGRPHCL_ARS_UKH12,NUTS3_ANCRDT_CLLCTN,1900-01-01 00:00:00,2021-01-31 00:00:00,0
9334,GGRPHCL_ARS_UKD47,NUTS3_ANCRDT_CLLCTN,1900-01-01 00:00:00,2021-01-31 00:00:00,0
9335,GGRPHCL_ARS_ES615,NUTS3_ANCRDT_CLLCTN,1900-01-01 00:00:00,9999-12-31 00:00:00,0
9336,GGRPHCL_ARS_UKC21,NUTS3_ANCRDT_CLLCTN,1900-01-01 00:00:00,2021-01-31 00:00:00,0
9337,GGRPHCL_ARS_UKG12,NUTS3_ANCRDT_CLLCTN,1900-01-01 00:00:00,2021-01-31 00:00:00,0
9338,GGRPHCL_ARS_AQ,ISO3166_DSJNT_C_CLLCTN,1900-01-01 00:00:00,9999-12-31 00:00:00,0
9339,GGRPHCL_ARS_UKI41,NUTS3_ANCRDT_CLLCTN,1900-01-01 00:00:00,2021-01-31 00:00:00,0
9340,GGRPHCL_ARS_UKM72,NUTS3_ANCRDT_CLLCTN,1900-01-01 00:00:00,2021-01-31 00:00:00,0
9341,GGRPHCL_ARS_UKM38,NUTS3_ANCRDT_CLLCTN,1900-01-01 00:00:00,2021-01-31 00:00:00,0
9342,GGRPHCL_ARS_HR063,NUTS3_ANCRDT_CLLCTN,1900-01-01 00:00:00,9999-12-31 00:00:00,0
9343,GGRPHCL_ARS_NL333,NUTS3_ANCRDT_CLLCTN,1900-01-01 00:00:00,2023-12-31 00:00:00,0
9344,GGRPHCL_ARS_MT,ISO3166_DSJNT_C_CLLCTN,1900-01-01 00:00:00,9999-12-31 00:00:00,0
9345,GGRPHCL_ARS_SE125,NUTS3_ANCRDT_CLLCTN,1900-01-01 00:00:00,9999-12-31 00:00:00,0
9346,GGRPHCL_ARS_ES114,NUTS3_ANCRDT_CLLCTN,1900-01-01 00:00:00,9999-12-31 00:00:00,0
9347,GGRPHCL_ARS_GE,ISO3166_DSJNT_C_CLLCTN,1900-01-01 00:00:00,9999-12-31 00:00:00,0
9348,GGRPHCL_ARS_NL321,NUTS3_ANCRDT_CLLCTN,1900-01-01 00:00:00,9999-12-31 00:00:00,0
9349,GGRPHCL_ARS_FI197,NUTS3_ANCRDT_CLLCTN,1900-01-01 00:00:00,2023-12-31 00:00:00,0
9350,GGRPHCL_ARS_ES241,NUTS3_ANCRDT_CLLCTN,1900-01-01 00:00:00,9999-12-31 00:00:00,0
9351,GGRPHCL_ARS_UKI53,NUTS3_ANCRDT_CLLCTN,1900-01-01 00:00:00,2021-01-31 00:00:00,0
9352,GGRPHCL_ARS_PL822,NUTS3_ANCRDT_CLLCTN,1900-01-01 00:00:00,9999-12-31 00:00:00,0
9353,GGRPHCL_ARS_DE91C,NUTS3_ANCRDT_CLLCTN,1900-01-01 00:00:00,9999-12-31 00:00:00,0
9354,GGRPHCL_ARS_PL128,NUTS3_ANCRDT_CLLCTN,1900-01-01 00:00:00,2023-12-31 00:00:00,0
9355,GGRPHCL_ARS_GB,ISO3166_DSJNT_C_CLLCTN,1900-01-01 00:00:00,9999-12-31 00:00:00,0
9356,GGRPHCL_ARS_TZ,ISO3166_DSJNT_C_CLLCTN,1900-01-01 00:00:00,9999-12-31 00:00:00,0
9357,GGRPHCL_ARS_DEA44,NUTS3_ANCRDT_CLLCTN,1900-01-01 00:00:00,9999-12-31 00:00:00,0
9358,GGRPHCL_ARS_DED51,NUTS3_ANCRDT_CLLCTN,1900-01-01 00:00:00,9999-12-31 00:00:00,0
9359,GGRPHCL_ARS_DEG04,NUTS3_ANCRDT_CLLCTN,1900-01-01 00:00:00,2023-12-31 00:00:00,0
9360,GGRPHCL_ARS_DE80J,NUTS3_ANCRDT_CLLCTN,1900-01-01 00:00:00,9999-12-31 00:00:00,0
9361,GGRPHCL_ARS_DEB11,NUTS3_ANCRDT_CLLCTN,1900-01-01 00:00:00,9999-12-31 00:00:00,0
9362,GGRPHCL_ARS_PL524,NUTS3_ANCRDT_CLLCTN,1900-01-01 00:00:00,9999-12-31 00:00:00,0
9363,GGRPHCL_ARS_PL117,NUTS3_ANCRDT_CLLCTN,1900-01-01 00:00:00,2023-12-31 00:00:00,0
9364,GGRPHCL_ARS_DEE02,NUTS3_ANCRDT_CLLCTN,1900-01-01 00:00:00,9999-12-31 00:00:00,0
9365,GGRPHCL_ARS_DEA31,NUTS3_ANCRDT_CLLCTN,1900-01-01 00:00:00,9999-12-31 00:00:00,0
9366,GGRPHCL_ARS_AM,ISO3166_DSJNT_C_CLLCTN,1900-01-01 00:00:00,9999-12-31 00:00:00,0
9367,GGRPHCL_ARS_PL311,NUTS3_ANCRDT_CLLCTN,1900-01-01 00:00:00,2023-12-31 00:00:00,0
9368,GGRPHCL_ARS_EE008,NUTS3_ANCRDT_CLLCTN,1900-01-01 00:00:00,9999-12-31 00:00:00,0
9369,GGRPHCL_ARS_PL722,NUTS3_ANCRDT_CLLCTN,1900-01-01 00:00:00,9999-12-31 00:00:00,0
9370,GGRPHCL_ARS_RU,ISO3166_DSJNT_C_CLLCTN,1900-01-01 00:00:00,9999-12-31 00:00:00,0
9371,GGRPHCL_ARS_MS,ISO3166_DSJNT_C_CLLCTN,1900-01-01 00:00:00,9999-12-31 00:00:00,0
9372,GGRPHCL_ARS_LT005,NUTS3_ANCRDT_CLLCTN,1900-01-01 00:00:00,2023-12-31 00:00:00,0
9373,GGRPHCL_ARS_ITH41,NUTS3_ANCRDT_CLLCTN,1900-01-01 00:00:00,9999-12-31 00:00:00,0
9374,GGRPHCL_ARS_CZ031,NUTS3_ANCRDT_CLLCTN,1900-01-01 00:00:00,9999-12-31 00:00:00,0
9375,GGRPHCL_ARS_DEG0S,NUTS3_ANCRDT_CLLCTN,2024-01-01 00:00:00,9999-12-31 00:00:00,0
9376,GGRPHCL_ARS_ITF12,NUTS3_ANCRDT_CLLCTN,1900-01-01 00:00:00,9999-12-31 00:00:00,0
9377,GGRPHCL_ARS_ITH34,NUTS3_ANCRDT_CLLCTN,1900-01-01 00:00:00,9999-12-31 00:00:00,0
9378,GGRPHCL_ARS_TT,ISO3166_DSJNT_C_CLLCTN,1900-01-01 00:00:00,9999-12-31 00:00:00,0
9379,GGRPHCL_ARS_ITI12,NUTS3_ANCRDT_CLLCTN,1900-01-01 00:00:00,9999-12-31 00:00:00,0
9380,GGRPHCL_ARS_GL,ISO3166_DSJNT_C_CLLCTN,1900-01-01 00:00:00,9999-12-31 00:00:00,0
9381,GGRPHCL_ARS_DEB3C,NUTS3_ANCRDT_CLLCTN,1900-01-01 00:00:00,9999-12-31 00:00:00,0
9382,GGRPHCL_ARS_KR,ISO3166_DSJNT_C_CLLCTN,1900-01-01 00:00:00,9999-12-31 00:00:00,0
9383,GGRPHCL_ARS_BE352,NUTS3_ANCRDT_CLLCTN,1900-01-01 00:00:00,9999-12-31 00:00:00,0
9384,GGRPHCL_ARS_DE944,NUTS3_ANCRDT_CLLCTN,1900-01-01 00:00:00,9999-12-31 00:00:00,0
9385,GGRPHCL_ARS_DE122,NUTS3_ANCRDT_CLLCTN,1900-01-01 00:00:00,9999-12-31 00:00:00,0
9386,GGRPHCL_ARS_DE248,NUTS3_ANCRDT_CLLCTN,1900-01-01 00:00:00,9999-12-31 00:00:00,0
9387,GGRPHCL_ARS_DE717,NUTS3_ANCRDT_CLLCTN,1900-01-01 00:00:00,9999-12-31 00:00:00,0
9388,GGRPHCL_ARS_DEA1C,NUTS3_ANCRDT_CLLCTN,1900-01-01 00:00:00,9999-12-31 00:00:00,0
9389,GGRPHCL_ARS_DE408,NUTS3_ANCRDT_CLLCTN,1900-01-01 00:00:00,9999-12-31 00:00:00,0
9390,GGRPHCL_ARS_BE327,NUTS3_ANCRDT_CLLCTN,1900-01-01 00:00:00,2023-12-31 00:00:00,0
9391,GGRPHCL_ARS_DE931,NUTS3_ANCRDT_CLLCTN,1900-01-01 00:00:00,9999-12-31 00:00:00,0
9392,GGRPHCL_ARS_DE277,NUTS3_ANCRDT_CLLCTN,1900-01-01 00:00:00,9999-12-31 00:00:00,0
9393,GGRPHCL_ARS_BG333,NUTS3_ANCRDT_CLLCTN,1900-01-01 00:00:00,9999-12-31 00:00:00,0
9394,GGRPHCL_ARS_MZ,ISO3166_DSJNT_C_CLLCTN,1900-01-01 00:00:00,9999-12-31 00:00:00,0
9395,GGRPHCL_ARS_FRG03,NUTS3_ANCRDT_CLLCTN,1900-01-01 00:00:00,9999-12-31 00:00:00,0
9396,GGRPHCL_ARS_RO221,NUTS3_ANCRDT_CLLCTN,1900-01-01 00:00:00,9999-12-31 00:00:00,0
9397,GGRPHCL_ARS_AD,ISO3166_DSJNT_C_CLLCTN,1900-01-01 00:00:00,9999-12-31 00:00:00,0
9398,GGRPHCL_ARS_PT112,NUTS3_ANCRDT_CLLCTN,1900-01-01 00:00:00,9999-12-31 00:00:00,0
9399,GGRPHCL_ARS_RO414,NUTS3_ANCRDT_CLLCTN,1900-01-01 00:00:00,9999-12-31 00:00:00,0
9400,GGRPHCL_ARS_EL522,NUTS3_ANCRDT_CLLCTN,1900-01-01 00:00:00,9999-12-31 00:00:00,0
9401,GGRPHCL_ARS_FRK23,NUTS3_ANCRDT_CLLCTN,1900-01-01 00:00:00,9999-12-31 00:00:00,0
9402,GGRPHCL_ARS_FRH03,NUTS3_ANCRDT_CLLCTN,1900-01-01 00:00:00,9999-12-31 00:00:00,0
9403,GGRPHCL_ARS_LY,ISO3166_DSJNT_C_CLLCTN,1900-01-01 00:00:00,9999-12-31 00:00:00,0
9404,GGRPHCL_ARS_ITI43,NUTS3_ANCRDT_CLLCTN,1900-01-01 00:00:00,9999-12-31 00:00:00,0
9405,TYP_TRNSFR_6,TYP_TRNSFR_ANCRDT_CLLCTN,1900-01-01 00:00:00,9999-12-31 00:00:00,0
9406,GGRPHCL_ARS_LT021,NUTS3_ANCRDT_CLLCTN,1900-01-01 00:00:00,9999-12-31 00:00:00,0
9407,GGRPHCL_ARS_ITF43,NUTS3_ANCRDT_CLLCTN,1900-01-01 00:00:00,9999-12-31 00:00:00,0
9408,GGRPHCL_ARS_ITH10,NUTS3_ANCRDT_CLLCTN,1900-01-01 00:00:00,9999-12-31 00:00:00,0
9409,GGRPHCL_ARS_DEE0D,NUTS3_ANCRDT_CLLCTN,1900-01-01 00:00:00,9999-12-31 00:00:00,0
9410,GGRPHCL_ARS_DE300,NUTS3_ANCRDT_CLLCTN,1900-01-01 00:00:00,9999-12-31 00:00:00,0
9411,GGRPHCL_ARS_DE733,NUTS3_ANCRDT_CLLCTN,1900-01-01 00:00:00,9999-12-31 00:00:00,0
9412,GGRPHCL_ARS_DE226,NUTS3_ANCRDT_CLLCTN,1900-01-01 00:00:00,9999-12-31 00:00:00,0
9413,GGRPHCL_ARS_DEG0B,NUTS3_ANCRDT_CLLCTN,1900-01-01 00:00:00,2023-12-31 00:00:00,0
9414,GGRPHCL_ARS_DE219,NUTS3_ANCRDT_CLLCTN,1900-01-01 00:00:00,9999-12-31 00:00:00,0
9415,GGRPHCL_ARS_SI033,NUTS3_ANCRDT_CLLCTN,1900-01-01 00:00:00,9999-12-31 00:00:00,0
9416,GGRPHCL_ARS_DE253,NUTS3_ANCRDT_CLLCTN,1900-01-01 00:00:00,9999-12-31 00:00:00,0
9417,GGRPHCL_ARS_DE139,NUTS3_ANCRDT_CLLCTN,1900-01-01 00:00:00,9999-12-31 00:00:00,0
9418,GGRPHCL_ARS_DE915,NUTS3_ANCRDT_CLLCTN,1900-01-01 00:00:00,2023-12-31 00:00:00,0
9419,GGRPHCL_ARS_BE225,NUTS3_ANCRDT_CLLCTN,1900-01-01 00:00:00,9999-12-31 00:00:00,0
9420,GGRPHCL_ARS_FO,ISO3166_DSJNT_C_CLLCTN,1900-01-01 00:00:00,9999-12-31 00:00:00,0
9421,GGRPHCL_ARS_SX,ISO3166_DSJNT_C_CLLCTN,1900-01-01 00:00:00,9999-12-31 00:00:00,0
9422,GGRPHCL_ARS_FRE21,NUTS3_ANCRDT_CLLCTN,1900-01-01 00:00:00,9999-12-31 00:00:00,0
9423,GGRPHCL_ARS_EL653,NUTS3_ANCRDT_CLLCTN,1900-01-01 00:00:00,9999-12-31 00:00:00,0
9424,GGRPHCL_ARS_RO125,NUTS3_ANCRDT_CLLCTN,1900-01-01 00:00:00,9999-12-31 00:00:00,0
9425,GGRPHCL_ARS_FRC14,NUTS3_ANCRDT_CLLCTN,1900-01-01 00:00:00,9999-12-31 00:00:00,0
9426,GGRPHCL_ARS_FRJ21,NUTS3_ANCRDT_CLLCTN,1900-01-01 00:00:00,9999-12-31 00:00:00,0
9427,GGRPHCL_ARS_UKM91,NUTS3_ANCRDT_CLLCTN,1900-01-01 00:00:00,2021-01-31 00:00:00,0
9428,GGRPHCL_ARS_SE221,NUTS3_ANCRDT_CLLCTN,1900-01-01 00:00:00,9999-12-31 00:00:00,0
9429,GGRPHCL_ARS_SV,ISO3166_DSJNT_C_CLLCTN,1900-01-01 00:00:00,9999-12-31 00:00:00,0
9430,GGRPHCL_ARS_FR221,NUTS3_ANCRDT_CLLCTN,1900-01-01 00:00:00,2023-12-31 00:00:00,0
9431,GGRPHCL_ARS_FR612,NUTS3_ANCRDT_CLLCTN,1900-01-01 00:00:00,2023-12-31 00:00:00,0
9432,GGRPHCL_ARS_UY,ISO3166_DSJNT_C_CLLCTN,1900-01-01 00:00:00,9999-12-31 00:00:00,0
9433,GGRPHCL_ARS_PT11D,NUTS3_ANCRDT_CLLCTN,1900-01-01 00:00:00,9999-12-31 00:00:00,0
9434,GGRPHCL_ARS_FR414,NUTS3_ANCRDT_CLLCTN,1900-01-01 00:00:00,2023-12-31 00:00:00,0
9435,GGRPHCL_ARS_FR532,NUTS3_ANCRDT_CLLCTN,1900-01-01 00:00:00,2023-12-31 00:00:00,0
9436,GGRPHCL_ARS_FR101,NUTS3_ANCRDT_CLLCTN,1900-01-01 00:00:00,9999-12-31 00:00:00,0
9437,GGRPHCL_ARS_UKM31,NUTS3_ANCRDT_CLLCTN,1900-01-01 00:00:00,2021-01-31 00:00:00,0
9438,GGRPHCL_ARS_ES705,NUTS3_ANCRDT_CLLCTN,1900-01-01 00:00:00,9999-12-31 00:00:00,0
9439,GGRPHCL_ARS_UKL17,NUTS3_ANCRDT_CLLCTN,1900-01-01 00:00:00,2021-01-31 00:00:00,0
9440,GGRPHCL_ARS_UKH24,NUTS3_ANCRDT_CLLCTN,1900-01-01 00:00:00,2021-01-31 00:00:00,0
9441,GGRPHCL_ARS_UKD71,NUTS3_ANCRDT_CLLCTN,1900-01-01 00:00:00,2021-01-31 00:00:00,0
9442,GGRPHCL_ARS_ES130,NUTS3_ANCRDT_CLLCTN,1900-01-01 00:00:00,9999-12-31 00:00:00,0
9443,GGRPHCL_ARS_UKJ22,NUTS3_ANCRDT_CLLCTN,1900-01-01 00:00:00,2021-01-31 00:00:00,0
9444,GGRPHCL_ARS_UKN11,NUTS3_ANCRDT_CLLCTN,1900-01-01 00:00:00,2021-01-31 00:00:00,0
9445,GGRPHCL_ARS_ES425,NUTS3_ANCRDT_CLLCTN,1900-01-01 00:00:00,9999-12-31 00:00:00,0
9446,GGRPHCL_ARS_UKE22,NUTS3_ANCRDT_CLLCTN,1900-01-01 00:00:00,2021-01-31 00:00:00,0
9447,GGRPHCL_ARS_UKG24,NUTS3_ANCRDT_CLLCTN,1900-01-01 00:00:00,2021-01-31 00:00:00,0
9448,GGRPHCL_ARS_DE27A,NUTS3_ANCRDT_CLLCTN,1900-01-01 00:00:00,9999-12-31 00:00:00,0
9449,GGRPHCL_ARS_ATZZZ,NUTS3_ANCRDT_CLLCTN,1900-01-01 00:00:00,9999-12-31 00:00:00,0
9450,GGRPHCL_ARS_AT341,NUTS3_ANCRDT_CLLCTN,1900-01-01 00:00:00,9999-12-31 00:00:00,0
9451,GGRPHCL_ARS_BE32A,NUTS3_ANCRDT_CLLCTN,1900-01-01 00:00:00,9999-12-31 00:00:00,0
9452,GGRPHCL_ARS_DE71A,NUTS3_ANCRDT_CLLCTN,1900-01-01 00:00:00,9999-12-31 00:00:00,0
9453,GGRPHCL_ARS_DEA15,NUTS3_ANCRDT_CLLCTN,1900-01-01 00:00:00,9999-12-31 00:00:00,0
9454,GGRPHCL_ARS_PL213,NUTS3_ANCRDT_CLLCTN,1900-01-01 00:00:00,9999-12-31 00:00:00,0
9455,GGRPHCL_ARS_AT334,NUTS3_ANCRDT_CLLCTN,1900-01-01 00:00:00,9999-12-31 00:00:00,0
9456,GGRPHCL_ARS_DEF06,NUTS3_ANCRDT_CLLCTN,1900-01-01 00:00:00,9999-12-31 00:00:00,0
9457,GGRPHCL_ARS_DEB35,NUTS3_ANCRDT_CLLCTN,1900-01-01 00:00:00,9999-12-31 00:00:00,0
9458,GGRPHCL_ARS_AT212,NUTS3_ANCRDT_CLLCTN,1900-01-01 00:00:00,9999-12-31 00:00:00,0
9459,GGRPHCL_ARS_PL426,NUTS3_ANCRDT_CLLCTN,1900-01-01 00:00:00,9999-12-31 00:00:00,0
9460,GGRPHCL_ARS_DE94B,NUTS3_ANCRDT_CLLCTN,1900-01-01 00:00:00,9999-12-31 00:00:00,0
9461,GGRPHCL_ARS_FI1B1,NUTS3_ANCRDT_CLLCTN,1900-01-01 00:00:00,9999-12-31 00:00:00,0
9462,GGRPHCL_ARS_DEA38,NUTS3_ANCRDT_CLLCTN,1900-01-01 00:00:00,9999-12-31 00:00:00,0
9463,GGRPHCL_ARS_DE26C,NUTS3_ANCRDT_CLLCTN,1900-01-01 00:00:00,9999-12-31 00:00:00,0
9464,GGRPHCL_ARS_HU312,NUTS3_ANCRDT_CLLCTN,1900-01-01 00:00:00,9999-12-31 00:00:00,0
9465,GGRPHCL_ARS_EE001,NUTS3_ANCRDT_CLLCTN,1900-01-01 00:00:00,9999-12-31 00:00:00,0
9466,GGRPHCL_ARS_PL814,NUTS3_ANCRDT_CLLCTN,1900-01-01 00:00:00,9999-12-31 00:00:00,0
9467,GGRPHCL_ARS_DEB18,NUTS3_ANCRDT_CLLCTN,1900-01-01 00:00:00,9999-12-31 00:00:00,0
9468,GGRPHCL_ARS_PL714,NUTS3_ANCRDT_CLLCTN,1900-01-01 00:00:00,9999-12-31 00:00:00,0
9469,GGRPHCL_ARS_DE21F,NUTS3_ANCRDT_CLLCTN,1900-01-01 00:00:00,9999-12-31 00:00:00,0
9470,GGRPHCL_ARS_DEC01,NUTS3_ANCRDT_CLLCTN,1900-01-01 00:00:00,9999-12-31 00:00:00,0
9471,GGRPHCL_ARS_FI1D6,NUTS3_ANCRDT_CLLCTN,1900-01-01 00:00:00,2023-12-31 00:00:00,0
9472,GGRPHCL_ARS_SJ,ISO3166_DSJNT_C_CLLCTN,1900-01-01 00:00:00,9999-12-31 00:00:00,0
9473,GGRPHCL_ARS_FI1C3,NUTS3_ANCRDT_CLLCTN,1900-01-01 00:00:00,2023-12-31 00:00:00,0
9474,TYP_PRTCTN_5,TYP_PRTCTN_ANCRDT_CLLCTN,1900-01-01 00:00:00,9999-12-31 00:00:00,0
9475,GGRPHCL_ARS_DK032,NUTS3_ANCRDT_CLLCTN,1900-01-01 00:00:00,9999-12-31 00:00:00,0
9476,GGRPHCL_ARS_UKM83,NUTS3_ANCRDT_CLLCTN,1900-01-01 00:00:00,2021-01-31 00:00:00,0
9477,GGRPHCL_ARS_SM,ISO3166_DSJNT_C_CLLCTN,1900-01-01 00:00:00,9999-12-31 00:00:00,0
9478,GGRPHCL_ARS_FR246,NUTS3_ANCRDT_CLLCTN,1900-01-01 00:00:00,2023-12-31 00:00:00,0
9479,GGRPHCL_ARS_FR826,NUTS3_ANCRDT_CLLCTN,1900-01-01 00:00:00,2023-12-31 00:00:00,0
9480,GGRPHCL_ARS_NL328,NUTS3_ANCRDT_CLLCTN,1900-01-01 00:00:00,9999-12-31 00:00:00,0
9481,GGRPHCL_ARS_UKD63,NUTS3_ANCRDT_CLLCTN,1900-01-01 00:00:00,2021-01-31 00:00:00,0
9482,GGRPHCL_ARS_UKH36,NUTS3_ANCRDT_CLLCTN,1900-01-01 00:00:00,2021-01-31 00:00:00,0
9483,GGRPHCL_ARS_HR032,NUTS3_ANCRDT_CLLCTN,1900-01-01 00:00:00,9999-12-31 00:00:00,0
9484,GGRPHCL_ARS_UKE45,NUTS3_ANCRDT_CLLCTN,1900-01-01 00:00:00,2021-01-31 00:00:00,0
9485,GGRPHCL_ARS_UKM23,NUTS3_ANCRDT_CLLCTN,1900-01-01 00:00:00,2021-01-31 00:00:00,0
9486,GGRPHCL_ARS_NL363,NUTS3_ANCRDT_CLLCTN,2024-01-01 00:00:00,9999-12-31 00:00:00,0
9487,GGRPHCL_ARS_UKN03,NUTS3_ANCRDT_CLLCTN,1900-01-01 00:00:00,2021-01-31 00:00:00,0
9488,GGRPHCL_ARS_ES511,NUTS3_ANCRDT_CLLCTN,1900-01-01 00:00:00,9999-12-31 00:00:00,0
9489,GGRPHCL_ARS_HR047,NUTS3_ANCRDT_CLLCTN,1900-01-01 00:00:00,2023-12-31 00:00:00,0
9490,GGRPHCL_ARS_LK,ISO3166_DSJNT_C_CLLCTN,1900-01-01 00:00:00,9999-12-31 00:00:00,0
9491,GGRPHCL_ARS_UKJ45,NUTS3_ANCRDT_CLLCTN,1900-01-01 00:00:00,2021-01-31 00:00:00,0
9492,GGRPHCL_ARS_NL111,NUTS3_ANCRDT_CLLCTN,1900-01-01 00:00:00,2023-12-31 00:00:00,0
9493,GGRPHCL_ARS_UKG36,NUTS3_ANCRDT_CLLCTN,1900-01-01 00:00:00,2021-01-31 00:00:00,0
9494,GGRPHCL_ARS_PT184,NUTS3_ANCRDT_CLLCTN,1900-01-01 00:00:00,2023-12-31 00:00:00,0
9495,GGRPHCL_ARS_FRY40,NUTS3_ANCRDT_CLLCTN,1900-01-01 00:00:00,9999-12-31 00:00:00,0
9496,GGRPHCL_ARS_SC,ISO3166_DSJNT_C_CLLCTN,1900-01-01 00:00:00,9999-12-31 00:00:00,0
9497,GGRPHCL_ARS_EL641,NUTS3_ANCRDT_CLLCTN,1900-01-01 00:00:00,9999-12-31 00:00:00,0
9498,GGRPHCL_ARS_RO422,NUTS3_ANCRDT_CLLCTN,1900-01-01 00:00:00,9999-12-31 00:00:00,0
9499,GGRPHCL_ARS_FRL06,NUTS3_ANCRDT_CLLCTN,1900-01-01 00:00:00,9999-12-31 00:00:00,0
9500,GGRPHCL_ARS_FRI13,NUTS3_ANCRDT_CLLCTN,1900-01-01 00:00:00,9999-12-31 00:00:00,0
9501,GGRPHCL_ARS_EL514,NUTS3_ANCRDT_CLLCTN,1900-01-01 00:00:00,9999-12-31 00:00:00,0
9502,GGRPHCL_ARS_EL432,NUTS3_ANCRDT_CLLCTN,1900-01-01 00:00:00,9999-12-31 00:00:00,0
9503,GGRPHCL_ARS_ITC31,NUTS3_ANCRDT_CLLCTN,1900-01-01 00:00:00,9999-12-31 00:00:00,0
9504,GGRPHCL_ARS_LB,ISO3166_DSJNT_C_CLLCTN,1900-01-01 00:00:00,9999-12-31 00:00:00,0
9505,GGRPHCL_ARS_ITF51,NUTS3_ANCRDT_CLLCTN,1900-01-01 00:00:00,9999-12-31 00:00:00,0
9506,GGRPHCL_ARS_JM,ISO3166_DSJNT_C_CLLCTN,1900-01-01 00:00:00,9999-12-31 00:00:00,0
9507,GGRPHCL_ARS_ITC44,NUTS3_ANCRDT_CLLCTN,1900-01-01 00:00:00,9999-12-31 00:00:00,0
9508,GGRPHCL_ARS_CZ072,NUTS3_ANCRDT_CLLCTN,1900-01-01 00:00:00,9999-12-31 00:00:00,0
9509,GGRPHCL_ARS_DE234,NUTS3_ANCRDT_CLLCTN,1900-01-01 00:00:00,9999-12-31 00:00:00,0
9510,GGRPHCL_ARS_PL22C,NUTS3_ANCRDT_CLLCTN,1900-01-01 00:00:00,9999-12-31 00:00:00,0
9511,GGRPHCL_ARS_DE721,NUTS3_ANCRDT_CLLCTN,1900-01-01 00:00:00,9999-12-31 00:00:00,0
9512,GGRPHCL_ARS_DE401,NUTS3_ANCRDT_CLLCTN,1900-01-01 00:00:00,9999-12-31 00:00:00,0
9513,GGRPHCL_ARS_BE242,NUTS3_ANCRDT_CLLCTN,1900-01-01 00:00:00,9999-12-31 00:00:00,0
9514,GGRPHCL_ARS_DE114,NUTS3_ANCRDT_CLLCTN,1900-01-01 00:00:00,9999-12-31 00:00:00,0
9515,GGRPHCL_ARS_DE938,NUTS3_ANCRDT_CLLCTN,1900-01-01 00:00:00,9999-12-31 00:00:00,0
9516,GGRPHCL_ARS_DE241,NUTS3_ANCRDT_CLLCTN,1900-01-01 00:00:00,9999-12-31 00:00:00,0
9517,GGRPHCL_ARS_DEB3J,NUTS3_ANCRDT_CLLCTN,1900-01-01 00:00:00,9999-12-31 00:00:00,0
9518,GGRPHCL_ARS_SD,ISO3166_DSJNT_C_CLLCTN,1900-01-01 00:00:00,9999-12-31 00:00:00,0
9519,GGRPHCL_ARS_DEC03,NUTS3_ANCRDT_CLLCTN,1900-01-01 00:00:00,9999-12-31 00:00:00,0
9520,GGRPHCL_ARS_DEB25,NUTS3_ANCRDT_CLLCTN,1900-01-01 00:00:00,9999-12-31 00:00:00,0
9521,GGRPHCL_ARS_NC,ISO3166_DSJNT_C_CLLCTN,1900-01-01 00:00:00,9999-12-31 00:00:00,0
9522,GGRPHCL_ARS_PL325,NUTS3_ANCRDT_CLLCTN,1900-01-01 00:00:00,2023-12-31 00:00:00,0
9523,GGRPHCL_ARS_DE21D,NUTS3_ANCRDT_CLLCTN,1900-01-01 00:00:00,9999-12-31 00:00:00,0
9524,GGRPHCL_ARS_AT122,NUTS3_ANCRDT_CLLCTN,1900-01-01 00:00:00,9999-12-31 00:00:00,0
9525,GGRPHCL_ARS_DEE09,NUTS3_ANCRDT_CLLCTN,1900-01-01 00:00:00,9999-12-31 00:00:00,0
9526,GGRPHCL_ARS_DE26A,NUTS3_ANCRDT_CLLCTN,1900-01-01 00:00:00,9999-12-31 00:00:00,0
9527,GGRPHCL_ARS_ITG2B,NUTS3_ANCRDT_CLLCTN,1900-01-01 00:00:00,2023-12-31 00:00:00,0
9528,GGRPHCL_ARS_FI1C1,NUTS3_ANCRDT_CLLCTN,1900-01-01 00:00:00,9999-12-31 00:00:00,0
9529,GGRPHCL_ARS_MT002,NUTS3_ANCRDT_CLLCTN,1900-01-01 00:00:00,9999-12-31 00:00:00,0
9530,GGRPHCL_ARS_FI1D4,NUTS3_ANCRDT_CLLCTN,1900-01-01 00:00:00,2023-12-31 00:00:00,0
9531,GGRPHCL_ARS_FR522,NUTS3_ANCRDT_CLLCTN,1900-01-01 00:00:00,2023-12-31 00:00:00,0
9532,GGRPHCL_ARS_FR724,NUTS3_ANCRDT_CLLCTN,1900-01-01 00:00:00,2023-12-31 00:00:00,0
9533,GGRPHCL_ARS_FR231,NUTS3_ANCRDT_CLLCTN,1900-01-01 00:00:00,2023-12-31 00:00:00,0
9534,GGRPHCL_ARS_SE231,NUTS3_ANCRDT_CLLCTN,1900-01-01 00:00:00,9999-12-31 00:00:00,0
9535,GGRPHCL_ARS_BZ,ISO3166_DSJNT_C_CLLCTN,1900-01-01 00:00:00,9999-12-31 00:00:00,0
9536,GGRPHCL_ARS_FR824,NUTS3_ANCRDT_CLLCTN,1900-01-01 00:00:00,2023-12-31 00:00:00,0
9537,GGRPHCL_ARS_UKM81,NUTS3_ANCRDT_CLLCTN,1900-01-01 00:00:00,2021-01-31 00:00:00,0
9538,GGRPHCL_ARS_FR244,NUTS3_ANCRDT_CLLCTN,1900-01-01 00:00:00,2023-12-31 00:00:00,0
9539,GGRPHCL_ARS_UKF12,NUTS3_ANCRDT_CLLCTN,1900-01-01 00:00:00,2021-01-31 00:00:00,0
9540,GGRPHCL_ARS_NL113,NUTS3_ANCRDT_CLLCTN,1900-01-01 00:00:00,2023-12-31 00:00:00,0
9541,GGRPHCL_ARS_HR045,NUTS3_ANCRDT_CLLCTN,1900-01-01 00:00:00,2023-12-31 00:00:00,0
9542,GGRPHCL_ARS_UKE32,NUTS3_ANCRDT_CLLCTN,1900-01-01 00:00:00,2021-01-31 00:00:00,0
9543,GGRPHCL_ARS_UKJ32,NUTS3_ANCRDT_CLLCTN,1900-01-01 00:00:00,2021-01-31 00:00:00,0
9544,GGRPHCL_ARS_UKN01,NUTS3_ANCRDT_CLLCTN,1900-01-01 00:00:00,2021-01-31 00:00:00,0
9545,GGRPHCL_ARS_UKK14,NUTS3_ANCRDT_CLLCTN,1900-01-01 00:00:00,2021-01-31 00:00:00,0
9546,GGRPHCL_ARS_ES120,NUTS3_ANCRDT_CLLCTN,1900-01-01 00:00:00,9999-12-31 00:00:00,0
9547,GGRPHCL_ARS_ES513,NUTS3_ANCRDT_CLLCTN,1900-01-01 00:00:00,9999-12-31 00:00:00,0
9548,GGRPHCL_ARS_UKD61,NUTS3_ANCRDT_CLLCTN,1900-01-01 00:00:00,2021-01-31 00:00:00,0
9549,GGRPHCL_ARS_UKH34,NUTS3_ANCRDT_CLLCTN,1900-01-01 00:00:00,2021-01-31 00:00:00,0
9550,GGRPHCL_ARS_HK,ISO3166_DSJNT_C_CLLCTN,1900-01-01 00:00:00,9999-12-31 00:00:00,0
9551,GGRPHCL_ARS_UKM21,NUTS3_ANCRDT_CLLCTN,1900-01-01 00:00:00,2021-01-31 00:00:00,0
9552,GGRPHCL_ARS_NL361,NUTS3_ANCRDT_CLLCTN,2024-01-01 00:00:00,9999-12-31 00:00:00,0
9553,GGRPHCL_ARS_BT,ISO3166_DSJNT_C_CLLCTN,1900-01-01 00:00:00,9999-12-31 00:00:00,0
9554,GGRPHCL_ARS_BG414,NUTS3_ANCRDT_CLLCTN,1900-01-01 00:00:00,9999-12-31 00:00:00,0
9555,TYP_TRNSFR_1,TYP_TRNSFR_ANCRDT_CLLCTN,1900-01-01 00:00:00,9999-12-31 00:00:00,0
9556,GGRPHCL_ARS_PT186,NUTS3_ANCRDT_CLLCTN,1900-01-01 00:00:00,2023-12-31 00:00:00,0
9557,GGRPHCL_ARS_SK042,NUTS3_ANCRDT_CLLCTN,1900-01-01 00:00:00,9999-12-31 00:00:00,0
9558,GGRPHCL_ARS_PT119,NUTS3_ANCRDT_CLLCTN,1900-01-01 00:00:00,9999-12-31 00:00:00,0
9559,GGRPHCL_ARS_FRL04,NUTS3_ANCRDT_CLLCTN,1900-01-01 00:00:00,9999-12-31 00:00:00,0
9560,GGRPHCL_ARS_FRI11,NUTS3_ANCRDT_CLLCTN,1900-01-01 00:00:00,9999-12-31 00:00:00,0
9561,GGRPHCL_ARS_FRF11,NUTS3_ANCRDT_CLLCTN,1900-01-01 00:00:00,9999-12-31 00:00:00,0
9562,GGRPHCL_ARS_FRK28,NUTS3_ANCRDT_CLLCTN,1900-01-01 00:00:00,9999-12-31 00:00:00,0
9563,GGRPHCL_ARS_RO215,NUTS3_ANCRDT_CLLCTN,1900-01-01 00:00:00,9999-12-31 00:00:00,0
9564,GGRPHCL_ARS_EL643,NUTS3_ANCRDT_CLLCTN,1900-01-01 00:00:00,9999-12-31 00:00:00,0
9565,GGRPHCL_ARS_ITC46,NUTS3_ANCRDT_CLLCTN,1900-01-01 00:00:00,9999-12-31 00:00:00,0
9566,GGRPHCL_ARS_ITI19,NUTS3_ANCRDT_CLLCTN,1900-01-01 00:00:00,9999-12-31 00:00:00,0
9567,GGRPHCL_ARS_ITC33,NUTS3_ANCRDT_CLLCTN,1900-01-01 00:00:00,9999-12-31 00:00:00,0
9568,GGRPHCL_ARS_DEB3H,NUTS3_ANCRDT_CLLCTN,1900-01-01 00:00:00,9999-12-31 00:00:00,0
9569,GGRPHCL_ARS_BE235,NUTS3_ANCRDT_CLLCTN,1900-01-01 00:00:00,9999-12-31 00:00:00,0
9570,GGRPHCL_ARS_DE129,NUTS3_ANCRDT_CLLCTN,1900-01-01 00:00:00,9999-12-31 00:00:00,0
9571,GGRPHCL_ARS_DE243,NUTS3_ANCRDT_CLLCTN,1900-01-01 00:00:00,9999-12-31 00:00:00,0
9572,GGRPHCL_ARS_BS,ISO3166_DSJNT_C_CLLCTN,1900-01-01 00:00:00,9999-12-31 00:00:00,0
9573,GGRPHCL_ARS_DEA5B,NUTS3_ANCRDT_CLLCTN,1900-01-01 00:00:00,9999-12-31 00:00:00,0
9574,GGRPHCL_ARS_DE403,NUTS3_ANCRDT_CLLCTN,1900-01-01 00:00:00,9999-12-31 00:00:00,0
9575,GGRPHCL_ARS_DE116,NUTS3_ANCRDT_CLLCTN,1900-01-01 00:00:00,9999-12-31 00:00:00,0
9576,GGRPHCL_ARS_DE236,NUTS3_ANCRDT_CLLCTN,1900-01-01 00:00:00,9999-12-31 00:00:00,0
9577,GGRPHCL_ARS_PL22A,NUTS3_ANCRDT_CLLCTN,1900-01-01 00:00:00,9999-12-31 00:00:00,0
9578,GGRPHCL_ARS_DE723,NUTS3_ANCRDT_CLLCTN,1900-01-01 00:00:00,9999-12-31 00:00:00,0
9579,GGRPHCL_ARS_ITI34,NUTS3_ANCRDT_CLLCTN,1900-01-01 00:00:00,9999-12-31 00:00:00,0
9580,GGRPHCL_ARS_ITH58,NUTS3_ANCRDT_CLLCTN,1900-01-01 00:00:00,9999-12-31 00:00:00,0
9581,GGRPHCL_ARS_ITI41,NUTS3_ANCRDT_CLLCTN,1900-01-01 00:00:00,9999-12-31 00:00:00,0
9582,GGRPHCL_ARS_LT023,NUTS3_ANCRDT_CLLCTN,1900-01-01 00:00:00,9999-12-31 00:00:00,0
9583,GGRPHCL_ARS_ITG12,NUTS3_ANCRDT_CLLCTN,1900-01-01 00:00:00,9999-12-31 00:00:00,0
9584,GGRPHCL_ARS_ITF34,NUTS3_ANCRDT_CLLCTN,1900-01-01 00:00:00,9999-12-31 00:00:00,0
9585,GGRPHCL_ARS_BH,ISO3166_DSJNT_C_CLLCTN,1900-01-01 00:00:00,9999-12-31 00:00:00,0
9586,GGRPHCL_ARS_DE917,NUTS3_ANCRDT_CLLCTN,1900-01-01 00:00:00,9999-12-31 00:00:00,0
9587,GGRPHCL_ARS_DE251,NUTS3_ANCRDT_CLLCTN,1900-01-01 00:00:00,9999-12-31 00:00:00,0
9588,GGRPHCL_ARS_SI031,NUTS3_ANCRDT_CLLCTN,1900-01-01 00:00:00,9999-12-31 00:00:00,0
9589,GGRPHCL_ARS_DE928,NUTS3_ANCRDT_CLLCTN,1900-01-01 00:00:00,9999-12-31 00:00:00,0
9590,GGRPHCL_ARS_BE252,NUTS3_ANCRDT_CLLCTN,1900-01-01 00:00:00,9999-12-31 00:00:00,0
9591,GGRPHCL_ARS_DE731,NUTS3_ANCRDT_CLLCTN,1900-01-01 00:00:00,9999-12-31 00:00:00,0
9592,GGRPHCL_ARS_SI044,NUTS3_ANCRDT_CLLCTN,1900-01-01 00:00:00,9999-12-31 00:00:00,0
9593,GGRPHCL_ARS_DE224,NUTS3_ANCRDT_CLLCTN,1900-01-01 00:00:00,9999-12-31 00:00:00,0
9594,GGRPHCL_ARS_BG315,NUTS3_ANCRDT_CLLCTN,1900-01-01 00:00:00,9999-12-31 00:00:00,0
9595,GGRPHCL_ARS_BO,ISO3166_DSJNT_C_CLLCTN,1900-01-01 00:00:00,9999-12-31 00:00:00,0
9596,GGRPHCL_ARS_PT195,NUTS3_ANCRDT_CLLCTN,2024-01-01 00:00:00,9999-12-31 00:00:00,0
9597,GGRPHCL_ARS_FRY50,NUTS3_ANCRDT_CLLCTN,1900-01-01 00:00:00,9999-12-31 00:00:00,0
9598,GGRPHCL_ARS_FI19B,NUTS3_ANCRDT_CLLCTN,2024-01-01 00:00:00,9999-12-31 00:00:00,0
9599,GGRPHCL_ARS_LV008,NUTS3_ANCRDT_CLLCTN,1900-01-01 00:00:00,2023-12-31 00:00:00,0
9600,GGRPHCL_ARS_EL422,NUTS3_ANCRDT_CLLCTN,1900-01-01 00:00:00,9999-12-31 00:00:00,0
9601,GGRPHCL_ARS_FRJ23,NUTS3_ANCRDT_CLLCTN,1900-01-01 00:00:00,9999-12-31 00:00:00,0
9602,GGRPHCL_ARS_EL624,NUTS3_ANCRDT_CLLCTN,1900-01-01 00:00:00,9999-12-31 00:00:00,0
9603,GGRPHCL_ARS_RO321,NUTS3_ANCRDT_CLLCTN,1900-01-01 00:00:00,9999-12-31 00:00:00,0
9604,TYP_PRTCTN_8,TYP_PRTCTN_ANCRDT_CLLCTN,1900-01-01 00:00:00,9999-12-31 00:00:00,0
9605,GGRPHCL_ARS_FRE23,NUTS3_ANCRDT_CLLCTN,1900-01-01 00:00:00,9999-12-31 00:00:00,0
9606,GGRPHCL_ARS_FRA10,NUTS3_ANCRDT_CLLCTN,1900-01-01 00:00:00,2023-12-31 00:00:00,0
9607,GGRPHCL_ARS_EL651,NUTS3_ANCRDT_CLLCTN,1900-01-01 00:00:00,9999-12-31 00:00:00,0
9608,GGRPHCL_ARS_FR103,NUTS3_ANCRDT_CLLCTN,1900-01-01 00:00:00,9999-12-31 00:00:00,0
9609,GGRPHCL_ARS_FR223,NUTS3_ANCRDT_CLLCTN,1900-01-01 00:00:00,2023-12-31 00:00:00,0
9610,GGRPHCL_ARS_UKM93,NUTS3_ANCRDT_CLLCTN,1900-01-01 00:00:00,2021-01-31 00:00:00,0
9611,GGRPHCL_ARS_BA,ISO3166_DSJNT_C_CLLCTN,1900-01-01 00:00:00,9999-12-31 00:00:00,0
9612,GGRPHCL_ARS_NL414,NUTS3_ANCRDT_CLLCTN,1900-01-01 00:00:00,9999-12-31 00:00:00,0
9613,GGRPHCL_ARS_CY000,NUTS3_ANCRDT_CLLCTN,1900-01-01 00:00:00,9999-12-31 00:00:00,0
9614,GGRPHCL_ARS_NL415,NUTS3_ANCRDT_CLLCTN,2024-01-01 00:00:00,9999-12-31 00:00:00,0
9615,GGRPHCL_ARS_ES418,NUTS3_ANCRDT_CLLCTN,1900-01-01 00:00:00,9999-12-31 00:00:00,0
9616,GGRPHCL_ARS_ESZZZ,NUTS3_ANCRDT_CLLCTN,1900-01-01 00:00:00,9999-12-31 00:00:00,0
9617,GGRPHCL_ARS_NL221,NUTS3_ANCRDT_CLLCTN,1900-01-01 00:00:00,9999-12-31 00:00:00,0
9618,GGRPHCL_ARS_UKI75,NUTS3_ANCRDT_CLLCTN,1900-01-01 00:00:00,2021-01-31 00:00:00,0
9619,TYP_PRTCTN_2,TYP_PRTCTN_ANCRDT_CLLCTN,1900-01-01 00:00:00,9999-12-31 00:00:00,0
9620,GGRPHCL_ARS_UKN13,NUTS3_ANCRDT_CLLCTN,1900-01-01 00:00:00,2021-01-31 00:00:00,0
9621,GGRPHCL_ARS_ES707,NUTS3_ANCRDT_CLLCTN,1900-01-01 00:00:00,9999-12-31 00:00:00,0
9622,GGRPHCL_ARS_UKM33,NUTS3_ANCRDT_CLLCTN,1900-01-01 00:00:00,2021-01-31 00:00:00,0
9623,GGRPHCL_ARS_NL338,NUTS3_ANCRDT_CLLCTN,1900-01-01 00:00:00,2023-12-31 00:00:00,0
9624,GGRPHCL_ARS_ES212,NUTS3_ANCRDT_CLLCTN,1900-01-01 00:00:00,9999-12-31 00:00:00,0
9625,GGRPHCL_ARS_UKL15,NUTS3_ANCRDT_CLLCTN,1900-01-01 00:00:00,2021-01-31 00:00:00,0
9626,GGRPHCL_ARS_UKD73,NUTS3_ANCRDT_CLLCTN,1900-01-01 00:00:00,2021-01-31 00:00:00,0
9627,GGRPHCL_ARS_HR022,NUTS3_ANCRDT_CLLCTN,1900-01-01 00:00:00,9999-12-31 00:00:00,0
9628,GGRPHCL_ARS_DEB37,NUTS3_ANCRDT_CLLCTN,1900-01-01 00:00:00,9999-12-31 00:00:00,0
9629,GGRPHCL_ARS_DEF04,NUTS3_ANCRDT_CLLCTN,1900-01-01 00:00:00,9999-12-31 00:00:00,0
9630,GGRPHCL_ARS_PL424,NUTS3_ANCRDT_CLLCTN,1900-01-01 00:00:00,9999-12-31 00:00:00,0
9631,GGRPHCL_ARS_AT130,NUTS3_ANCRDT_CLLCTN,1900-01-01 00:00:00,9999-12-31 00:00:00,0
9632,GGRPHCL_ARS_DE71C,NUTS3_ANCRDT_CLLCTN,1900-01-01 00:00:00,9999-12-31 00:00:00,0
9633,GGRPHCL_ARS_PL622,NUTS3_ANCRDT_CLLCTN,1900-01-01 00:00:00,9999-12-31 00:00:00,0
9634,GGRPHCL_ARS_DEA17,NUTS3_ANCRDT_CLLCTN,1900-01-01 00:00:00,9999-12-31 00:00:00,0
9635,GGRPHCL_ARS_PL922,NUTS3_ANCRDT_CLLCTN,1900-01-01 00:00:00,9999-12-31 00:00:00,0
9636,GGRPHCL_ARS_BE32C,NUTS3_ANCRDT_CLLCTN,1900-01-01 00:00:00,9999-12-31 00:00:00,0
9637,GGRPHCL_ARS_DE27C,NUTS3_ANCRDT_CLLCTN,1900-01-01 00:00:00,9999-12-31 00:00:00,0
9638,GGRPHCL_ARS_DEA28,NUTS3_ANCRDT_CLLCTN,1900-01-01 00:00:00,9999-12-31 00:00:00,0
9639,GGRPHCL_ARS_LT00A,NUTS3_ANCRDT_CLLCTN,1900-01-01 00:00:00,2023-12-31 00:00:00,0
9640,GGRPHCL_ARS_DK022,NUTS3_ANCRDT_CLLCTN,1900-01-01 00:00:00,9999-12-31 00:00:00,0
9641,GGRPHCL_ARS_BF,ISO3166_DSJNT_C_CLLCTN,1900-01-01 00:00:00,9999-12-31 00:00:00,0
9642,GGRPHCL_ARS_IE062,NUTS3_ANCRDT_CLLCTN,1900-01-01 00:00:00,9999-12-31 00:00:00,0
9643,GGRPHCL_ARS_FR712,NUTS3_ANCRDT_CLLCTN,1900-01-01 00:00:00,2023-12-31 00:00:00,0
9644,GGRPHCL_ARS_FR514,NUTS3_ANCRDT_CLLCTN,1900-01-01 00:00:00,2023-12-31 00:00:00,0
9645,GGRPHCL_ARS_IT,ISO3166_DSJNT_C_CLLCTN,1900-01-01 00:00:00,9999-12-31 00:00:00,0
9646,GGRPHCL_ARS_FR432,NUTS3_ANCRDT_CLLCTN,1900-01-01 00:00:00,2023-12-31 00:00:00,0
9647,GGRPHCL_ARS_SE321,NUTS3_ANCRDT_CLLCTN,1900-01-01 00:00:00,9999-12-31 00:00:00,0
9648,GGRPHCL_ARS_FR812,NUTS3_ANCRDT_CLLCTN,1900-01-01 00:00:00,2023-12-31 00:00:00,0
9649,GGRPHCL_ARS_NL323,NUTS3_ANCRDT_CLLCTN,1900-01-01 00:00:00,9999-12-31 00:00:00,0
9650,GGRPHCL_ARS_ES243,NUTS3_ANCRDT_CLLCTN,1900-01-01 00:00:00,9999-12-31 00:00:00,0
9651,GGRPHCL_ARS_FI195,NUTS3_ANCRDT_CLLCTN,1900-01-01 00:00:00,2023-12-31 00:00:00,0
9652,GGRPHCL_ARS_UKM28,NUTS3_ANCRDT_CLLCTN,1900-01-01 00:00:00,2021-01-31 00:00:00,0
9653,GGRPHCL_ARS_UKI51,NUTS3_ANCRDT_CLLCTN,1900-01-01 00:00:00,2021-01-31 00:00:00,0
9654,GGRPHCL_ARS_UKM62,NUTS3_ANCRDT_CLLCTN,1900-01-01 00:00:00,2021-01-31 00:00:00,0
9655,GGRPHCL_ARS_NL125,NUTS3_ANCRDT_CLLCTN,1900-01-01 00:00:00,2023-12-31 00:00:00,0
9656,GGRPHCL_ARS_UKN08,NUTS3_ANCRDT_CLLCTN,1900-01-01 00:00:00,2021-01-31 00:00:00,0
9657,GGRPHCL_ARS_UKF24,NUTS3_ANCRDT_CLLCTN,1900-01-01 00:00:00,2021-01-31 00:00:00,0
9658,GGRPHCL_ARS_UKK22,NUTS3_ANCRDT_CLLCTN,1900-01-01 00:00:00,2021-01-31 00:00:00,0
9659,GGRPHCL_ARS_DEA33,NUTS3_ANCRDT_CLLCTN,1900-01-01 00:00:00,9999-12-31 00:00:00,0
9660,GGRPHCL_ARS_DE22B,NUTS3_ANCRDT_CLLCTN,1900-01-01 00:00:00,9999-12-31 00:00:00,0
9661,GGRPHCL_ARS_DEG06,NUTS3_ANCRDT_CLLCTN,1900-01-01 00:00:00,9999-12-31 00:00:00,0
9662,GGRPHCL_ARS_AT312,NUTS3_ANCRDT_CLLCTN,1900-01-01 00:00:00,9999-12-31 00:00:00,0
9663,GGRPHCL_ARS_PL115,NUTS3_ANCRDT_CLLCTN,1900-01-01 00:00:00,2023-12-31 00:00:00,0
9664,GGRPHCL_ARS_DEB13,NUTS3_ANCRDT_CLLCTN,1900-01-01 00:00:00,9999-12-31 00:00:00,0
9665,GGRPHCL_ARS_DEA46,NUTS3_ANCRDT_CLLCTN,1900-01-01 00:00:00,9999-12-31 00:00:00,0
9666,GGRPHCL_ARS_DE21M,NUTS3_ANCRDT_CLLCTN,1900-01-01 00:00:00,9999-12-31 00:00:00,0
9667,GGRPHCL_ARS_VU,ISO3166_DSJNT_C_CLLCTN,1900-01-01 00:00:00,9999-12-31 00:00:00,0
9668,GGRPHCL_ARS_DED53,NUTS3_ANCRDT_CLLCTN,1900-01-01 00:00:00,9999-12-31 00:00:00,0
9669,GGRPHCL_ARS_DE91A,NUTS3_ANCRDT_CLLCTN,1900-01-01 00:00:00,9999-12-31 00:00:00,0
9670,GGRPHCL_ARS_HU120,NUTS3_ANCRDT_CLLCTN,1900-01-01 00:00:00,9999-12-31 00:00:00,0
9671,GGRPHCL_ARS_IS,ISO3166_DSJNT_C_CLLCTN,1900-01-01 00:00:00,9999-12-31 00:00:00,0
9672,GGRPHCL_ARS_ITF65,NUTS3_ANCRDT_CLLCTN,1900-01-01 00:00:00,9999-12-31 00:00:00,0
9673,GGRPHCL_ARS_EC,ISO3166_DSJNT_C_CLLCTN,1900-01-01 00:00:00,9999-12-31 00:00:00,0
9674,GGRPHCL_ARS_ITH36,NUTS3_ANCRDT_CLLCTN,1900-01-01 00:00:00,9999-12-31 00:00:00,0
9675,GGRPHCL_ARS_DEG0P,NUTS3_ANCRDT_CLLCTN,1900-01-01 00:00:00,2023-12-31 00:00:00,0
9676,GGRPHCL_ARS_ITH43,NUTS3_ANCRDT_CLLCTN,1900-01-01 00:00:00,9999-12-31 00:00:00,0
9677,GGRPHCL_ARS_LT007,NUTS3_ANCRDT_CLLCTN,1900-01-01 00:00:00,2023-12-31 00:00:00,0
9678,GGRPHCL_ARS_DEG0Q,NUTS3_ANCRDT_CLLCTN,2024-01-01 00:00:00,9999-12-31 00:00:00,0
9679,GGRPHCL_ARS_CL,ISO3166_DSJNT_C_CLLCTN,1900-01-01 00:00:00,9999-12-31 00:00:00,0
9680,GGRPHCL_ARS_PT,ISO3166_DSJNT_C_CLLCTN,1900-01-01 00:00:00,9999-12-31 00:00:00,0
9681,GGRPHCL_ARS_DE275,NUTS3_ANCRDT_CLLCTN,1900-01-01 00:00:00,9999-12-31 00:00:00,0
9682,GGRPHCL_ARS_BE325,NUTS3_ANCRDT_CLLCTN,1900-01-01 00:00:00,2023-12-31 00:00:00,0
9683,GGRPHCL_ARS_DE933,NUTS3_ANCRDT_CLLCTN,1900-01-01 00:00:00,9999-12-31 00:00:00,0
9684,GGRPHCL_ARS_DE715,NUTS3_ANCRDT_CLLCTN,1900-01-01 00:00:00,9999-12-31 00:00:00,0
9685,GGRPHCL_ARS_DEA1A,NUTS3_ANCRDT_CLLCTN,1900-01-01 00:00:00,9999-12-31 00:00:00,0
9686,GGRPHCL_ARS_DEF0B,NUTS3_ANCRDT_CLLCTN,1900-01-01 00:00:00,9999-12-31 00:00:00,0
9687,GGRPHCL_ARS_DEB3A,NUTS3_ANCRDT_CLLCTN,1900-01-01 00:00:00,9999-12-31 00:00:00,0
9688,GGRPHCL_ARS_DE946,NUTS3_ANCRDT_CLLCTN,1900-01-01 00:00:00,9999-12-31 00:00:00,0
9689,GGRPHCL_ARS_BG422,NUTS3_ANCRDT_CLLCTN,1900-01-01 00:00:00,9999-12-31 00:00:00,0
9690,GGRPHCL_ARS_BG331,NUTS3_ANCRDT_CLLCTN,1900-01-01 00:00:00,9999-12-31 00:00:00,0
9691,GGRPHCL_ARS_BG344,NUTS3_ANCRDT_CLLCTN,1900-01-01 00:00:00,9999-12-31 00:00:00,0
9692,GGRPHCL_ARS_FRH01,NUTS3_ANCRDT_CLLCTN,1900-01-01 00:00:00,9999-12-31 00:00:00,0
9693,GGRPHCL_ARS_FRK21,NUTS3_ANCRDT_CLLCTN,1900-01-01 00:00:00,9999-12-31 00:00:00,0
9694,GGRPHCL_ARS_FRD21,NUTS3_ANCRDT_CLLCTN,1900-01-01 00:00:00,9999-12-31 00:00:00,0
9695,GGRPHCL_ARS_CK,ISO3166_DSJNT_C_CLLCTN,1900-01-01 00:00:00,9999-12-31 00:00:00,0
9696,GGRPHCL_ARS_PS,ISO3166_DSJNT_C_CLLCTN,1900-01-01 00:00:00,9999-12-31 00:00:00,0
9697,GGRPHCL_ARS_FRG01,NUTS3_ANCRDT_CLLCTN,1900-01-01 00:00:00,9999-12-31 00:00:00,0
9698,GGRPHCL_ARS_RO223,NUTS3_ANCRDT_CLLCTN,1900-01-01 00:00:00,9999-12-31 00:00:00,0
9699,GGRPHCL_ARS_BG323,NUTS3_ANCRDT_CLLCTN,1900-01-01 00:00:00,9999-12-31 00:00:00,0
9700,GGRPHCL_ARS_HR04C,NUTS3_ANCRDT_CLLCTN,1900-01-01 00:00:00,2023-12-31 00:00:00,0
9701,GGRPHCL_ARS_EL612,NUTS3_ANCRDT_CLLCTN,1900-01-01 00:00:00,9999-12-31 00:00:00,0
9702,GGRPHCL_ARS_VG,ISO3166_DSJNT_C_CLLCTN,1900-01-01 00:00:00,9999-12-31 00:00:00,0
9703,GGRPHCL_ARS_EL307,NUTS3_ANCRDT_CLLCTN,1900-01-01 00:00:00,9999-12-31 00:00:00,0
9704,GGRPHCL_ARS_EL532,NUTS3_ANCRDT_CLLCTN,1900-01-01 00:00:00,9999-12-31 00:00:00,0
9705,GGRPHCL_ARS_FRJ15,NUTS3_ANCRDT_CLLCTN,1900-01-01 00:00:00,9999-12-31 00:00:00,0
9706,GGRPHCL_ARS_RO111,NUTS3_ANCRDT_CLLCTN,1900-01-01 00:00:00,9999-12-31 00:00:00,0
9707,GGRPHCL_ARS_PH,ISO3166_DSJNT_C_CLLCTN,1900-01-01 00:00:00,9999-12-31 00:00:00,0
9708,GGRPHCL_ARS_RO317,NUTS3_ANCRDT_CLLCTN,1900-01-01 00:00:00,9999-12-31 00:00:00,0
9709,GGRPHCL_ARS_FRB06,NUTS3_ANCRDT_CLLCTN,1900-01-01 00:00:00,9999-12-31 00:00:00,0
9710,GGRPHCL_ARS_FI1DC,NUTS3_ANCRDT_CLLCTN,2024-01-01 00:00:00,9999-12-31 00:00:00,0
9711,GGRPHCL_ARS_CW,ISO3166_DSJNT_C_CLLCTN,1900-01-01 00:00:00,9999-12-31 00:00:00,0
9712,GGRPHCL_ARS_ITC17,NUTS3_ANCRDT_CLLCTN,1900-01-01 00:00:00,9999-12-31 00:00:00,0
9713,GGRPHCL_ARS_ITF48,NUTS3_ANCRDT_CLLCTN,1900-01-01 00:00:00,9999-12-31 00:00:00,0
9714,GGRPHCL_ARS_PT1C1,NUTS3_ANCRDT_CLLCTN,2024-01-01 00:00:00,9999-12-31 00:00:00,0
9715,GGRPHCL_ARS_ITH51,NUTS3_ANCRDT_CLLCTN,1900-01-01 00:00:00,9999-12-31 00:00:00,0
9716,GGRPHCL_ARS_DE267,NUTS3_ANCRDT_CLLCTN,1900-01-01 00:00:00,9999-12-31 00:00:00,0
9717,GGRPHCL_ARS_DE147,NUTS3_ANCRDT_CLLCTN,1900-01-01 00:00:00,9999-12-31 00:00:00,0
9718,GGRPHCL_ARS_DEG0I,NUTS3_ANCRDT_CLLCTN,1900-01-01 00:00:00,2023-12-31 00:00:00,0
9719,GGRPHCL_ARS_DEZZZ,NUTS3_ANCRDT_CLLCTN,1900-01-01 00:00:00,9999-12-31 00:00:00,0
9720,GGRPHCL_ARS_BE211,NUTS3_ANCRDT_CLLCTN,1900-01-01 00:00:00,9999-12-31 00:00:00,0
9721,GGRPHCL_ARS_DE212,NUTS3_ANCRDT_CLLCTN,1900-01-01 00:00:00,9999-12-31 00:00:00,0
9722,GGRPHCL_ARS_SI038,NUTS3_ANCRDT_CLLCTN,1900-01-01 00:00:00,9999-12-31 00:00:00,0
9723,GGRPHCL_ARS_DE258,NUTS3_ANCRDT_CLLCTN,1900-01-01 00:00:00,9999-12-31 00:00:00,0
9724,GGRPHCL_ARS_DE132,NUTS3_ANCRDT_CLLCTN,1900-01-01 00:00:00,9999-12-31 00:00:00,0
9725,GGRPHCL_ARS_DE501,NUTS3_ANCRDT_CLLCTN,1900-01-01 00:00:00,9999-12-31 00:00:00,0
9726,GGRPHCL_ARS_BE342,NUTS3_ANCRDT_CLLCTN,1900-01-01 00:00:00,9999-12-31 00:00:00,0
9727,GGRPHCL_ARS_PL12E,NUTS3_ANCRDT_CLLCTN,1900-01-01 00:00:00,2023-12-31 00:00:00,0
9728,GGRPHCL_ARS_PA,ISO3166_DSJNT_C_CLLCTN,1900-01-01 00:00:00,9999-12-31 00:00:00,0
9729,GGRPHCL_ARS_CY,ISO3166_DSJNT_C_CLLCTN,1900-01-01 00:00:00,9999-12-31 00:00:00,0
9730,GGRPHCL_ARS_PL227,NUTS3_ANCRDT_CLLCTN,1900-01-01 00:00:00,9999-12-31 00:00:00,0
9731,GGRPHCL_ARS_DE40E,NUTS3_ANCRDT_CLLCTN,1900-01-01 00:00:00,9999-12-31 00:00:00,0
9732,GGRPHCL_ARS_HUZZZ,NUTS3_ANCRDT_CLLCTN,1900-01-01 00:00:00,9999-12-31 00:00:00,0
9733,GGRPHCL_ARS_AT226,NUTS3_ANCRDT_CLLCTN,1900-01-01 00:00:00,9999-12-31 00:00:00,0
9734,GGRPHCL_ARS_DED41,NUTS3_ANCRDT_CLLCTN,1900-01-01 00:00:00,9999-12-31 00:00:00,0
9735,GGRPHCL_ARS_HU212,NUTS3_ANCRDT_CLLCTN,1900-01-01 00:00:00,9999-12-31 00:00:00,0
9736,GGRPHCL_ARS_DEA54,NUTS3_ANCRDT_CLLCTN,1900-01-01 00:00:00,9999-12-31 00:00:00,0
9737,GGRPHCL_ARS_PL218,NUTS3_ANCRDT_CLLCTN,1900-01-01 00:00:00,9999-12-31 00:00:00,0
9738,GGRPHCL_ARS_VN,ISO3166_DSJNT_C_CLLCTN,1900-01-01 00:00:00,9999-12-31 00:00:00,0
9739,GGRPHCL_ARS_IE021,NUTS3_ANCRDT_CLLCTN,1900-01-01 00:00:00,2023-12-31 00:00:00,0
9740,GGRPHCL_ARS_DK014,NUTS3_ANCRDT_CLLCTN,1900-01-01 00:00:00,9999-12-31 00:00:00,0
9741,GGRPHCL_ARS_DKZZZ,NUTS3_ANCRDT_CLLCTN,1900-01-01 00:00:00,9999-12-31 00:00:00,0
9742,GGRPHCL_ARS_IO,ISO3166_DSJNT_C_CLLCTN,1900-01-01 00:00:00,9999-12-31 00:00:00,0
9743,GGRPHCL_ARS_ZW,ISO3166_DSJNT_C_CLLCTN,1900-01-01 00:00:00,9999-12-31 00:00:00,0
9744,GGRPHCL_ARS_FR626,NUTS3_ANCRDT_CLLCTN,1900-01-01 00:00:00,2023-12-31 00:00:00,0
9745,GGRPHCL_ARS_PT16J,NUTS3_ANCRDT_CLLCTN,1900-01-01 00:00:00,2023-12-31 00:00:00,0
9746,GGRPHCL_ARS_UKI43,NUTS3_ANCRDT_CLLCTN,1900-01-01 00:00:00,2021-01-31 00:00:00,0
9747,GGRPHCL_ARS_HRZZZ,NUTS3_ANCRDT_CLLCTN,1900-01-01 00:00:00,9999-12-31 00:00:00,0
9748,GGRPHCL_ARS_HR061,NUTS3_ANCRDT_CLLCTN,1900-01-01 00:00:00,9999-12-31 00:00:00,0
9749,GGRPHCL_ARS_UKC23,NUTS3_ANCRDT_CLLCTN,1900-01-01 00:00:00,2021-01-31 00:00:00,0
9750,GGRPHCL_ARS_PF,ISO3166_DSJNT_C_CLLCTN,1900-01-01 00:00:00,9999-12-31 00:00:00,0
9751,GGRPHCL_ARS_NL422,NUTS3_ANCRDT_CLLCTN,1900-01-01 00:00:00,9999-12-31 00:00:00,0
9752,GGRPHCL_ARS_VI,ISO3166_DSJNT_C_CLLCTN,1900-01-01 00:00:00,9999-12-31 00:00:00,0
9753,GGRPHCL_ARS_ES617,NUTS3_ANCRDT_CLLCTN,1900-01-01 00:00:00,9999-12-31 00:00:00,0
9754,GGRPHCL_ARS_UKL23,NUTS3_ANCRDT_CLLCTN,1900-01-01 00:00:00,2021-01-31 00:00:00,0
9755,GGRPHCL_ARS_UKD45,NUTS3_ANCRDT_CLLCTN,1900-01-01 00:00:00,2021-01-31 00:00:00,0
9756,GGRPHCL_ARS_UKK30,NUTS3_ANCRDT_CLLCTN,1900-01-01 00:00:00,2021-01-31 00:00:00,0
9757,GGRPHCL_ARS_ES411,NUTS3_ANCRDT_CLLCTN,1900-01-01 00:00:00,9999-12-31 00:00:00,0
9758,GGRPHCL_ARS_HR048,NUTS3_ANCRDT_CLLCTN,1900-01-01 00:00:00,2023-12-31 00:00:00,0
9759,GGRPHCL_ARS_TC,ISO3166_DSJNT_C_CLLCTN,1900-01-01 00:00:00,9999-12-31 00:00:00,0
9760,GGRPHCL_ARS_UKG39,NUTS3_ANCRDT_CLLCTN,1900-01-01 00:00:00,2021-01-31 00:00:00,0
9761,GGRPHCL_ARS_ES112,NUTS3_ANCRDT_CLLCTN,1900-01-01 00:00:00,9999-12-31 00:00:00,0
9762,GGRPHCL_ARS_ES521,NUTS3_ANCRDT_CLLCTN,1900-01-01 00:00:00,9999-12-31 00:00:00,0
9763,GGRPHCL_ARS_NL327,NUTS3_ANCRDT_CLLCTN,1900-01-01 00:00:00,9999-12-31 00:00:00,0
9764,GGRPHCL_ARS_UKM66,NUTS3_ANCRDT_CLLCTN,1900-01-01 00:00:00,2021-01-31 00:00:00,0
9765,GGRPHCL_ARS_AT,ISO3166_DSJNT_C_CLLCTN,1900-01-01 00:00:00,9999-12-31 00:00:00,0
9766,GGRPHCL_ARS_NL121,NUTS3_ANCRDT_CLLCTN,1900-01-01 00:00:00,2023-12-31 00:00:00,0
9767,GGRPHCL_ARS_SE123,NUTS3_ANCRDT_CLLCTN,1900-01-01 00:00:00,9999-12-31 00:00:00,0
9768,GGRPHCL_ARS_FR716,NUTS3_ANCRDT_CLLCTN,1900-01-01 00:00:00,2023-12-31 00:00:00,0
9769,GGRPHCL_ARS_KE,ISO3166_DSJNT_C_CLLCTN,1900-01-01 00:00:00,9999-12-31 00:00:00,0
9770,GGRPHCL_ARS_MM,ISO3166_DSJNT_C_CLLCTN,1900-01-01 00:00:00,9999-12-31 00:00:00,0
9771,GGRPHCL_ARS_IE042,NUTS3_ANCRDT_CLLCTN,1900-01-01 00:00:00,9999-12-31 00:00:00,0
9772,GGRPHCL_ARS_FI1D9,NUTS3_ANCRDT_CLLCTN,1900-01-01 00:00:00,9999-12-31 00:00:00,0
9773,GGRPHCL_ARS_DEA42,NUTS3_ANCRDT_CLLCTN,1900-01-01 00:00:00,9999-12-31 00:00:00,0
9774,GGRPHCL_ARS_DE21I,NUTS3_ANCRDT_CLLCTN,1900-01-01 00:00:00,9999-12-31 00:00:00,0
9775,GGRPHCL_ARS_HU322,NUTS3_ANCRDT_CLLCTN,1900-01-01 00:00:00,9999-12-31 00:00:00,0
9776,GGRPHCL_ARS_DE25C,NUTS3_ANCRDT_CLLCTN,1900-01-01 00:00:00,9999-12-31 00:00:00,0
9777,GGRPHCL_ARS_PL824,NUTS3_ANCRDT_CLLCTN,1900-01-01 00:00:00,9999-12-31 00:00:00,0
9778,GGRPHCL_ARS_TD,ISO3166_DSJNT_C_CLLCTN,1900-01-01 00:00:00,9999-12-31 00:00:00,0
9779,GGRPHCL_ARS_AS,ISO3166_DSJNT_C_CLLCTN,1900-01-01 00:00:00,9999-12-31 00:00:00,0
9780,GGRPHCL_ARS_DEA37,NUTS3_ANCRDT_CLLCTN,1900-01-01 00:00:00,9999-12-31 00:00:00,0
9781,GGRPHCL_ARS_DEE04,NUTS3_ANCRDT_CLLCTN,1900-01-01 00:00:00,9999-12-31 00:00:00,0
9782,GGRPHCL_ARS_LU000,NUTS3_ANCRDT_CLLCTN,1900-01-01 00:00:00,9999-12-31 00:00:00,0
9783,GGRPHCL_ARS_DEG02,NUTS3_ANCRDT_CLLCTN,1900-01-01 00:00:00,9999-12-31 00:00:00,0
9784,GGRPHCL_ARS_DE80L,NUTS3_ANCRDT_CLLCTN,1900-01-01 00:00:00,9999-12-31 00:00:00,0
9785,GGRPHCL_ARS_DEB17,NUTS3_ANCRDT_CLLCTN,1900-01-01 00:00:00,9999-12-31 00:00:00,0
9786,GGRPHCL_ARS_DEA1E,NUTS3_ANCRDT_CLLCTN,1900-01-01 00:00:00,9999-12-31 00:00:00,0
9787,GGRPHCL_ARS_DE711,NUTS3_ANCRDT_CLLCTN,1900-01-01 00:00:00,9999-12-31 00:00:00,0
9788,GGRPHCL_ARS_DEF0F,NUTS3_ANCRDT_CLLCTN,1900-01-01 00:00:00,9999-12-31 00:00:00,0
9789,GGRPHCL_ARS_DEB3E,NUTS3_ANCRDT_CLLCTN,1900-01-01 00:00:00,9999-12-31 00:00:00,0
9790,GGRPHCL_ARS_DE124,NUTS3_ANCRDT_CLLCTN,1900-01-01 00:00:00,9999-12-31 00:00:00,0
9791,GGRPHCL_ARS_DE942,NUTS3_ANCRDT_CLLCTN,1900-01-01 00:00:00,9999-12-31 00:00:00,0
9792,GGRPHCL_ARS_MC,ISO3166_DSJNT_C_CLLCTN,1900-01-01 00:00:00,9999-12-31 00:00:00,0
9793,GGRPHCL_ARS_DE271,NUTS3_ANCRDT_CLLCTN,1900-01-01 00:00:00,9999-12-31 00:00:00,0
9794,GGRPHCL_ARS_BE321,NUTS3_ANCRDT_CLLCTN,1900-01-01 00:00:00,2023-12-31 00:00:00,0
9795,GGRPHCL_ARS_DE937,NUTS3_ANCRDT_CLLCTN,1900-01-01 00:00:00,9999-12-31 00:00:00,0
9796,GGRPHCL_ARS_RE,ISO3166_DSJNT_C_CLLCTN,1900-01-01 00:00:00,9999-12-31 00:00:00,0
9797,GGRPHCL_ARS_ITF14,NUTS3_ANCRDT_CLLCTN,1900-01-01 00:00:00,9999-12-31 00:00:00,0
9798,GGRPHCL_ARS_LT003,NUTS3_ANCRDT_CLLCTN,1900-01-01 00:00:00,2023-12-31 00:00:00,0
9799,GGRPHCL_ARS_DEG0U,NUTS3_ANCRDT_CLLCTN,2024-01-01 00:00:00,9999-12-31 00:00:00,0
9800,GGRPHCL_ARS_ITF61,NUTS3_ANCRDT_CLLCTN,1900-01-01 00:00:00,9999-12-31 00:00:00,0
9801,GGRPHCL_ARS_TJ,ISO3166_DSJNT_C_CLLCTN,1900-01-01 00:00:00,9999-12-31 00:00:00,0
9802,GGRPHCL_ARS_ITH32,NUTS3_ANCRDT_CLLCTN,1900-01-01 00:00:00,9999-12-31 00:00:00,0
9803,GGRPHCL_ARS_CZ042,NUTS3_ANCRDT_CLLCTN,1900-01-01 00:00:00,9999-12-31 00:00:00,0
9804,GGRPHCL_ARS_GR,ISO3166_DSJNT_C_CLLCTN,1900-01-01 00:00:00,9999-12-31 00:00:00,0
9805,GGRPHCL_ARS_ITI14,NUTS3_ANCRDT_CLLCTN,1900-01-01 00:00:00,9999-12-31 00:00:00,0
9806,GGRPHCL_ARS_FRA30,NUTS3_ANCRDT_CLLCTN,1900-01-01 00:00:00,2023-12-31 00:00:00,0
9807,GGRPHCL_ARS_RO412,NUTS3_ANCRDT_CLLCTN,1900-01-01 00:00:00,9999-12-31 00:00:00,0
9808,GGRPHCL_ARS_FRF23,NUTS3_ANCRDT_CLLCTN,1900-01-01 00:00:00,9999-12-31 00:00:00,0
9809,GGRPHCL_ARS_AZ,ISO3166_DSJNT_C_CLLCTN,1900-01-01 00:00:00,9999-12-31 00:00:00,0
9810,GGRPHCL_ARS_FRG05,NUTS3_ANCRDT_CLLCTN,1900-01-01 00:00:00,9999-12-31 00:00:00,0
9811,GGRPHCL_ARS_TM,ISO3166_DSJNT_C_CLLCTN,1900-01-01 00:00:00,9999-12-31 00:00:00,0
9812,GGRPHCL_ARS_GU,ISO3166_DSJNT_C_CLLCTN,1900-01-01 00:00:00,9999-12-31 00:00:00,0
9813,GGRPHCL_ARS_FRI23,NUTS3_ANCRDT_CLLCTN,1900-01-01 00:00:00,9999-12-31 00:00:00,0
9814,GGRPHCL_ARS_EL524,NUTS3_ANCRDT_CLLCTN,1900-01-01 00:00:00,9999-12-31 00:00:00,0
9815,GGRPHCL_ARS_FRK25,NUTS3_ANCRDT_CLLCTN,1900-01-01 00:00:00,9999-12-31 00:00:00,0
9816,GGRPHCL_ARS_MD,ISO3166_DSJNT_C_CLLCTN,1900-01-01 00:00:00,9999-12-31 00:00:00,0
9817,GGRPHCL_ARS_FRE11,NUTS3_ANCRDT_CLLCTN,1900-01-01 00:00:00,9999-12-31 00:00:00,0
9818,GGRPHCL_ARS_RO115,NUTS3_ANCRDT_CLLCTN,1900-01-01 00:00:00,9999-12-31 00:00:00,0
9819,GGRPHCL_ARS_LV005,NUTS3_ANCRDT_CLLCTN,1900-01-01 00:00:00,9999-12-31 00:00:00,0
9820,GGRPHCL_ARS_FRC24,NUTS3_ANCRDT_CLLCTN,1900-01-01 00:00:00,9999-12-31 00:00:00,0
9821,GGRPHCL_ARS_EL543,NUTS3_ANCRDT_CLLCTN,1900-01-01 00:00:00,9999-12-31 00:00:00,0
9822,GGRPHCL_ARS_PT300,NUTS3_ANCRDT_CLLCTN,1900-01-01 00:00:00,9999-12-31 00:00:00,0
9823,GGRPHCL_ARS_FRB02,NUTS3_ANCRDT_CLLCTN,1900-01-01 00:00:00,9999-12-31 00:00:00,0
9824,GGRPHCL_ARS_FRF31,NUTS3_ANCRDT_CLLCTN,1900-01-01 00:00:00,9999-12-31 00:00:00,0
9825,GGRPHCL_ARS_RO313,NUTS3_ANCRDT_CLLCTN,1900-01-01 00:00:00,9999-12-31 00:00:00,0
9826,GGRPHCL_ARS_FRM02,NUTS3_ANCRDT_CLLCTN,1900-01-01 00:00:00,9999-12-31 00:00:00,0
9827,GGRPHCL_ARS_FRI31,NUTS3_ANCRDT_CLLCTN,1900-01-01 00:00:00,9999-12-31 00:00:00,0
9828,GGRPHCL_ARS_EL303,NUTS3_ANCRDT_CLLCTN,1900-01-01 00:00:00,9999-12-31 00:00:00,0
9829,GGRPHCL_ARS_TV,ISO3166_DSJNT_C_CLLCTN,1900-01-01 00:00:00,9999-12-31 00:00:00,0
9830,GGRPHCL_ARS_FRJ11,NUTS3_ANCRDT_CLLCTN,1900-01-01 00:00:00,9999-12-31 00:00:00,0
9831,GGRPHCL_ARS_GN,ISO3166_DSJNT_C_CLLCTN,1900-01-01 00:00:00,9999-12-31 00:00:00,0
9832,GGRPHCL_ARS_KP,ISO3166_DSJNT_C_CLLCTN,1900-01-01 00:00:00,9999-12-31 00:00:00,0
9833,GGRPHCL_ARS_UKZZZ,NUTS3_ANCRDT_CLLCTN,1900-01-01 00:00:00,2021-01-31 00:00:00,0
9834,GGRPHCL_ARS_KW,ISO3166_DSJNT_C_CLLCTN,1900-01-01 00:00:00,9999-12-31 00:00:00,0
9835,GGRPHCL_ARS_DE216,NUTS3_ANCRDT_CLLCTN,1900-01-01 00:00:00,9999-12-31 00:00:00,0
9836,GGRPHCL_ARS_DE136,NUTS3_ANCRDT_CLLCTN,1900-01-01 00:00:00,9999-12-31 00:00:00,0
9837,GGRPHCL_ARS_PL12A,NUTS3_ANCRDT_CLLCTN,1900-01-01 00:00:00,2023-12-31 00:00:00,0
9838,GGRPHCL_ARS_DE263,NUTS3_ANCRDT_CLLCTN,1900-01-01 00:00:00,9999-12-31 00:00:00,0
9839,GGRPHCL_ARS_DE229,NUTS3_ANCRDT_CLLCTN,1900-01-01 00:00:00,9999-12-31 00:00:00,0
9840,GGRPHCL_ARS_EE00A,NUTS3_ANCRDT_CLLCTN,1900-01-01 00:00:00,9999-12-31 00:00:00,0
9841,GGRPHCL_ARS_DE925,NUTS3_ANCRDT_CLLCTN,1900-01-01 00:00:00,9999-12-31 00:00:00,0
9842,GGRPHCL_ARS_DE143,NUTS3_ANCRDT_CLLCTN,1900-01-01 00:00:00,9999-12-31 00:00:00,0
9843,GGRPHCL_ARS_DEG0M,NUTS3_ANCRDT_CLLCTN,1900-01-01 00:00:00,9999-12-31 00:00:00,0
9844,GGRPHCL_ARS_DE803,NUTS3_ANCRDT_CLLCTN,1900-01-01 00:00:00,9999-12-31 00:00:00,0
9845,GGRPHCL_ARS_MX,ISO3166_DSJNT_C_CLLCTN,1900-01-01 00:00:00,9999-12-31 00:00:00,0
9846,GGRPHCL_ARS_ITC13,NUTS3_ANCRDT_CLLCTN,1900-01-01 00:00:00,9999-12-31 00:00:00,0
9847,GGRPHCL_ARS_LT011,NUTS3_ANCRDT_CLLCTN,1900-01-01 00:00:00,9999-12-31 00:00:00,0
9848,GGRPHCL_ARS_ITH55,NUTS3_ANCRDT_CLLCTN,1900-01-01 00:00:00,9999-12-31 00:00:00,0
9849,GGRPHCL_ARS_AF,ISO3166_DSJNT_C_CLLCTN,1900-01-01 00:00:00,9999-12-31 00:00:00,0
9850,GGRPHCL_ARS_GI,ISO3166_DSJNT_C_CLLCTN,1900-01-01 00:00:00,9999-12-31 00:00:00,0
9851,GGRPHCL_ARS_ITH20,NUTS3_ANCRDT_CLLCTN,1900-01-01 00:00:00,9999-12-31 00:00:00,0
9852,GGRPHCL_ARS_E$,ISO3166_DSJNT_C_CLLCTN,1900-01-01 00:00:00,9999-12-31 00:00:00,0
9853,GGRPHCL_ARS_ITC4D,NUTS3_ANCRDT_CLLCTN,1900-01-01 00:00:00,9999-12-31 00:00:00,0
9854,GGRPHCL_ARS_MV,ISO3166_DSJNT_C_CLLCTN,1900-01-01 00:00:00,9999-12-31 00:00:00,0
9855,GGRPHCL_ARS_IE025,NUTS3_ANCRDT_CLLCTN,1900-01-01 00:00:00,2023-12-31 00:00:00,0
9856,GGRPHCL_ARS_KY,ISO3166_DSJNT_C_CLLCTN,1900-01-01 00:00:00,9999-12-31 00:00:00,0
9857,GGRPHCL_ARS_DE24A,NUTS3_ANCRDT_CLLCTN,1900-01-01 00:00:00,9999-12-31 00:00:00,0
9858,GGRPHCL_ARS_DED45,NUTS3_ANCRDT_CLLCTN,1900-01-01 00:00:00,9999-12-31 00:00:00,0
9859,GGRPHCL_ARS_GG,ISO3166_DSJNT_C_CLLCTN,1900-01-01 00:00:00,9999-12-31 00:00:00,0
9860,GGRPHCL_ARS_DEF09,NUTS3_ANCRDT_CLLCTN,1900-01-01 00:00:00,9999-12-31 00:00:00,0
9861,GGRPHCL_ARS_DE40A,NUTS3_ANCRDT_CLLCTN,1900-01-01 00:00:00,9999-12-31 00:00:00,0
9862,GGRPHCL_ARS_PL843,NUTS3_ANCRDT_CLLCTN,1900-01-01 00:00:00,9999-12-31 00:00:00,0
9863,GGRPHCL_ARS_PL416,NUTS3_ANCRDT_CLLCTN,1900-01-01 00:00:00,9999-12-31 00:00:00,0
9864,GGRPHCL_ARS_DE11D,NUTS3_ANCRDT_CLLCTN,1900-01-01 00:00:00,9999-12-31 00:00:00,0
9865,GGRPHCL_ARS_AT222,NUTS3_ANCRDT_CLLCTN,1900-01-01 00:00:00,9999-12-31 00:00:00,0
9866,GGRPHCL_ARS_UKI32,NUTS3_ANCRDT_CLLCTN,1900-01-01 00:00:00,2021-01-31 00:00:00,0
9867,GGRPHCL_ARS_ES220,NUTS3_ANCRDT_CLLCTN,1900-01-01 00:00:00,9999-12-31 00:00:00,0
9868,GGRPHCL_ARS_ES613,NUTS3_ANCRDT_CLLCTN,1900-01-01 00:00:00,9999-12-31 00:00:00,0
9869,GGRPHCL_ARS_UKD41,NUTS3_ANCRDT_CLLCTN,1900-01-01 00:00:00,2021-01-31 00:00:00,0
9870,GGRPHCL_ARS_UKH14,NUTS3_ANCRDT_CLLCTN,1900-01-01 00:00:00,2021-01-31 00:00:00,0
9871,GGRPHCL_ARS_ES533,NUTS3_ANCRDT_CLLCTN,1900-01-01 00:00:00,9999-12-31 00:00:00,0
9872,GGRPHCL_ARS_ES415,NUTS3_ANCRDT_CLLCTN,1900-01-01 00:00:00,9999-12-31 00:00:00,0
9873,GGRPHCL_ARS_UKJ12,NUTS3_ANCRDT_CLLCTN,1900-01-01 00:00:00,2021-01-31 00:00:00,0
9874,GGRPHCL_ARS_UKE12,NUTS3_ANCRDT_CLLCTN,1900-01-01 00:00:00,2021-01-31 00:00:00,0
9875,GGRPHCL_ARS_NL213,NUTS3_ANCRDT_CLLCTN,1900-01-01 00:00:00,9999-12-31 00:00:00,0
9876,GGRPHCL_ARS_HR065,NUTS3_ANCRDT_CLLCTN,1900-01-01 00:00:00,9999-12-31 00:00:00,0
9877,GGRPHCL_ARS_UKD34,NUTS3_ANCRDT_CLLCTN,1900-01-01 00:00:00,2021-01-31 00:00:00,0
9878,GGRPHCL_ARS_AO,ISO3166_DSJNT_C_CLLCTN,1900-01-01 00:00:00,9999-12-31 00:00:00,0
9879,GGRPHCL_ARS_UKL18,NUTS3_ANCRDT_CLLCTN,1900-01-01 00:00:00,2021-01-31 00:00:00,0
9880,GGRPHCL_ARS_RW,ISO3166_DSJNT_C_CLLCTN,1900-01-01 00:00:00,9999-12-31 00:00:00,0
9881,GGRPHCL_ARS_UKK41,NUTS3_ANCRDT_CLLCTN,1900-01-01 00:00:00,2021-01-31 00:00:00,0
9882,GGRPHCL_ARS_NL133,NUTS3_ANCRDT_CLLCTN,1900-01-01 00:00:00,9999-12-31 00:00:00,0
9883,GGRPHCL_ARS_FR264,NUTS3_ANCRDT_CLLCTN,1900-01-01 00:00:00,2023-12-31 00:00:00,0
9884,GGRPHCL_ARS_MQ,ISO3166_DSJNT_C_CLLCTN,1900-01-01 00:00:00,9999-12-31 00:00:00,0
9885,GGRPHCL_ARS_SE211,NUTS3_ANCRDT_CLLCTN,1900-01-01 00:00:00,9999-12-31 00:00:00,0
9886,GGRPHCL_ARS_FR622,NUTS3_ANCRDT_CLLCTN,1900-01-01 00:00:00,2023-12-31 00:00:00,0
9887,GGRPHCL_ARS_FR211,NUTS3_ANCRDT_CLLCTN,1900-01-01 00:00:00,2023-12-31 00:00:00,0
9888,GGRPHCL_ARS_ST,ISO3166_DSJNT_C_CLLCTN,1900-01-01 00:00:00,9999-12-31 00:00:00,0
9889,GGRPHCL_ARS_DK041,NUTS3_ANCRDT_CLLCTN,1900-01-01 00:00:00,9999-12-31 00:00:00,0
9890,GGRPHCL_ARS_ITG2F,NUTS3_ANCRDT_CLLCTN,1900-01-01 00:00:00,9999-12-31 00:00:00,0
9891,GGRPHCL_ARS_FI1C5,NUTS3_ANCRDT_CLLCTN,1900-01-01 00:00:00,9999-12-31 00:00:00,0
9892,GGRPHCL_ARS_PL812,NUTS3_ANCRDT_CLLCTN,1900-01-01 00:00:00,9999-12-31 00:00:00,0
9893,GGRPHCL_ARS_HU232,NUTS3_ANCRDT_CLLCTN,1900-01-01 00:00:00,9999-12-31 00:00:00,0
9894,GGRPHCL_ARS_YE,ISO3166_DSJNT_C_CLLCTN,1900-01-01 00:00:00,9999-12-31 00:00:00,0
9895,GGRPHCL_ARS_EE007,NUTS3_ANCRDT_CLLCTN,1900-01-01 00:00:00,2023-12-31 00:00:00,0
9896,GGRPHCL_ARS_PL432,NUTS3_ANCRDT_CLLCTN,1900-01-01 00:00:00,9999-12-31 00:00:00,0
9897,GGRPHCL_ARS_LR,ISO3166_DSJNT_C_CLLCTN,1900-01-01 00:00:00,9999-12-31 00:00:00,0
9898,GGRPHCL_ARS_PL127,NUTS3_ANCRDT_CLLCTN,1900-01-01 00:00:00,2023-12-31 00:00:00,0
9899,GGRPHCL_ARS_PL514,NUTS3_ANCRDT_CLLCTN,1900-01-01 00:00:00,9999-12-31 00:00:00,0
9900,GGRPHCL_ARS_DEB21,NUTS3_ANCRDT_CLLCTN,1900-01-01 00:00:00,9999-12-31 00:00:00,0
9901,GGRPHCL_ARS_PL634,NUTS3_ANCRDT_CLLCTN,1900-01-01 00:00:00,9999-12-31 00:00:00,0
9902,GGRPHCL_ARS_PL712,NUTS3_ANCRDT_CLLCTN,1900-01-01 00:00:00,9999-12-31 00:00:00,0
9903,GGRPHCL_ARS_AT126,NUTS3_ANCRDT_CLLCTN,1900-01-01 00:00:00,9999-12-31 00:00:00,0
9904,GGRPHCL_ARS_UKJ36,NUTS3_ANCRDT_CLLCTN,1900-01-01 00:00:00,2021-01-31 00:00:00,0
9905,GGRPHCL_ARS_UKN05,NUTS3_ANCRDT_CLLCTN,1900-01-01 00:00:00,2021-01-31 00:00:00,0
9906,GGRPHCL_ARS_ES431,NUTS3_ANCRDT_CLLCTN,1900-01-01 00:00:00,9999-12-31 00:00:00,0
9907,GGRPHCL_ARS_HR034,NUTS3_ANCRDT_CLLCTN,1900-01-01 00:00:00,9999-12-31 00:00:00,0
9908,GGRPHCL_ARS_UKM25,NUTS3_ANCRDT_CLLCTN,1900-01-01 00:00:00,2021-01-31 00:00:00,0
9909,GGRPHCL_ARS_NL365,NUTS3_ANCRDT_CLLCTN,2024-01-01 00:00:00,9999-12-31 00:00:00,0
9910,GGRPHCL_ARS_FI199,NUTS3_ANCRDT_CLLCTN,2024-01-01 00:00:00,9999-12-31 00:00:00,0
9911,GGRPHCL_ARS_UKF16,NUTS3_ANCRDT_CLLCTN,1900-01-01 00:00:00,2021-01-31 00:00:00,0
9912,GGRPHCL_ARS_UKJ43,NUTS3_ANCRDT_CLLCTN,1900-01-01 00:00:00,2021-01-31 00:00:00,0
9913,GGRPHCL_ARS_HR041,NUTS3_ANCRDT_CLLCTN,1900-01-01 00:00:00,2023-12-31 00:00:00,0
9914,GGRPHCL_ARS_LU,ISO3166_DSJNT_C_CLLCTN,1900-01-01 00:00:00,9999-12-31 00:00:00,0
9915,GGRPHCL_ARS_UKI63,NUTS3_ANCRDT_CLLCTN,1900-01-01 00:00:00,2021-01-31 00:00:00,0
9916,GGRPHCL_ARS_UKM50,NUTS3_ANCRDT_CLLCTN,1900-01-01 00:00:00,2021-01-31 00:00:00,0
9917,GGRPHCL_ARS_SE313,NUTS3_ANCRDT_CLLCTN,1900-01-01 00:00:00,9999-12-31 00:00:00,0
9918,GGRPHCL_ARS_SS,ISO3166_DSJNT_C_CLLCTN,1900-01-01 00:00:00,9999-12-31 00:00:00,0
9919,GGRPHCL_ARS_LV00B,NUTS3_ANCRDT_CLLCTN,2024-01-01 00:00:00,9999-12-31 00:00:00,0
9920,GGRPHCL_ARS_RO211,NUTS3_ANCRDT_CLLCTN,1900-01-01 00:00:00,9999-12-31 00:00:00,0
9921,GGRPHCL_ARS_FRD13,NUTS3_ANCRDT_CLLCTN,1900-01-01 00:00:00,9999-12-31 00:00:00,0
9922,GGRPHCL_ARS_RO424,NUTS3_ANCRDT_CLLCTN,1900-01-01 00:00:00,9999-12-31 00:00:00,0
9923,GGRPHCL_ARS_EL512,NUTS3_ANCRDT_CLLCTN,1900-01-01 00:00:00,9999-12-31 00:00:00,0
9924,GGRPHCL_ARS_EL434,NUTS3_ANCRDT_CLLCTN,1900-01-01 00:00:00,9999-12-31 00:00:00,0
9925,GGRPHCL_ARS_FRK13,NUTS3_ANCRDT_CLLCTN,1900-01-01 00:00:00,9999-12-31 00:00:00,0
9926,GGRPHCL_ARS_EL632,NUTS3_ANCRDT_CLLCTN,1900-01-01 00:00:00,9999-12-31 00:00:00,0
9927,GGRPHCL_ARS_FRI15,NUTS3_ANCRDT_CLLCTN,1900-01-01 00:00:00,9999-12-31 00:00:00,0
9928,GGRPHCL_ARS_FJ,ISO3166_DSJNT_C_CLLCTN,1900-01-01 00:00:00,9999-12-31 00:00:00,0
9929,GGRPHCL_ARS_NL33C,NUTS3_ANCRDT_CLLCTN,1900-01-01 00:00:00,2023-12-31 00:00:00,0
9930,GGRPHCL_ARS_DE407,NUTS3_ANCRDT_CLLCTN,1900-01-01 00:00:00,9999-12-31 00:00:00,0
9931,GGRPHCL_ARS_DE112,NUTS3_ANCRDT_CLLCTN,1900-01-01 00:00:00,9999-12-31 00:00:00,0
9932,GGRPHCL_ARS_BE328,NUTS3_ANCRDT_CLLCTN,1900-01-01 00:00:00,9999-12-31 00:00:00,0
9933,GGRPHCL_ARS_DE232,NUTS3_ANCRDT_CLLCTN,1900-01-01 00:00:00,9999-12-31 00:00:00,0
9934,GGRPHCL_ARS_DE278,NUTS3_ANCRDT_CLLCTN,1900-01-01 00:00:00,9999-12-31 00:00:00,0
9935,GGRPHCL_ARS_FM,ISO3166_DSJNT_C_CLLCTN,1900-01-01 00:00:00,9999-12-31 00:00:00,0
9936,GGRPHCL_ARS_DEA2C,NUTS3_ANCRDT_CLLCTN,1900-01-01 00:00:00,9999-12-31 00:00:00,0
9937,GGRPHCL_ARS_SZ,ISO3166_DSJNT_C_CLLCTN,1900-01-01 00:00:00,9999-12-31 00:00:00,0
9938,GGRPHCL_ARS_BE231,NUTS3_ANCRDT_CLLCTN,1900-01-01 00:00:00,9999-12-31 00:00:00,0
9939,GGRPHCL_ARS_DE247,NUTS3_ANCRDT_CLLCTN,1900-01-01 00:00:00,9999-12-31 00:00:00,0
9940,GGRPHCL_ARS_DE718,NUTS3_ANCRDT_CLLCTN,1900-01-01 00:00:00,9999-12-31 00:00:00,0
9941,GGRPHCL_ARS_-99,ISO3166_DSJNT_S_STGNG,1900-01-01 00:00:00,9999-12-31 00:00:00,0
9942,GGRPHCL_ARS_ITF22,NUTS3_ANCRDT_CLLCTN,1900-01-01 00:00:00,9999-12-31 00:00:00,0
9943,GGRPHCL_ARS_ITI22,NUTS3_ANCRDT_CLLCTN,1900-01-01 00:00:00,9999-12-31 00:00:00,0
9944,GGRPHCL_ARS_ITC42,NUTS3_ANCRDT_CLLCTN,1900-01-01 00:00:00,9999-12-31 00:00:00,0
9945,GGRPHCL_ARS_DEG0D,NUTS3_ANCRDT_CLLCTN,1900-01-01 00:00:00,9999-12-31 00:00:00,0
9946,GGRPHCL_ARS_BE256,NUTS3_ANCRDT_CLLCTN,1900-01-01 00:00:00,9999-12-31 00:00:00,0
9947,GGRPHCL_ARS_DEB1A,NUTS3_ANCRDT_CLLCTN,1900-01-01 00:00:00,9999-12-31 00:00:00,0
9948,GGRPHCL_ARS_N$,ISO3166_DSJNT_C_CLLCTN,1900-01-01 00:00:00,9999-12-31 00:00:00,0
9949,GGRPHCL_ARS_DE735,NUTS3_ANCRDT_CLLCTN,1900-01-01 00:00:00,9999-12-31 00:00:00,0
9950,GGRPHCL_ARS_DEE0B,NUTS3_ANCRDT_CLLCTN,1900-01-01 00:00:00,9999-12-31 00:00:00,0
9951,GGRPHCL_ARS_DED2D,NUTS3_ANCRDT_CLLCTN,1900-01-01 00:00:00,9999-12-31 00:00:00,0
9952,GGRPHCL_ARS_DE913,NUTS3_ANCRDT_CLLCTN,1900-01-01 00:00:00,9999-12-31 00:00:00,0
9953,GGRPHCL_ARS_BE223,NUTS3_ANCRDT_CLLCTN,1900-01-01 00:00:00,9999-12-31 00:00:00,0
9954,GGRPHCL_ARS_SA,ISO3166_DSJNT_C_CLLCTN,1900-01-01 00:00:00,9999-12-31 00:00:00,0
9955,GGRPHCL_ARS_DE255,NUTS3_ANCRDT_CLLCTN,1900-01-01 00:00:00,9999-12-31 00:00:00,0
9956,GGRPHCL_ARS_SI035,NUTS3_ANCRDT_CLLCTN,1900-01-01 00:00:00,9999-12-31 00:00:00,0
9957,GGRPHCL_ARS_ITI45,NUTS3_ANCRDT_CLLCTN,1900-01-01 00:00:00,9999-12-31 00:00:00,0
9958,GGRPHCL_ARS_LT027,NUTS3_ANCRDT_CLLCTN,1900-01-01 00:00:00,9999-12-31 00:00:00,0
9959,GGRPHCL_ARS_ITG16,NUTS3_ANCRDT_CLLCTN,1900-01-01 00:00:00,9999-12-31 00:00:00,0
9960,GGRPHCL_ARS_ITG29,NUTS3_ANCRDT_CLLCTN,1900-01-01 00:00:00,2023-12-31 00:00:00,0
9961,GGRPHCL_ARS_ITF45,NUTS3_ANCRDT_CLLCTN,1900-01-01 00:00:00,9999-12-31 00:00:00,0
9962,GGRPHCL_ARS_FRC12,NUTS3_ANCRDT_CLLCTN,1900-01-01 00:00:00,9999-12-31 00:00:00,0
9963,GGRPHCL_ARS_RO123,NUTS3_ANCRDT_CLLCTN,1900-01-01 00:00:00,9999-12-31 00:00:00,0
9964,GGRPHCL_ARS_FRJ27,NUTS3_ANCRDT_CLLCTN,1900-01-01 00:00:00,9999-12-31 00:00:00,0
9965,GGRPHCL_ARS_JO,ISO3166_DSJNT_C_CLLCTN,1900-01-01 00:00:00,9999-12-31 00:00:00,0
9966,GGRPHCL_ARS_PT191,NUTS3_ANCRDT_CLLCTN,2024-01-01 00:00:00,9999-12-31 00:00:00,0
9967,GGRPHCL_ARS_BG311,NUTS3_ANCRDT_CLLCTN,1900-01-01 00:00:00,9999-12-31 00:00:00,0
9968,GGRPHCL_ARS_SK021,NUTS3_ANCRDT_CLLCTN,1900-01-01 00:00:00,9999-12-31 00:00:00,0
9969,GGRPHCL_ARS_ES423,NUTS3_ANCRDT_CLLCTN,1900-01-01 00:00:00,9999-12-31 00:00:00,0
9970,GGRPHCL_ARS_ES703,NUTS3_ANCRDT_CLLCTN,1900-01-01 00:00:00,9999-12-31 00:00:00,0
9971,GGRPHCL_ARS_UKM37,NUTS3_ANCRDT_CLLCTN,1900-01-01 00:00:00,2021-01-31 00:00:00,0
9972,GGRPHCL_ARS_HR026,NUTS3_ANCRDT_CLLCTN,1900-01-01 00:00:00,9999-12-31 00:00:00,0
9973,GGRPHCL_ARS_UKL11,NUTS3_ANCRDT_CLLCTN,1900-01-01 00:00:00,2021-01-31 00:00:00,0
9974,GGRPHCL_ARS_UKG22,NUTS3_ANCRDT_CLLCTN,1900-01-01 00:00:00,2021-01-31 00:00:00,0
9975,GGRPHCL_ARS_UKC11,NUTS3_ANCRDT_CLLCTN,1900-01-01 00:00:00,2021-01-31 00:00:00,0
9976,GGRPHCL_ARS_NL225,NUTS3_ANCRDT_CLLCTN,1900-01-01 00:00:00,9999-12-31 00:00:00,0
9977,GGRPHCL_ARS_UKI71,NUTS3_ANCRDT_CLLCTN,1900-01-01 00:00:00,2021-01-31 00:00:00,0
9978,GGRPHCL_ARS_FR832,NUTS3_ANCRDT_CLLCTN,1900-01-01 00:00:00,2023-12-31 00:00:00,0
9979,GGRPHCL_ARS_SH,ISO3166_DSJNT_C_CLLCTN,1900-01-01 00:00:00,9999-12-31 00:00:00,0
9980,GGRPHCL_ARS_FR252,NUTS3_ANCRDT_CLLCTN,1900-01-01 00:00:00,2023-12-31 00:00:00,0
9981,GGRPHCL_ARS_PT16G,NUTS3_ANCRDT_CLLCTN,1900-01-01 00:00:00,2023-12-31 00:00:00,0
9982,GGRPHCL_ARS_FR412,NUTS3_ANCRDT_CLLCTN,1900-01-01 00:00:00,2023-12-31 00:00:00,0
9983,GGRPHCL_ARS_FR107,NUTS3_ANCRDT_CLLCTN,1900-01-01 00:00:00,9999-12-31 00:00:00,0
9984,GGRPHCL_ARS_FR534,NUTS3_ANCRDT_CLLCTN,1900-01-01 00:00:00,2023-12-31 00:00:00,0
9985,GGRPHCL_ARS_FR614,NUTS3_ANCRDT_CLLCTN,1900-01-01 00:00:00,2023-12-31 00:00:00,0
9986,GGRPHCL_ARS_PT11B,NUTS3_ANCRDT_CLLCTN,1900-01-01 00:00:00,9999-12-31 00:00:00,0
9987,GGRPHCL_ARS_FR301,NUTS3_ANCRDT_CLLCTN,1900-01-01 00:00:00,2023-12-31 00:00:00,0
9988,GGRPHCL_ARS_UG,ISO3166_DSJNT_C_CLLCTN,1900-01-01 00:00:00,9999-12-31 00:00:00,0
9989,GGRPHCL_ARS_SO,ISO3166_DSJNT_C_CLLCTN,1900-01-01 00:00:00,9999-12-31 00:00:00,0
9990,GGRPHCL_ARS_MTZZZ,NUTS3_ANCRDT_CLLCTN,1900-01-01 00:00:00,9999-12-31 00:00:00,0
9991,GGRPHCL_ARS_IE013,NUTS3_ANCRDT_CLLCTN,1900-01-01 00:00:00,2023-12-31 00:00:00,0
9992,GGRPHCL_ARS_DE40H,NUTS3_ANCRDT_CLLCTN,1900-01-01 00:00:00,9999-12-31 00:00:00,0
9993,GGRPHCL_ARS_PL926,NUTS3_ANCRDT_CLLCTN,1900-01-01 00:00:00,9999-12-31 00:00:00,0
9994,GGRPHCL_ARS_DE93A,NUTS3_ANCRDT_CLLCTN,1900-01-01 00:00:00,9999-12-31 00:00:00,0
9995,GGRPHCL_ARS_PL619,NUTS3_ANCRDT_CLLCTN,1900-01-01 00:00:00,9999-12-31 00:00:00,0
9996,GGRPHCL_ARS_AT332,NUTS3_ANCRDT_CLLCTN,1900-01-01 00:00:00,9999-12-31 00:00:00,0
9997,GGRPHCL_ARS_DEB33,NUTS3_ANCRDT_CLLCTN,1900-01-01 00:00:00,9999-12-31 00:00:00,0
9998,GGRPHCL_ARS_DE12B,NUTS3_ANCRDT_CLLCTN,1900-01-01 00:00:00,9999-12-31 00:00:00,0
9999,GGRPHCL_ARS_DE94D,NUTS3_ANCRDT_CLLCTN,1900-01-01 00:00:00,9999-12-31 00:00:00,0
10000,GGRPHCL_ARS_DEA59,NUTS3_ANCRDT_CLLCTN,1900-01-01 00:00:00,9999-12-31 00:00:00,0
10001,GGRPHCL_ARS_DEA13,NUTS3_ANCRDT_CLLCTN,1900-01-01 00:00:00,9999-12-31 00:00:00,0
10002,GGRPHCL_ARS_LI,ISO3166_DSJNT_C_CLLCTN,1900-01-01 00:00:00,9999-12-31 00:00:00,0
10003,GGRPHCL_ARS_SI037,NUTS3_ANCRDT_CLLCTN,1900-01-01 00:00:00,9999-12-31 00:00:00,0
10004,GGRPHCL_ARS_DE257,NUTS3_ANCRDT_CLLCTN,1900-01-01 00:00:00,9999-12-31 00:00:00,0
10005,GGRPHCL_ARS_DE911,NUTS3_ANCRDT_CLLCTN,1900-01-01 00:00:00,9999-12-31 00:00:00,0
10006,GGRPHCL_ARS_BE221,NUTS3_ANCRDT_CLLCTN,1900-01-01 00:00:00,2023-12-31 00:00:00,0
10007,GGRPHCL_ARS_BV,ISO3166_DSJNT_C_CLLCTN,1900-01-01 00:00:00,9999-12-31 00:00:00,0
10008,GGRPHCL_ARS_DE737,NUTS3_ANCRDT_CLLCTN,1900-01-01 00:00:00,9999-12-31 00:00:00,0
10009,GGRPHCL_ARS_DE268,NUTS3_ANCRDT_CLLCTN,1900-01-01 00:00:00,9999-12-31 00:00:00,0
10010,GGRPHCL_ARS_DED2F,NUTS3_ANCRDT_CLLCTN,1900-01-01 00:00:00,9999-12-31 00:00:00,0
10011,GGRPHCL_ARS_DE222,NUTS3_ANCRDT_CLLCTN,1900-01-01 00:00:00,9999-12-31 00:00:00,0
10012,GGRPHCL_ARS_SI042,NUTS3_ANCRDT_CLLCTN,1900-01-01 00:00:00,9999-12-31 00:00:00,0
10013,GGRPHCL_ARS_DE148,NUTS3_ANCRDT_CLLCTN,1900-01-01 00:00:00,9999-12-31 00:00:00,0
10014,GGRPHCL_ARS_DEG0F,NUTS3_ANCRDT_CLLCTN,1900-01-01 00:00:00,2023-12-31 00:00:00,0
10015,GGRPHCL_ARS_BE254,NUTS3_ANCRDT_CLLCTN,1900-01-01 00:00:00,9999-12-31 00:00:00,0
10016,GGRPHCL_ARS_DEB1C,NUTS3_ANCRDT_CLLCTN,1900-01-01 00:00:00,9999-12-31 00:00:00,0
10017,GGRPHCL_ARS_ITC18,NUTS3_ANCRDT_CLLCTN,1900-01-01 00:00:00,9999-12-31 00:00:00,0
10018,GGRPHCL_ARS_ITF47,NUTS3_ANCRDT_CLLCTN,1900-01-01 00:00:00,9999-12-31 00:00:00,0
10019,GGRPHCL_ARS_ITI32,NUTS3_ANCRDT_CLLCTN,1900-01-01 00:00:00,9999-12-31 00:00:00,0
10020,GGRPHCL_ARS_CZ064,NUTS3_ANCRDT_CLLCTN,1900-01-01 00:00:00,9999-12-31 00:00:00,0
10021,GGRPHCL_ARS_ITG14,NUTS3_ANCRDT_CLLCTN,1900-01-01 00:00:00,9999-12-31 00:00:00,0
10022,GGRPHCL_ARS_ITF32,NUTS3_ANCRDT_CLLCTN,1900-01-01 00:00:00,9999-12-31 00:00:00,0
10023,GGRPHCL_ARS_LT025,NUTS3_ANCRDT_CLLCTN,1900-01-01 00:00:00,9999-12-31 00:00:00,0
10024,GGRPHCL_ARS_PTZZZ,NUTS3_ANCRDT_CLLCTN,1900-01-01 00:00:00,9999-12-31 00:00:00,0
10025,GGRPHCL_ARS_EL622,NUTS3_ANCRDT_CLLCTN,1900-01-01 00:00:00,9999-12-31 00:00:00,0
10026,GGRPHCL_ARS_FRJ25,NUTS3_ANCRDT_CLLCTN,1900-01-01 00:00:00,9999-12-31 00:00:00,0
10027,GGRPHCL_ARS_RO121,NUTS3_ANCRDT_CLLCTN,1900-01-01 00:00:00,9999-12-31 00:00:00,0
10028,GGRPHCL_ARS_NO,ISO3166_DSJNT_C_CLLCTN,1900-01-01 00:00:00,9999-12-31 00:00:00,0
10029,GGRPHCL_ARS_SK023,NUTS3_ANCRDT_CLLCTN,1900-01-01 00:00:00,9999-12-31 00:00:00,0
10030,GGRPHCL_ARS_BQ,ISO3166_DSJNT_C_CLLCTN,1900-01-01 00:00:00,9999-12-31 00:00:00,0
10031,GGRPHCL_ARS_BG313,NUTS3_ANCRDT_CLLCTN,1900-01-01 00:00:00,9999-12-31 00:00:00,0
10032,GGRPHCL_ARS_PT193,NUTS3_ANCRDT_CLLCTN,2024-01-01 00:00:00,9999-12-31 00:00:00,0
10033,GGRPHCL_ARS_NL32B,NUTS3_ANCRDT_CLLCTN,2024-01-01 00:00:00,9999-12-31 00:00:00,0
10034,GGRPHCL_ARS_WF,ISO3166_DSJNT_C_CLLCTN,1900-01-01 00:00:00,9999-12-31 00:00:00,0
10035,GGRPHCL_ARS_UKI73,NUTS3_ANCRDT_CLLCTN,1900-01-01 00:00:00,2021-01-31 00:00:00,0
10036,GGRPHCL_ARS_ES618,NUTS3_ANCRDT_CLLCTN,1900-01-01 00:00:00,9999-12-31 00:00:00,0
10037,GGRPHCL_ARS_NA,ISO3166_DSJNT_C_CLLCTN,1900-01-01 00:00:00,9999-12-31 00:00:00,0
10038,GGRPHCL_ARS_NL412,NUTS3_ANCRDT_CLLCTN,1900-01-01 00:00:00,2023-12-31 00:00:00,0
10039,GGRPHCL_ARS_UKC13,NUTS3_ANCRDT_CLLCTN,1900-01-01 00:00:00,2021-01-31 00:00:00,0
10040,GGRPHCL_ARS_UKM35,NUTS3_ANCRDT_CLLCTN,1900-01-01 00:00:00,2021-01-31 00:00:00,0
10041,GGRPHCL_ARS_HR024,NUTS3_ANCRDT_CLLCTN,1900-01-01 00:00:00,9999-12-31 00:00:00,0
10042,GGRPHCL_ARS_UKL13,NUTS3_ANCRDT_CLLCTN,1900-01-01 00:00:00,2021-01-31 00:00:00,0
10043,GGRPHCL_ARS_HN,ISO3166_DSJNT_C_CLLCTN,1900-01-01 00:00:00,9999-12-31 00:00:00,0
10044,GGRPHCL_ARS_UKJ26,NUTS3_ANCRDT_CLLCTN,1900-01-01 00:00:00,2021-01-31 00:00:00,0
10045,GGRPHCL_ARS_UKN15,NUTS3_ANCRDT_CLLCTN,1900-01-01 00:00:00,2021-01-31 00:00:00,0
10046,GGRPHCL_ARS_ES421,NUTS3_ANCRDT_CLLCTN,1900-01-01 00:00:00,9999-12-31 00:00:00,0
10047,GGRPHCL_ARS_FR105,NUTS3_ANCRDT_CLLCTN,1900-01-01 00:00:00,9999-12-31 00:00:00,0
10048,GGRPHCL_ARS_UKM95,NUTS3_ANCRDT_CLLCTN,1900-01-01 00:00:00,2021-01-31 00:00:00,0
10049,GGRPHCL_ARS_PT16E,NUTS3_ANCRDT_CLLCTN,1900-01-01 00:00:00,2023-12-31 00:00:00,0
10050,GGRPHCL_ARS_IE011,NUTS3_ANCRDT_CLLCTN,1900-01-01 00:00:00,2023-12-31 00:00:00,0
10051,GGRPHCL_ARS_ITZZZ,NUTS3_ANCRDT_CLLCTN,1900-01-01 00:00:00,9999-12-31 00:00:00,0
10052,GGRPHCL_ARS_PL331,NUTS3_ANCRDT_CLLCTN,1900-01-01 00:00:00,2023-12-31 00:00:00,0
10053,GGRPHCL_ARS_DEA11,NUTS3_ANCRDT_CLLCTN,1900-01-01 00:00:00,9999-12-31 00:00:00,0
10054,GGRPHCL_ARS_PL217,NUTS3_ANCRDT_CLLCTN,1900-01-01 00:00:00,9999-12-31 00:00:00,0
10055,GGRPHCL_ARS_DE71E,NUTS3_ANCRDT_CLLCTN,1900-01-01 00:00:00,9999-12-31 00:00:00,0
10056,GGRPHCL_ARS_DEF02,NUTS3_ANCRDT_CLLCTN,1900-01-01 00:00:00,9999-12-31 00:00:00,0
10057,GGRPHCL_ARS_DEB31,NUTS3_ANCRDT_CLLCTN,1900-01-01 00:00:00,9999-12-31 00:00:00,0
10058,GGRPHCL_ARS_NF,ISO3166_DSJNT_C_CLLCTN,1900-01-01 00:00:00,9999-12-31 00:00:00,0
10059,GGRPHCL_ARS_DE94F,NUTS3_ANCRDT_CLLCTN,1900-01-01 00:00:00,9999-12-31 00:00:00,0
10060,GGRPHCL_ARS_PL344,NUTS3_ANCRDT_CLLCTN,1900-01-01 00:00:00,2023-12-31 00:00:00,0
10061,GGRPHCL_ARS_DE27E,NUTS3_ANCRDT_CLLCTN,1900-01-01 00:00:00,9999-12-31 00:00:00,0
10062,GGRPHCL_ARS_PL228,NUTS3_ANCRDT_CLLCTN,1900-01-01 00:00:00,9999-12-31 00:00:00,0
10063,GGRPHCL_ARS_HU222,NUTS3_ANCRDT_CLLCTN,1900-01-01 00:00:00,9999-12-31 00:00:00,0
10064,GGRPHCL_ARS_HU102,NUTS3_ANCRDT_CLLCTN,1900-01-01 00:00:00,2023-12-31 00:00:00,0
10065,GGRPHCL_ARS_PL924,NUTS3_ANCRDT_CLLCTN,1900-01-01 00:00:00,9999-12-31 00:00:00,0
10066,GGRPHCL_ARS_ITG2D,NUTS3_ANCRDT_CLLCTN,1900-01-01 00:00:00,9999-12-31 00:00:00,0
10067,GGRPHCL_ARS_FI1C6,NUTS3_ANCRDT_CLLCTN,2024-01-01 00:00:00,9999-12-31 00:00:00,0
10068,GGRPHCL_ARS_FI1D2,NUTS3_ANCRDT_CLLCTN,1900-01-01 00:00:00,2023-12-31 00:00:00,0
10069,GGRPHCL_ARS_PL636,NUTS3_ANCRDT_CLLCTN,1900-01-01 00:00:00,9999-12-31 00:00:00,0
10070,GGRPHCL_ARS_DE21B,NUTS3_ANCRDT_CLLCTN,1900-01-01 00:00:00,9999-12-31 00:00:00,0
10071,GGRPHCL_ARS_PL323,NUTS3_ANCRDT_CLLCTN,1900-01-01 00:00:00,2023-12-31 00:00:00,0
10072,GGRPHCL_ARS_AT124,NUTS3_ANCRDT_CLLCTN,1900-01-01 00:00:00,9999-12-31 00:00:00,0
10073,GGRPHCL_ARS_DEC05,NUTS3_ANCRDT_CLLCTN,1900-01-01 00:00:00,9999-12-31 00:00:00,0
10074,GGRPHCL_ARS_PL516,NUTS3_ANCRDT_CLLCTN,1900-01-01 00:00:00,9999-12-31 00:00:00,0
10075,GGRPHCL_ARS_DEB23,NUTS3_ANCRDT_CLLCTN,1900-01-01 00:00:00,9999-12-31 00:00:00,0
10076,GGRPHCL_ARS_AT322,NUTS3_ANCRDT_CLLCTN,1900-01-01 00:00:00,9999-12-31 00:00:00,0
10077,GGRPHCL_ARS_HR,ISO3166_DSJNT_C_CLLCTN,1900-01-01 00:00:00,9999-12-31 00:00:00,0
10078,GGRPHCL_ARS_DEG09,NUTS3_ANCRDT_CLLCTN,1900-01-01 00:00:00,9999-12-31 00:00:00,0
10079,GGRPHCL_ARS_HU110,NUTS3_ANCRDT_CLLCTN,1900-01-01 00:00:00,9999-12-31 00:00:00,0
10080,GGRPHCL_ARS_UKD12,NUTS3_ANCRDT_CLLCTN,1900-01-01 00:00:00,2021-01-31 00:00:00,0
10081,GGRPHCL_ARS_ES640,NUTS3_ANCRDT_CLLCTN,1900-01-01 00:00:00,9999-12-31 00:00:00,0
10082,GGRPHCL_ARS_HR043,NUTS3_ANCRDT_CLLCTN,1900-01-01 00:00:00,2023-12-31 00:00:00,0
10083,GGRPHCL_ARS_UKI61,NUTS3_ANCRDT_CLLCTN,1900-01-01 00:00:00,2021-01-31 00:00:00,0
10084,GGRPHCL_ARS_NZ,ISO3166_DSJNT_C_CLLCTN,1900-01-01 00:00:00,9999-12-31 00:00:00,0
10085,GGRPHCL_ARS_UKF14,NUTS3_ANCRDT_CLLCTN,1900-01-01 00:00:00,2021-01-31 00:00:00,0
10086,GGRPHCL_ARS_UKJ41,NUTS3_ANCRDT_CLLCTN,1900-01-01 00:00:00,2021-01-31 00:00:00,0
10087,GGRPHCL_ARS_UKG32,NUTS3_ANCRDT_CLLCTN,1900-01-01 00:00:00,2021-01-31 00:00:00,0
10088,GGRPHCL_ARS_NL114,NUTS3_ANCRDT_CLLCTN,2024-01-01 00:00:00,9999-12-31 00:00:00,0
10089,GGRPHCL_ARS_HR036,NUTS3_ANCRDT_CLLCTN,1900-01-01 00:00:00,9999-12-31 00:00:00,0
10090,GGRPHCL_ARS_UKH32,NUTS3_ANCRDT_CLLCTN,1900-01-01 00:00:00,2021-01-31 00:00:00,0
10091,GGRPHCL_ARS_HU,ISO3166_DSJNT_C_CLLCTN,1900-01-01 00:00:00,9999-12-31 00:00:00,0
10092,GGRPHCL_ARS_UKM27,NUTS3_ANCRDT_CLLCTN,1900-01-01 00:00:00,2021-01-31 00:00:00,0
10093,GGRPHCL_ARS_UKE41,NUTS3_ANCRDT_CLLCTN,1900-01-01 00:00:00,2021-01-31 00:00:00,0
10094,GGRPHCL_ARS_UKN07,NUTS3_ANCRDT_CLLCTN,1900-01-01 00:00:00,2021-01-31 00:00:00,0
10095,GGRPHCL_ARS_UKJ34,NUTS3_ANCRDT_CLLCTN,1900-01-01 00:00:00,2021-01-31 00:00:00,0
10096,GGRPHCL_ARS_UKK12,NUTS3_ANCRDT_CLLCTN,1900-01-01 00:00:00,2021-01-31 00:00:00,0
10097,GGRPHCL_ARS_CYZZZ,NUTS3_ANCRDT_CLLCTN,1900-01-01 00:00:00,9999-12-31 00:00:00,0
10098,GGRPHCL_ARS_WS,ISO3166_DSJNT_C_CLLCTN,1900-01-01 00:00:00,9999-12-31 00:00:00,0
10099,GGRPHCL_ARS_FR722,NUTS3_ANCRDT_CLLCTN,1900-01-01 00:00:00,2023-12-31 00:00:00,0
10100,GGRPHCL_ARS_DK,ISO3166_DSJNT_C_CLLCTN,1900-01-01 00:00:00,9999-12-31 00:00:00,0
10101,GGRPHCL_ARS_FR524,NUTS3_ANCRDT_CLLCTN,1900-01-01 00:00:00,2023-12-31 00:00:00,0
10102,GGRPHCL_ARS_FR242,NUTS3_ANCRDT_CLLCTN,1900-01-01 00:00:00,2023-12-31 00:00:00,0
10103,GGRPHCL_ARS_SE311,NUTS3_ANCRDT_CLLCTN,1900-01-01 00:00:00,9999-12-31 00:00:00,0
10104,GGRPHCL_ARS_BD,ISO3166_DSJNT_C_CLLCTN,1900-01-01 00:00:00,9999-12-31 00:00:00,0
10105,GGRPHCL_ARS_FR822,NUTS3_ANCRDT_CLLCTN,1900-01-01 00:00:00,2023-12-31 00:00:00,0
10106,GGRPHCL_ARS_FRL02,NUTS3_ANCRDT_CLLCTN,1900-01-01 00:00:00,9999-12-31 00:00:00,0
10107,GGRPHCL_ARS_FRK11,NUTS3_ANCRDT_CLLCTN,1900-01-01 00:00:00,9999-12-31 00:00:00,0
10108,GGRPHCL_ARS_FRD11,NUTS3_ANCRDT_CLLCTN,1900-01-01 00:00:00,9999-12-31 00:00:00,0
10109,GGRPHCL_ARS_EL645,NUTS3_ANCRDT_CLLCTN,1900-01-01 00:00:00,9999-12-31 00:00:00,0
10110,GGRPHCL_ARS_PT200,NUTS3_ANCRDT_CLLCTN,1900-01-01 00:00:00,9999-12-31 00:00:00,0
10111,GGRPHCL_ARS_RO213,NUTS3_ANCRDT_CLLCTN,1900-01-01 00:00:00,9999-12-31 00:00:00,0
10112,GGRPHCL_ARS_BG412,NUTS3_ANCRDT_CLLCTN,1900-01-01 00:00:00,9999-12-31 00:00:00,0
10113,GGRPHCL_ARS_SK031,NUTS3_ANCRDT_CLLCTN,1900-01-01 00:00:00,9999-12-31 00:00:00,0
10114,GGRPHCL_ARS_BJ,ISO3166_DSJNT_C_CLLCTN,1900-01-01 00:00:00,9999-12-31 00:00:00,0
10115,GGRPHCL_ARS_DE,ISO3166_DSJNT_C_CLLCTN,1900-01-01 00:00:00,9999-12-31 00:00:00,0
10116,GGRPHCL_ARS_NL33A,NUTS3_ANCRDT_CLLCTN,1900-01-01 00:00:00,2023-12-31 00:00:00,0
10117,GGRPHCL_ARS_BM,ISO3166_DSJNT_C_CLLCTN,1900-01-01 00:00:00,9999-12-31 00:00:00,0
10118,GGRPHCL_ARS_DE245,NUTS3_ANCRDT_CLLCTN,1900-01-01 00:00:00,9999-12-31 00:00:00,0
10119,GGRPHCL_ARS_BE233,NUTS3_ANCRDT_CLLCTN,1900-01-01 00:00:00,9999-12-31 00:00:00,0
10120,GGRPHCL_ARS_DE949,NUTS3_ANCRDT_CLLCTN,1900-01-01 00:00:00,9999-12-31 00:00:00,0
10121,GGRPHCL_ARS_DE725,NUTS3_ANCRDT_CLLCTN,1900-01-01 00:00:00,9999-12-31 00:00:00,0
10122,GGRPHCL_ARS_DEA2A,NUTS3_ANCRDT_CLLCTN,1900-01-01 00:00:00,9999-12-31 00:00:00,0
10123,GGRPHCL_ARS_DE405,NUTS3_ANCRDT_CLLCTN,1900-01-01 00:00:00,9999-12-31 00:00:00,0
10124,GGRPHCL_ARS_LT008,NUTS3_ANCRDT_CLLCTN,1900-01-01 00:00:00,2023-12-31 00:00:00,0
10125,GGRPHCL_ARS_EL412,NUTS3_ANCRDT_CLLCTN,1900-01-01 00:00:00,9999-12-31 00:00:00,0
10126,GGRPHCL_ARS_FRJ13,NUTS3_ANCRDT_CLLCTN,1900-01-01 00:00:00,9999-12-31 00:00:00,0
10127,GGRPHCL_ARS_FRI33,NUTS3_ANCRDT_CLLCTN,1900-01-01 00:00:00,9999-12-31 00:00:00,0
10128,GGRPHCL_ARS_EL301,NUTS3_ANCRDT_CLLCTN,1900-01-01 00:00:00,9999-12-31 00:00:00,0
10129,GGRPHCL_ARS_LV007,NUTS3_ANCRDT_CLLCTN,1900-01-01 00:00:00,2023-12-31 00:00:00,0
10130,GGRPHCL_ARS_CN,ISO3166_DSJNT_C_CLLCTN,1900-01-01 00:00:00,9999-12-31 00:00:00,0
10131,GGRPHCL_ARS_EL541,NUTS3_ANCRDT_CLLCTN,1900-01-01 00:00:00,9999-12-31 00:00:00,0
10132,GGRPHCL_ARS_FRF33,NUTS3_ANCRDT_CLLCTN,1900-01-01 00:00:00,9999-12-31 00:00:00,0
10133,GGRPHCL_ARS_RO311,NUTS3_ANCRDT_CLLCTN,1900-01-01 00:00:00,9999-12-31 00:00:00,0
10134,GGRPHCL_ARS_FRA20,NUTS3_ANCRDT_CLLCTN,1900-01-01 00:00:00,2023-12-31 00:00:00,0
10135,GGRPHCL_ARS_BG325,NUTS3_ANCRDT_CLLCTN,1900-01-01 00:00:00,9999-12-31 00:00:00,0
10136,GGRPHCL_ARS_HR04E,NUTS3_ANCRDT_CLLCTN,1900-01-01 00:00:00,2023-12-31 00:00:00,0
10137,GGRPHCL_ARS_DE927,NUTS3_ANCRDT_CLLCTN,1900-01-01 00:00:00,9999-12-31 00:00:00,0
10138,GGRPHCL_ARS_DE141,NUTS3_ANCRDT_CLLCTN,1900-01-01 00:00:00,9999-12-31 00:00:00,0
10139,GGRPHCL_ARS_BE331,NUTS3_ANCRDT_CLLCTN,1900-01-01 00:00:00,9999-12-31 00:00:00,0
10140,GGRPHCL_ARS_DE261,NUTS3_ANCRDT_CLLCTN,1900-01-01 00:00:00,9999-12-31 00:00:00,0
10141,GGRPHCL_ARS_DE134,NUTS3_ANCRDT_CLLCTN,1900-01-01 00:00:00,9999-12-31 00:00:00,0
10142,GGRPHCL_ARS_BE344,NUTS3_ANCRDT_CLLCTN,1900-01-01 00:00:00,9999-12-31 00:00:00,0
10143,GGRPHCL_ARS_DE918,NUTS3_ANCRDT_CLLCTN,1900-01-01 00:00:00,9999-12-31 00:00:00,0
10144,GGRPHCL_ARS_PL12C,NUTS3_ANCRDT_CLLCTN,1900-01-01 00:00:00,2023-12-31 00:00:00,0
10145,GGRPHCL_ARS_DE214,NUTS3_ANCRDT_CLLCTN,1900-01-01 00:00:00,9999-12-31 00:00:00,0
10146,GGRPHCL_ARS_CZ052,NUTS3_ANCRDT_CLLCTN,1900-01-01 00:00:00,9999-12-31 00:00:00,0
10147,GGRPHCL_ARS_PT1D2,NUTS3_ANCRDT_CLLCTN,2024-01-01 00:00:00,9999-12-31 00:00:00,0
10148,GGRPHCL_ARS_ITH57,NUTS3_ANCRDT_CLLCTN,1900-01-01 00:00:00,9999-12-31 00:00:00,0
10149,GGRPHCL_ARS_ITC11,NUTS3_ANCRDT_CLLCTN,1900-01-01 00:00:00,9999-12-31 00:00:00,0
10150,GGRPHCL_ARS_CI,ISO3166_DSJNT_C_CLLCTN,1900-01-01 00:00:00,9999-12-31 00:00:00,0
10151,GGRPHCL_ARS_DK012,NUTS3_ANCRDT_CLLCTN,1900-01-01 00:00:00,9999-12-31 00:00:00,0
10152,GGRPHCL_ARS_IE052,NUTS3_ANCRDT_CLLCTN,1900-01-01 00:00:00,9999-12-31 00:00:00,0
10153,GGRPHCL_ARS_DE40C,NUTS3_ANCRDT_CLLCTN,1900-01-01 00:00:00,9999-12-31 00:00:00,0
10154,GGRPHCL_ARS_PL841,NUTS3_ANCRDT_CLLCTN,1900-01-01 00:00:00,9999-12-31 00:00:00,0
10155,GGRPHCL_ARS_PL414,NUTS3_ANCRDT_CLLCTN,1900-01-01 00:00:00,9999-12-31 00:00:00,0
10156,GGRPHCL_ARS_DEA27,NUTS3_ANCRDT_CLLCTN,1900-01-01 00:00:00,9999-12-31 00:00:00,0
10157,GGRPHCL_ARS_CG,ISO3166_DSJNT_C_CLLCTN,1900-01-01 00:00:00,9999-12-31 00:00:00,0
10158,GGRPHCL_ARS_PL912,NUTS3_ANCRDT_CLLCTN,1900-01-01 00:00:00,9999-12-31 00:00:00,0
10159,GGRPHCL_ARS_DEB38,NUTS3_ANCRDT_CLLCTN,1900-01-01 00:00:00,9999-12-31 00:00:00,0
10160,GGRPHCL_ARS_EH,ISO3166_DSJNT_C_CLLCTN,1900-01-01 00:00:00,9999-12-31 00:00:00,0
10161,GGRPHCL_ARS_HU332,NUTS3_ANCRDT_CLLCTN,1900-01-01 00:00:00,9999-12-31 00:00:00,0
10162,GGRPHCL_ARS_DE24C,NUTS3_ANCRDT_CLLCTN,1900-01-01 00:00:00,9999-12-31 00:00:00,0
10163,GGRPHCL_ARS_DEA52,NUTS3_ANCRDT_CLLCTN,1900-01-01 00:00:00,9999-12-31 00:00:00,0
10164,GGRPHCL_ARS_DEA18,NUTS3_ANCRDT_CLLCTN,1900-01-01 00:00:00,9999-12-31 00:00:00,0
10165,GGRPHCL_ARS_UKK43,NUTS3_ANCRDT_CLLCTN,1900-01-01 00:00:00,2021-01-31 00:00:00,0
10166,GGRPHCL_ARS_UKF30,NUTS3_ANCRDT_CLLCTN,1900-01-01 00:00:00,2021-01-31 00:00:00,0
10167,GGRPHCL_ARS_NL131,NUTS3_ANCRDT_CLLCTN,1900-01-01 00:00:00,9999-12-31 00:00:00,0
10168,GGRPHCL_ARS_UKI45,NUTS3_ANCRDT_CLLCTN,1900-01-01 00:00:00,2021-01-31 00:00:00,0
10169,GGRPHCL_ARS_UKM76,NUTS3_ANCRDT_CLLCTN,1900-01-01 00:00:00,2021-01-31 00:00:00,0
10170,GGRPHCL_ARS_ES708,NUTS3_ANCRDT_CLLCTN,1900-01-01 00:00:00,9999-12-31 00:00:00,0
10171,GGRPHCL_ARS_NL211,NUTS3_ANCRDT_CLLCTN,1900-01-01 00:00:00,9999-12-31 00:00:00,0
10172,GGRPHCL_ARS_UKD36,NUTS3_ANCRDT_CLLCTN,1900-01-01 00:00:00,2021-01-31 00:00:00,0
10173,GGRPHCL_ARS_NL337,NUTS3_ANCRDT_CLLCTN,1900-01-01 00:00:00,2023-12-31 00:00:00,0
10174,GGRPHCL_ARS_ES531,NUTS3_ANCRDT_CLLCTN,1900-01-01 00:00:00,9999-12-31 00:00:00,0
10175,GGRPHCL_ARS_ES417,NUTS3_ANCRDT_CLLCTN,1900-01-01 00:00:00,9999-12-31 00:00:00,0
10176,GGRPHCL_ARS_UKH16,NUTS3_ANCRDT_CLLCTN,1900-01-01 00:00:00,2021-01-31 00:00:00,0
10177,GGRPHCL_ARS_ES611,NUTS3_ANCRDT_CLLCTN,1900-01-01 00:00:00,9999-12-31 00:00:00,0
10178,GGRPHCL_ARS_NL342,NUTS3_ANCRDT_CLLCTN,1900-01-01 00:00:00,9999-12-31 00:00:00,0
10179,GGRPHCL_ARS_FR213,NUTS3_ANCRDT_CLLCTN,1900-01-01 00:00:00,2023-12-31 00:00:00,0
10180,GGRPHCL_ARS_IQ,ISO3166_DSJNT_C_CLLCTN,1900-01-01 00:00:00,9999-12-31 00:00:00,0
10181,GGRPHCL_ARS_SE213,NUTS3_ANCRDT_CLLCTN,1900-01-01 00:00:00,9999-12-31 00:00:00,0
10182,GGRPHCL_ARS_NL123,NUTS3_ANCRDT_CLLCTN,1900-01-01 00:00:00,2023-12-31 00:00:00,0
10183,GGRPHCL_ARS_UKF22,NUTS3_ANCRDT_CLLCTN,1900-01-01 00:00:00,2021-01-31 00:00:00,0
10184,GGRPHCL_ARS_NL325,NUTS3_ANCRDT_CLLCTN,1900-01-01 00:00:00,9999-12-31 00:00:00,0
10185,GGRPHCL_ARS_FI193,NUTS3_ANCRDT_CLLCTN,1900-01-01 00:00:00,2023-12-31 00:00:00,0
10186,GGRPHCL_ARS_UKM64,NUTS3_ANCRDT_CLLCTN,1900-01-01 00:00:00,2021-01-31 00:00:00,0
10187,GGRPHCL_ARS_ET,ISO3166_DSJNT_C_CLLCTN,1900-01-01 00:00:00,9999-12-31 00:00:00,0
10188,GGRPHCL_ARS_ES523,NUTS3_ANCRDT_CLLCTN,1900-01-01 00:00:00,9999-12-31 00:00:00,0
10189,GGRPHCL_ARS_ES230,NUTS3_ANCRDT_CLLCTN,1900-01-01 00:00:00,9999-12-31 00:00:00,0
10190,GGRPHCL_ARS_FR512,NUTS3_ANCRDT_CLLCTN,1900-01-01 00:00:00,2023-12-31 00:00:00,0
10191,GGRPHCL_ARS_FR434,NUTS3_ANCRDT_CLLCTN,1900-01-01 00:00:00,2023-12-31 00:00:00,0
10192,GGRPHCL_ARS_FR714,NUTS3_ANCRDT_CLLCTN,1900-01-01 00:00:00,2023-12-31 00:00:00,0
10193,GGRPHCL_ARS_FR632,NUTS3_ANCRDT_CLLCTN,1900-01-01 00:00:00,2023-12-31 00:00:00,0
10194,GGRPHCL_ARS_FR814,NUTS3_ANCRDT_CLLCTN,1900-01-01 00:00:00,2023-12-31 00:00:00,0
10195,GGRPHCL_ARS_SE121,NUTS3_ANCRDT_CLLCTN,1900-01-01 00:00:00,9999-12-31 00:00:00,0
10196,GGRPHCL_ARS_IM,ISO3166_DSJNT_C_CLLCTN,1900-01-01 00:00:00,9999-12-31 00:00:00,0
10197,GGRPHCL_ARS_AT314,NUTS3_ANCRDT_CLLCTN,1900-01-01 00:00:00,9999-12-31 00:00:00,0
10198,GGRPHCL_ARS_DE80N,NUTS3_ANCRDT_CLLCTN,1900-01-01 00:00:00,9999-12-31 00:00:00,0
10199,GGRPHCL_ARS_DEB15,NUTS3_ANCRDT_CLLCTN,1900-01-01 00:00:00,9999-12-31 00:00:00,0
10200,GGRPHCL_ARS_PL113,NUTS3_ANCRDT_CLLCTN,1900-01-01 00:00:00,2023-12-31 00:00:00,0
10201,GGRPHCL_ARS_DEE06,NUTS3_ANCRDT_CLLCTN,1900-01-01 00:00:00,9999-12-31 00:00:00,0
10202,GGRPHCL_ARS_DEA35,NUTS3_ANCRDT_CLLCTN,1900-01-01 00:00:00,9999-12-31 00:00:00,0
10203,GGRPHCL_ARS_AT112,NUTS3_ANCRDT_CLLCTN,1900-01-01 00:00:00,9999-12-31 00:00:00,0
10204,GGRPHCL_ARS_PL315,NUTS3_ANCRDT_CLLCTN,1900-01-01 00:00:00,2023-12-31 00:00:00,0
10205,GGRPHCL_ARS_ES,ISO3166_DSJNT_C_CLLCTN,1900-01-01 00:00:00,9999-12-31 00:00:00,0
10206,GGRPHCL_ARS_DE21K,NUTS3_ANCRDT_CLLCTN,1900-01-01 00:00:00,9999-12-31 00:00:00,0
10207,GGRPHCL_ARS_DE25A,NUTS3_ANCRDT_CLLCTN,1900-01-01 00:00:00,9999-12-31 00:00:00,0
10208,GGRPHCL_ARS_BE323,NUTS3_ANCRDT_CLLCTN,1900-01-01 00:00:00,9999-12-31 00:00:00,0
10209,GGRPHCL_ARS_DE119,NUTS3_ANCRDT_CLLCTN,1900-01-01 00:00:00,9999-12-31 00:00:00,0
10210,GGRPHCL_ARS_DE935,NUTS3_ANCRDT_CLLCTN,1900-01-01 00:00:00,9999-12-31 00:00:00,0
10211,GGRPHCL_ARS_DE239,NUTS3_ANCRDT_CLLCTN,1900-01-01 00:00:00,9999-12-31 00:00:00,0
10212,GGRPHCL_ARS_DE273,NUTS3_ANCRDT_CLLCTN,1900-01-01 00:00:00,9999-12-31 00:00:00,0
10213,GGRPHCL_ARS_DEB3G,NUTS3_ANCRDT_CLLCTN,1900-01-01 00:00:00,9999-12-31 00:00:00,0
10214,GGRPHCL_ARS_DEF0D,NUTS3_ANCRDT_CLLCTN,1900-01-01 00:00:00,9999-12-31 00:00:00,0
10215,GGRPHCL_ARS_DE126,NUTS3_ANCRDT_CLLCTN,1900-01-01 00:00:00,9999-12-31 00:00:00,0
10216,GGRPHCL_ARS_PL21A,NUTS3_ANCRDT_CLLCTN,1900-01-01 00:00:00,9999-12-31 00:00:00,0
10217,GGRPHCL_ARS_DE713,NUTS3_ANCRDT_CLLCTN,1900-01-01 00:00:00,9999-12-31 00:00:00,0
10218,GGRPHCL_ARS_ITI16,NUTS3_ANCRDT_CLLCTN,1900-01-01 00:00:00,9999-12-31 00:00:00,0
10219,GGRPHCL_ARS_ITF63,NUTS3_ANCRDT_CLLCTN,1900-01-01 00:00:00,9999-12-31 00:00:00,0
10220,GGRPHCL_ARS_VE,ISO3166_DSJNT_C_CLLCTN,1900-01-01 00:00:00,9999-12-31 00:00:00,0
10221,GGRPHCL_ARS_LT001,NUTS3_ANCRDT_CLLCTN,1900-01-01 00:00:00,2023-12-31 00:00:00,0
10222,GGRPHCL_ARS_CR,ISO3166_DSJNT_C_CLLCTN,1900-01-01 00:00:00,9999-12-31 00:00:00,0
10223,GGRPHCL_ARS_ITC49,NUTS3_ANCRDT_CLLCTN,1900-01-01 00:00:00,9999-12-31 00:00:00,0
10224,GGRPHCL_ARS_EL526,NUTS3_ANCRDT_CLLCTN,1900-01-01 00:00:00,9999-12-31 00:00:00,0
10225,GGRPHCL_ARS_FRK27,NUTS3_ANCRDT_CLLCTN,1900-01-01 00:00:00,9999-12-31 00:00:00,0
10226,GGRPHCL_ARS_FRI21,NUTS3_ANCRDT_CLLCTN,1900-01-01 00:00:00,9999-12-31 00:00:00,0
10227,GGRPHCL_ARS_FRF21,NUTS3_ANCRDT_CLLCTN,1900-01-01 00:00:00,9999-12-31 00:00:00,0
10228,GGRPHCL_ARS_RO225,NUTS3_ANCRDT_CLLCTN,1900-01-01 00:00:00,9999-12-31 00:00:00,0
10229,GGRPHCL_ARS_CU,ISO3166_DSJNT_C_CLLCTN,1900-01-01 00:00:00,9999-12-31 00:00:00,0
10230,GGRPHCL_ARS_PM,ISO3166_DSJNT_C_CLLCTN,1900-01-01 00:00:00,9999-12-31 00:00:00,0
10231,GGRPHCL_ARS_BG424,NUTS3_ANCRDT_CLLCTN,1900-01-01 00:00:00,9999-12-31 00:00:00,0
10232,GGRPHCL_ARS_BG342,NUTS3_ANCRDT_CLLCTN,1900-01-01 00:00:00,9999-12-31 00:00:00,0
10233,GGRPHCL_ARS_ID,ISO3166_DSJNT_C_CLLCTN,1900-01-01 00:00:00,9999-12-31 00:00:00,0
10234,GGRPHCL_ARS_SKZZZ,NUTS3_ANCRDT_CLLCTN,1900-01-01 00:00:00,9999-12-31 00:00:00,0
10235,GGRPHCL_ARS_HR04D,NUTS3_ANCRDT_CLLCTN,1900-01-01 00:00:00,2023-12-31 00:00:00,0
10236,GGRPHCL_ARS_MP,ISO3166_DSJNT_C_CLLCTN,1900-01-01 00:00:00,9999-12-31 00:00:00,0
10237,GGRPHCL_ARS_BG324,NUTS3_ANCRDT_CLLCTN,1900-01-01 00:00:00,9999-12-31 00:00:00,0
10238,GGRPHCL_ARS_FRE12,NUTS3_ANCRDT_CLLCTN,1900-01-01 00:00:00,9999-12-31 00:00:00,0
10239,GGRPHCL_ARS_RO116,NUTS3_ANCRDT_CLLCTN,1900-01-01 00:00:00,9999-12-31 00:00:00,0
10240,GGRPHCL_ARS_LV006,NUTS3_ANCRDT_CLLCTN,1900-01-01 00:00:00,2023-12-31 00:00:00,0
10241,GGRPHCL_ARS_FRF32,NUTS3_ANCRDT_CLLCTN,1900-01-01 00:00:00,9999-12-31 00:00:00,0
10242,GGRPHCL_ARS_FRB01,NUTS3_ANCRDT_CLLCTN,1900-01-01 00:00:00,9999-12-31 00:00:00,0
10243,GGRPHCL_ARS_FRI32,NUTS3_ANCRDT_CLLCTN,1900-01-01 00:00:00,9999-12-31 00:00:00,0
10244,GGRPHCL_ARS_FRM01,NUTS3_ANCRDT_CLLCTN,1900-01-01 00:00:00,9999-12-31 00:00:00,0
10245,GGRPHCL_ARS_PT170,NUTS3_ANCRDT_CLLCTN,1900-01-01 00:00:00,2023-12-31 00:00:00,0
10246,GGRPHCL_ARS_EL413,NUTS3_ANCRDT_CLLCTN,1900-01-01 00:00:00,9999-12-31 00:00:00,0
10247,GGRPHCL_ARS_FRJ12,NUTS3_ANCRDT_CLLCTN,1900-01-01 00:00:00,9999-12-31 00:00:00,0
10248,GGRPHCL_ARS_GA,ISO3166_DSJNT_C_CLLCTN,1900-01-01 00:00:00,9999-12-31 00:00:00,0
10249,GGRPHCL_ARS_ITH56,NUTS3_ANCRDT_CLLCTN,1900-01-01 00:00:00,9999-12-31 00:00:00,0
10250,GGRPHCL_ARS_AI,ISO3166_DSJNT_C_CLLCTN,1900-01-01 00:00:00,9999-12-31 00:00:00,0
10251,GGRPHCL_ARS_PT1D3,NUTS3_ANCRDT_CLLCTN,2024-01-01 00:00:00,9999-12-31 00:00:00,0
10252,GGRPHCL_ARS_GF,ISO3166_DSJNT_C_CLLCTN,1900-01-01 00:00:00,9999-12-31 00:00:00,0
10253,GGRPHCL_ARS_CZ053,NUTS3_ANCRDT_CLLCTN,1900-01-01 00:00:00,9999-12-31 00:00:00,0
10254,GGRPHCL_ARS_DE215,NUTS3_ANCRDT_CLLCTN,1900-01-01 00:00:00,9999-12-31 00:00:00,0
10255,GGRPHCL_ARS_BE345,NUTS3_ANCRDT_CLLCTN,1900-01-01 00:00:00,9999-12-31 00:00:00,0
10256,GGRPHCL_ARS_DE919,NUTS3_ANCRDT_CLLCTN,1900-01-01 00:00:00,2023-12-31 00:00:00,0
10257,GGRPHCL_ARS_DE135,NUTS3_ANCRDT_CLLCTN,1900-01-01 00:00:00,9999-12-31 00:00:00,0
10258,GGRPHCL_ARS_PL12B,NUTS3_ANCRDT_CLLCTN,1900-01-01 00:00:00,2023-12-31 00:00:00,0
10259,GGRPHCL_ARS_DEG0N,NUTS3_ANCRDT_CLLCTN,1900-01-01 00:00:00,2023-12-31 00:00:00,0
10260,GGRPHCL_ARS_DE926,NUTS3_ANCRDT_CLLCTN,1900-01-01 00:00:00,9999-12-31 00:00:00,0
10261,GGRPHCL_ARS_MW,ISO3166_DSJNT_C_CLLCTN,1900-01-01 00:00:00,9999-12-31 00:00:00,0
10262,GGRPHCL_ARS_HU333,NUTS3_ANCRDT_CLLCTN,1900-01-01 00:00:00,9999-12-31 00:00:00,0
10263,GGRPHCL_ARS_DE24B,NUTS3_ANCRDT_CLLCTN,1900-01-01 00:00:00,9999-12-31 00:00:00,0
10264,GGRPHCL_ARS_DEA19,NUTS3_ANCRDT_CLLCTN,1900-01-01 00:00:00,9999-12-31 00:00:00,0
10265,GGRPHCL_ARS_GH,ISO3166_DSJNT_C_CLLCTN,1900-01-01 00:00:00,9999-12-31 00:00:00,0
10266,GGRPHCL_ARS_DEA53,NUTS3_ANCRDT_CLLCTN,1900-01-01 00:00:00,9999-12-31 00:00:00,0
10267,GGRPHCL_ARS_DEB39,NUTS3_ANCRDT_CLLCTN,1900-01-01 00:00:00,9999-12-31 00:00:00,0
10268,GGRPHCL_ARS_PL913,NUTS3_ANCRDT_CLLCTN,1900-01-01 00:00:00,9999-12-31 00:00:00,0
10269,GGRPHCL_ARS_DEA26,NUTS3_ANCRDT_CLLCTN,1900-01-01 00:00:00,9999-12-31 00:00:00,0
10270,GGRPHCL_ARS_PL613,NUTS3_ANCRDT_CLLCTN,1900-01-01 00:00:00,9999-12-31 00:00:00,0
10271,GGRPHCL_ARS_DE40B,NUTS3_ANCRDT_CLLCTN,1900-01-01 00:00:00,9999-12-31 00:00:00,0
10272,GGRPHCL_ARS_AT221,NUTS3_ANCRDT_CLLCTN,1900-01-01 00:00:00,9999-12-31 00:00:00,0
10273,GGRPHCL_ARS_AG,ISO3166_DSJNT_C_CLLCTN,1900-01-01 00:00:00,9999-12-31 00:00:00,0
10274,GGRPHCL_ARS_PL415,NUTS3_ANCRDT_CLLCTN,1900-01-01 00:00:00,9999-12-31 00:00:00,0
10275,GGRPHCL_ARS_IE053,NUTS3_ANCRDT_CLLCTN,1900-01-01 00:00:00,9999-12-31 00:00:00,0
10276,GGRPHCL_ARS_MY,ISO3166_DSJNT_C_CLLCTN,1900-01-01 00:00:00,9999-12-31 00:00:00,0
10277,GGRPHCL_ARS_DK013,NUTS3_ANCRDT_CLLCTN,1900-01-01 00:00:00,9999-12-31 00:00:00,0
10278,GGRPHCL_ARS_FRZZZ,NUTS3_ANCRDT_CLLCTN,1900-01-01 00:00:00,9999-12-31 00:00:00,0
10279,GGRPHCL_ARS_SE212,NUTS3_ANCRDT_CLLCTN,1900-01-01 00:00:00,9999-12-31 00:00:00,0
10280,GGRPHCL_ARS_FR212,NUTS3_ANCRDT_CLLCTN,1900-01-01 00:00:00,2023-12-31 00:00:00,0
10281,GGRPHCL_ARS_FR621,NUTS3_ANCRDT_CLLCTN,1900-01-01 00:00:00,2023-12-31 00:00:00,0
10282,GGRPHCL_ARS_SEZZZ,NUTS3_ANCRDT_CLLCTN,1900-01-01 00:00:00,9999-12-31 00:00:00,0
10283,GGRPHCL_ARS_FI200,NUTS3_ANCRDT_CLLCTN,1900-01-01 00:00:00,9999-12-31 00:00:00,0
10284,GGRPHCL_ARS_UKI31,NUTS3_ANCRDT_CLLCTN,1900-01-01 00:00:00,2021-01-31 00:00:00,0
10285,GGRPHCL_ARS_UKL24,NUTS3_ANCRDT_CLLCTN,1900-01-01 00:00:00,2021-01-31 00:00:00,0
10286,GGRPHCL_ARS_UKH17,NUTS3_ANCRDT_CLLCTN,1900-01-01 00:00:00,2021-01-31 00:00:00,0
10287,GGRPHCL_ARS_UKD42,NUTS3_ANCRDT_CLLCTN,1900-01-01 00:00:00,2021-01-31 00:00:00,0
10288,GGRPHCL_ARS_TW,ISO3166_DSJNT_C_CLLCTN,1900-01-01 00:00:00,9999-12-31 00:00:00,0
10289,GGRPHCL_ARS_UKJ11,NUTS3_ANCRDT_CLLCTN,1900-01-01 00:00:00,2021-01-31 00:00:00,0
10290,GGRPHCL_ARS_ES416,NUTS3_ANCRDT_CLLCTN,1900-01-01 00:00:00,9999-12-31 00:00:00,0
10291,GGRPHCL_ARS_ES709,NUTS3_ANCRDT_CLLCTN,1900-01-01 00:00:00,9999-12-31 00:00:00,0
10292,GGRPHCL_ARS_UKI44,NUTS3_ANCRDT_CLLCTN,1900-01-01 00:00:00,2021-01-31 00:00:00,0
10293,GGRPHCL_ARS_UKM77,NUTS3_ANCRDT_CLLCTN,1900-01-01 00:00:00,2021-01-31 00:00:00,0
10294,GGRPHCL_ARS_UKE11,NUTS3_ANCRDT_CLLCTN,1900-01-01 00:00:00,2021-01-31 00:00:00,0
10295,GGRPHCL_ARS_UKD37,NUTS3_ANCRDT_CLLCTN,1900-01-01 00:00:00,2021-01-31 00:00:00,0
10296,GGRPHCL_ARS_UKK42,NUTS3_ANCRDT_CLLCTN,1900-01-01 00:00:00,2021-01-31 00:00:00,0
10297,GGRPHCL_ARS_FIZZZ,NUTS3_ANCRDT_CLLCTN,1900-01-01 00:00:00,9999-12-31 00:00:00,0
10298,GGRPHCL_ARS_ME,ISO3166_DSJNT_C_CLLCTN,1900-01-01 00:00:00,9999-12-31 00:00:00,0
10299,GGRPHCL_ARS_FR815,NUTS3_ANCRDT_CLLCTN,1900-01-01 00:00:00,2023-12-31 00:00:00,0
10300,GGRPHCL_ARS_FR715,NUTS3_ANCRDT_CLLCTN,1900-01-01 00:00:00,2023-12-31 00:00:00,0
10301,GGRPHCL_ARS_FR633,NUTS3_ANCRDT_CLLCTN,1900-01-01 00:00:00,2023-12-31 00:00:00,0
10302,GGRPHCL_ARS_FR513,NUTS3_ANCRDT_CLLCTN,1900-01-01 00:00:00,2023-12-31 00:00:00,0
10303,GGRPHCL_ARS_GT,ISO3166_DSJNT_C_CLLCTN,1900-01-01 00:00:00,9999-12-31 00:00:00,0
10304,GGRPHCL_ARS_TL,ISO3166_DSJNT_C_CLLCTN,1900-01-01 00:00:00,9999-12-31 00:00:00,0
10305,GGRPHCL_ARS_NL350,NUTS3_ANCRDT_CLLCTN,2024-01-01 00:00:00,9999-12-31 00:00:00,0
10306,GGRPHCL_ARS_ES522,NUTS3_ANCRDT_CLLCTN,1900-01-01 00:00:00,9999-12-31 00:00:00,0
10307,GGRPHCL_ARS_ES111,NUTS3_ANCRDT_CLLCTN,1900-01-01 00:00:00,9999-12-31 00:00:00,0
10308,GGRPHCL_ARS_NL324,NUTS3_ANCRDT_CLLCTN,1900-01-01 00:00:00,2023-12-31 00:00:00,0
10309,GGRPHCL_ARS_UKM65,NUTS3_ANCRDT_CLLCTN,1900-01-01 00:00:00,2021-01-31 00:00:00,0
10310,GGRPHCL_ARS_NL122,NUTS3_ANCRDT_CLLCTN,1900-01-01 00:00:00,2023-12-31 00:00:00,0
10311,GGRPHCL_ARS_DEA41,NUTS3_ANCRDT_CLLCTN,1900-01-01 00:00:00,9999-12-31 00:00:00,0
10312,GGRPHCL_ARS_HU321,NUTS3_ANCRDT_CLLCTN,1900-01-01 00:00:00,9999-12-31 00:00:00,0
10313,GGRPHCL_ARS_DE21J,NUTS3_ANCRDT_CLLCTN,1900-01-01 00:00:00,9999-12-31 00:00:00,0
10314,GGRPHCL_ARS_GS,ISO3166_DSJNT_C_CLLCTN,1900-01-01 00:00:00,9999-12-31 00:00:00,0
10315,GGRPHCL_ARS_TK,ISO3166_DSJNT_C_CLLCTN,1900-01-01 00:00:00,9999-12-31 00:00:00,0
10316,GGRPHCL_ARS_DEE07,NUTS3_ANCRDT_CLLCTN,1900-01-01 00:00:00,9999-12-31 00:00:00,0
10317,GGRPHCL_ARS_DEA34,NUTS3_ANCRDT_CLLCTN,1900-01-01 00:00:00,9999-12-31 00:00:00,0
10318,GGRPHCL_ARS_DED21,NUTS3_ANCRDT_CLLCTN,1900-01-01 00:00:00,9999-12-31 00:00:00,0
10319,GGRPHCL_ARS_PL314,NUTS3_ANCRDT_CLLCTN,1900-01-01 00:00:00,2023-12-31 00:00:00,0
10320,GGRPHCL_ARS_AT113,NUTS3_ANCRDT_CLLCTN,1900-01-01 00:00:00,9999-12-31 00:00:00,0
10321,GGRPHCL_ARS_DEG01,NUTS3_ANCRDT_CLLCTN,1900-01-01 00:00:00,9999-12-31 00:00:00,0
10322,GGRPHCL_ARS_DEB14,NUTS3_ANCRDT_CLLCTN,1900-01-01 00:00:00,9999-12-31 00:00:00,0
10323,GGRPHCL_ARS_DE80O,NUTS3_ANCRDT_CLLCTN,1900-01-01 00:00:00,9999-12-31 00:00:00,0
10324,GGRPHCL_ARS_AT315,NUTS3_ANCRDT_CLLCTN,1900-01-01 00:00:00,9999-12-31 00:00:00,0
10325,GGRPHCL_ARS_IE041,NUTS3_ANCRDT_CLLCTN,1900-01-01 00:00:00,9999-12-31 00:00:00,0
10326,GGRPHCL_ARS_KM,ISO3166_DSJNT_C_CLLCTN,1900-01-01 00:00:00,9999-12-31 00:00:00,0
10327,GGRPHCL_ARS_AR,ISO3166_DSJNT_C_CLLCTN,1900-01-01 00:00:00,9999-12-31 00:00:00,0
10328,GGRPHCL_ARS_ITC48,NUTS3_ANCRDT_CLLCTN,1900-01-01 00:00:00,9999-12-31 00:00:00,0
10329,GGRPHCL_ARS_ITH44,NUTS3_ANCRDT_CLLCTN,1900-01-01 00:00:00,9999-12-31 00:00:00,0
10330,GGRPHCL_ARS_DEG0V,NUTS3_ANCRDT_CLLCTN,2024-01-01 00:00:00,9999-12-31 00:00:00,0
10331,GGRPHCL_ARS_ITF62,NUTS3_ANCRDT_CLLCTN,1900-01-01 00:00:00,9999-12-31 00:00:00,0
10332,GGRPHCL_ARS_CZ041,NUTS3_ANCRDT_CLLCTN,1900-01-01 00:00:00,9999-12-31 00:00:00,0
10333,GGRPHCL_ARS_ITH31,NUTS3_ANCRDT_CLLCTN,1900-01-01 00:00:00,9999-12-31 00:00:00,0
10334,GGRPHCL_ARS_ITI17,NUTS3_ANCRDT_CLLCTN,1900-01-01 00:00:00,9999-12-31 00:00:00,0
10335,GGRPHCL_ARS_DE712,NUTS3_ANCRDT_CLLCTN,1900-01-01 00:00:00,9999-12-31 00:00:00,0
10336,GGRPHCL_ARS_DEA1F,NUTS3_ANCRDT_CLLCTN,1900-01-01 00:00:00,9999-12-31 00:00:00,0
10337,GGRPHCL_ARS_DEB3F,NUTS3_ANCRDT_CLLCTN,1900-01-01 00:00:00,9999-12-31 00:00:00,0
10338,GGRPHCL_ARS_DEF0E,NUTS3_ANCRDT_CLLCTN,1900-01-01 00:00:00,9999-12-31 00:00:00,0
10339,GGRPHCL_ARS_DE941,NUTS3_ANCRDT_CLLCTN,1900-01-01 00:00:00,9999-12-31 00:00:00,0
10340,GGRPHCL_ARS_DE127,NUTS3_ANCRDT_CLLCTN,1900-01-01 00:00:00,9999-12-31 00:00:00,0
10341,GGRPHCL_ARS_DE272,NUTS3_ANCRDT_CLLCTN,1900-01-01 00:00:00,9999-12-31 00:00:00,0
10342,GGRPHCL_ARS_ML,ISO3166_DSJNT_C_CLLCTN,1900-01-01 00:00:00,9999-12-31 00:00:00,0
10343,GGRPHCL_ARS_DE238,NUTS3_ANCRDT_CLLCTN,1900-01-01 00:00:00,9999-12-31 00:00:00,0
10344,GGRPHCL_ARS_DE934,NUTS3_ANCRDT_CLLCTN,1900-01-01 00:00:00,9999-12-31 00:00:00,0
10345,GGRPHCL_ARS_DE118,NUTS3_ANCRDT_CLLCTN,1900-01-01 00:00:00,9999-12-31 00:00:00,0
10346,GGRPHCL_ARS_BE322,NUTS3_ANCRDT_CLLCTN,1900-01-01 00:00:00,2023-12-31 00:00:00,0
10347,GGRPHCL_ARS_BG343,NUTS3_ANCRDT_CLLCTN,1900-01-01 00:00:00,9999-12-31 00:00:00,0
10348,GGRPHCL_ARS_BG425,NUTS3_ANCRDT_CLLCTN,1900-01-01 00:00:00,9999-12-31 00:00:00,0
10349,GGRPHCL_ARS_MK,ISO3166_DSJNT_C_CLLCTN,1900-01-01 00:00:00,9999-12-31 00:00:00,0
10350,GGRPHCL_ARS_RO411,NUTS3_ANCRDT_CLLCTN,1900-01-01 00:00:00,9999-12-31 00:00:00,0
10351,GGRPHCL_ARS_AU,ISO3166_DSJNT_C_CLLCTN,1900-01-01 00:00:00,9999-12-31 00:00:00,0
10352,GGRPHCL_ARS_RO224,NUTS3_ANCRDT_CLLCTN,1900-01-01 00:00:00,9999-12-31 00:00:00,0
10353,GGRPHCL_ARS_EL527,NUTS3_ANCRDT_CLLCTN,1900-01-01 00:00:00,9999-12-31 00:00:00,0
10354,GGRPHCL_ARS_LVZZZ,NUTS3_ANCRDT_CLLCTN,1900-01-01 00:00:00,9999-12-31 00:00:00,0
10355,GGRPHCL_ARS_FRK26,NUTS3_ANCRDT_CLLCTN,1900-01-01 00:00:00,9999-12-31 00:00:00,0
10356,GGRPHCL_ARS_CZ010,NUTS3_ANCRDT_CLLCTN,1900-01-01 00:00:00,9999-12-31 00:00:00,0
10357,GGRPHCL_ARS_LT024,NUTS3_ANCRDT_CLLCTN,1900-01-01 00:00:00,9999-12-31 00:00:00,0
10358,GGRPHCL_ARS_ITG15,NUTS3_ANCRDT_CLLCTN,1900-01-01 00:00:00,9999-12-31 00:00:00,0
10359,GGRPHCL_ARS_ITF33,NUTS3_ANCRDT_CLLCTN,1900-01-01 00:00:00,9999-12-31 00:00:00,0
10360,GGRPHCL_ARS_ITI33,NUTS3_ANCRDT_CLLCTN,1900-01-01 00:00:00,9999-12-31 00:00:00,0
10361,TYP_TRNSFR_7,TYP_TRNSFR_ANCRDT_CLLCTN,1900-01-01 00:00:00,9999-12-31 00:00:00,0
10362,GGRPHCL_ARS_ITF46,NUTS3_ANCRDT_CLLCTN,1900-01-01 00:00:00,9999-12-31 00:00:00,0
10363,GGRPHCL_ARS_DEG0G,NUTS3_ANCRDT_CLLCTN,1900-01-01 00:00:00,9999-12-31 00:00:00,0
10364,GGRPHCL_ARS_DE149,NUTS3_ANCRDT_CLLCTN,1900-01-01 00:00:00,9999-12-31 00:00:00,0
10365,GGRPHCL_ARS_DEB1B,NUTS3_ANCRDT_CLLCTN,1900-01-01 00:00:00,9999-12-31 00:00:00,0
10366,GGRPHCL_ARS_UA,ISO3166_DSJNT_C_CLLCTN,1900-01-01 00:00:00,9999-12-31 00:00:00,0
10367,GGRPHCL_ARS_BE255,NUTS3_ANCRDT_CLLCTN,1900-01-01 00:00:00,9999-12-31 00:00:00,0
10368,GGRPHCL_ARS_DEE0A,NUTS3_ANCRDT_CLLCTN,1900-01-01 00:00:00,9999-12-31 00:00:00,0
10369,GGRPHCL_ARS_DE736,NUTS3_ANCRDT_CLLCTN,1900-01-01 00:00:00,9999-12-31 00:00:00,0
10370,GGRPHCL_ARS_DE223,NUTS3_ANCRDT_CLLCTN,1900-01-01 00:00:00,9999-12-31 00:00:00,0
10371,GGRPHCL_ARS_SI043,NUTS3_ANCRDT_CLLCTN,1900-01-01 00:00:00,9999-12-31 00:00:00,0
10372,GGRPHCL_ARS_DE269,NUTS3_ANCRDT_CLLCTN,1900-01-01 00:00:00,9999-12-31 00:00:00,0
10373,GGRPHCL_ARS_BE100,NUTS3_ANCRDT_CLLCTN,1900-01-01 00:00:00,9999-12-31 00:00:00,0
10374,GGRPHCL_ARS_SN,ISO3166_DSJNT_C_CLLCTN,1900-01-01 00:00:00,9999-12-31 00:00:00,0
10375,GGRPHCL_ARS_SI036,NUTS3_ANCRDT_CLLCTN,1900-01-01 00:00:00,9999-12-31 00:00:00,0
10376,GGRPHCL_ARS_DE256,NUTS3_ANCRDT_CLLCTN,1900-01-01 00:00:00,9999-12-31 00:00:00,0
10377,GGRPHCL_ARS_PT192,NUTS3_ANCRDT_CLLCTN,2024-01-01 00:00:00,9999-12-31 00:00:00,0
10378,GGRPHCL_ARS_BG312,NUTS3_ANCRDT_CLLCTN,1900-01-01 00:00:00,9999-12-31 00:00:00,0
10379,GGRPHCL_ARS_SI,ISO3166_DSJNT_C_CLLCTN,1900-01-01 00:00:00,9999-12-31 00:00:00,0
10380,GGRPHCL_ARS_SK022,NUTS3_ANCRDT_CLLCTN,1900-01-01 00:00:00,9999-12-31 00:00:00,0
10381,GGRPHCL_ARS_FRC11,NUTS3_ANCRDT_CLLCTN,1900-01-01 00:00:00,9999-12-31 00:00:00,0
10382,GGRPHCL_ARS_FRJ24,NUTS3_ANCRDT_CLLCTN,1900-01-01 00:00:00,9999-12-31 00:00:00,0
10383,GGRPHCL_ARS_EL623,NUTS3_ANCRDT_CLLCTN,1900-01-01 00:00:00,9999-12-31 00:00:00,0
10384,GGRPHCL_ARS_SE224,NUTS3_ANCRDT_CLLCTN,1900-01-01 00:00:00,9999-12-31 00:00:00,0
10385,GGRPHCL_ARS_FR831,NUTS3_ANCRDT_CLLCTN,1900-01-01 00:00:00,2023-12-31 00:00:00,0
10386,GGRPHCL_ARS_SG,ISO3166_DSJNT_C_CLLCTN,1900-01-01 00:00:00,9999-12-31 00:00:00,0
10387,GGRPHCL_ARS_PT16D,NUTS3_ANCRDT_CLLCTN,1900-01-01 00:00:00,2023-12-31 00:00:00,0
10388,GGRPHCL_ARS_FR628,NUTS3_ANCRDT_CLLCTN,1900-01-01 00:00:00,2023-12-31 00:00:00,0
10389,GGRPHCL_ARS_UKM94,NUTS3_ANCRDT_CLLCTN,1900-01-01 00:00:00,2021-01-31 00:00:00,0
10390,GGRPHCL_ARS_FR251,NUTS3_ANCRDT_CLLCTN,1900-01-01 00:00:00,2023-12-31 00:00:00,0
10391,GGRPHCL_ARS_FR411,NUTS3_ANCRDT_CLLCTN,1900-01-01 00:00:00,2023-12-31 00:00:00,0
10392,GGRPHCL_ARS_FR104,NUTS3_ANCRDT_CLLCTN,1900-01-01 00:00:00,9999-12-31 00:00:00,0
10393,GGRPHCL_ARS_PT11A,NUTS3_ANCRDT_CLLCTN,1900-01-01 00:00:00,9999-12-31 00:00:00,0
10394,GGRPHCL_ARS_FR302,NUTS3_ANCRDT_CLLCTN,1900-01-01 00:00:00,2023-12-31 00:00:00,0
10395,GGRPHCL_ARS_UKJ27,NUTS3_ANCRDT_CLLCTN,1900-01-01 00:00:00,2021-01-31 00:00:00,0
10396,GGRPHCL_ARS_UKN14,NUTS3_ANCRDT_CLLCTN,1900-01-01 00:00:00,2021-01-31 00:00:00,0
10397,GGRPHCL_ARS_UKM34,NUTS3_ANCRDT_CLLCTN,1900-01-01 00:00:00,2021-01-31 00:00:00,0
10398,GGRPHCL_ARS_UKL12,NUTS3_ANCRDT_CLLCTN,1900-01-01 00:00:00,2021-01-31 00:00:00,0
10399,GGRPHCL_ARS_UKH21,NUTS3_ANCRDT_CLLCTN,1900-01-01 00:00:00,2021-01-31 00:00:00,0
10400,GGRPHCL_ARS_UKD74,NUTS3_ANCRDT_CLLCTN,1900-01-01 00:00:00,2021-01-31 00:00:00,0
10401,GGRPHCL_ARS_HR025,NUTS3_ANCRDT_CLLCTN,1900-01-01 00:00:00,9999-12-31 00:00:00,0
10402,GGRPHCL_ARS_UKC12,NUTS3_ANCRDT_CLLCTN,1900-01-01 00:00:00,2021-01-31 00:00:00,0
10403,GGRPHCL_ARS_UKG21,NUTS3_ANCRDT_CLLCTN,1900-01-01 00:00:00,2021-01-31 00:00:00,0
10404,GGRPHCL_ARS_NL413,NUTS3_ANCRDT_CLLCTN,1900-01-01 00:00:00,2023-12-31 00:00:00,0
10405,GGRPHCL_ARS_LA,ISO3166_DSJNT_C_CLLCTN,1900-01-01 00:00:00,9999-12-31 00:00:00,0
10406,GGRPHCL_ARS_UKI72,NUTS3_ANCRDT_CLLCTN,1900-01-01 00:00:00,2021-01-31 00:00:00,0
10407,GGRPHCL_ARS_NL226,NUTS3_ANCRDT_CLLCTN,1900-01-01 00:00:00,9999-12-31 00:00:00,0
10408,GGRPHCL_ARS_HR050,NUTS3_ANCRDT_CLLCTN,1900-01-01 00:00:00,9999-12-31 00:00:00,0
10409,GGRPHCL_ARS_PL925,NUTS3_ANCRDT_CLLCTN,1900-01-01 00:00:00,9999-12-31 00:00:00,0
10410,GGRPHCL_ARS_DE93B,NUTS3_ANCRDT_CLLCTN,1900-01-01 00:00:00,9999-12-31 00:00:00,0
10411,GGRPHCL_ARS_BE32D,NUTS3_ANCRDT_CLLCTN,1900-01-01 00:00:00,9999-12-31 00:00:00,0
10412,GGRPHCL_ARS_DE27D,NUTS3_ANCRDT_CLLCTN,1900-01-01 00:00:00,9999-12-31 00:00:00,0
10413,GGRPHCL_ARS_PL345,NUTS3_ANCRDT_CLLCTN,1900-01-01 00:00:00,2023-12-31 00:00:00,0
10414,GGRPHCL_ARS_HU223,NUTS3_ANCRDT_CLLCTN,1900-01-01 00:00:00,9999-12-31 00:00:00,0
10415,GGRPHCL_ARS_PL229,NUTS3_ANCRDT_CLLCTN,1900-01-01 00:00:00,9999-12-31 00:00:00,0
10416,GGRPHCL_ARS_DEF03,NUTS3_ANCRDT_CLLCTN,1900-01-01 00:00:00,9999-12-31 00:00:00,0
10417,GGRPHCL_ARS_AT331,NUTS3_ANCRDT_CLLCTN,1900-01-01 00:00:00,9999-12-31 00:00:00,0
10418,GGRPHCL_ARS_DE94G,NUTS3_ANCRDT_CLLCTN,1900-01-01 00:00:00,9999-12-31 00:00:00,0
10419,GGRPHCL_ARS_DE12A,NUTS3_ANCRDT_CLLCTN,1900-01-01 00:00:00,9999-12-31 00:00:00,0
10420,GGRPHCL_ARS_DE71D,NUTS3_ANCRDT_CLLCTN,1900-01-01 00:00:00,9999-12-31 00:00:00,0
10421,GGRPHCL_ARS_DK050,NUTS3_ANCRDT_CLLCTN,1900-01-01 00:00:00,9999-12-31 00:00:00,0
10422,GGRPHCL_ARS_ITI1A,NUTS3_ANCRDT_CLLCTN,1900-01-01 00:00:00,9999-12-31 00:00:00,0
10423,GGRPHCL_ARS_PL811,NUTS3_ANCRDT_CLLCTN,1900-01-01 00:00:00,9999-12-31 00:00:00,0
10424,GGRPHCL_ARS_HU231,NUTS3_ANCRDT_CLLCTN,1900-01-01 00:00:00,9999-12-31 00:00:00,0
10425,GGRPHCL_ARS_EE004,NUTS3_ANCRDT_CLLCTN,1900-01-01 00:00:00,9999-12-31 00:00:00,0
10426,GGRPHCL_ARS_PL431,NUTS3_ANCRDT_CLLCTN,1900-01-01 00:00:00,9999-12-31 00:00:00,0
10427,GGRPHCL_ARS_DEC04,NUTS3_ANCRDT_CLLCTN,1900-01-01 00:00:00,9999-12-31 00:00:00,0
10428,GGRPHCL_ARS_AT323,NUTS3_ANCRDT_CLLCTN,1900-01-01 00:00:00,9999-12-31 00:00:00,0
10429,GGRPHCL_ARS_PL517,NUTS3_ANCRDT_CLLCTN,1900-01-01 00:00:00,9999-12-31 00:00:00,0
10430,GGRPHCL_ARS_DEB22,NUTS3_ANCRDT_CLLCTN,1900-01-01 00:00:00,9999-12-31 00:00:00,0
10431,GGRPHCL_ARS_PL637,NUTS3_ANCRDT_CLLCTN,1900-01-01 00:00:00,9999-12-31 00:00:00,0
10432,GGRPHCL_ARS_AT125,NUTS3_ANCRDT_CLLCTN,1900-01-01 00:00:00,9999-12-31 00:00:00,0
10433,GGRPHCL_ARS_PL711,NUTS3_ANCRDT_CLLCTN,1900-01-01 00:00:00,9999-12-31 00:00:00,0
10434,GGRPHCL_ARS_DE21C,NUTS3_ANCRDT_CLLCTN,1900-01-01 00:00:00,9999-12-31 00:00:00,0
10435,GGRPHCL_ARS_DK042,NUTS3_ANCRDT_CLLCTN,1900-01-01 00:00:00,9999-12-31 00:00:00,0
10436,TYP_PRTCTN_4,TYP_PRTCTN_ANCRDT_CLLCTN,1900-01-01 00:00:00,9999-12-31 00:00:00,0
10437,GGRPHCL_ARS_FI1D3,NUTS3_ANCRDT_CLLCTN,1900-01-01 00:00:00,2023-12-31 00:00:00,0
10438,GGRPHCL_ARS_ITG2E,NUTS3_ANCRDT_CLLCTN,1900-01-01 00:00:00,9999-12-31 00:00:00,0
10439,GGRPHCL_ARS_FI1C7,NUTS3_ANCRDT_CLLCTN,2024-01-01 00:00:00,9999-12-31 00:00:00,0
10440,GGRPHCL_ARS_FR823,NUTS3_ANCRDT_CLLCTN,1900-01-01 00:00:00,2023-12-31 00:00:00,0
10441,GGRPHCL_ARS_FR243,NUTS3_ANCRDT_CLLCTN,1900-01-01 00:00:00,2023-12-31 00:00:00,0
10442,GGRPHCL_ARS_FK,ISO3166_DSJNT_C_CLLCTN,1900-01-01 00:00:00,9999-12-31 00:00:00,0
10443,GGRPHCL_ARS_US,ISO3166_DSJNT_C_CLLCTN,1900-01-01 00:00:00,9999-12-31 00:00:00,0
10444,GGRPHCL_ARS_LV00A,NUTS3_ANCRDT_CLLCTN,2024-01-01 00:00:00,9999-12-31 00:00:00,0
10445,GGRPHCL_ARS_FR723,NUTS3_ANCRDT_CLLCTN,1900-01-01 00:00:00,2023-12-31 00:00:00,0
10446,GGRPHCL_ARS_ES432,NUTS3_ANCRDT_CLLCTN,1900-01-01 00:00:00,9999-12-31 00:00:00,0
10447,GGRPHCL_ARS_UKN06,NUTS3_ANCRDT_CLLCTN,1900-01-01 00:00:00,2021-01-31 00:00:00,0
10448,GGRPHCL_ARS_UKJ35,NUTS3_ANCRDT_CLLCTN,1900-01-01 00:00:00,2021-01-31 00:00:00,0
10449,GGRPHCL_ARS_ES514,NUTS3_ANCRDT_CLLCTN,1900-01-01 00:00:00,9999-12-31 00:00:00,0
10450,GGRPHCL_ARS_UKK13,NUTS3_ANCRDT_CLLCTN,1900-01-01 00:00:00,2021-01-31 00:00:00,0
10451,GGRPHCL_ARS_HR037,NUTS3_ANCRDT_CLLCTN,1900-01-01 00:00:00,9999-12-31 00:00:00,0
10452,GGRPHCL_ARS_NL366,NUTS3_ANCRDT_CLLCTN,2024-01-01 00:00:00,9999-12-31 00:00:00,0
10453,GGRPHCL_ARS_UKM26,NUTS3_ANCRDT_CLLCTN,1900-01-01 00:00:00,2021-01-31 00:00:00,0
10454,GGRPHCL_ARS_UKF15,NUTS3_ANCRDT_CLLCTN,1900-01-01 00:00:00,2021-01-31 00:00:00,0
10455,GGRPHCL_ARS_NL115,NUTS3_ANCRDT_CLLCTN,2024-01-01 00:00:00,9999-12-31 00:00:00,0
10456,GGRPHCL_ARS_UKG33,NUTS3_ANCRDT_CLLCTN,1900-01-01 00:00:00,2021-01-31 00:00:00,0
10457,GGRPHCL_ARS_HR042,NUTS3_ANCRDT_CLLCTN,1900-01-01 00:00:00,2023-12-31 00:00:00,0
10458,GGRPHCL_ARS_PT181,NUTS3_ANCRDT_CLLCTN,1900-01-01 00:00:00,2023-12-31 00:00:00,0
10459,GGRPHCL_ARS_SR,ISO3166_DSJNT_C_CLLCTN,1900-01-01 00:00:00,9999-12-31 00:00:00,0
10460,GGRPHCL_ARS_BG413,NUTS3_ANCRDT_CLLCTN,1900-01-01 00:00:00,9999-12-31 00:00:00,0
10461,GGRPHCL_ARS_FRY30,NUTS3_ANCRDT_CLLCTN,1900-01-01 00:00:00,9999-12-31 00:00:00,0
10462,GGRPHCL_ARS_RO212,NUTS3_ANCRDT_CLLCTN,1900-01-01 00:00:00,9999-12-31 00:00:00,0
10463,GGRPHCL_ARS_LT,ISO3166_DSJNT_C_CLLCTN,1900-01-01 00:00:00,9999-12-31 00:00:00,0
10464,GGRPHCL_ARS_EL644,NUTS3_ANCRDT_CLLCTN,1900-01-01 00:00:00,9999-12-31 00:00:00,0
10465,GGRPHCL_ARS_EL511,NUTS3_ANCRDT_CLLCTN,1900-01-01 00:00:00,9999-12-31 00:00:00,0
10466,GGRPHCL_ARS_FRL03,NUTS3_ANCRDT_CLLCTN,1900-01-01 00:00:00,9999-12-31 00:00:00,0
10467,GGRPHCL_ARS_ROZZZ,NUTS3_ANCRDT_CLLCTN,1900-01-01 00:00:00,9999-12-31 00:00:00,0
10468,GGRPHCL_ARS_EL631,NUTS3_ANCRDT_CLLCTN,1900-01-01 00:00:00,9999-12-31 00:00:00,0
10469,GGRPHCL_ARS_LS,ISO3166_DSJNT_C_CLLCTN,1900-01-01 00:00:00,9999-12-31 00:00:00,0
10470,GGRPHCL_ARS_ITF21,NUTS3_ANCRDT_CLLCTN,1900-01-01 00:00:00,9999-12-31 00:00:00,0
10471,GGRPHCL_ARS_ITC34,NUTS3_ANCRDT_CLLCTN,1900-01-01 00:00:00,9999-12-31 00:00:00,0
10472,GGRPHCL_ARS_LT009,NUTS3_ANCRDT_CLLCTN,1900-01-01 00:00:00,2023-12-31 00:00:00,0
10473,GGRPHCL_ARS_ITI21,NUTS3_ANCRDT_CLLCTN,1900-01-01 00:00:00,9999-12-31 00:00:00,0
10474,GGRPHCL_ARS_ITC41,NUTS3_ANCRDT_CLLCTN,1900-01-01 00:00:00,9999-12-31 00:00:00,0
10475,GGRPHCL_ARS_DE404,NUTS3_ANCRDT_CLLCTN,1900-01-01 00:00:00,9999-12-31 00:00:00,0
10476,GGRPHCL_ARS_DE111,NUTS3_ANCRDT_CLLCTN,1900-01-01 00:00:00,9999-12-31 00:00:00,0
10477,GGRPHCL_ARS_UZ,ISO3166_DSJNT_C_CLLCTN,1900-01-01 00:00:00,9999-12-31 00:00:00,0
10478,GGRPHCL_ARS_DE231,NUTS3_ANCRDT_CLLCTN,1900-01-01 00:00:00,9999-12-31 00:00:00,0
10479,GGRPHCL_ARS_DE724,NUTS3_ANCRDT_CLLCTN,1900-01-01 00:00:00,9999-12-31 00:00:00,0
10480,GGRPHCL_ARS_BE232,NUTS3_ANCRDT_CLLCTN,1900-01-01 00:00:00,9999-12-31 00:00:00,0
10481,GGRPHCL_ARS_DE948,NUTS3_ANCRDT_CLLCTN,1900-01-01 00:00:00,9999-12-31 00:00:00,0
10482,GGRPHCL_ARS_DE244,NUTS3_ANCRDT_CLLCTN,1900-01-01 00:00:00,9999-12-31 00:00:00,0
10483,GGRPHCL_ARS_NR,ISO3166_DSJNT_C_CLLCTN,1900-01-01 00:00:00,9999-12-31 00:00:00,0
10484,GGRPHCL_ARS_AT127,NUTS3_ANCRDT_CLLCTN,1900-01-01 00:00:00,9999-12-31 00:00:00,0
10485,GGRPHCL_ARS_PL713,NUTS3_ANCRDT_CLLCTN,1900-01-01 00:00:00,9999-12-31 00:00:00,0
10486,GGRPHCL_ARS_DE21A,NUTS3_ANCRDT_CLLCTN,1900-01-01 00:00:00,9999-12-31 00:00:00,0
10487,GGRPHCL_ARS_DEC06,NUTS3_ANCRDT_CLLCTN,1900-01-01 00:00:00,9999-12-31 00:00:00,0
10488,GGRPHCL_ARS_DE13A,NUTS3_ANCRDT_CLLCTN,1900-01-01 00:00:00,9999-12-31 00:00:00,0
10489,GGRPHCL_ARS_AT321,NUTS3_ANCRDT_CLLCTN,1900-01-01 00:00:00,9999-12-31 00:00:00,0
10490,GGRPHCL_ARS_PL515,NUTS3_ANCRDT_CLLCTN,1900-01-01 00:00:00,9999-12-31 00:00:00,0
10491,GGRPHCL_ARS_HU233,NUTS3_ANCRDT_CLLCTN,1900-01-01 00:00:00,9999-12-31 00:00:00,0
10492,GGRPHCL_ARS_EE006,NUTS3_ANCRDT_CLLCTN,1900-01-01 00:00:00,2023-12-31 00:00:00,0
10493,GGRPHCL_ARS_ITG2G,NUTS3_ANCRDT_CLLCTN,1900-01-01 00:00:00,9999-12-31 00:00:00,0
10494,GGRPHCL_ARS_FI1C4,NUTS3_ANCRDT_CLLCTN,1900-01-01 00:00:00,2023-12-31 00:00:00,0
10495,GGRPHCL_ARS_BL,ISO3166_DSJNT_C_CLLCTN,1900-01-01 00:00:00,9999-12-31 00:00:00,0
10496,GGRPHCL_ARS_FI1D1,NUTS3_ANCRDT_CLLCTN,1900-01-01 00:00:00,2023-12-31 00:00:00,0
10497,GGRPHCL_ARS_FR721,NUTS3_ANCRDT_CLLCTN,1900-01-01 00:00:00,2023-12-31 00:00:00,0
10498,GGRPHCL_ARS_LV00C,NUTS3_ANCRDT_CLLCTN,2024-01-01 00:00:00,9999-12-31 00:00:00,0
10499,GGRPHCL_ARS_FR241,NUTS3_ANCRDT_CLLCTN,1900-01-01 00:00:00,2023-12-31 00:00:00,0
10500,GGRPHCL_ARS_UKM84,NUTS3_ANCRDT_CLLCTN,1900-01-01 00:00:00,2021-01-31 00:00:00,0
10501,GGRPHCL_ARS_SE312,NUTS3_ANCRDT_CLLCTN,1900-01-01 00:00:00,9999-12-31 00:00:00,0
10502,GGRPHCL_ARS_FR821,NUTS3_ANCRDT_CLLCTN,1900-01-01 00:00:00,2023-12-31 00:00:00,0
10503,GGRPHCL_ARS_NL310,NUTS3_ANCRDT_CLLCTN,1900-01-01 00:00:00,2023-12-31 00:00:00,0
10504,GGRPHCL_ARS_UKD11,NUTS3_ANCRDT_CLLCTN,1900-01-01 00:00:00,2021-01-31 00:00:00,0
10505,GGRPHCL_ARS_UKI62,NUTS3_ANCRDT_CLLCTN,1900-01-01 00:00:00,2021-01-31 00:00:00,0
10506,GGRPHCL_ARS_NU,ISO3166_DSJNT_C_CLLCTN,1900-01-01 00:00:00,9999-12-31 00:00:00,0
10507,GGRPHCL_ARS_UKG31,NUTS3_ANCRDT_CLLCTN,1900-01-01 00:00:00,2021-01-31 00:00:00,0
10508,GGRPHCL_ARS_UKH31,NUTS3_ANCRDT_CLLCTN,1900-01-01 00:00:00,2021-01-31 00:00:00,0
10509,GGRPHCL_ARS_HR035,NUTS3_ANCRDT_CLLCTN,1900-01-01 00:00:00,9999-12-31 00:00:00,0
10510,GGRPHCL_ARS_NL364,NUTS3_ANCRDT_CLLCTN,2024-01-01 00:00:00,9999-12-31 00:00:00,0
10511,GGRPHCL_ARS_FI198,NUTS3_ANCRDT_CLLCTN,2024-01-01 00:00:00,9999-12-31 00:00:00,0
10512,GGRPHCL_ARS_UKE42,NUTS3_ANCRDT_CLLCTN,1900-01-01 00:00:00,2021-01-31 00:00:00,0
10513,GGRPHCL_ARS_UKM24,NUTS3_ANCRDT_CLLCTN,1900-01-01 00:00:00,2021-01-31 00:00:00,0
10514,GGRPHCL_ARS_UKJ37,NUTS3_ANCRDT_CLLCTN,1900-01-01 00:00:00,2021-01-31 00:00:00,0
10515,GGRPHCL_ARS_UKN04,NUTS3_ANCRDT_CLLCTN,1900-01-01 00:00:00,2021-01-31 00:00:00,0
10516,GGRPHCL_ARS_UKK11,NUTS3_ANCRDT_CLLCTN,1900-01-01 00:00:00,2021-01-31 00:00:00,0
10517,GGRPHCL_ARS_NL128,NUTS3_ANCRDT_CLLCTN,2024-01-01 00:00:00,9999-12-31 00:00:00,0
10518,GGRPHCL_ARS_SK032,NUTS3_ANCRDT_CLLCTN,1900-01-01 00:00:00,9999-12-31 00:00:00,0
10519,GGRPHCL_ARS_BG411,NUTS3_ANCRDT_CLLCTN,1900-01-01 00:00:00,9999-12-31 00:00:00,0
10520,GGRPHCL_ARS_BE,ISO3166_DSJNT_C_CLLCTN,1900-01-01 00:00:00,9999-12-31 00:00:00,0
10521,GGRPHCL_ARS_DJ,ISO3166_DSJNT_C_CLLCTN,1900-01-01 00:00:00,9999-12-31 00:00:00,0
10522,GGRPHCL_ARS_NL33B,NUTS3_ANCRDT_CLLCTN,1900-01-01 00:00:00,2023-12-31 00:00:00,0
10523,GGRPHCL_ARS_FRL01,NUTS3_ANCRDT_CLLCTN,1900-01-01 00:00:00,9999-12-31 00:00:00,0
10524,GGRPHCL_ARS_HT,ISO3166_DSJNT_C_CLLCTN,1900-01-01 00:00:00,9999-12-31 00:00:00,0
10525,GGRPHCL_ARS_FRI14,NUTS3_ANCRDT_CLLCTN,1900-01-01 00:00:00,9999-12-31 00:00:00,0
10526,GGRPHCL_ARS_EL633,NUTS3_ANCRDT_CLLCTN,1900-01-01 00:00:00,9999-12-31 00:00:00,0
10527,GGRPHCL_ARS_EL513,NUTS3_ANCRDT_CLLCTN,1900-01-01 00:00:00,9999-12-31 00:00:00,0
10528,GGRPHCL_ARS_FRK12,NUTS3_ANCRDT_CLLCTN,1900-01-01 00:00:00,9999-12-31 00:00:00,0
10529,GGRPHCL_ARS_FRD12,NUTS3_ANCRDT_CLLCTN,1900-01-01 00:00:00,9999-12-31 00:00:00,0
10530,GGRPHCL_ARS_ITC43,NUTS3_ANCRDT_CLLCTN,1900-01-01 00:00:00,9999-12-31 00:00:00,0
10531,GGRPHCL_ARS_PT1A0,NUTS3_ANCRDT_CLLCTN,2024-01-01 00:00:00,9999-12-31 00:00:00,0
10532,GGRPHCL_ARS_BB,ISO3166_DSJNT_C_CLLCTN,1900-01-01 00:00:00,9999-12-31 00:00:00,0
10533,GGRPHCL_ARS_DE246,NUTS3_ANCRDT_CLLCTN,1900-01-01 00:00:00,9999-12-31 00:00:00,0
10534,GGRPHCL_ARS_DE719,NUTS3_ANCRDT_CLLCTN,1900-01-01 00:00:00,9999-12-31 00:00:00,0
10535,GGRPHCL_ARS_DE279,NUTS3_ANCRDT_CLLCTN,1900-01-01 00:00:00,9999-12-31 00:00:00,0
10536,GGRPHCL_ARS_DE233,NUTS3_ANCRDT_CLLCTN,1900-01-01 00:00:00,9999-12-31 00:00:00,0
10537,GGRPHCL_ARS_DE600,NUTS3_ANCRDT_CLLCTN,1900-01-01 00:00:00,9999-12-31 00:00:00,0
10538,GGRPHCL_ARS_DEA2B,NUTS3_ANCRDT_CLLCTN,1900-01-01 00:00:00,9999-12-31 00:00:00,0
10539,GGRPHCL_ARS_DM,ISO3166_DSJNT_C_CLLCTN,1900-01-01 00:00:00,9999-12-31 00:00:00,0
10540,GGRPHCL_ARS_DE406,NUTS3_ANCRDT_CLLCTN,1900-01-01 00:00:00,9999-12-31 00:00:00,0
10541,GGRPHCL_ARS_BE329,NUTS3_ANCRDT_CLLCTN,1900-01-01 00:00:00,9999-12-31 00:00:00,0
10542,GGRPHCL_ARS_DE113,NUTS3_ANCRDT_CLLCTN,1900-01-01 00:00:00,9999-12-31 00:00:00,0
10543,GGRPHCL_ARS_ITG28,NUTS3_ANCRDT_CLLCTN,1900-01-01 00:00:00,2023-12-31 00:00:00,0
10544,GGRPHCL_ARS_ITF44,NUTS3_ANCRDT_CLLCTN,1900-01-01 00:00:00,9999-12-31 00:00:00,0
10545,GGRPHCL_ARS_ITI31,NUTS3_ANCRDT_CLLCTN,1900-01-01 00:00:00,9999-12-31 00:00:00,0
10546,GGRPHCL_ARS_ITG17,NUTS3_ANCRDT_CLLCTN,1900-01-01 00:00:00,9999-12-31 00:00:00,0
10547,GGRPHCL_ARS_ITF31,NUTS3_ANCRDT_CLLCTN,1900-01-01 00:00:00,9999-12-31 00:00:00,0
10548,GGRPHCL_ARS_ITI44,NUTS3_ANCRDT_CLLCTN,1900-01-01 00:00:00,9999-12-31 00:00:00,0
10549,GGRPHCL_ARS_LT026,NUTS3_ANCRDT_CLLCTN,1900-01-01 00:00:00,9999-12-31 00:00:00,0
10550,GGRPHCL_ARS_NG,ISO3166_DSJNT_C_CLLCTN,1900-01-01 00:00:00,9999-12-31 00:00:00,0
10551,GGRPHCL_ARS_DE254,NUTS3_ANCRDT_CLLCTN,1900-01-01 00:00:00,9999-12-31 00:00:00,0
10552,GGRPHCL_ARS_SI034,NUTS3_ANCRDT_CLLCTN,1900-01-01 00:00:00,9999-12-31 00:00:00,0
10553,GGRPHCL_ARS_DE912,NUTS3_ANCRDT_CLLCTN,1900-01-01 00:00:00,9999-12-31 00:00:00,0
10554,GGRPHCL_ARS_BY,ISO3166_DSJNT_C_CLLCTN,1900-01-01 00:00:00,9999-12-31 00:00:00,0
10555,GGRPHCL_ARS_BE222,NUTS3_ANCRDT_CLLCTN,1900-01-01 00:00:00,2023-12-31 00:00:00,0
10556,GGRPHCL_ARS_QA,ISO3166_DSJNT_C_CLLCTN,1900-01-01 00:00:00,9999-12-31 00:00:00,0
10557,GGRPHCL_ARS_DEE0C,NUTS3_ANCRDT_CLLCTN,1900-01-01 00:00:00,9999-12-31 00:00:00,0
10558,GGRPHCL_ARS_DE734,NUTS3_ANCRDT_CLLCTN,1900-01-01 00:00:00,9999-12-31 00:00:00,0
10559,GGRPHCL_ARS_SI041,NUTS3_ANCRDT_CLLCTN,1900-01-01 00:00:00,9999-12-31 00:00:00,0
10560,GGRPHCL_ARS_DE221,NUTS3_ANCRDT_CLLCTN,1900-01-01 00:00:00,9999-12-31 00:00:00,0
10561,GGRPHCL_ARS_DED2E,NUTS3_ANCRDT_CLLCTN,1900-01-01 00:00:00,9999-12-31 00:00:00,0
10562,GGRPHCL_ARS_DEG0E,NUTS3_ANCRDT_CLLCTN,1900-01-01 00:00:00,9999-12-31 00:00:00,0
10563,GGRPHCL_ARS_BE257,NUTS3_ANCRDT_CLLCTN,1900-01-01 00:00:00,9999-12-31 00:00:00,0
10564,GGRPHCL_ARS_FRY20,NUTS3_ANCRDT_CLLCTN,1900-01-01 00:00:00,9999-12-31 00:00:00,0
10565,GGRPHCL_ARS_NL32A,NUTS3_ANCRDT_CLLCTN,2024-01-01 00:00:00,9999-12-31 00:00:00,0
10566,GGRPHCL_ARS_EL621,NUTS3_ANCRDT_CLLCTN,1900-01-01 00:00:00,9999-12-31 00:00:00,0
10567,TYP_PRTCTN_9,TYP_PRTCTN_ANCRDT_CLLCTN,1900-01-01 00:00:00,9999-12-31 00:00:00,0
10568,GGRPHCL_ARS_FRJ26,NUTS3_ANCRDT_CLLCTN,1900-01-01 00:00:00,9999-12-31 00:00:00,0
10569,GGRPHCL_ARS_RO122,NUTS3_ANCRDT_CLLCTN,1900-01-01 00:00:00,9999-12-31 00:00:00,0
10570,GGRPHCL_ARS_ELZZZ,NUTS3_ANCRDT_CLLCTN,1900-01-01 00:00:00,9999-12-31 00:00:00,0
10571,GGRPHCL_ARS_FRC13,NUTS3_ANCRDT_CLLCTN,1900-01-01 00:00:00,9999-12-31 00:00:00,0
10572,GGRPHCL_ARS_PT11C,NUTS3_ANCRDT_CLLCTN,1900-01-01 00:00:00,9999-12-31 00:00:00,0
10573,GGRPHCL_ARS_FR615,NUTS3_ANCRDT_CLLCTN,1900-01-01 00:00:00,2023-12-31 00:00:00,0
10574,GGRPHCL_ARS_FR413,NUTS3_ANCRDT_CLLCTN,1900-01-01 00:00:00,2023-12-31 00:00:00,0
10575,GGRPHCL_ARS_FR106,NUTS3_ANCRDT_CLLCTN,1900-01-01 00:00:00,9999-12-31 00:00:00,0
10576,GGRPHCL_ARS_PT16F,NUTS3_ANCRDT_CLLCTN,1900-01-01 00:00:00,2023-12-31 00:00:00,0
10577,GGRPHCL_ARS_FR253,NUTS3_ANCRDT_CLLCTN,1900-01-01 00:00:00,2023-12-31 00:00:00,0
10578,GGRPHCL_ARS_NL224,NUTS3_ANCRDT_CLLCTN,1900-01-01 00:00:00,9999-12-31 00:00:00,0
10579,GGRPHCL_ARS_UKG23,NUTS3_ANCRDT_CLLCTN,1900-01-01 00:00:00,2021-01-31 00:00:00,0
10580,GGRPHCL_ARS_NL411,NUTS3_ANCRDT_CLLCTN,1900-01-01 00:00:00,9999-12-31 00:00:00,0
10581,TYP_PRTCTN_3,TYP_PRTCTN_ANCRDT_CLLCTN,1900-01-01 00:00:00,9999-12-31 00:00:00,0
10582,GGRPHCL_ARS_UKM36,NUTS3_ANCRDT_CLLCTN,1900-01-01 00:00:00,2021-01-31 00:00:00,0
10583,GGRPHCL_ARS_UKH23,NUTS3_ANCRDT_CLLCTN,1900-01-01 00:00:00,2021-01-31 00:00:00,0
10584,GGRPHCL_ARS_HR027,NUTS3_ANCRDT_CLLCTN,1900-01-01 00:00:00,9999-12-31 00:00:00,0
10585,GGRPHCL_ARS_ES422,NUTS3_ANCRDT_CLLCTN,1900-01-01 00:00:00,9999-12-31 00:00:00,0
10586,GGRPHCL_ARS_UKN16,NUTS3_ANCRDT_CLLCTN,1900-01-01 00:00:00,2021-01-31 00:00:00,0
10587,GGRPHCL_ARS_UKJ25,NUTS3_ANCRDT_CLLCTN,1900-01-01 00:00:00,2021-01-31 00:00:00,0
10588,GGRPHCL_ARS_PL332,NUTS3_ANCRDT_CLLCTN,1900-01-01 00:00:00,2023-12-31 00:00:00,0
10589,GGRPHCL_ARS_EEZZZ,NUTS3_ANCRDT_CLLCTN,1900-01-01 00:00:00,9999-12-31 00:00:00,0
10590,GGRPHCL_ARS_PL214,NUTS3_ANCRDT_CLLCTN,1900-01-01 00:00:00,9999-12-31 00:00:00,0
10591,GGRPHCL_ARS_DEA12,NUTS3_ANCRDT_CLLCTN,1900-01-01 00:00:00,9999-12-31 00:00:00,0
10592,GGRPHCL_ARS_DEA58,NUTS3_ANCRDT_CLLCTN,1900-01-01 00:00:00,9999-12-31 00:00:00,0
10593,GGRPHCL_ARS_DEB32,NUTS3_ANCRDT_CLLCTN,1900-01-01 00:00:00,9999-12-31 00:00:00,0
10594,GGRPHCL_ARS_DEF01,NUTS3_ANCRDT_CLLCTN,1900-01-01 00:00:00,9999-12-31 00:00:00,0
10595,GGRPHCL_ARS_AT333,NUTS3_ANCRDT_CLLCTN,1900-01-01 00:00:00,9999-12-31 00:00:00,0
10596,GGRPHCL_ARS_DE94E,NUTS3_ANCRDT_CLLCTN,1900-01-01 00:00:00,9999-12-31 00:00:00,0
10597,GGRPHCL_ARS_DE12C,NUTS3_ANCRDT_CLLCTN,1900-01-01 00:00:00,9999-12-31 00:00:00,0
10598,GGRPHCL_ARS_NI,ISO3166_DSJNT_C_CLLCTN,1900-01-01 00:00:00,9999-12-31 00:00:00,0
10599,GGRPHCL_ARS_HU221,NUTS3_ANCRDT_CLLCTN,1900-01-01 00:00:00,9999-12-31 00:00:00,0
10600,GGRPHCL_ARS_PL618,NUTS3_ANCRDT_CLLCTN,1900-01-01 00:00:00,9999-12-31 00:00:00,0
10601,GGRPHCL_ARS_HU101,NUTS3_ANCRDT_CLLCTN,1900-01-01 00:00:00,2023-12-31 00:00:00,0
10602,GGRPHCL_ARS_DE40I,NUTS3_ANCRDT_CLLCTN,1900-01-01 00:00:00,9999-12-31 00:00:00,0
10603,GGRPHCL_ARS_IE012,NUTS3_ANCRDT_CLLCTN,1900-01-01 00:00:00,2023-12-31 00:00:00,0
10604,GGRPHCL_ARS_BW,ISO3166_DSJNT_C_CLLCTN,1900-01-01 00:00:00,9999-12-31 00:00:00,0
10605,GGRPHCL_ARS_IE,ISO3166_DSJNT_C_CLLCTN,1900-01-01 00:00:00,9999-12-31 00:00:00,0
10606,GGRPHCL_ARS_FR511,NUTS3_ANCRDT_CLLCTN,1900-01-01 00:00:00,2023-12-31 00:00:00,0
10607,GGRPHCL_ARS_FR717,NUTS3_ANCRDT_CLLCTN,1900-01-01 00:00:00,2023-12-31 00:00:00,0
10608,GGRPHCL_ARS_FR631,NUTS3_ANCRDT_CLLCTN,1900-01-01 00:00:00,2023-12-31 00:00:00,0
10609,GGRPHCL_ARS_SE122,NUTS3_ANCRDT_CLLCTN,1900-01-01 00:00:00,9999-12-31 00:00:00,0
10610,GGRPHCL_ARS_UKF21,NUTS3_ANCRDT_CLLCTN,1900-01-01 00:00:00,2021-01-31 00:00:00,0
10611,GGRPHCL_ARS_PL,ISO3166_DSJNT_C_CLLCTN,1900-01-01 00:00:00,9999-12-31 00:00:00,0
10612,GGRPHCL_ARS_NL326,NUTS3_ANCRDT_CLLCTN,1900-01-01 00:00:00,2023-12-31 00:00:00,0
10613,GGRPHCL_ARS_UKI54,NUTS3_ANCRDT_CLLCTN,1900-01-01 00:00:00,2021-01-31 00:00:00,0
10614,GGRPHCL_ARS_VC,ISO3166_DSJNT_C_CLLCTN,1900-01-01 00:00:00,9999-12-31 00:00:00,0
10615,GGRPHCL_ARS_ES113,NUTS3_ANCRDT_CLLCTN,1900-01-01 00:00:00,9999-12-31 00:00:00,0
10616,GGRPHCL_ARS_UKG38,NUTS3_ANCRDT_CLLCTN,1900-01-01 00:00:00,2021-01-31 00:00:00,0
10617,GGRPHCL_ARS_HR049,NUTS3_ANCRDT_CLLCTN,1900-01-01 00:00:00,2023-12-31 00:00:00,0
10618,GGRPHCL_ARS_PK,ISO3166_DSJNT_C_CLLCTN,1900-01-01 00:00:00,9999-12-31 00:00:00,0
10619,GGRPHCL_ARS_DEG03,NUTS3_ANCRDT_CLLCTN,1900-01-01 00:00:00,9999-12-31 00:00:00,0
10620,GGRPHCL_ARS_DEB16,NUTS3_ANCRDT_CLLCTN,1900-01-01 00:00:00,2023-12-31 00:00:00,0
10621,GGRPHCL_ARS_PL523,NUTS3_ANCRDT_CLLCTN,1900-01-01 00:00:00,9999-12-31 00:00:00,0
10622,GGRPHCL_ARS_DE80M,NUTS3_ANCRDT_CLLCTN,1900-01-01 00:00:00,9999-12-31 00:00:00,0
10623,GGRPHCL_ARS_DEA36,NUTS3_ANCRDT_CLLCTN,1900-01-01 00:00:00,9999-12-31 00:00:00,0
10624,GGRPHCL_ARS_DEE05,NUTS3_ANCRDT_CLLCTN,1900-01-01 00:00:00,9999-12-31 00:00:00,0
10625,GGRPHCL_ARS_AT111,NUTS3_ANCRDT_CLLCTN,1900-01-01 00:00:00,9999-12-31 00:00:00,0
10626,GGRPHCL_ARS_DEA43,NUTS3_ANCRDT_CLLCTN,1900-01-01 00:00:00,9999-12-31 00:00:00,0
10627,GGRPHCL_ARS_HU323,NUTS3_ANCRDT_CLLCTN,1900-01-01 00:00:00,9999-12-31 00:00:00,0
10628,GGRPHCL_ARS_DE25B,NUTS3_ANCRDT_CLLCTN,1900-01-01 00:00:00,9999-12-31 00:00:00,0
10629,GGRPHCL_ARS_DE21H,NUTS3_ANCRDT_CLLCTN,1900-01-01 00:00:00,9999-12-31 00:00:00,0
10630,GGRPHCL_ARS_FI1D8,NUTS3_ANCRDT_CLLCTN,1900-01-01 00:00:00,9999-12-31 00:00:00,0
10631,GGRPHCL_ARS_OM,ISO3166_DSJNT_C_CLLCTN,1900-01-01 00:00:00,9999-12-31 00:00:00,0
10632,GGRPHCL_ARS_ITH33,NUTS3_ANCRDT_CLLCTN,1900-01-01 00:00:00,9999-12-31 00:00:00,0
10633,GGRPHCL_ARS_ITI15,NUTS3_ANCRDT_CLLCTN,1900-01-01 00:00:00,9999-12-31 00:00:00,0
10634,GGRPHCL_ARS_ER,ISO3166_DSJNT_C_CLLCTN,1900-01-01 00:00:00,9999-12-31 00:00:00,0
10635,GGRPHCL_ARS_PE,ISO3166_DSJNT_C_CLLCTN,1900-01-01 00:00:00,9999-12-31 00:00:00,0
10636,GGRPHCL_ARS_LT002,NUTS3_ANCRDT_CLLCTN,1900-01-01 00:00:00,2023-12-31 00:00:00,0
10637,GGRPHCL_ARS_DEG0T,NUTS3_ANCRDT_CLLCTN,2024-01-01 00:00:00,9999-12-31 00:00:00,0
10638,GGRPHCL_ARS_DE936,NUTS3_ANCRDT_CLLCTN,1900-01-01 00:00:00,9999-12-31 00:00:00,0
10639,GGRPHCL_ARS_DEB3D,NUTS3_ANCRDT_CLLCTN,1900-01-01 00:00:00,9999-12-31 00:00:00,0
10640,GGRPHCL_ARS_DE943,NUTS3_ANCRDT_CLLCTN,1900-01-01 00:00:00,9999-12-31 00:00:00,0
10641,GGRPHCL_ARS_DE125,NUTS3_ANCRDT_CLLCTN,1900-01-01 00:00:00,9999-12-31 00:00:00,0
10642,GGRPHCL_ARS_IL,ISO3166_DSJNT_C_CLLCTN,1900-01-01 00:00:00,9999-12-31 00:00:00,0
10643,GGRPHCL_ARS_DEA1D,NUTS3_ANCRDT_CLLCTN,1900-01-01 00:00:00,9999-12-31 00:00:00,0
10644,GGRPHCL_ARS_BG334,NUTS3_ANCRDT_CLLCTN,1900-01-01 00:00:00,9999-12-31 00:00:00,0
10645,GGRPHCL_ARS_BG341,NUTS3_ANCRDT_CLLCTN,1900-01-01 00:00:00,9999-12-31 00:00:00,0
10646,GGRPHCL_ARS_BGZZZ,NUTS3_ANCRDT_CLLCTN,1900-01-01 00:00:00,9999-12-31 00:00:00,0
10647,GGRPHCL_ARS_EL525,NUTS3_ANCRDT_CLLCTN,1900-01-01 00:00:00,9999-12-31 00:00:00,0
10648,GGRPHCL_ARS_FRK24,NUTS3_ANCRDT_CLLCTN,1900-01-01 00:00:00,9999-12-31 00:00:00,0
10649,GGRPHCL_ARS_FRH04,NUTS3_ANCRDT_CLLCTN,1900-01-01 00:00:00,9999-12-31 00:00:00,0
10650,GGRPHCL_ARS_FRI22,NUTS3_ANCRDT_CLLCTN,1900-01-01 00:00:00,9999-12-31 00:00:00,0
10651,GGRPHCL_ARS_FRF22,NUTS3_ANCRDT_CLLCTN,1900-01-01 00:00:00,9999-12-31 00:00:00,0
10652,GGRPHCL_ARS_FRG04,NUTS3_ANCRDT_CLLCTN,1900-01-01 00:00:00,9999-12-31 00:00:00,0
10653,GGRPHCL_ARS_RO226,NUTS3_ANCRDT_CLLCTN,1900-01-01 00:00:00,9999-12-31 00:00:00,0
10654,GGRPHCL_ARS_CZ,ISO3166_DSJNT_C_CLLCTN,1900-01-01 00:00:00,9999-12-31 00:00:00,0
10655,GGRPHCL_ARS_RO413,NUTS3_ANCRDT_CLLCTN,1900-01-01 00:00:00,9999-12-31 00:00:00,0
10656,GGRPHCL_ARS_EL411,NUTS3_ANCRDT_CLLCTN,1900-01-01 00:00:00,9999-12-31 00:00:00,0
10657,GGRPHCL_ARS_EL302,NUTS3_ANCRDT_CLLCTN,1900-01-01 00:00:00,9999-12-31 00:00:00,0
10658,GGRPHCL_ARS_RO312,NUTS3_ANCRDT_CLLCTN,1900-01-01 00:00:00,9999-12-31 00:00:00,0
10659,GGRPHCL_ARS_FRB03,NUTS3_ANCRDT_CLLCTN,1900-01-01 00:00:00,9999-12-31 00:00:00,0
10660,GGRPHCL_ARS_CA,ISO3166_DSJNT_C_CLLCTN,1900-01-01 00:00:00,9999-12-31 00:00:00,0
10661,GGRPHCL_ARS_PY,ISO3166_DSJNT_C_CLLCTN,1900-01-01 00:00:00,9999-12-31 00:00:00,0
10662,GGRPHCL_ARS_EL542,NUTS3_ANCRDT_CLLCTN,1900-01-01 00:00:00,9999-12-31 00:00:00,0
10663,GGRPHCL_ARS_RO114,NUTS3_ANCRDT_CLLCTN,1900-01-01 00:00:00,9999-12-31 00:00:00,0
10664,GGRPHCL_ARS_CZ051,NUTS3_ANCRDT_CLLCTN,1900-01-01 00:00:00,9999-12-31 00:00:00,0
10665,GGRPHCL_ARS_PT1D1,NUTS3_ANCRDT_CLLCTN,2024-01-01 00:00:00,9999-12-31 00:00:00,0
10666,GGRPHCL_ARS_ITH54,NUTS3_ANCRDT_CLLCTN,1900-01-01 00:00:00,9999-12-31 00:00:00,0
10667,GGRPHCL_ARS_ITC12,NUTS3_ANCRDT_CLLCTN,1900-01-01 00:00:00,9999-12-31 00:00:00,0
10668,GGRPHCL_ARS_CF,ISO3166_DSJNT_C_CLLCTN,1900-01-01 00:00:00,9999-12-31 00:00:00,0
10669,GGRPHCL_ARS_PT1C4,NUTS3_ANCRDT_CLLCTN,2024-01-01 00:00:00,9999-12-31 00:00:00,0
10670,GGRPHCL_ARS_DEG0L,NUTS3_ANCRDT_CLLCTN,1900-01-01 00:00:00,9999-12-31 00:00:00,0
10671,GGRPHCL_ARS_BE332,NUTS3_ANCRDT_CLLCTN,1900-01-01 00:00:00,9999-12-31 00:00:00,0
10672,GGRPHCL_ARS_DE142,NUTS3_ANCRDT_CLLCTN,1900-01-01 00:00:00,9999-12-31 00:00:00,0
10673,GGRPHCL_ARS_DE228,NUTS3_ANCRDT_CLLCTN,1900-01-01 00:00:00,9999-12-31 00:00:00,0
10674,GGRPHCL_ARS_DE262,NUTS3_ANCRDT_CLLCTN,1900-01-01 00:00:00,9999-12-31 00:00:00,0
10675,GGRPHCL_ARS_DE137,NUTS3_ANCRDT_CLLCTN,1900-01-01 00:00:00,9999-12-31 00:00:00,0
10676,GGRPHCL_ARS_DE217,NUTS3_ANCRDT_CLLCTN,1900-01-01 00:00:00,9999-12-31 00:00:00,0
10677,GGRPHCL_ARS_AT223,NUTS3_ANCRDT_CLLCTN,1900-01-01 00:00:00,9999-12-31 00:00:00,0
10678,GGRPHCL_ARS_PL417,NUTS3_ANCRDT_CLLCTN,1900-01-01 00:00:00,9999-12-31 00:00:00,0
10679,GGRPHCL_ARS_PL842,NUTS3_ANCRDT_CLLCTN,1900-01-01 00:00:00,9999-12-31 00:00:00,0
10680,GGRPHCL_ARS_DEA24,NUTS3_ANCRDT_CLLCTN,1900-01-01 00:00:00,9999-12-31 00:00:00,0
10681,GGRPHCL_ARS_CH,ISO3166_DSJNT_C_CLLCTN,1900-01-01 00:00:00,9999-12-31 00:00:00,0
10682,GGRPHCL_ARS_DEF08,NUTS3_ANCRDT_CLLCTN,1900-01-01 00:00:00,9999-12-31 00:00:00,0
10683,GGRPHCL_ARS_PL911,NUTS3_ANCRDT_CLLCTN,1900-01-01 00:00:00,9999-12-31 00:00:00,0
10684,GGRPHCL_ARS_PL428,NUTS3_ANCRDT_CLLCTN,1900-01-01 00:00:00,9999-12-31 00:00:00,0
10685,GGRPHCL_ARS_EG,ISO3166_DSJNT_C_CLLCTN,1900-01-01 00:00:00,9999-12-31 00:00:00,0
10686,GGRPHCL_ARS_DED44,NUTS3_ANCRDT_CLLCTN,1900-01-01 00:00:00,9999-12-31 00:00:00,0
10687,GGRPHCL_ARS_HU331,NUTS3_ANCRDT_CLLCTN,1900-01-01 00:00:00,9999-12-31 00:00:00,0
10688,GGRPHCL_ARS_DEA51,NUTS3_ANCRDT_CLLCTN,1900-01-01 00:00:00,9999-12-31 00:00:00,0
10689,GGRPHCL_ARS_DK011,NUTS3_ANCRDT_CLLCTN,1900-01-01 00:00:00,9999-12-31 00:00:00,0
10690,GGRPHCL_ARS_ZA,ISO3166_DSJNT_C_CLLCTN,1900-01-01 00:00:00,9999-12-31 00:00:00,0
10691,GGRPHCL_ARS_IE024,NUTS3_ANCRDT_CLLCTN,1900-01-01 00:00:00,2023-12-31 00:00:00,0
10692,GGRPHCL_ARS_IE051,NUTS3_ANCRDT_CLLCTN,1900-01-01 00:00:00,9999-12-31 00:00:00,0
10693,GGRPHCL_ARS_FR623,NUTS3_ANCRDT_CLLCTN,1900-01-01 00:00:00,2023-12-31 00:00:00,0
10694,GGRPHCL_ARS_PW,ISO3166_DSJNT_C_CLLCTN,1900-01-01 00:00:00,9999-12-31 00:00:00,0
10695,GGRPHCL_ARS_NL132,NUTS3_ANCRDT_CLLCTN,1900-01-01 00:00:00,9999-12-31 00:00:00,0
10696,GGRPHCL_ARS_CO,ISO3166_DSJNT_C_CLLCTN,1900-01-01 00:00:00,9999-12-31 00:00:00,0
10697,GGRPHCL_ARS_NL212,NUTS3_ANCRDT_CLLCTN,1900-01-01 00:00:00,9999-12-31 00:00:00,0
10698,GGRPHCL_ARS_UKM75,NUTS3_ANCRDT_CLLCTN,1900-01-01 00:00:00,2021-01-31 00:00:00,0
10699,GGRPHCL_ARS_UKE13,NUTS3_ANCRDT_CLLCTN,1900-01-01 00:00:00,2021-01-31 00:00:00,0
10700,GGRPHCL_ARS_UKD35,NUTS3_ANCRDT_CLLCTN,1900-01-01 00:00:00,2021-01-31 00:00:00,0
10701,GGRPHCL_ARS_HR064,NUTS3_ANCRDT_CLLCTN,1900-01-01 00:00:00,9999-12-31 00:00:00,0
10702,GGRPHCL_ARS_NLZZZ,NUTS3_ANCRDT_CLLCTN,1900-01-01 00:00:00,9999-12-31 00:00:00,0
10703,GGRPHCL_ARS_ES532,NUTS3_ANCRDT_CLLCTN,1900-01-01 00:00:00,9999-12-31 00:00:00,0
10704,GGRPHCL_ARS_ES414,NUTS3_ANCRDT_CLLCTN,1900-01-01 00:00:00,9999-12-31 00:00:00,0
10705,GGRPHCL_ARS_UKJ13,NUTS3_ANCRDT_CLLCTN,1900-01-01 00:00:00,2021-01-31 00:00:00,0
10706,GGRPHCL_ARS_UKI33,NUTS3_ANCRDT_CLLCTN,1900-01-01 00:00:00,2021-01-31 00:00:00,0
10707,GGRPHCL_ARS_NL341,NUTS3_ANCRDT_CLLCTN,1900-01-01 00:00:00,9999-12-31 00:00:00,0
10708,GGRPHCL_ARS_ES612,NUTS3_ANCRDT_CLLCTN,1900-01-01 00:00:00,9999-12-31 00:00:00,0
10709,GGRPHCL_ARS_UKH15,NUTS3_ANCRDT_CLLCTN,1900-01-01 00:00:00,2021-01-31 00:00:00,0
10710,GGRPHCL_ARS_UKK23,NUTS3_ANCRDT_CLLCTN,1900-01-01 00:00:00,2021-01-31 00:00:00,0
10711,GGRPHCL_ARS_TR,ISO3166_DSJNT_C_CLLCTN,1900-01-01 00:00:00,9999-12-31 00:00:00,0
10712,GGRPHCL_ARS_UKF25,NUTS3_ANCRDT_CLLCTN,1900-01-01 00:00:00,2021-01-31 00:00:00,0
10713,GGRPHCL_ARS_NL124,NUTS3_ANCRDT_CLLCTN,1900-01-01 00:00:00,2023-12-31 00:00:00,0
10714,GGRPHCL_ARS_UKN09,NUTS3_ANCRDT_CLLCTN,1900-01-01 00:00:00,2021-01-31 00:00:00,0
10715,GGRPHCL_ARS_AE,ISO3166_DSJNT_C_CLLCTN,1900-01-01 00:00:00,9999-12-31 00:00:00,0
10716,GGRPHCL_ARS_ES242,NUTS3_ANCRDT_CLLCTN,1900-01-01 00:00:00,9999-12-31 00:00:00,0
10717,GGRPHCL_ARS_FI194,NUTS3_ANCRDT_CLLCTN,1900-01-01 00:00:00,2023-12-31 00:00:00,0
10718,GGRPHCL_ARS_NL322,NUTS3_ANCRDT_CLLCTN,1900-01-01 00:00:00,2023-12-31 00:00:00,0
10719,GGRPHCL_ARS_UKM63,NUTS3_ANCRDT_CLLCTN,1900-01-01 00:00:00,2021-01-31 00:00:00,0
10720,GGRPHCL_ARS_FR813,NUTS3_ANCRDT_CLLCTN,1900-01-01 00:00:00,2023-12-31 00:00:00,0
10721,GGRPHCL_ARS_FR515,NUTS3_ANCRDT_CLLCTN,1900-01-01 00:00:00,2023-12-31 00:00:00,0
10722,GGRPHCL_ARS_FR433,NUTS3_ANCRDT_CLLCTN,1900-01-01 00:00:00,2023-12-31 00:00:00,0
10723,GGRPHCL_ARS_FR713,NUTS3_ANCRDT_CLLCTN,1900-01-01 00:00:00,2023-12-31 00:00:00,0
10724,GGRPHCL_ARS_PL821,NUTS3_ANCRDT_CLLCTN,1900-01-01 00:00:00,9999-12-31 00:00:00,0
10725,GGRPHCL_ARS_GM,ISO3166_DSJNT_C_CLLCTN,1900-01-01 00:00:00,9999-12-31 00:00:00,0
10726,TYP_PRTCTN_7,TYP_PRTCTN_ANCRDT_CLLCTN,1900-01-01 00:00:00,9999-12-31 00:00:00,0
10727,GGRPHCL_ARS_PL518,NUTS3_ANCRDT_CLLCTN,1900-01-01 00:00:00,9999-12-31 00:00:00,0
10728,GGRPHCL_ARS_DEA47,NUTS3_ANCRDT_CLLCTN,1900-01-01 00:00:00,9999-12-31 00:00:00,0
10729,GGRPHCL_ARS_PL638,NUTS3_ANCRDT_CLLCTN,1900-01-01 00:00:00,9999-12-31 00:00:00,0
10730,GGRPHCL_ARS_DED52,NUTS3_ANCRDT_CLLCTN,1900-01-01 00:00:00,9999-12-31 00:00:00,0
10731,GGRPHCL_ARS_DE21L,NUTS3_ANCRDT_CLLCTN,1900-01-01 00:00:00,9999-12-31 00:00:00,0
10732,GGRPHCL_ARS_DEG07,NUTS3_ANCRDT_CLLCTN,1900-01-01 00:00:00,9999-12-31 00:00:00,0
10733,GGRPHCL_ARS_PL114,NUTS3_ANCRDT_CLLCTN,1900-01-01 00:00:00,2023-12-31 00:00:00,0
10734,GGRPHCL_ARS_DEB12,NUTS3_ANCRDT_CLLCTN,1900-01-01 00:00:00,9999-12-31 00:00:00,0
10735,GGRPHCL_ARS_AT313,NUTS3_ANCRDT_CLLCTN,1900-01-01 00:00:00,9999-12-31 00:00:00,0
10736,GGRPHCL_ARS_DEA32,NUTS3_ANCRDT_CLLCTN,1900-01-01 00:00:00,9999-12-31 00:00:00,0
10737,GGRPHCL_ARS_DEE01,NUTS3_ANCRDT_CLLCTN,1900-01-01 00:00:00,9999-12-31 00:00:00,0
10738,GGRPHCL_ARS_PL721,NUTS3_ANCRDT_CLLCTN,1900-01-01 00:00:00,9999-12-31 00:00:00,0
10739,GGRPHCL_ARS_PL312,NUTS3_ANCRDT_CLLCTN,1900-01-01 00:00:00,2023-12-31 00:00:00,0
10740,GGRPHCL_ARS_DE22C,NUTS3_ANCRDT_CLLCTN,1900-01-01 00:00:00,9999-12-31 00:00:00,0
10741,GGRPHCL_ARS_DEF0C,NUTS3_ANCRDT_CLLCTN,1900-01-01 00:00:00,9999-12-31 00:00:00,0
10742,GGRPHCL_ARS_DE121,NUTS3_ANCRDT_CLLCTN,1900-01-01 00:00:00,9999-12-31 00:00:00,0
10743,GGRPHCL_ARS_DE947,NUTS3_ANCRDT_CLLCTN,1900-01-01 00:00:00,9999-12-31 00:00:00,0
10744,GGRPHCL_ARS_BE351,NUTS3_ANCRDT_CLLCTN,1900-01-01 00:00:00,9999-12-31 00:00:00,0
10745,GGRPHCL_ARS_SIZZZ,NUTS3_ANCRDT_CLLCTN,1900-01-01 00:00:00,9999-12-31 00:00:00,0
10746,GGRPHCL_ARS_DE714,NUTS3_ANCRDT_CLLCTN,1900-01-01 00:00:00,9999-12-31 00:00:00,0
10747,GGRPHCL_ARS_DE932,NUTS3_ANCRDT_CLLCTN,1900-01-01 00:00:00,9999-12-31 00:00:00,0
10748,GGRPHCL_ARS_BE324,NUTS3_ANCRDT_CLLCTN,1900-01-01 00:00:00,2023-12-31 00:00:00,0
10749,GGRPHCL_ARS_DE274,NUTS3_ANCRDT_CLLCTN,1900-01-01 00:00:00,9999-12-31 00:00:00,0
10750,GGRPHCL_ARS_MR,ISO3166_DSJNT_C_CLLCTN,1900-01-01 00:00:00,9999-12-31 00:00:00,0
10751,GGRPHCL_ARS_CZ032,NUTS3_ANCRDT_CLLCTN,1900-01-01 00:00:00,9999-12-31 00:00:00,0
10752,GGRPHCL_ARS_ITH42,NUTS3_ANCRDT_CLLCTN,1900-01-01 00:00:00,9999-12-31 00:00:00,0
10753,GGRPHCL_ARS_LT006,NUTS3_ANCRDT_CLLCTN,1900-01-01 00:00:00,2023-12-31 00:00:00,0
10754,GGRPHCL_ARS_ITF11,NUTS3_ANCRDT_CLLCTN,1900-01-01 00:00:00,9999-12-31 00:00:00,0
10755,GGRPHCL_ARS_AL,ISO3166_DSJNT_C_CLLCTN,1900-01-01 00:00:00,9999-12-31 00:00:00,0
10756,GGRPHCL_ARS_ITH37,NUTS3_ANCRDT_CLLCTN,1900-01-01 00:00:00,9999-12-31 00:00:00,0
10757,GGRPHCL_ARS_ITI11,NUTS3_ANCRDT_CLLCTN,1900-01-01 00:00:00,9999-12-31 00:00:00,0
10758,GGRPHCL_ARS_ITF64,NUTS3_ANCRDT_CLLCTN,1900-01-01 00:00:00,9999-12-31 00:00:00,0
10759,GGRPHCL_ARS_RS,ISO3166_DSJNT_C_CLLCTN,1900-01-01 00:00:00,9999-12-31 00:00:00,0
10760,GGRPHCL_ARS_RO222,NUTS3_ANCRDT_CLLCTN,1900-01-01 00:00:00,9999-12-31 00:00:00,0
10761,GGRPHCL_ARS_PT111,NUTS3_ANCRDT_CLLCTN,1900-01-01 00:00:00,9999-12-31 00:00:00,0
10762,GGRPHCL_ARS_EL521,NUTS3_ANCRDT_CLLCTN,1900-01-01 00:00:00,9999-12-31 00:00:00,0
10763,GGRPHCL_ARS_FRA40,NUTS3_ANCRDT_CLLCTN,1900-01-01 00:00:00,2023-12-31 00:00:00,0
10764,GGRPHCL_ARS_GD,ISO3166_DSJNT_C_CLLCTN,1900-01-01 00:00:00,9999-12-31 00:00:00,0
10765,GGRPHCL_ARS_KZ,ISO3166_DSJNT_C_CLLCTN,1900-01-01 00:00:00,9999-12-31 00:00:00,0
10766,GGRPHCL_ARS_MU,ISO3166_DSJNT_C_CLLCTN,1900-01-01 00:00:00,9999-12-31 00:00:00,0
10767,GGRPHCL_ARS_BG423,NUTS3_ANCRDT_CLLCTN,1900-01-01 00:00:00,9999-12-31 00:00:00,0
10768,GGRPHCL_ARS_FRC21,NUTS3_ANCRDT_CLLCTN,1900-01-01 00:00:00,9999-12-31 00:00:00,0
10769,GGRPHCL_ARS_FRF34,NUTS3_ANCRDT_CLLCTN,1900-01-01 00:00:00,9999-12-31 00:00:00,0
10770,GGRPHCL_ARS_RO316,NUTS3_ANCRDT_CLLCTN,1900-01-01 00:00:00,9999-12-31 00:00:00,0
10771,GGRPHCL_ARS_TG,ISO3166_DSJNT_C_CLLCTN,1900-01-01 00:00:00,9999-12-31 00:00:00,0
10772,GGRPHCL_ARS_FRJ14,NUTS3_ANCRDT_CLLCTN,1900-01-01 00:00:00,9999-12-31 00:00:00,0
10773,GGRPHCL_ARS_EL533,NUTS3_ANCRDT_CLLCTN,1900-01-01 00:00:00,9999-12-31 00:00:00,0
10774,GGRPHCL_ARS_FRI34,NUTS3_ANCRDT_CLLCTN,1900-01-01 00:00:00,9999-12-31 00:00:00,0
10775,GGRPHCL_ARS_EL613,NUTS3_ANCRDT_CLLCTN,1900-01-01 00:00:00,9999-12-31 00:00:00,0
10776,GGRPHCL_ARS_EL306,NUTS3_ANCRDT_CLLCTN,1900-01-01 00:00:00,9999-12-31 00:00:00,0
10777,GGRPHCL_ARS_HR04B,NUTS3_ANCRDT_CLLCTN,1900-01-01 00:00:00,2023-12-31 00:00:00,0
10778,GGRPHCL_ARS_BG322,NUTS3_ANCRDT_CLLCTN,1900-01-01 00:00:00,9999-12-31 00:00:00,0
10779,GGRPHCL_ARS_MN,ISO3166_DSJNT_C_CLLCTN,1900-01-01 00:00:00,9999-12-31 00:00:00,0
10780,GGRPHCL_ARS_BE343,NUTS3_ANCRDT_CLLCTN,1900-01-01 00:00:00,9999-12-31 00:00:00,0
10781,GGRPHCL_ARS_DE133,NUTS3_ANCRDT_CLLCTN,1900-01-01 00:00:00,9999-12-31 00:00:00,0
10782,GGRPHCL_ARS_PL12D,NUTS3_ANCRDT_CLLCTN,1900-01-01 00:00:00,2023-12-31 00:00:00,0
10783,GGRPHCL_ARS_CZ080,NUTS3_ANCRDT_CLLCTN,1900-01-01 00:00:00,9999-12-31 00:00:00,0
10784,GGRPHCL_ARS_DE259,NUTS3_ANCRDT_CLLCTN,1900-01-01 00:00:00,9999-12-31 00:00:00,0
10785,GGRPHCL_ARS_DE213,NUTS3_ANCRDT_CLLCTN,1900-01-01 00:00:00,9999-12-31 00:00:00,0
10786,GGRPHCL_ARS_BE336,NUTS3_ANCRDT_CLLCTN,1900-01-01 00:00:00,9999-12-31 00:00:00,0
10787,GGRPHCL_ARS_DEG0H,NUTS3_ANCRDT_CLLCTN,1900-01-01 00:00:00,2023-12-31 00:00:00,0
10788,GGRPHCL_ARS_DE146,NUTS3_ANCRDT_CLLCTN,1900-01-01 00:00:00,9999-12-31 00:00:00,0
10789,GGRPHCL_ARS_DE266,NUTS3_ANCRDT_CLLCTN,1900-01-01 00:00:00,9999-12-31 00:00:00,0
10790,GGRPHCL_ARS_RO,ISO3166_DSJNT_C_CLLCTN,1900-01-01 00:00:00,9999-12-31 00:00:00,0
10791,GGRPHCL_ARS_AW,ISO3166_DSJNT_C_CLLCTN,1900-01-01 00:00:00,9999-12-31 00:00:00,0
10792,GGRPHCL_ARS_CZ020,NUTS3_ANCRDT_CLLCTN,1900-01-01 00:00:00,9999-12-31 00:00:00,0
10793,GGRPHCL_ARS_ITG25,NUTS3_ANCRDT_CLLCTN,1900-01-01 00:00:00,2023-12-31 00:00:00,0
10794,GGRPHCL_ARS_ITC16,NUTS3_ANCRDT_CLLCTN,1900-01-01 00:00:00,9999-12-31 00:00:00,0
10795,GGRPHCL_ARS_LTZZZ,NUTS3_ANCRDT_CLLCTN,1900-01-01 00:00:00,9999-12-31 00:00:00,0
10796,GGRPHCL_ARS_FI1DB,NUTS3_ANCRDT_CLLCTN,2024-01-01 00:00:00,9999-12-31 00:00:00,0
10797,GGRPHCL_ARS_MG,ISO3166_DSJNT_C_CLLCTN,1900-01-01 00:00:00,9999-12-31 00:00:00,0
10798,GGRPHCL_ARS_ITC4A,NUTS3_ANCRDT_CLLCTN,1900-01-01 00:00:00,9999-12-31 00:00:00,0
10799,GGRPHCL_ARS_KH,ISO3166_DSJNT_C_CLLCTN,1900-01-01 00:00:00,9999-12-31 00:00:00,0
10800,GGRPHCL_ARS_DE94H,NUTS3_ANCRDT_CLLCTN,1900-01-01 00:00:00,9999-12-31 00:00:00,0
10801,GGRPHCL_ARS_TN,ISO3166_DSJNT_C_CLLCTN,1900-01-01 00:00:00,9999-12-31 00:00:00,0
10802,GGRPHCL_ARS_DE24D,NUTS3_ANCRDT_CLLCTN,1900-01-01 00:00:00,9999-12-31 00:00:00,0
10803,GGRPHCL_ARS_PL219,NUTS3_ANCRDT_CLLCTN,1900-01-01 00:00:00,9999-12-31 00:00:00,0
10804,GGRPHCL_ARS_DEA55,NUTS3_ANCRDT_CLLCTN,1900-01-01 00:00:00,9999-12-31 00:00:00,0
10805,GGRPHCL_ARS_HU213,NUTS3_ANCRDT_CLLCTN,1900-01-01 00:00:00,9999-12-31 00:00:00,0
10806,GGRPHCL_ARS_DE40D,NUTS3_ANCRDT_CLLCTN,1900-01-01 00:00:00,9999-12-31 00:00:00,0
10807,GGRPHCL_ARS_DE11A,NUTS3_ANCRDT_CLLCTN,1900-01-01 00:00:00,9999-12-31 00:00:00,0
10808,GGRPHCL_ARS_DE23A,NUTS3_ANCRDT_CLLCTN,1900-01-01 00:00:00,9999-12-31 00:00:00,0
10809,GGRPHCL_ARS_GQ,ISO3166_DSJNT_C_CLLCTN,1900-01-01 00:00:00,9999-12-31 00:00:00,0
10810,GGRPHCL_ARS_ES616,NUTS3_ANCRDT_CLLCTN,1900-01-01 00:00:00,9999-12-31 00:00:00,0
10811,GGRPHCL_ARS_UKD44,NUTS3_ANCRDT_CLLCTN,1900-01-01 00:00:00,2021-01-31 00:00:00,0
10812,GGRPHCL_ARS_UKH11,NUTS3_ANCRDT_CLLCTN,1900-01-01 00:00:00,2021-01-31 00:00:00,0
10813,GGRPHCL_ARS_UKL22,NUTS3_ANCRDT_CLLCTN,1900-01-01 00:00:00,2021-01-31 00:00:00,0
10814,GGRPHCL_ARS_NL423,NUTS3_ANCRDT_CLLCTN,1900-01-01 00:00:00,9999-12-31 00:00:00,0
10815,GGRPHCL_ARS_UKG11,NUTS3_ANCRDT_CLLCTN,1900-01-01 00:00:00,2021-01-31 00:00:00,0
10816,GGRPHCL_ARS_UKC22,NUTS3_ANCRDT_CLLCTN,1900-01-01 00:00:00,2021-01-31 00:00:00,0
10817,GGRPHCL_ARS_UKJ28,NUTS3_ANCRDT_CLLCTN,1900-01-01 00:00:00,2021-01-31 00:00:00,0
10818,GGRPHCL_ARS_UKM71,NUTS3_ANCRDT_CLLCTN,1900-01-01 00:00:00,2021-01-31 00:00:00,0
10819,GGRPHCL_ARS_UKI42,NUTS3_ANCRDT_CLLCTN,1900-01-01 00:00:00,2021-01-31 00:00:00,0
10820,GGRPHCL_ARS_SE214,NUTS3_ANCRDT_CLLCTN,1900-01-01 00:00:00,9999-12-31 00:00:00,0
10821,GGRPHCL_ARS_SE332,NUTS3_ANCRDT_CLLCTN,1900-01-01 00:00:00,9999-12-31 00:00:00,0
10822,GGRPHCL_ARS_FR261,NUTS3_ANCRDT_CLLCTN,1900-01-01 00:00:00,2023-12-31 00:00:00,0
10823,GGRPHCL_ARS_FR421,NUTS3_ANCRDT_CLLCTN,1900-01-01 00:00:00,2023-12-31 00:00:00,0
10824,GGRPHCL_ARS_FR627,NUTS3_ANCRDT_CLLCTN,1900-01-01 00:00:00,2023-12-31 00:00:00,0
10825,GGRPHCL_ARS_FR214,NUTS3_ANCRDT_CLLCTN,1900-01-01 00:00:00,2023-12-31 00:00:00,0
10826,GGRPHCL_ARS_FI1D5,NUTS3_ANCRDT_CLLCTN,1900-01-01 00:00:00,9999-12-31 00:00:00,0
10827,GGRPHCL_ARS_SE,ISO3166_DSJNT_C_CLLCTN,1900-01-01 00:00:00,9999-12-31 00:00:00,0
10828,GGRPHCL_ARS_ITG2C,NUTS3_ANCRDT_CLLCTN,1900-01-01 00:00:00,2023-12-31 00:00:00,0
10829,GGRPHCL_ARS_FR,ISO3166_DSJNT_C_CLLCTN,1900-01-01 00:00:00,9999-12-31 00:00:00,0
10830,GGRPHCL_ARS_DK031,NUTS3_ANCRDT_CLLCTN,1900-01-01 00:00:00,9999-12-31 00:00:00,0
10831,GGRPHCL_ARS_DEE08,NUTS3_ANCRDT_CLLCTN,1900-01-01 00:00:00,9999-12-31 00:00:00,0
10832,GGRPHCL_ARS_YT,ISO3166_DSJNT_C_CLLCTN,1900-01-01 00:00:00,9999-12-31 00:00:00,0
10833,GGRPHCL_ARS_HU311,NUTS3_ANCRDT_CLLCTN,1900-01-01 00:00:00,9999-12-31 00:00:00,0
10834,GGRPHCL_ARS_AT123,NUTS3_ANCRDT_CLLCTN,1900-01-01 00:00:00,9999-12-31 00:00:00,0
10835,GGRPHCL_ARS_DE21E,NUTS3_ANCRDT_CLLCTN,1900-01-01 00:00:00,9999-12-31 00:00:00,0
10836,GGRPHCL_ARS_PL324,NUTS3_ANCRDT_CLLCTN,1900-01-01 00:00:00,2023-12-31 00:00:00,0
10837,GGRPHCL_ARS_DEC02,NUTS3_ANCRDT_CLLCTN,1900-01-01 00:00:00,9999-12-31 00:00:00,0
10838,GGRPHCL_ARS_LC,ISO3166_DSJNT_C_CLLCTN,1900-01-01 00:00:00,9999-12-31 00:00:00,0
10839,GGRPHCL_ARS_DEB24,NUTS3_ANCRDT_CLLCTN,1900-01-01 00:00:00,9999-12-31 00:00:00,0
10840,GGRPHCL_ARS_HR031,NUTS3_ANCRDT_CLLCTN,1900-01-01 00:00:00,9999-12-31 00:00:00,0
10841,GGRPHCL_ARS_UKH35,NUTS3_ANCRDT_CLLCTN,1900-01-01 00:00:00,2021-01-31 00:00:00,0
10842,GGRPHCL_ARS_UKK15,NUTS3_ANCRDT_CLLCTN,1900-01-01 00:00:00,2021-01-31 00:00:00,0
10843,GGRPHCL_ARS_ES512,NUTS3_ANCRDT_CLLCTN,1900-01-01 00:00:00,9999-12-31 00:00:00,0
10844,GGRPHCL_ARS_HR044,NUTS3_ANCRDT_CLLCTN,1900-01-01 00:00:00,2023-12-31 00:00:00,0
10845,GGRPHCL_ARS_NL112,NUTS3_ANCRDT_CLLCTN,1900-01-01 00:00:00,9999-12-31 00:00:00,0
10846,GGRPHCL_ARS_UKF13,NUTS3_ANCRDT_CLLCTN,1900-01-01 00:00:00,2021-01-31 00:00:00,0
10847,GGRPHCL_ARS_UKJ46,NUTS3_ANCRDT_CLLCTN,1900-01-01 00:00:00,2021-01-31 00:00:00,0
10848,GGRPHCL_ARS_SE110,NUTS3_ANCRDT_CLLCTN,1900-01-01 00:00:00,9999-12-31 00:00:00,0
10849,GGRPHCL_ARS_FR245,NUTS3_ANCRDT_CLLCTN,1900-01-01 00:00:00,2023-12-31 00:00:00,0
10850,GGRPHCL_ARS_SB,ISO3166_DSJNT_C_CLLCTN,1900-01-01 00:00:00,9999-12-31 00:00:00,0
10851,GGRPHCL_ARS_FR825,NUTS3_ANCRDT_CLLCTN,1900-01-01 00:00:00,2023-12-31 00:00:00,0
10852,GGRPHCL_ARS_FR523,NUTS3_ANCRDT_CLLCTN,1900-01-01 00:00:00,2023-12-31 00:00:00,0
10853,GGRPHCL_ARS_UM,ISO3166_DSJNT_C_CLLCTN,1900-01-01 00:00:00,9999-12-31 00:00:00,0
10854,GGRPHCL_ARS_RO421,NUTS3_ANCRDT_CLLCTN,1900-01-01 00:00:00,9999-12-31 00:00:00,0
10855,GGRPHCL_ARS_EL642,NUTS3_ANCRDT_CLLCTN,1900-01-01 00:00:00,9999-12-31 00:00:00,0
10856,GGRPHCL_ARS_RO214,NUTS3_ANCRDT_CLLCTN,1900-01-01 00:00:00,9999-12-31 00:00:00,0
10857,GGRPHCL_ARS_FRL05,NUTS3_ANCRDT_CLLCTN,1900-01-01 00:00:00,9999-12-31 00:00:00,0
10858,GGRPHCL_ARS_JE,ISO3166_DSJNT_C_CLLCTN,1900-01-01 00:00:00,9999-12-31 00:00:00,0
10859,GGRPHCL_ARS_EL431,NUTS3_ANCRDT_CLLCTN,1900-01-01 00:00:00,9999-12-31 00:00:00,0
10860,GGRPHCL_ARS_PT187,NUTS3_ANCRDT_CLLCTN,1900-01-01 00:00:00,2023-12-31 00:00:00,0
10861,GGRPHCL_ARS_SL,ISO3166_DSJNT_C_CLLCTN,1900-01-01 00:00:00,9999-12-31 00:00:00,0
10862,GGRPHCL_ARS_BG415,NUTS3_ANCRDT_CLLCTN,1900-01-01 00:00:00,9999-12-31 00:00:00,0
10863,GGRPHCL_ARS_DE237,NUTS3_ANCRDT_CLLCTN,1900-01-01 00:00:00,9999-12-31 00:00:00,0
10864,GGRPHCL_ARS_DE722,NUTS3_ANCRDT_CLLCTN,1900-01-01 00:00:00,9999-12-31 00:00:00,0
10865,GGRPHCL_ARS_BE241,NUTS3_ANCRDT_CLLCTN,1900-01-01 00:00:00,9999-12-31 00:00:00,0
10866,GGRPHCL_ARS_DE402,NUTS3_ANCRDT_CLLCTN,1900-01-01 00:00:00,9999-12-31 00:00:00,0
10867,GGRPHCL_ARS_DE117,NUTS3_ANCRDT_CLLCTN,1900-01-01 00:00:00,9999-12-31 00:00:00,0
10868,GGRPHCL_ARS_DE242,NUTS3_ANCRDT_CLLCTN,1900-01-01 00:00:00,9999-12-31 00:00:00,0
10869,GGRPHCL_ARS_DEA5C,NUTS3_ANCRDT_CLLCTN,1900-01-01 00:00:00,9999-12-31 00:00:00,0
10870,GGRPHCL_ARS_BE234,NUTS3_ANCRDT_CLLCTN,1900-01-01 00:00:00,9999-12-31 00:00:00,0
10871,GGRPHCL_ARS_DEB3I,NUTS3_ANCRDT_CLLCTN,1900-01-01 00:00:00,9999-12-31 00:00:00,0
10872,GGRPHCL_ARS_SK,ISO3166_DSJNT_C_CLLCTN,1900-01-01 00:00:00,9999-12-31 00:00:00,0
10873,GGRPHCL_ARS_DE128,NUTS3_ANCRDT_CLLCTN,1900-01-01 00:00:00,9999-12-31 00:00:00,0
10874,GGRPHCL_ARS_ITC32,NUTS3_ANCRDT_CLLCTN,1900-01-01 00:00:00,9999-12-31 00:00:00,0
10875,GGRPHCL_ARS_ITI18,NUTS3_ANCRDT_CLLCTN,1900-01-01 00:00:00,9999-12-31 00:00:00,0
10876,GGRPHCL_ARS_ITF52,NUTS3_ANCRDT_CLLCTN,1900-01-01 00:00:00,9999-12-31 00:00:00,0
10877,GGRPHCL_ARS_ITC47,NUTS3_ANCRDT_CLLCTN,1900-01-01 00:00:00,9999-12-31 00:00:00,0
10878,GGRPHCL_ARS_CZ071,NUTS3_ANCRDT_CLLCTN,1900-01-01 00:00:00,9999-12-31 00:00:00,0
10879,GGRPHCL_ARS_DE225,NUTS3_ANCRDT_CLLCTN,1900-01-01 00:00:00,9999-12-31 00:00:00,0
10880,GGRPHCL_ARS_DEG0A,NUTS3_ANCRDT_CLLCTN,1900-01-01 00:00:00,9999-12-31 00:00:00,0
10881,GGRPHCL_ARS_DE929,NUTS3_ANCRDT_CLLCTN,1900-01-01 00:00:00,9999-12-31 00:00:00,0
10882,GGRPHCL_ARS_DEB1D,NUTS3_ANCRDT_CLLCTN,1900-01-01 00:00:00,9999-12-31 00:00:00,0
10883,GGRPHCL_ARS_BE253,NUTS3_ANCRDT_CLLCTN,1900-01-01 00:00:00,9999-12-31 00:00:00,0
10884,GGRPHCL_ARS_DE916,NUTS3_ANCRDT_CLLCTN,1900-01-01 00:00:00,9999-12-31 00:00:00,0
10885,GGRPHCL_ARS_LV,ISO3166_DSJNT_C_CLLCTN,1900-01-01 00:00:00,9999-12-31 00:00:00,0
10886,GGRPHCL_ARS_ITG13,NUTS3_ANCRDT_CLLCTN,1900-01-01 00:00:00,9999-12-31 00:00:00,0
10887,GGRPHCL_ARS_ITC20,NUTS3_ANCRDT_CLLCTN,1900-01-01 00:00:00,9999-12-31 00:00:00,0
10888,GGRPHCL_ARS_ITF35,NUTS3_ANCRDT_CLLCTN,1900-01-01 00:00:00,9999-12-31 00:00:00,0
10889,GGRPHCL_ARS_LT022,NUTS3_ANCRDT_CLLCTN,1900-01-01 00:00:00,9999-12-31 00:00:00,0
10890,GGRPHCL_ARS_ITI35,NUTS3_ANCRDT_CLLCTN,1900-01-01 00:00:00,9999-12-31 00:00:00,0
10891,GGRPHCL_ARS_CZ063,NUTS3_ANCRDT_CLLCTN,1900-01-01 00:00:00,9999-12-31 00:00:00,0
10892,GGRPHCL_ARS_ITH59,NUTS3_ANCRDT_CLLCTN,1900-01-01 00:00:00,9999-12-31 00:00:00,0
10893,GGRPHCL_ARS_FRE22,NUTS3_ANCRDT_CLLCTN,1900-01-01 00:00:00,9999-12-31 00:00:00,0
10894,GGRPHCL_ARS_RO126,NUTS3_ANCRDT_CLLCTN,1900-01-01 00:00:00,9999-12-31 00:00:00,0
10895,GGRPHCL_ARS_LV009,NUTS3_ANCRDT_CLLCTN,1900-01-01 00:00:00,9999-12-31 00:00:00,0
10896,GGRPHCL_ARS_FRJ22,NUTS3_ANCRDT_CLLCTN,1900-01-01 00:00:00,9999-12-31 00:00:00,0
10897,GGRPHCL_ARS_PT194,NUTS3_ANCRDT_CLLCTN,2024-01-01 00:00:00,9999-12-31 00:00:00,0
10898,GGRPHCL_ARS_BG314,NUTS3_ANCRDT_CLLCTN,1900-01-01 00:00:00,9999-12-31 00:00:00,0
10899,GGRPHCL_ARS_ES706,NUTS3_ANCRDT_CLLCTN,1900-01-01 00:00:00,9999-12-31 00:00:00,0
10900,GGRPHCL_ARS_UKM32,NUTS3_ANCRDT_CLLCTN,1900-01-01 00:00:00,2021-01-31 00:00:00,0
10901,GGRPHCL_ARS_JP,ISO3166_DSJNT_C_CLLCTN,1900-01-01 00:00:00,9999-12-31 00:00:00,0
10902,GGRPHCL_ARS_UKM78,NUTS3_ANCRDT_CLLCTN,1900-01-01 00:00:00,2021-01-31 00:00:00,0
10903,GGRPHCL_ARS_HR023,NUTS3_ANCRDT_CLLCTN,1900-01-01 00:00:00,9999-12-31 00:00:00,0
10904,GGRPHCL_ARS_NL339,NUTS3_ANCRDT_CLLCTN,1900-01-01 00:00:00,2023-12-31 00:00:00,0
10905,GGRPHCL_ARS_ES213,NUTS3_ANCRDT_CLLCTN,1900-01-01 00:00:00,9999-12-31 00:00:00,0
10906,GGRPHCL_ARS_ES620,NUTS3_ANCRDT_CLLCTN,1900-01-01 00:00:00,9999-12-31 00:00:00,0
10907,GGRPHCL_ARS_UKD72,NUTS3_ANCRDT_CLLCTN,1900-01-01 00:00:00,2021-01-31 00:00:00,0
10908,GGRPHCL_ARS_UKL14,NUTS3_ANCRDT_CLLCTN,1900-01-01 00:00:00,2021-01-31 00:00:00,0
10909,GGRPHCL_ARS_UKN12,NUTS3_ANCRDT_CLLCTN,1900-01-01 00:00:00,2021-01-31 00:00:00,0
10910,GGRPHCL_ARS_UKJ21,NUTS3_ANCRDT_CLLCTN,1900-01-01 00:00:00,2021-01-31 00:00:00,0
10911,GGRPHCL_ARS_UKE21,NUTS3_ANCRDT_CLLCTN,1900-01-01 00:00:00,2021-01-31 00:00:00,0
10912,GGRPHCL_ARS_UKI74,NUTS3_ANCRDT_CLLCTN,1900-01-01 00:00:00,2021-01-31 00:00:00,0
10913,GGRPHCL_ARS_UKC14,NUTS3_ANCRDT_CLLCTN,1900-01-01 00:00:00,2021-01-31 00:00:00,0
10914,GGRPHCL_ARS_ES419,NUTS3_ANCRDT_CLLCTN,1900-01-01 00:00:00,9999-12-31 00:00:00,0
10915,GGRPHCL_ARS_UKM92,NUTS3_ANCRDT_CLLCTN,1900-01-01 00:00:00,2021-01-31 00:00:00,0
10916,GGRPHCL_ARS_PT16B,NUTS3_ANCRDT_CLLCTN,1900-01-01 00:00:00,2023-12-31 00:00:00,0
10917,GGRPHCL_ARS_SY,ISO3166_DSJNT_C_CLLCTN,1900-01-01 00:00:00,9999-12-31 00:00:00,0
10918,GGRPHCL_ARS_FR611,NUTS3_ANCRDT_CLLCTN,1900-01-01 00:00:00,2023-12-31 00:00:00,0
10919,GGRPHCL_ARS_FR222,NUTS3_ANCRDT_CLLCTN,1900-01-01 00:00:00,2023-12-31 00:00:00,0
10920,GGRPHCL_ARS_FR102,NUTS3_ANCRDT_CLLCTN,1900-01-01 00:00:00,9999-12-31 00:00:00,0
10921,GGRPHCL_ARS_FR531,NUTS3_ANCRDT_CLLCTN,1900-01-01 00:00:00,2023-12-31 00:00:00,0
10922,GGRPHCL_ARS_IE063,NUTS3_ANCRDT_CLLCTN,1900-01-01 00:00:00,9999-12-31 00:00:00,0
10923,GGRPHCL_ARS_FI,ISO3166_DSJNT_C_CLLCTN,1900-01-01 00:00:00,9999-12-31 00:00:00,0
10924,GGRPHCL_ARS_PL343,NUTS3_ANCRDT_CLLCTN,1900-01-01 00:00:00,2023-12-31 00:00:00,0
10925,GGRPHCL_ARS_DE27B,NUTS3_ANCRDT_CLLCTN,1900-01-01 00:00:00,9999-12-31 00:00:00,0
10926,GGRPHCL_ARS_DEA29,NUTS3_ANCRDT_CLLCTN,1900-01-01 00:00:00,9999-12-31 00:00:00,0
10927,GGRPHCL_ARS_PL923,NUTS3_ANCRDT_CLLCTN,1900-01-01 00:00:00,9999-12-31 00:00:00,0
10928,GGRPHCL_ARS_AT342,NUTS3_ANCRDT_CLLCTN,1900-01-01 00:00:00,9999-12-31 00:00:00,0
10929,GGRPHCL_ARS_BE32B,NUTS3_ANCRDT_CLLCTN,1900-01-01 00:00:00,9999-12-31 00:00:00,0
10930,GGRPHCL_ARS_PL623,NUTS3_ANCRDT_CLLCTN,1900-01-01 00:00:00,9999-12-31 00:00:00,0
10931,GGRPHCL_ARS_DEA16,NUTS3_ANCRDT_CLLCTN,1900-01-01 00:00:00,9999-12-31 00:00:00,0
10932,GGRPHCL_ARS_DE71B,NUTS3_ANCRDT_CLLCTN,1900-01-01 00:00:00,9999-12-31 00:00:00,0
10933,GGRPHCL_ARS_DEB36,NUTS3_ANCRDT_CLLCTN,1900-01-01 00:00:00,9999-12-31 00:00:00,0
10934,GGRPHCL_ARS_DEF05,NUTS3_ANCRDT_CLLCTN,1900-01-01 00:00:00,9999-12-31 00:00:00,0
10935,GGRPHCL_ARS_DE94A,NUTS3_ANCRDT_CLLCTN,1900-01-01 00:00:00,9999-12-31 00:00:00,0
10936,GGRPHCL_ARS_AT211,NUTS3_ANCRDT_CLLCTN,1900-01-01 00:00:00,9999-12-31 00:00:00,0
10937,GGRPHCL_ARS_DE914,NUTS3_ANCRDT_CLLCTN,1900-01-01 00:00:00,9999-12-31 00:00:00,0
10938,GGRPHCL_ARS_BG,ISO3166_DSJNT_C_CLLCTN,1900-01-01 00:00:00,9999-12-31 00:00:00,0
10939,GGRPHCL_ARS_DE138,NUTS3_ANCRDT_CLLCTN,1900-01-01 00:00:00,9999-12-31 00:00:00,0
10940,GGRPHCL_ARS_BE224,NUTS3_ANCRDT_CLLCTN,1900-01-01 00:00:00,9999-12-31 00:00:00,0
10941,GGRPHCL_ARS_SI032,NUTS3_ANCRDT_CLLCTN,1900-01-01 00:00:00,9999-12-31 00:00:00,0
10942,GGRPHCL_ARS_DE252,NUTS3_ANCRDT_CLLCTN,1900-01-01 00:00:00,9999-12-31 00:00:00,0
10943,GGRPHCL_ARS_DE218,NUTS3_ANCRDT_CLLCTN,1900-01-01 00:00:00,9999-12-31 00:00:00,0
10944,GGRPHCL_ARS_DEG0C,NUTS3_ANCRDT_CLLCTN,1900-01-01 00:00:00,9999-12-31 00:00:00,0
10945,GGRPHCL_ARS_BE251,NUTS3_ANCRDT_CLLCTN,1900-01-01 00:00:00,9999-12-31 00:00:00,0
10946,GGRPHCL_ARS_DE732,NUTS3_ANCRDT_CLLCTN,1900-01-01 00:00:00,9999-12-31 00:00:00,0
10947,GGRPHCL_ARS_DEE0E,NUTS3_ANCRDT_CLLCTN,1900-01-01 00:00:00,9999-12-31 00:00:00,0
10948,GGRPHCL_ARS_DED2C,NUTS3_ANCRDT_CLLCTN,1900-01-01 00:00:00,9999-12-31 00:00:00,0
10949,GGRPHCL_ARS_DE227,NUTS3_ANCRDT_CLLCTN,1900-01-01 00:00:00,9999-12-31 00:00:00,0
10950,GGRPHCL_ARS_CZZZZ,NUTS3_ANCRDT_CLLCTN,1900-01-01 00:00:00,9999-12-31 00:00:00,0
10951,GGRPHCL_ARS_ITI42,NUTS3_ANCRDT_CLLCTN,1900-01-01 00:00:00,9999-12-31 00:00:00,0
10952,GGRPHCL_ARS_ITG11,NUTS3_ANCRDT_CLLCTN,1900-01-01 00:00:00,9999-12-31 00:00:00,0
10953,GGRPHCL_ARS_EL421,NUTS3_ANCRDT_CLLCTN,1900-01-01 00:00:00,9999-12-31 00:00:00,0
10954,GGRPHCL_ARS_RO322,NUTS3_ANCRDT_CLLCTN,1900-01-01 00:00:00,9999-12-31 00:00:00,0
10955,GGRPHCL_ARS_EL652,NUTS3_ANCRDT_CLLCTN,1900-01-01 00:00:00,9999-12-31 00:00:00,0
10956,GGRPHCL_ARS_RO124,NUTS3_ANCRDT_CLLCTN,1900-01-01 00:00:00,9999-12-31 00:00:00,0
10957,GGRPHCL_ARS_DO,ISO3166_DSJNT_C_CLLCTN,1900-01-01 00:00:00,9999-12-31 00:00:00,0
10958,GGRPHCL_ARS_PT196,NUTS3_ANCRDT_CLLCTN,2024-01-01 00:00:00,9999-12-31 00:00:00,0
10959,GGRPHCL_ARS_FI19A,NUTS3_ANCRDT_CLLCTN,2024-01-01 00:00:00,9999-12-31 00:00:00,0
10960,GGRPHCL_ARS_NL416,NUTS3_ANCRDT_CLLCTN,2024-01-01 00:00:00,9999-12-31 00:00:00,0
10961,GGRPHCL_ARS_NP,ISO3166_DSJNT_C_CLLCTN,1900-01-01 00:00:00,9999-12-31 00:00:00,0
10962,GGRPHCL_ARS_UKN10,NUTS3_ANCRDT_CLLCTN,1900-01-01 00:00:00,2021-01-31 00:00:00,0
10963,GGRPHCL_ARS_ES424,NUTS3_ANCRDT_CLLCTN,1900-01-01 00:00:00,9999-12-31 00:00:00,0
10964,GGRPHCL_ARS_ES704,NUTS3_ANCRDT_CLLCTN,1900-01-01 00:00:00,9999-12-31 00:00:00,0
10965,GGRPHCL_ARS_HR021,NUTS3_ANCRDT_CLLCTN,1900-01-01 00:00:00,9999-12-31 00:00:00,0
10966,GGRPHCL_ARS_UKL16,NUTS3_ANCRDT_CLLCTN,1900-01-01 00:00:00,2021-01-31 00:00:00,0
10967,GGRPHCL_ARS_UKH25,NUTS3_ANCRDT_CLLCTN,1900-01-01 00:00:00,2021-01-31 00:00:00,0
10968,GGRPHCL_ARS_ES211,NUTS3_ANCRDT_CLLCTN,1900-01-01 00:00:00,9999-12-31 00:00:00,0
10969,GGRPHCL_ARS_FR533,NUTS3_ANCRDT_CLLCTN,1900-01-01 00:00:00,2023-12-31 00:00:00,0
10970,GGRPHCL_ARS_PT11E,NUTS3_ANCRDT_CLLCTN,1900-01-01 00:00:00,9999-12-31 00:00:00,0
10971,GGRPHCL_ARS_FR613,NUTS3_ANCRDT_CLLCTN,1900-01-01 00:00:00,2023-12-31 00:00:00,0
10972,GGRPHCL_ARS_BN,ISO3166_DSJNT_C_CLLCTN,1900-01-01 00:00:00,9999-12-31 00:00:00,0
10973,GGRPHCL_ARS_DK021,NUTS3_ANCRDT_CLLCTN,1900-01-01 00:00:00,9999-12-31 00:00:00,0
10974,GGRPHCL_ARS_BI,ISO3166_DSJNT_C_CLLCTN,1900-01-01 00:00:00,9999-12-31 00:00:00,0
10975,GGRPHCL_ARS_IEZZZ,NUTS3_ANCRDT_CLLCTN,1900-01-01 00:00:00,9999-12-31 00:00:00,0
10976,GGRPHCL_ARS_IE061,NUTS3_ANCRDT_CLLCTN,1900-01-01 00:00:00,9999-12-31 00:00:00,0
10977,GGRPHCL_ARS_DEF07,NUTS3_ANCRDT_CLLCTN,1900-01-01 00:00:00,9999-12-31 00:00:00,0
10978,GGRPHCL_ARS_DEB34,NUTS3_ANCRDT_CLLCTN,1900-01-01 00:00:00,9999-12-31 00:00:00,0
10979,GGRPHCL_ARS_AT335,NUTS3_ANCRDT_CLLCTN,1900-01-01 00:00:00,9999-12-31 00:00:00,0
10980,GGRPHCL_ARS_DE94C,NUTS3_ANCRDT_CLLCTN,1900-01-01 00:00:00,9999-12-31 00:00:00,0
10981,GGRPHCL_ARS_PL427,NUTS3_ANCRDT_CLLCTN,1900-01-01 00:00:00,9999-12-31 00:00:00,0
10982,GGRPHCL_ARS_AT213,NUTS3_ANCRDT_CLLCTN,1900-01-01 00:00:00,9999-12-31 00:00:00,0
10983,GGRPHCL_ARS_PL621,NUTS3_ANCRDT_CLLCTN,1900-01-01 00:00:00,9999-12-31 00:00:00,0
10984,GGRPHCL_ARS_DEA14,NUTS3_ANCRDT_CLLCTN,1900-01-01 00:00:00,9999-12-31 00:00:00,0
10985,GGRPHCL_ARS_PL921,NUTS3_ANCRDT_CLLCTN,1900-01-01 00:00:00,9999-12-31 00:00:00,0
10986,GGRPHCL_ARS_PLZZZ,NUTS3_ANCRDT_CLLCTN,1900-01-01 00:00:00,9999-12-31 00:00:00,0
10987,GGRPHCL_ARS_PL418,NUTS3_ANCRDT_CLLCTN,1900-01-01 00:00:00,9999-12-31 00:00:00,0
10988,GGRPHCL_ARS_ITG2A,NUTS3_ANCRDT_CLLCTN,1900-01-01 00:00:00,2023-12-31 00:00:00,0
10989,GGRPHCL_ARS_FI1C2,NUTS3_ANCRDT_CLLCTN,1900-01-01 00:00:00,9999-12-31 00:00:00,0
10990,GGRPHCL_ARS_FI1D7,NUTS3_ANCRDT_CLLCTN,1900-01-01 00:00:00,9999-12-31 00:00:00,0
10991,GGRPHCL_ARS_MT001,NUTS3_ANCRDT_CLLCTN,1900-01-01 00:00:00,9999-12-31 00:00:00,0
10992,GGRPHCL_ARS_BR,ISO3166_DSJNT_C_CLLCTN,1900-01-01 00:00:00,9999-12-31 00:00:00,0
10993,GGRPHCL_ARS_PL633,NUTS3_ANCRDT_CLLCTN,1900-01-01 00:00:00,9999-12-31 00:00:00,0
10994,GGRPHCL_ARS_AT121,NUTS3_ANCRDT_CLLCTN,1900-01-01 00:00:00,9999-12-31 00:00:00,0
10995,GGRPHCL_ARS_NL,ISO3166_DSJNT_C_CLLCTN,1900-01-01 00:00:00,9999-12-31 00:00:00,0
10996,GGRPHCL_ARS_DE21G,NUTS3_ANCRDT_CLLCTN,1900-01-01 00:00:00,9999-12-31 00:00:00,0
10997,GGRPHCL_ARS_PL326,NUTS3_ANCRDT_CLLCTN,1900-01-01 00:00:00,2023-12-31 00:00:00,0
10998,GGRPHCL_ARS_PL715,NUTS3_ANCRDT_CLLCTN,1900-01-01 00:00:00,9999-12-31 00:00:00,0
10999,GGRPHCL_ARS_PL815,NUTS3_ANCRDT_CLLCTN,1900-01-01 00:00:00,9999-12-31 00:00:00,0
11000,GGRPHCL_ARS_DEB19,NUTS3_ANCRDT_CLLCTN,1900-01-01 00:00:00,2023-12-31 00:00:00,0
11001,GGRPHCL_ARS_DE26B,NUTS3_ANCRDT_CLLCTN,1900-01-01 00:00:00,9999-12-31 00:00:00,0
11002,GGRPHCL_ARS_HU313,NUTS3_ANCRDT_CLLCTN,1900-01-01 00:00:00,9999-12-31 00:00:00,0
11003,GGRPHCL_ARS_UKF11,NUTS3_ANCRDT_CLLCTN,1900-01-01 00:00:00,2021-01-31 00:00:00,0
11004,GGRPHCL_ARS_UKJ44,NUTS3_ANCRDT_CLLCTN,1900-01-01 00:00:00,2021-01-31 00:00:00,0
11005,GGRPHCL_ARS_UKG37,NUTS3_ANCRDT_CLLCTN,1900-01-01 00:00:00,2021-01-31 00:00:00,0
11006,GGRPHCL_ARS_HR046,NUTS3_ANCRDT_CLLCTN,1900-01-01 00:00:00,2023-12-31 00:00:00,0
11007,GGRPHCL_ARS_NL230,NUTS3_ANCRDT_CLLCTN,1900-01-01 00:00:00,9999-12-31 00:00:00,0
11008,GGRPHCL_ARS_UKE31,NUTS3_ANCRDT_CLLCTN,1900-01-01 00:00:00,2021-01-31 00:00:00,0
11009,GGRPHCL_ARS_UKN02,NUTS3_ANCRDT_CLLCTN,1900-01-01 00:00:00,2021-01-31 00:00:00,0
11010,GGRPHCL_ARS_UKJ31,NUTS3_ANCRDT_CLLCTN,1900-01-01 00:00:00,2021-01-31 00:00:00,0
11011,GGRPHCL_ARS_HR033,NUTS3_ANCRDT_CLLCTN,1900-01-01 00:00:00,9999-12-31 00:00:00,0
11012,GGRPHCL_ARS_NL329,NUTS3_ANCRDT_CLLCTN,1900-01-01 00:00:00,2023-12-31 00:00:00,0
11013,GGRPHCL_ARS_ES630,NUTS3_ANCRDT_CLLCTN,1900-01-01 00:00:00,9999-12-31 00:00:00,0
11014,GGRPHCL_ARS_UKH37,NUTS3_ANCRDT_CLLCTN,1900-01-01 00:00:00,2021-01-31 00:00:00,0
11015,GGRPHCL_ARS_UKD62,NUTS3_ANCRDT_CLLCTN,1900-01-01 00:00:00,2021-01-31 00:00:00,0
11016,GGRPHCL_ARS_NL362,NUTS3_ANCRDT_CLLCTN,2024-01-01 00:00:00,9999-12-31 00:00:00,0
11017,GGRPHCL_ARS_UKM22,NUTS3_ANCRDT_CLLCTN,1900-01-01 00:00:00,2021-01-31 00:00:00,0
11018,GGRPHCL_ARS_UKE44,NUTS3_ANCRDT_CLLCTN,1900-01-01 00:00:00,2021-01-31 00:00:00,0
11019,GGRPHCL_ARS_FR521,NUTS3_ANCRDT_CLLCTN,1900-01-01 00:00:00,2023-12-31 00:00:00,0
11020,GGRPHCL_ARS_FR232,NUTS3_ANCRDT_CLLCTN,1900-01-01 00:00:00,2023-12-31 00:00:00,0
11021,GGRPHCL_ARS_DZ,ISO3166_DSJNT_C_CLLCTN,1900-01-01 00:00:00,9999-12-31 00:00:00,0
11022,GGRPHCL_ARS_SE232,NUTS3_ANCRDT_CLLCTN,1900-01-01 00:00:00,9999-12-31 00:00:00,0
11023,GGRPHCL_ARS_FR718,NUTS3_ANCRDT_CLLCTN,1900-01-01 00:00:00,2023-12-31 00:00:00,0
11024,GGRPHCL_ARS_UKM82,NUTS3_ANCRDT_CLLCTN,1900-01-01 00:00:00,2021-01-31 00:00:00,0
11025,GGRPHCL_ARS_EL515,NUTS3_ANCRDT_CLLCTN,1900-01-01 00:00:00,9999-12-31 00:00:00,0
11026,GGRPHCL_ARS_FRK14,NUTS3_ANCRDT_CLLCTN,1900-01-01 00:00:00,9999-12-31 00:00:00,0
11027,GGRPHCL_ARS_EL433,NUTS3_ANCRDT_CLLCTN,1900-01-01 00:00:00,9999-12-31 00:00:00,0
11028,GGRPHCL_ARS_PT150,NUTS3_ANCRDT_CLLCTN,1900-01-01 00:00:00,9999-12-31 00:00:00,0
11029,GGRPHCL_ARS_FRI12,NUTS3_ANCRDT_CLLCTN,1900-01-01 00:00:00,9999-12-31 00:00:00,0
11030,GGRPHCL_ARS_FRF12,NUTS3_ANCRDT_CLLCTN,1900-01-01 00:00:00,9999-12-31 00:00:00,0
11031,GGRPHCL_ARS_RO216,NUTS3_ANCRDT_CLLCTN,1900-01-01 00:00:00,9999-12-31 00:00:00,0
11032,GGRPHCL_ARS_NE,ISO3166_DSJNT_C_CLLCTN,1900-01-01 00:00:00,9999-12-31 00:00:00,0
11033,GGRPHCL_ARS_RO423,NUTS3_ANCRDT_CLLCTN,1900-01-01 00:00:00,9999-12-31 00:00:00,0
11034,GGRPHCL_ARS_PT185,NUTS3_ANCRDT_CLLCTN,1900-01-01 00:00:00,2023-12-31 00:00:00,0
11035,GGRPHCL_ARS_SK041,NUTS3_ANCRDT_CLLCTN,1900-01-01 00:00:00,9999-12-31 00:00:00,0
11036,GGRPHCL_ARS_BE236,NUTS3_ANCRDT_CLLCTN,1900-01-01 00:00:00,9999-12-31 00:00:00,0
11037,GGRPHCL_ARS_DEB3K,NUTS3_ANCRDT_CLLCTN,1900-01-01 00:00:00,9999-12-31 00:00:00,0
11038,GGRPHCL_ARS_BE310,NUTS3_ANCRDT_CLLCTN,1900-01-01 00:00:00,9999-12-31 00:00:00,0
11039,GGRPHCL_ARS_DEA5A,NUTS3_ANCRDT_CLLCTN,1900-01-01 00:00:00,9999-12-31 00:00:00,0
11040,GGRPHCL_ARS_DE939,NUTS3_ANCRDT_CLLCTN,1900-01-01 00:00:00,9999-12-31 00:00:00,0
11041,GGRPHCL_ARS_DE115,NUTS3_ANCRDT_CLLCTN,1900-01-01 00:00:00,9999-12-31 00:00:00,0
11042,GGRPHCL_ARS_DE235,NUTS3_ANCRDT_CLLCTN,1900-01-01 00:00:00,9999-12-31 00:00:00,0
11043,GGRPHCL_ARS_PL22B,NUTS3_ANCRDT_CLLCTN,1900-01-01 00:00:00,9999-12-31 00:00:00,0
11044,GGRPHCL_ARS_DEA2D,NUTS3_ANCRDT_CLLCTN,1900-01-01 00:00:00,9999-12-31 00:00:00,0
11045,GGRPHCL_ARS_HM,ISO3166_DSJNT_C_CLLCTN,1900-01-01 00:00:00,9999-12-31 00:00:00,0
11046,GGRPHCL_ARS_FRA50,NUTS3_ANCRDT_CLLCTN,1900-01-01 00:00:00,2023-12-31 00:00:00,0
11047,GGRPHCL_ARS_EL611,NUTS3_ANCRDT_CLLCTN,1900-01-01 00:00:00,9999-12-31 00:00:00,0
11048,GGRPHCL_ARS_EL304,NUTS3_ANCRDT_CLLCTN,1900-01-01 00:00:00,9999-12-31 00:00:00,0
11049,GGRPHCL_ARS_EL531,NUTS3_ANCRDT_CLLCTN,1900-01-01 00:00:00,9999-12-31 00:00:00,0
11050,GGRPHCL_ARS_RO112,NUTS3_ANCRDT_CLLCTN,1900-01-01 00:00:00,9999-12-31 00:00:00,0
11051,GGRPHCL_ARS_FRC23,NUTS3_ANCRDT_CLLCTN,1900-01-01 00:00:00,9999-12-31 00:00:00,0
11052,GGRPHCL_ARS_PG,ISO3166_DSJNT_C_CLLCTN,1900-01-01 00:00:00,9999-12-31 00:00:00,0
11053,GGRPHCL_ARS_FRB05,NUTS3_ANCRDT_CLLCTN,1900-01-01 00:00:00,9999-12-31 00:00:00,0
11054,GGRPHCL_ARS_RO314,NUTS3_ANCRDT_CLLCTN,1900-01-01 00:00:00,9999-12-31 00:00:00,0
11055,GGRPHCL_ARS_SK010,NUTS3_ANCRDT_CLLCTN,1900-01-01 00:00:00,9999-12-31 00:00:00,0
11056,GGRPHCL_ARS_FRY10,NUTS3_ANCRDT_CLLCTN,1900-01-01 00:00:00,9999-12-31 00:00:00,0
11057,GGRPHCL_ARS_IN,ISO3166_DSJNT_C_CLLCTN,1900-01-01 00:00:00,9999-12-31 00:00:00,0
11058,GGRPHCL_ARS_DE264,NUTS3_ANCRDT_CLLCTN,1900-01-01 00:00:00,9999-12-31 00:00:00,0
11059,GGRPHCL_ARS_BE334,NUTS3_ANCRDT_CLLCTN,1900-01-01 00:00:00,9999-12-31 00:00:00,0
11060,GGRPHCL_ARS_DEG0J,NUTS3_ANCRDT_CLLCTN,1900-01-01 00:00:00,9999-12-31 00:00:00,0
11061,GGRPHCL_ARS_DE922,NUTS3_ANCRDT_CLLCTN,1900-01-01 00:00:00,9999-12-31 00:00:00,0
11062,GGRPHCL_ARS_DE144,NUTS3_ANCRDT_CLLCTN,1900-01-01 00:00:00,9999-12-31 00:00:00,0
11063,GGRPHCL_ARS_BE212,NUTS3_ANCRDT_CLLCTN,1900-01-01 00:00:00,9999-12-31 00:00:00,0
11064,GGRPHCL_ARS_BE258,NUTS3_ANCRDT_CLLCTN,1900-01-01 00:00:00,9999-12-31 00:00:00,0
11065,GGRPHCL_ARS_DE804,NUTS3_ANCRDT_CLLCTN,1900-01-01 00:00:00,9999-12-31 00:00:00,0
11066,GGRPHCL_ARS_BEZZZ,NUTS3_ANCRDT_CLLCTN,1900-01-01 00:00:00,9999-12-31 00:00:00,0
11067,GGRPHCL_ARS_DE211,NUTS3_ANCRDT_CLLCTN,1900-01-01 00:00:00,9999-12-31 00:00:00,0
11068,GGRPHCL_ARS_BE341,NUTS3_ANCRDT_CLLCTN,1900-01-01 00:00:00,9999-12-31 00:00:00,0
11069,GGRPHCL_ARS_DE502,NUTS3_ANCRDT_CLLCTN,1900-01-01 00:00:00,9999-12-31 00:00:00,0
11070,GGRPHCL_ARS_DE131,NUTS3_ANCRDT_CLLCTN,1900-01-01 00:00:00,9999-12-31 00:00:00,0
11071,GGRPHCL_ARS_ITG18,NUTS3_ANCRDT_CLLCTN,1900-01-01 00:00:00,9999-12-31 00:00:00,0
11072,GGRPHCL_ARS_LT029,NUTS3_ANCRDT_CLLCTN,1900-01-01 00:00:00,9999-12-31 00:00:00,0
11073,GGRPHCL_ARS_ITC14,NUTS3_ANCRDT_CLLCTN,1900-01-01 00:00:00,9999-12-31 00:00:00,0
11074,GGRPHCL_ARS_ITG27,NUTS3_ANCRDT_CLLCTN,1900-01-01 00:00:00,2023-12-31 00:00:00,0
11075,GGRPHCL_ARS_CX,ISO3166_DSJNT_C_CLLCTN,1900-01-01 00:00:00,9999-12-31 00:00:00,0
11076,GGRPHCL_ARS_PT1C2,NUTS3_ANCRDT_CLLCTN,2024-01-01 00:00:00,9999-12-31 00:00:00,0
11077,GGRPHCL_ARS_ITH52,NUTS3_ANCRDT_CLLCTN,1900-01-01 00:00:00,9999-12-31 00:00:00,0
11078,GGRPHCL_ARS_IE022,NUTS3_ANCRDT_CLLCTN,1900-01-01 00:00:00,2023-12-31 00:00:00,0
11079,GGRPHCL_ARS_ITC4C,NUTS3_ANCRDT_CLLCTN,1900-01-01 00:00:00,9999-12-31 00:00:00,0
11080,GGRPHCL_ARS_PN,ISO3166_DSJNT_C_CLLCTN,1900-01-01 00:00:00,9999-12-31 00:00:00,0
11081,GGRPHCL_ARS_CV,ISO3166_DSJNT_C_CLLCTN,1900-01-01 00:00:00,9999-12-31 00:00:00,0
11082,GGRPHCL_ARS_DEA22,NUTS3_ANCRDT_CLLCTN,1900-01-01 00:00:00,9999-12-31 00:00:00,0
11083,GGRPHCL_ARS_PL617,NUTS3_ANCRDT_CLLCTN,1900-01-01 00:00:00,9999-12-31 00:00:00,0
11084,GGRPHCL_ARS_PL224,NUTS3_ANCRDT_CLLCTN,1900-01-01 00:00:00,9999-12-31 00:00:00,0
11085,GGRPHCL_ARS_DE40F,NUTS3_ANCRDT_CLLCTN,1900-01-01 00:00:00,9999-12-31 00:00:00,0
11086,GGRPHCL_ARS_AT225,NUTS3_ANCRDT_CLLCTN,1900-01-01 00:00:00,9999-12-31 00:00:00,0
11087,GGRPHCL_ARS_PL411,NUTS3_ANCRDT_CLLCTN,1900-01-01 00:00:00,9999-12-31 00:00:00,0
11088,GGRPHCL_ARS_DE11C,NUTS3_ANCRDT_CLLCTN,1900-01-01 00:00:00,9999-12-31 00:00:00,0
11089,GGRPHCL_ARS_DED42,NUTS3_ANCRDT_CLLCTN,1900-01-01 00:00:00,9999-12-31 00:00:00,0
11090,GGRPHCL_ARS_DEA57,NUTS3_ANCRDT_CLLCTN,1900-01-01 00:00:00,9999-12-31 00:00:00,0
11091,GGRPHCL_ARS_HU211,NUTS3_ANCRDT_CLLCTN,1900-01-01 00:00:00,9999-12-31 00:00:00,0
11092,GGRPHCL_ARS_VA,ISO3166_DSJNT_C_CLLCTN,1900-01-01 00:00:00,9999-12-31 00:00:00,0
11093,GGRPHCL_ARS_UKM73,NUTS3_ANCRDT_CLLCTN,1900-01-01 00:00:00,2021-01-31 00:00:00,0
11094,GGRPHCL_ARS_NL332,NUTS3_ANCRDT_CLLCTN,1900-01-01 00:00:00,2023-12-31 00:00:00,0
11095,GGRPHCL_ARS_HR028,NUTS3_ANCRDT_CLLCTN,1900-01-01 00:00:00,9999-12-31 00:00:00,0
11096,GGRPHCL_ARS_HR062,NUTS3_ANCRDT_CLLCTN,1900-01-01 00:00:00,9999-12-31 00:00:00,0
11097,GGRPHCL_ARS_UKD33,NUTS3_ANCRDT_CLLCTN,1900-01-01 00:00:00,2021-01-31 00:00:00,0
11098,GGRPHCL_ARS_NL421,NUTS3_ANCRDT_CLLCTN,1900-01-01 00:00:00,9999-12-31 00:00:00,0
11099,GGRPHCL_ARS_UKG13,NUTS3_ANCRDT_CLLCTN,1900-01-01 00:00:00,2021-01-31 00:00:00,0
11100,GGRPHCL_ARS_UKD46,NUTS3_ANCRDT_CLLCTN,1900-01-01 00:00:00,2021-01-31 00:00:00,0
11101,GGRPHCL_ARS_ES614,NUTS3_ANCRDT_CLLCTN,1900-01-01 00:00:00,9999-12-31 00:00:00,0
11102,GGRPHCL_ARS_ES412,NUTS3_ANCRDT_CLLCTN,1900-01-01 00:00:00,9999-12-31 00:00:00,0
11103,GGRPHCL_ARS_PT16I,NUTS3_ANCRDT_CLLCTN,1900-01-01 00:00:00,2023-12-31 00:00:00,0
11104,GGRPHCL_ARS_FR625,NUTS3_ANCRDT_CLLCTN,1900-01-01 00:00:00,2023-12-31 00:00:00,0
11105,GGRPHCL_ARS_FR263,NUTS3_ANCRDT_CLLCTN,1900-01-01 00:00:00,2023-12-31 00:00:00,0
11106,GGRPHCL_ARS_FI196,NUTS3_ANCRDT_CLLCTN,1900-01-01 00:00:00,9999-12-31 00:00:00,0
11107,GGRPHCL_ARS_UKM61,NUTS3_ANCRDT_CLLCTN,1900-01-01 00:00:00,2021-01-31 00:00:00,0
11108,GGRPHCL_ARS_UKI52,NUTS3_ANCRDT_CLLCTN,1900-01-01 00:00:00,2021-01-31 00:00:00,0
11109,GGRPHCL_ARS_PR,ISO3166_DSJNT_C_CLLCTN,1900-01-01 00:00:00,9999-12-31 00:00:00,0
11110,GGRPHCL_ARS_NL126,NUTS3_ANCRDT_CLLCTN,1900-01-01 00:00:00,9999-12-31 00:00:00,0
11111,GGRPHCL_ARS_NL127,NUTS3_ANCRDT_CLLCTN,2024-01-01 00:00:00,9999-12-31 00:00:00,0
11112,GGRPHCL_ARS_UKK21,NUTS3_ANCRDT_CLLCTN,1900-01-01 00:00:00,2021-01-31 00:00:00,0
11113,GGRPHCL_ARS_EE,ISO3166_DSJNT_C_CLLCTN,1900-01-01 00:00:00,9999-12-31 00:00:00,0
11114,GGRPHCL_ARS_FR711,NUTS3_ANCRDT_CLLCTN,1900-01-01 00:00:00,2023-12-31 00:00:00,0
11115,GGRPHCL_ARS_FR431,NUTS3_ANCRDT_CLLCTN,1900-01-01 00:00:00,2023-12-31 00:00:00,0
11116,GGRPHCL_ARS_SE124,NUTS3_ANCRDT_CLLCTN,1900-01-01 00:00:00,9999-12-31 00:00:00,0
11117,GGRPHCL_ARS_SE322,NUTS3_ANCRDT_CLLCTN,1900-01-01 00:00:00,9999-12-31 00:00:00,0
11118,GGRPHCL_ARS_FR811,NUTS3_ANCRDT_CLLCTN,1900-01-01 00:00:00,2023-12-31 00:00:00,0
11119,GGRPHCL_ARS_ITG2H,NUTS3_ANCRDT_CLLCTN,1900-01-01 00:00:00,9999-12-31 00:00:00,0
11120,GGRPHCL_ARS_DEE03,NUTS3_ANCRDT_CLLCTN,1900-01-01 00:00:00,9999-12-31 00:00:00,0
11121,GGRPHCL_ARS_EE009,NUTS3_ANCRDT_CLLCTN,1900-01-01 00:00:00,9999-12-31 00:00:00,0
11122,GGRPHCL_ARS_DE22A,NUTS3_ANCRDT_CLLCTN,1900-01-01 00:00:00,9999-12-31 00:00:00,0
11123,GGRPHCL_ARS_DEG05,NUTS3_ANCRDT_CLLCTN,1900-01-01 00:00:00,9999-12-31 00:00:00,0
11124,GGRPHCL_ARS_PL116,NUTS3_ANCRDT_CLLCTN,1900-01-01 00:00:00,2023-12-31 00:00:00,0
11125,GGRPHCL_ARS_CM,ISO3166_DSJNT_C_CLLCTN,1900-01-01 00:00:00,9999-12-31 00:00:00,0
11126,GGRPHCL_ARS_AT311,NUTS3_ANCRDT_CLLCTN,1900-01-01 00:00:00,9999-12-31 00:00:00,0
11127,GGRPHCL_ARS_DE80K,NUTS3_ANCRDT_CLLCTN,1900-01-01 00:00:00,9999-12-31 00:00:00,0
11128,GGRPHCL_ARS_DEA45,NUTS3_ANCRDT_CLLCTN,1900-01-01 00:00:00,9999-12-31 00:00:00,0
11129,GGRPHCL_ARS_DE21N,NUTS3_ANCRDT_CLLCTN,1900-01-01 00:00:00,9999-12-31 00:00:00,0
11130,GGRPHCL_ARS_DE91B,NUTS3_ANCRDT_CLLCTN,1900-01-01 00:00:00,9999-12-31 00:00:00,0
11131,GGRPHCL_ARS_PL823,NUTS3_ANCRDT_CLLCTN,1900-01-01 00:00:00,9999-12-31 00:00:00,0
11132,GGRPHCL_ARS_PL129,NUTS3_ANCRDT_CLLCTN,1900-01-01 00:00:00,2023-12-31 00:00:00,0
11133,GGRPHCL_ARS_DE276,NUTS3_ANCRDT_CLLCTN,1900-01-01 00:00:00,9999-12-31 00:00:00,0
11134,GGRPHCL_ARS_DE409,NUTS3_ANCRDT_CLLCTN,1900-01-01 00:00:00,9999-12-31 00:00:00,0
11135,GGRPHCL_ARS_BE326,NUTS3_ANCRDT_CLLCTN,1900-01-01 00:00:00,2023-12-31 00:00:00,0
11136,GGRPHCL_ARS_DE249,NUTS3_ANCRDT_CLLCTN,1900-01-01 00:00:00,9999-12-31 00:00:00,0
11137,GGRPHCL_ARS_DEA1B,NUTS3_ANCRDT_CLLCTN,1900-01-01 00:00:00,9999-12-31 00:00:00,0
11138,GGRPHCL_ARS_DE716,NUTS3_ANCRDT_CLLCTN,1900-01-01 00:00:00,9999-12-31 00:00:00,0
11139,GGRPHCL_ARS_IR,ISO3166_DSJNT_C_CLLCTN,1900-01-01 00:00:00,9999-12-31 00:00:00,0
11140,GGRPHCL_ARS_DEB3B,NUTS3_ANCRDT_CLLCTN,1900-01-01 00:00:00,9999-12-31 00:00:00,0
11141,GGRPHCL_ARS_DEF0A,NUTS3_ANCRDT_CLLCTN,1900-01-01 00:00:00,9999-12-31 00:00:00,0
11142,GGRPHCL_ARS_DE123,NUTS3_ANCRDT_CLLCTN,1900-01-01 00:00:00,9999-12-31 00:00:00,0
11143,GGRPHCL_ARS_DE945,NUTS3_ANCRDT_CLLCTN,1900-01-01 00:00:00,9999-12-31 00:00:00,0
11144,GGRPHCL_ARS_BE353,NUTS3_ANCRDT_CLLCTN,1900-01-01 00:00:00,9999-12-31 00:00:00,0
11145,GGRPHCL_ARS_ITH35,NUTS3_ANCRDT_CLLCTN,1900-01-01 00:00:00,9999-12-31 00:00:00,0
11146,GGRPHCL_ARS_ITI13,NUTS3_ANCRDT_CLLCTN,1900-01-01 00:00:00,9999-12-31 00:00:00,0
11147,GGRPHCL_ARS_PT1B0,NUTS3_ANCRDT_CLLCTN,2024-01-01 00:00:00,9999-12-31 00:00:00,0
11148,GGRPHCL_ARS_ITF13,NUTS3_ANCRDT_CLLCTN,1900-01-01 00:00:00,9999-12-31 00:00:00,0
11149,GGRPHCL_ARS_LT004,NUTS3_ANCRDT_CLLCTN,1900-01-01 00:00:00,2023-12-31 00:00:00,0
11150,GGRPHCL_ARS_CC,ISO3166_DSJNT_C_CLLCTN,1900-01-01 00:00:00,9999-12-31 00:00:00,0
11151,GGRPHCL_ARS_DEG0R,NUTS3_ANCRDT_CLLCTN,2024-01-01 00:00:00,9999-12-31 00:00:00,0
11152,GGRPHCL_ARS_FRH02,NUTS3_ANCRDT_CLLCTN,1900-01-01 00:00:00,9999-12-31 00:00:00,0
11153,GGRPHCL_ARS_EL523,NUTS3_ANCRDT_CLLCTN,1900-01-01 00:00:00,9999-12-31 00:00:00,0
11154,GGRPHCL_ARS_FRK22,NUTS3_ANCRDT_CLLCTN,1900-01-01 00:00:00,9999-12-31 00:00:00,0
11155,GGRPHCL_ARS_FRD22,NUTS3_ANCRDT_CLLCTN,1900-01-01 00:00:00,9999-12-31 00:00:00,0
11156,GGRPHCL_ARS_CD,ISO3166_DSJNT_C_CLLCTN,1900-01-01 00:00:00,9999-12-31 00:00:00,0
11157,GGRPHCL_ARS_RO415,NUTS3_ANCRDT_CLLCTN,1900-01-01 00:00:00,9999-12-31 00:00:00,0
11158,GGRPHCL_ARS_FRF24,NUTS3_ANCRDT_CLLCTN,1900-01-01 00:00:00,9999-12-31 00:00:00,0
11159,GGRPHCL_ARS_FRG02,NUTS3_ANCRDT_CLLCTN,1900-01-01 00:00:00,9999-12-31 00:00:00,0
11160,GGRPHCL_ARS_BG421,NUTS3_ANCRDT_CLLCTN,1900-01-01 00:00:00,9999-12-31 00:00:00,0
11161,GGRPHCL_ARS_BG332,NUTS3_ANCRDT_CLLCTN,1900-01-01 00:00:00,9999-12-31 00:00:00,0
11162,GGRPHCL_ARS_ZM,ISO3166_DSJNT_C_CLLCTN,1900-01-01 00:00:00,9999-12-31 00:00:00,0
11163,TYP_PRTCTN_15,TYP_PRTCTN_ANCRDT_CLLCTN,1900-01-01 00:00:00,9999-12-31 00:00:00,0
11164,TYP_PRTCTN_18,TYP_PRTCTN_ANCRDT_CLLCTN,1900-01-01 00:00:00,9999-12-31 00:00:00,0
11165,TYP_PRTCTN_12,TYP_PRTCTN_ANCRDT_CLLCTN,1900-01-01 00:00:00,9999-12-31 00:00:00,0
11166,TYP_PRTCTN_16,TYP_PRTCTN_ANCRDT_CLLCTN,1900-01-01 00:00:00,9999-12-31 00:00:00,0
11167,TYP_PRTCTN_13,TYP_PRTCTN_ANCRDT_CLLCTN,1900-01-01 00:00:00,9999-12-31 00:00:00,0
11168,TYP_PRTCTN_17,TYP_PRTCTN_ANCRDT_CLLCTN,1900-01-01 00:00:00,9999-12-31 00:00:00,0
11169,TYP_PRTCTN_10,TYP_PRTCTN_ANCRDT_CLLCTN,1900-01-01 00:00:00,9999-12-31 00:00:00,0
11170,FRBRNC_STTS_5,FRBRNC_STTS_ANCRDT_CLLCTN,1900-01-01 00:00:00,9999-12-31 00:00:00,0
11171,SBRDNTD_DBT_2,SBRDNTD_DBT_ANCRDT_CLLCTN,1900-01-01 00:00:00,9999-12-31 00:00:00,0
11172,RCGNTN_STTS_1,RCGNTN_STTS_ANCRDT_CLLCTN,1900-01-01 00:00:00,9999-12-31 00:00:00,0
11173,FRBRNC_STTS_8,FRBRNC_STTS_ANCRDT_CLLCTN,1900-01-01 00:00:00,9999-12-31 00:00:00,0
11174,RCGNTN_STTS_2,RCGNTN_STTS_ANCRDT_CLLCTN,1900-01-01 00:00:00,9999-12-31 00:00:00,0
11175,SBRDNTD_DBT_1,SBRDNTD_DBT_ANCRDT_CLLCTN,1900-01-01 00:00:00,9999-12-31 00:00:00,0
11176,TYP_AMRTSTN_4,TYP_AMRTSTN_ANCRDT_CLLCTN,1900-01-01 00:00:00,9999-12-31 00:00:00,0
11177,TYP_AMRTSTN_3,TYP_AMRTSTN_ANCRDT_CLLCTN,1900-01-01 00:00:00,9999-12-31 00:00:00,0
11178,FRBRNC_STTS_4,FRBRNC_STTS_ANCRDT_CLLCTN,1900-01-01 00:00:00,9999-12-31 00:00:00,0
11179,TYP_AMRTSTN_1,TYP_AMRTSTN_ANCRDT_CLLCTN,1900-01-01 00:00:00,9999-12-31 00:00:00,0
11180,FRBRNC_STTS_3,FRBRNC_STTS_ANCRDT_CLLCTN,1900-01-01 00:00:00,9999-12-31 00:00:00,0
11181,FRBRNC_STTS_9,FRBRNC_STTS_ANCRDT_CLLCTN,1900-01-01 00:00:00,9999-12-31 00:00:00,0
11182,TYP_AMRTSTN_5,TYP_AMRTSTN_ANCRDT_CLLCTN,1900-01-01 00:00:00,9999-12-31 00:00:00,0
11183,RCGNTN_STTS_3,RCGNTN_STTS_ANCRDT_CLLCTN,1900-01-01 00:00:00,9999-12-31 00:00:00,0
11184,TYP_AMRTSTN_2,TYP_AMRTSTN_ANCRDT_CLLCTN,1900-01-01 00:00:00,9999-12-31 00:00:00,0
11185,ECNMC_ACTVTY_V2_03,NACE_LVLS2TO4_STGNG_V2,1900-01-01 00:00:00,9999-12-31 00:00:00,0
11186,RPYMNT_RGHTS_2,RPYMNT_RGHTS_ANCRDT_CLLCTN,1900-01-01 00:00:00,9999-12-31 00:00:00,0
11187,ECNMC_ACTVTY_V2_62,NACE_LVLS2TO4_STGNG_V2,1900-01-01 00:00:00,9999-12-31 00:00:00,0
11188,ECNMC_ACTVTY_V2_65,NACE_LVLS2TO4_STGNG_V2,1900-01-01 00:00:00,9999-12-31 00:00:00,0
11189,ECNMC_ACTVTY_V2_19,NACE_LVLS2TO4_STGNG_V2,1900-01-01 00:00:00,9999-12-31 00:00:00,0
11190,ECNMC_ACTVTY_V2_71,NACE_LVLS2TO4_STGNG_V2,1900-01-01 00:00:00,9999-12-31 00:00:00,0
11191,ECNMC_ACTVTY_V2_10,NACE_LVLS2TO4_STGNG_V2,1900-01-01 00:00:00,9999-12-31 00:00:00,0
11192,ECNMC_ACTVTY_V2_17,NACE_LVLS2TO4_STGNG_V2,1900-01-01 00:00:00,9999-12-31 00:00:00,0
11193,ECNMC_ACTVTY_V2_78,NACE_LVLS2TO4_STGNG_V2,1900-01-01 00:00:00,9999-12-31 00:00:00,0
11194,SRC_ENCMBRNC_8,SRC_ENCMBRNC_ANCRDT_CLLCTN,1900-01-01 00:00:00,9999-12-31 00:00:00,0
11195,ECNMC_ACTVTY_V2_92,NACE_LVLS2TO4_STGNG_V2,1900-01-01 00:00:00,9999-12-31 00:00:00,0
11196,ECNMC_ACTVTY_V2_95,NACE_LVLS2TO4_STGNG_V2,1900-01-01 00:00:00,9999-12-31 00:00:00,0
11197,ECNMC_ACTVTY_V2_36,NACE_LVLS2TO4_STGNG_V2,1900-01-01 00:00:00,9999-12-31 00:00:00,0
11198,ECNMC_ACTVTY_V2_59,NACE_LVLS2TO4_STGNG_V2,1900-01-01 00:00:00,9999-12-31 00:00:00,0
11199,ECNMC_ACTVTY_V2_31,NACE_LVLS2TO4_STGNG_V2,1900-01-01 00:00:00,9999-12-31 00:00:00,0
11200,ECNMC_ACTVTY_V2_50,NACE_LVLS2TO4_STGNG_V2,1900-01-01 00:00:00,9999-12-31 00:00:00,0
11201,ECNMC_ACTVTY_V2_38,NACE_LVLS2TO4_STGNG_V2,1900-01-01 00:00:00,9999-12-31 00:00:00,0
11202,SRC_ENCMBRNC_7,SRC_ENCMBRNC_ANCRDT_CLLCTN,1900-01-01 00:00:00,9999-12-31 00:00:00,0
11203,PRDNTL_PRTFL_2,PRDNTL_PRTFL_ANCRDT_CLLCTN,1900-01-01 00:00:00,9999-12-31 00:00:00,0
11204,ECNMC_ACTVTY_V2_43,NACE_LVLS2TO4_STGNG_V2,1900-01-01 00:00:00,9999-12-31 00:00:00,0
11205,ECNMC_ACTVTY_V2_22,NACE_LVLS2TO4_STGNG_V2,1900-01-01 00:00:00,9999-12-31 00:00:00,0
11206,ECNMC_ACTVTY_V2_25,NACE_LVLS2TO4_STGNG_V2,1900-01-01 00:00:00,9999-12-31 00:00:00,0
11207,ECNMC_ACTVTY_V2_88,NACE_LVLS2TO4_STGNG_V2,1900-01-01 00:00:00,9999-12-31 00:00:00,0
11208,ECNMC_ACTVTY_V2_86,NACE_LVLS2TO4_STGNG_V2,1900-01-01 00:00:00,9999-12-31 00:00:00,0
11209,ECNMC_ACTVTY_V2_81,NACE_LVLS2TO4_STGNG_V2,1900-01-01 00:00:00,9999-12-31 00:00:00,0
11210,ECNMC_ACTVTY_V2_60,NACE_LVLS2TO4_STGNG_V2,1900-01-01 00:00:00,9999-12-31 00:00:00,0
11211,ECNMC_ACTVTY_V2_08,NACE_LVLS2TO4_STGNG_V2,1900-01-01 00:00:00,9999-12-31 00:00:00,0
11212,SRC_ENCMBRNC_1,SRC_ENCMBRNC_ANCRDT_CLLCTN,1900-01-01 00:00:00,9999-12-31 00:00:00,0
11213,ECNMC_ACTVTY_V2_69,NACE_LVLS2TO4_STGNG_V2,1900-01-01 00:00:00,9999-12-31 00:00:00,0
11214,ECNMC_ACTVTY_V2_06,NACE_LVLS2TO4_STGNG_V2,1900-01-01 00:00:00,9999-12-31 00:00:00,0
11215,ECNMC_ACTVTY_V2_01,NACE_LVLS2TO4_STGNG_V2,1900-01-01 00:00:00,9999-12-31 00:00:00,0
11216,ECNMC_ACTVTY_V2_12,NACE_LVLS2TO4_STGNG_V2,1900-01-01 00:00:00,9999-12-31 00:00:00,0
11217,ECNMC_ACTVTY_V2_15,NACE_LVLS2TO4_STGNG_V2,1900-01-01 00:00:00,9999-12-31 00:00:00,0
11218,ECNMC_ACTVTY_V2_74,NACE_LVLS2TO4_STGNG_V2,1900-01-01 00:00:00,9999-12-31 00:00:00,0
11219,SRC_ENCMBRNC_9,SRC_ENCMBRNC_ANCRDT_CLLCTN,1900-01-01 00:00:00,9999-12-31 00:00:00,0
11220,ECNMC_ACTVTY_V2_73,NACE_LVLS2TO4_STGNG_V2,1900-01-01 00:00:00,9999-12-31 00:00:00,0
11221,ECNMC_ACTVTY_V2_99,NACE_LVLS2TO4_STGNG_V2,1900-01-01 00:00:00,9999-12-31 00:00:00,0
11222,ECNMC_ACTVTY_V2_90,NACE_LVLS2TO4_STGNG_V2,1900-01-01 00:00:00,9999-12-31 00:00:00,0
11223,ECNMC_ACTVTY_V2_97,NACE_LVLS2TO4_STGNG_V2,1900-01-01 00:00:00,9999-12-31 00:00:00,0
11224,ECNMC_ACTVTY_V2_52,NACE_LVLS2TO4_STGNG_V2,1900-01-01 00:00:00,9999-12-31 00:00:00,0
11225,ECNMC_ACTVTY_V2_55,NACE_LVLS2TO4_STGNG_V2,1900-01-01 00:00:00,9999-12-31 00:00:00,0
11226,ECNMC_ACTVTY_V2_33,NACE_LVLS2TO4_STGNG_V2,1900-01-01 00:00:00,9999-12-31 00:00:00,0
11227,ECNMC_ACTVTY_V2_20,NACE_LVLS2TO4_STGNG_V2,1900-01-01 00:00:00,9999-12-31 00:00:00,0
11228,ECNMC_ACTVTY_V2_27,NACE_LVLS2TO4_STGNG_V2,1900-01-01 00:00:00,9999-12-31 00:00:00,0
11229,ECNMC_ACTVTY_V2_29,NACE_LVLS2TO4_STGNG_V2,1900-01-01 00:00:00,9999-12-31 00:00:00,0
11230,ECNMC_ACTVTY_V2_46,NACE_LVLS2TO4_STGNG_V2,1900-01-01 00:00:00,9999-12-31 00:00:00,0
11231,ECNMC_ACTVTY_V2_41,NACE_LVLS2TO4_STGNG_V2,1900-01-01 00:00:00,9999-12-31 00:00:00,0
11232,ECNMC_ACTVTY_V2_84,NACE_LVLS2TO4_STGNG_V2,1900-01-01 00:00:00,9999-12-31 00:00:00,0
11233,SRC_ENCMBRNC_6,SRC_ENCMBRNC_ANCRDT_CLLCTN,1900-01-01 00:00:00,9999-12-31 00:00:00,0
11234,ECNMC_ACTVTY_V2_07,NACE_LVLS2TO4_STGNG_V2,1900-01-01 00:00:00,9999-12-31 00:00:00,0
11235,ECNMC_ACTVTY_V2_68,NACE_LVLS2TO4_STGNG_V2,1900-01-01 00:00:00,9999-12-31 00:00:00,0
11236,ECNMC_ACTVTY_V2_66,NACE_LVLS2TO4_STGNG_V2,1900-01-01 00:00:00,9999-12-31 00:00:00,0
11237,ECNMC_ACTVTY_V2_09,NACE_LVLS2TO4_STGNG_V2,1900-01-01 00:00:00,9999-12-31 00:00:00,0
11238,ECNMC_ACTVTY_V2_61,NACE_LVLS2TO4_STGNG_V2,1900-01-01 00:00:00,9999-12-31 00:00:00,0
11239,ECNMC_ACTVTY_V2_72,NACE_LVLS2TO4_STGNG_V2,1900-01-01 00:00:00,9999-12-31 00:00:00,0
11240,ECNMC_ACTVTY_V2_75,NACE_LVLS2TO4_STGNG_V2,1900-01-01 00:00:00,9999-12-31 00:00:00,0
11241,ECNMC_ACTVTY_V2_14,NACE_LVLS2TO4_STGNG_V2,1900-01-01 00:00:00,9999-12-31 00:00:00,0
11242,ECNMC_ACTVTY_V2_13,NACE_LVLS2TO4_STGNG_V2,1900-01-01 00:00:00,9999-12-31 00:00:00,0
11243,ECNMC_ACTVTY_V2_32,NACE_LVLS2TO4_STGNG_V2,1900-01-01 00:00:00,9999-12-31 00:00:00,0
11244,ECNMC_ACTVTY_V2_35,NACE_LVLS2TO4_STGNG_V2,1900-01-01 00:00:00,9999-12-31 00:00:00,0
11245,ECNMC_ACTVTY_V2_53,NACE_LVLS2TO4_STGNG_V2,1900-01-01 00:00:00,9999-12-31 00:00:00,0
11246,ECNMC_ACTVTY_V2_96,NACE_LVLS2TO4_STGNG_V2,1900-01-01 00:00:00,9999-12-31 00:00:00,0
11247,ECNMC_ACTVTY_V2_91,NACE_LVLS2TO4_STGNG_V2,1900-01-01 00:00:00,9999-12-31 00:00:00,0
11248,SRC_ENCMBRNC_5,SRC_ENCMBRNC_ANCRDT_CLLCTN,1900-01-01 00:00:00,9999-12-31 00:00:00,0
11249,ECNMC_ACTVTY_V2_98,NACE_LVLS2TO4_STGNG_V2,1900-01-01 00:00:00,9999-12-31 00:00:00,0
11250,ECNMC_ACTVTY_V2_82,NACE_LVLS2TO4_STGNG_V2,1900-01-01 00:00:00,9999-12-31 00:00:00,0
11251,ECNMC_ACTVTY_V2_85,NACE_LVLS2TO4_STGNG_V2,1900-01-01 00:00:00,9999-12-31 00:00:00,0
11252,ECNMC_ACTVTY_V2_47,NACE_LVLS2TO4_STGNG_V2,1900-01-01 00:00:00,9999-12-31 00:00:00,0
11253,ECNMC_ACTVTY_V2_28,NACE_LVLS2TO4_STGNG_V2,1900-01-01 00:00:00,9999-12-31 00:00:00,0
11254,ECNMC_ACTVTY_V2_26,NACE_LVLS2TO4_STGNG_V2,1900-01-01 00:00:00,9999-12-31 00:00:00,0
11255,ECNMC_ACTVTY_V2_49,NACE_LVLS2TO4_STGNG_V2,1900-01-01 00:00:00,9999-12-31 00:00:00,0
11256,ECNMC_ACTVTY_V2_21,NACE_LVLS2TO4_STGNG_V2,1900-01-01 00:00:00,9999-12-31 00:00:00,0
11257,ECNMC_ACTVTY_V2_64,NACE_LVLS2TO4_STGNG_V2,1900-01-01 00:00:00,9999-12-31 00:00:00,0
11258,ECNMC_ACTVTY_V2_63,NACE_LVLS2TO4_STGNG_V2,1900-01-01 00:00:00,9999-12-31 00:00:00,0
11259,ECNMC_ACTVTY_V2_02,NACE_LVLS2TO4_STGNG_V2,1900-01-01 00:00:00,9999-12-31 00:00:00,0
11260,ECNMC_ACTVTY_V2_05,NACE_LVLS2TO4_STGNG_V2,1900-01-01 00:00:00,9999-12-31 00:00:00,0
11261,ECNMC_ACTVTY_V2_79,NACE_LVLS2TO4_STGNG_V2,1900-01-01 00:00:00,9999-12-31 00:00:00,0
11262,RPYMNT_RGHTS_1,RPYMNT_RGHTS_ANCRDT_CLLCTN,1900-01-01 00:00:00,9999-12-31 00:00:00,0
11263,ECNMC_ACTVTY_V2_16,NACE_LVLS2TO4_STGNG_V2,1900-01-01 00:00:00,9999-12-31 00:00:00,0
11264,ECNMC_ACTVTY_V2_11,NACE_LVLS2TO4_STGNG_V2,1900-01-01 00:00:00,9999-12-31 00:00:00,0
11265,ECNMC_ACTVTY_V2_70,NACE_LVLS2TO4_STGNG_V2,1900-01-01 00:00:00,9999-12-31 00:00:00,0
11266,ECNMC_ACTVTY_V2_18,NACE_LVLS2TO4_STGNG_V2,1900-01-01 00:00:00,9999-12-31 00:00:00,0
11267,ECNMC_ACTVTY_V2_77,NACE_LVLS2TO4_STGNG_V2,1900-01-01 00:00:00,9999-12-31 00:00:00,0
11268,ECNMC_ACTVTY_V2_39,NACE_LVLS2TO4_STGNG_V2,1900-01-01 00:00:00,9999-12-31 00:00:00,0
11269,ECNMC_ACTVTY_V2_56,NACE_LVLS2TO4_STGNG_V2,1900-01-01 00:00:00,9999-12-31 00:00:00,0
11270,PRDNTL_PRTFL_1,PRDNTL_PRTFL_ANCRDT_CLLCTN,1900-01-01 00:00:00,9999-12-31 00:00:00,0
11271,ECNMC_ACTVTY_V2_51,NACE_LVLS2TO4_STGNG_V2,1900-01-01 00:00:00,9999-12-31 00:00:00,0
11272,ECNMC_ACTVTY_V2_30,NACE_LVLS2TO4_STGNG_V2,1900-01-01 00:00:00,9999-12-31 00:00:00,0
11273,ECNMC_ACTVTY_V2_58,NACE_LVLS2TO4_STGNG_V2,1900-01-01 00:00:00,9999-12-31 00:00:00,0
11274,ECNMC_ACTVTY_V2_37,NACE_LVLS2TO4_STGNG_V2,1900-01-01 00:00:00,9999-12-31 00:00:00,0
11275,ECNMC_ACTVTY_V2_94,NACE_LVLS2TO4_STGNG_V2,1900-01-01 00:00:00,9999-12-31 00:00:00,0
11276,ECNMC_ACTVTY_V2_93,NACE_LVLS2TO4_STGNG_V2,1900-01-01 00:00:00,9999-12-31 00:00:00,0
11277,ECNMC_ACTVTY_V2_80,NACE_LVLS2TO4_STGNG_V2,1900-01-01 00:00:00,9999-12-31 00:00:00,0
11278,ECNMC_ACTVTY_V2_87,NACE_LVLS2TO4_STGNG_V2,1900-01-01 00:00:00,9999-12-31 00:00:00,0
11279,ECNMC_ACTVTY_V2_24,NACE_LVLS2TO4_STGNG_V2,1900-01-01 00:00:00,9999-12-31 00:00:00,0
11280,ECNMC_ACTVTY_V2_23,NACE_LVLS2TO4_STGNG_V2,1900-01-01 00:00:00,9999-12-31 00:00:00,0
11281,ECNMC_ACTVTY_V2_42,NACE_LVLS2TO4_STGNG_V2,1900-01-01 00:00:00,9999-12-31 00:00:00,0
11282,SRC_ENCMBRNC_10,SRC_ENCMBRNC_ANCRDT_CLLCTN,1900-01-01 00:00:00,9999-12-31 00:00:00,0
11283,TYP_INSTRMNT_20,TYP_INSTRMNT_ANCRDT_CLLCTN,1900-01-01 00:00:00,9999-12-31 00:00:00,0
11284,ECNMC_ACTVTY_V2_-99,NACE_LVLS2TO4_STGNG_V2,1900-01-01 00:00:00,9999-12-31 00:00:00,0
11285,TYP_INSTRMNT_71,TYP_INSTRMNT_ANCRDT_CLLCTN,1900-01-01 00:00:00,9999-12-31 00:00:00,0
11286,SRC_ENCMBRNC_11,SRC_ENCMBRNC_ANCRDT_CLLCTN,1900-01-01 00:00:00,9999-12-31 00:00:00,0
11287,SRC_ENCMBRNC_12,SRC_ENCMBRNC_ANCRDT_CLLCTN,1900-01-01 00:00:00,9999-12-31 00:00:00,0
11288,TYP_INSTRMNT_80,TYP_INSTRMNT_ANCRDT_CLLCTN,1900-01-01 00:00:00,9999-12-31 00:00:00,0
11289,TYP_INSTRMNT_51,TYP_INSTRMNT_ANCRDT_CLLCTN,1900-01-01 00:00:00,9999-12-31 00:00:00,0
11290,SRC_ENCMBRNC_13,SRC_ENCMBRNC_ANCRDT_CLLCTN,1900-01-01 00:00:00,9999-12-31 00:00:00,0
11291,ECNMC_ACTVTY_V2_74_1,NACE_LVLS2TO4_STGNG_V2,1900-01-01 00:00:00,9999-12-31 00:00:00,0
11292,ECNMC_ACTVTY_V2_80_0,NACE_LVLS2TO4_STGNG_V2,1900-01-01 00:00:00,9999-12-31 00:00:00,0
11293,ECNMC_ACTVTY_V2_27_5,NACE_LVLS2TO4_STGNG_V2,1900-01-01 00:00:00,9999-12-31 00:00:00,0
11294,ECNMC_ACTVTY_V2_55_3,NACE_LVLS2TO4_STGNG_V2,1900-01-01 00:00:00,9999-12-31 00:00:00,0
11295,ECNMC_ACTVTY_V2_64_2,NACE_LVLS2TO4_STGNG_V2,1900-01-01 00:00:00,9999-12-31 00:00:00,0
11296,ECNMC_ACTVTY_V2_90_3,NACE_LVLS2TO4_STGNG_V2,1900-01-01 00:00:00,9999-12-31 00:00:00,0
11297,ECNMC_ACTVTY_V2_27_2,NACE_LVLS2TO4_STGNG_V2,1900-01-01 00:00:00,9999-12-31 00:00:00,0
11298,ECNMC_ACTVTY_V2_55_4,NACE_LVLS2TO4_STGNG_V2,1900-01-01 00:00:00,9999-12-31 00:00:00,0
11299,ECNMC_ACTVTY_V2_81_3,NACE_LVLS2TO4_STGNG_V2,1900-01-01 00:00:00,9999-12-31 00:00:00,0
11300,ECNMC_ACTVTY_V2_26_1,NACE_LVLS2TO4_STGNG_V2,1900-01-01 00:00:00,9999-12-31 00:00:00,0
11301,ECNMC_ACTVTY_V2_65_1,NACE_LVLS2TO4_STGNG_V2,1900-01-01 00:00:00,9999-12-31 00:00:00,0
11302,ECNMC_ACTVTY_V2_26_6,NACE_LVLS2TO4_STGNG_V2,1900-01-01 00:00:00,9999-12-31 00:00:00,0
11303,ECNMC_ACTVTY_V2_14_2,NACE_LVLS2TO4_STGNG_V2,1900-01-01 00:00:00,9999-12-31 00:00:00,0
11304,ECNMC_ACTVTY_V2_25_4,NACE_LVLS2TO4_STGNG_V2,1900-01-01 00:00:00,9999-12-31 00:00:00,0
11305,ECNMC_ACTVTY_V2_47_8,NACE_LVLS2TO4_STGNG_V2,1900-01-01 00:00:00,9999-12-31 00:00:00,0
11306,ECNMC_ACTVTY_V2_25_3,NACE_LVLS2TO4_STGNG_V2,1900-01-01 00:00:00,9999-12-31 00:00:00,0
11307,ECNMC_ACTVTY_V2_66_3,NACE_LVLS2TO4_STGNG_V2,1900-01-01 00:00:00,9999-12-31 00:00:00,0
11308,ECNMC_ACTVTY_V2_88_1,NACE_LVLS2TO4_STGNG_V2,1900-01-01 00:00:00,9999-12-31 00:00:00,0
11309,ECNMC_ACTVTY_V2_47_6,NACE_LVLS2TO4_STGNG_V2,1900-01-01 00:00:00,9999-12-31 00:00:00,0
11310,ECNMC_ACTVTY_V2_82_1,NACE_LVLS2TO4_STGNG_V2,1900-01-01 00:00:00,9999-12-31 00:00:00,0
11311,ECNMC_ACTVTY_V2_98_2,NACE_LVLS2TO4_STGNG_V2,1900-01-01 00:00:00,9999-12-31 00:00:00,0
11312,PRJCT_FNNC_LN_1,PRJCT_FNNC_LN_ANCRDT_CLLCTN,1900-01-01 00:00:00,9999-12-31 00:00:00,0
11313,ECNMC_ACTVTY_V2_47_1,NACE_LVLS2TO4_STGNG_V2,1900-01-01 00:00:00,9999-12-31 00:00:00,0
11314,ECNMC_ACTVTY_V2_93_1,NACE_LVLS2TO4_STGNG_V2,1900-01-01 00:00:00,9999-12-31 00:00:00,0
11315,ECNMC_ACTVTY_V2_56_1,NACE_LVLS2TO4_STGNG_V2,1900-01-01 00:00:00,9999-12-31 00:00:00,0
11316,ECNMC_ACTVTY_V2_15_1,NACE_LVLS2TO4_STGNG_V2,1900-01-01 00:00:00,9999-12-31 00:00:00,0
11317,ECNMC_ACTVTY_V2_46_2,NACE_LVLS2TO4_STGNG_V2,1900-01-01 00:00:00,9999-12-31 00:00:00,0
11318,ECNMC_ACTVTY_V2_77_4,NACE_LVLS2TO4_STGNG_V2,1900-01-01 00:00:00,9999-12-31 00:00:00,0
11319,ECNMC_ACTVTY_V2_05_2,NACE_LVLS2TO4_STGNG_V2,1900-01-01 00:00:00,9999-12-31 00:00:00,0
11320,ECNMC_ACTVTY_V2_77_3,NACE_LVLS2TO4_STGNG_V2,1900-01-01 00:00:00,9999-12-31 00:00:00,0
11321,ECNMC_ACTVTY_V2_46_5,NACE_LVLS2TO4_STGNG_V2,1900-01-01 00:00:00,9999-12-31 00:00:00,0
11322,ECNMC_ACTVTY_V2_28_3,NACE_LVLS2TO4_STGNG_V2,1900-01-01 00:00:00,9999-12-31 00:00:00,0
11323,ECNMC_ACTVTY_V2_85_1,NACE_LVLS2TO4_STGNG_V2,1900-01-01 00:00:00,9999-12-31 00:00:00,0
11324,ECNMC_ACTVTY_V2_03_1,NACE_LVLS2TO4_STGNG_V2,1900-01-01 00:00:00,9999-12-31 00:00:00,0
11325,ECNMC_ACTVTY_V2_19_2,NACE_LVLS2TO4_STGNG_V2,1900-01-01 00:00:00,9999-12-31 00:00:00,0
11326,ECNMC_ACTVTY_V2_85_6,NACE_LVLS2TO4_STGNG_V2,1900-01-01 00:00:00,9999-12-31 00:00:00,0
11327,ECNMC_ACTVTY_V2_28_4,NACE_LVLS2TO4_STGNG_V2,1900-01-01 00:00:00,9999-12-31 00:00:00,0
11328,ECNMC_ACTVTY_V2_09_1,NACE_LVLS2TO4_STGNG_V2,1900-01-01 00:00:00,9999-12-31 00:00:00,0
11329,ECNMC_ACTVTY_V2_13_2,NACE_LVLS2TO4_STGNG_V2,1900-01-01 00:00:00,9999-12-31 00:00:00,0
11330,ECNMC_ACTVTY_V2_32_9,NACE_LVLS2TO4_STGNG_V2,1900-01-01 00:00:00,9999-12-31 00:00:00,0
11331,ECNMC_ACTVTY_V2_50_2,NACE_LVLS2TO4_STGNG_V2,1900-01-01 00:00:00,9999-12-31 00:00:00,0
11332,ECNMC_ACTVTY_V2_95_2,NACE_LVLS2TO4_STGNG_V2,1900-01-01 00:00:00,9999-12-31 00:00:00,0
11333,ECNMC_ACTVTY_V2_23_9,NACE_LVLS2TO4_STGNG_V2,1900-01-01 00:00:00,9999-12-31 00:00:00,0
11334,ECNMC_ACTVTY_V2_02_2,NACE_LVLS2TO4_STGNG_V2,1900-01-01 00:00:00,9999-12-31 00:00:00,0
11335,ECNMC_ACTVTY_V2_18_1,NACE_LVLS2TO4_STGNG_V2,1900-01-01 00:00:00,9999-12-31 00:00:00,0
11336,ECNMC_ACTVTY_V2_84_2,NACE_LVLS2TO4_STGNG_V2,1900-01-01 00:00:00,9999-12-31 00:00:00,0
11337,ECNMC_ACTVTY_V2_94_1,NACE_LVLS2TO4_STGNG_V2,1900-01-01 00:00:00,9999-12-31 00:00:00,0
11338,ECNMC_ACTVTY_V2_51_1,NACE_LVLS2TO4_STGNG_V2,1900-01-01 00:00:00,9999-12-31 00:00:00,0
11339,ECNMC_ACTVTY_V2_23_7,NACE_LVLS2TO4_STGNG_V2,1900-01-01 00:00:00,9999-12-31 00:00:00,0
11340,ECNMC_ACTVTY_V2_52_3,NACE_LVLS2TO4_STGNG_V2,1900-01-01 00:00:00,9999-12-31 00:00:00,0
11341,ECNMC_ACTVTY_V2_20_5,NACE_LVLS2TO4_STGNG_V2,1900-01-01 00:00:00,9999-12-31 00:00:00,0
11342,ECNMC_ACTVTY_V2_87_9,NACE_LVLS2TO4_STGNG_V2,1900-01-01 00:00:00,9999-12-31 00:00:00,0
11343,ECNMC_ACTVTY_V2_79_1,NACE_LVLS2TO4_STGNG_V2,1900-01-01 00:00:00,9999-12-31 00:00:00,0
11344,ECNMC_ACTVTY_V2_42_9,NACE_LVLS2TO4_STGNG_V2,1900-01-01 00:00:00,9999-12-31 00:00:00,0
11345,ECNMC_ACTVTY_V2_20_2,NACE_LVLS2TO4_STGNG_V2,1900-01-01 00:00:00,9999-12-31 00:00:00,0
11346,ECNMC_ACTVTY_V2_69_2,NACE_LVLS2TO4_STGNG_V2,1900-01-01 00:00:00,9999-12-31 00:00:00,0
11347,ECNMC_ACTVTY_V2_01_7,NACE_LVLS2TO4_STGNG_V2,1900-01-01 00:00:00,9999-12-31 00:00:00,0
11348,ECNMC_ACTVTY_V2_73_1,NACE_LVLS2TO4_STGNG_V2,1900-01-01 00:00:00,9999-12-31 00:00:00,0
11349,ECNMC_ACTVTY_V2_30_1,NACE_LVLS2TO4_STGNG_V2,1900-01-01 00:00:00,9999-12-31 00:00:00,0
11350,ECNMC_ACTVTY_V2_49_4,NACE_LVLS2TO4_STGNG_V2,1900-01-01 00:00:00,9999-12-31 00:00:00,0
11351,ECNMC_ACTVTY_V2_21_1,NACE_LVLS2TO4_STGNG_V2,1900-01-01 00:00:00,9999-12-31 00:00:00,0
11352,ECNMC_ACTVTY_V2_62_1,NACE_LVLS2TO4_STGNG_V2,1900-01-01 00:00:00,9999-12-31 00:00:00,0
11353,TYP_PRTCTN_VL_5,TYP_PRTCTN_VL_ANCRDT_CLLCTN,1900-01-01 00:00:00,9999-12-31 00:00:00,0
11354,ECNMC_ACTVTY_V2_10_7,NACE_LVLS2TO4_STGNG_V2,1900-01-01 00:00:00,9999-12-31 00:00:00,0
11355,ECNMC_ACTVTY_V2_78_2,NACE_LVLS2TO4_STGNG_V2,1900-01-01 00:00:00,9999-12-31 00:00:00,0
11356,ECNMC_ACTVTY_V2_49_3,NACE_LVLS2TO4_STGNG_V2,1900-01-01 00:00:00,9999-12-31 00:00:00,0
11357,ECNMC_ACTVTY_V2_96_9,NACE_LVLS2TO4_STGNG_V2,1900-01-01 00:00:00,9999-12-31 00:00:00,0
11358,PRJCT_FNNC_LN_2,PRJCT_FNNC_LN_ANCRDT_CLLCTN,1900-01-01 00:00:00,9999-12-31 00:00:00,0
11359,ECNMC_ACTVTY_V2_43_3,NACE_LVLS2TO4_STGNG_V2,1900-01-01 00:00:00,9999-12-31 00:00:00,0
11360,ECNMC_ACTVTY_V2_43_4,NACE_LVLS2TO4_STGNG_V2,1900-01-01 00:00:00,9999-12-31 00:00:00,0
11361,ECNMC_ACTVTY_V2_68_1,NACE_LVLS2TO4_STGNG_V2,1900-01-01 00:00:00,9999-12-31 00:00:00,0
11362,ECNMC_ACTVTY_V2_72_2,NACE_LVLS2TO4_STGNG_V2,1900-01-01 00:00:00,9999-12-31 00:00:00,0
11363,ECNMC_ACTVTY_V2_10_9,NACE_LVLS2TO4_STGNG_V2,1900-01-01 00:00:00,9999-12-31 00:00:00,0
11364,ECNMC_ACTVTY_V2_55_1,NACE_LVLS2TO4_STGNG_V2,1900-01-01 00:00:00,9999-12-31 00:00:00,0
11365,ECNMC_ACTVTY_V2_16_1,NACE_LVLS2TO4_STGNG_V2,1900-01-01 00:00:00,9999-12-31 00:00:00,0
11366,ECNMC_ACTVTY_V2_90_1,NACE_LVLS2TO4_STGNG_V2,1900-01-01 00:00:00,9999-12-31 00:00:00,0
11367,ECNMC_ACTVTY_V2_74_3,NACE_LVLS2TO4_STGNG_V2,1900-01-01 00:00:00,9999-12-31 00:00:00,0
11368,ECNMC_ACTVTY_V2_27_9,NACE_LVLS2TO4_STGNG_V2,1900-01-01 00:00:00,9999-12-31 00:00:00,0
11369,ECNMC_ACTVTY_V2_06_2,NACE_LVLS2TO4_STGNG_V2,1900-01-01 00:00:00,9999-12-31 00:00:00,0
11370,ECNMC_ACTVTY_V2_64_9,NACE_LVLS2TO4_STGNG_V2,1900-01-01 00:00:00,9999-12-31 00:00:00,0
11371,ECNMC_ACTVTY_V2_26_3,NACE_LVLS2TO4_STGNG_V2,1900-01-01 00:00:00,9999-12-31 00:00:00,0
11372,ECNMC_ACTVTY_V2_65_3,NACE_LVLS2TO4_STGNG_V2,1900-01-01 00:00:00,9999-12-31 00:00:00,0
11373,ECNMC_ACTVTY_V2_91_2,NACE_LVLS2TO4_STGNG_V2,1900-01-01 00:00:00,9999-12-31 00:00:00,0
11374,ECNMC_ACTVTY_V2_17_2,NACE_LVLS2TO4_STGNG_V2,1900-01-01 00:00:00,9999-12-31 00:00:00,0
11375,ECNMC_ACTVTY_V2_26_4,NACE_LVLS2TO4_STGNG_V2,1900-01-01 00:00:00,9999-12-31 00:00:00,0
11376,ECNMC_ACTVTY_V2_07_1,NACE_LVLS2TO4_STGNG_V2,1900-01-01 00:00:00,9999-12-31 00:00:00,0
11377,ECNMC_ACTVTY_V2_36_0,NACE_LVLS2TO4_STGNG_V2,1900-01-01 00:00:00,9999-12-31 00:00:00,0
11378,ECNMC_ACTVTY_V2_75_0,NACE_LVLS2TO4_STGNG_V2,1900-01-01 00:00:00,9999-12-31 00:00:00,0
11379,ECNMC_ACTVTY_V2_81_1,NACE_LVLS2TO4_STGNG_V2,1900-01-01 00:00:00,9999-12-31 00:00:00,0
11380,ECNMC_ACTVTY_V2_47_4,NACE_LVLS2TO4_STGNG_V2,1900-01-01 00:00:00,9999-12-31 00:00:00,0
11381,ECNMC_ACTVTY_V2_35_2,NACE_LVLS2TO4_STGNG_V2,1900-01-01 00:00:00,9999-12-31 00:00:00,0
11382,ECNMC_ACTVTY_V2_82_3,NACE_LVLS2TO4_STGNG_V2,1900-01-01 00:00:00,9999-12-31 00:00:00,0
11383,ECNMC_ACTVTY_V2_82_4,NACE_LVLS2TO4_STGNG_V2,1900-01-01 00:00:00,9999-12-31 00:00:00,0
11384,ECNMC_ACTVTY_V2_47_3,NACE_LVLS2TO4_STGNG_V2,1900-01-01 00:00:00,9999-12-31 00:00:00,0
11385,ECNMC_ACTVTY_V2_25_6,NACE_LVLS2TO4_STGNG_V2,1900-01-01 00:00:00,9999-12-31 00:00:00,0
11386,ECNMC_ACTVTY_V2_25_1,NACE_LVLS2TO4_STGNG_V2,1900-01-01 00:00:00,9999-12-31 00:00:00,0
11387,ECNMC_ACTVTY_V2_66_1,NACE_LVLS2TO4_STGNG_V2,1900-01-01 00:00:00,9999-12-31 00:00:00,0
11388,ECNMC_ACTVTY_V2_92_0,NACE_LVLS2TO4_STGNG_V2,1900-01-01 00:00:00,9999-12-31 00:00:00,0
11389,ECNMC_ACTVTY_V2_77_1,NACE_LVLS2TO4_STGNG_V2,1900-01-01 00:00:00,9999-12-31 00:00:00,0
11390,ECNMC_ACTVTY_V2_46_7,NACE_LVLS2TO4_STGNG_V2,1900-01-01 00:00:00,9999-12-31 00:00:00,0
11391,ECNMC_ACTVTY_V2_46_9,NACE_LVLS2TO4_STGNG_V2,1900-01-01 00:00:00,9999-12-31 00:00:00,0
11392,ECNMC_ACTVTY_V2_24_2,NACE_LVLS2TO4_STGNG_V2,1900-01-01 00:00:00,9999-12-31 00:00:00,0
11393,ECNMC_ACTVTY_V2_56_4,NACE_LVLS2TO4_STGNG_V2,1900-01-01 00:00:00,9999-12-31 00:00:00,0
11394,ECNMC_ACTVTY_V2_24_5,NACE_LVLS2TO4_STGNG_V2,1900-01-01 00:00:00,9999-12-31 00:00:00,0
11395,ECNMC_ACTVTY_V2_56_3,NACE_LVLS2TO4_STGNG_V2,1900-01-01 00:00:00,9999-12-31 00:00:00,0
11396,ECNMC_ACTVTY_V2_22_1,NACE_LVLS2TO4_STGNG_V2,1900-01-01 00:00:00,9999-12-31 00:00:00,0
11397,ECNMC_ACTVTY_V2_38_2,NACE_LVLS2TO4_STGNG_V2,1900-01-01 00:00:00,9999-12-31 00:00:00,0
11398,ECNMC_ACTVTY_V2_61_1,NACE_LVLS2TO4_STGNG_V2,1900-01-01 00:00:00,9999-12-31 00:00:00,0
11399,ECNMC_ACTVTY_V2_28_1,NACE_LVLS2TO4_STGNG_V2,1900-01-01 00:00:00,9999-12-31 00:00:00,0
11400,ECNMC_ACTVTY_V2_32_2,NACE_LVLS2TO4_STGNG_V2,1900-01-01 00:00:00,9999-12-31 00:00:00,0
11401,ECNMC_ACTVTY_V2_71_2,NACE_LVLS2TO4_STGNG_V2,1900-01-01 00:00:00,9999-12-31 00:00:00,0
11402,ECNMC_ACTVTY_V2_85_3,NACE_LVLS2TO4_STGNG_V2,1900-01-01 00:00:00,9999-12-31 00:00:00,0
11403,ECNMC_ACTVTY_V2_13_9,NACE_LVLS2TO4_STGNG_V2,1900-01-01 00:00:00,9999-12-31 00:00:00,0
11404,ECNMC_ACTVTY_V2_03_3,NACE_LVLS2TO4_STGNG_V2,1900-01-01 00:00:00,9999-12-31 00:00:00,0
11405,ECNMC_ACTVTY_V2_85_4,NACE_LVLS2TO4_STGNG_V2,1900-01-01 00:00:00,9999-12-31 00:00:00,0
11406,ECNMC_ACTVTY_V2_32_5,NACE_LVLS2TO4_STGNG_V2,1900-01-01 00:00:00,9999-12-31 00:00:00,0
11407,ECNMC_ACTVTY_V2_60_2,NACE_LVLS2TO4_STGNG_V2,1900-01-01 00:00:00,9999-12-31 00:00:00,0
11408,TYP_INTRST_RT_3,TYP_INTRST_RT_ANCRDT_CLLCTN,1900-01-01 00:00:00,9999-12-31 00:00:00,0
11409,ECNMC_ACTVTY_V2_23_2,NACE_LVLS2TO4_STGNG_V2,1900-01-01 00:00:00,9999-12-31 00:00:00,0
11410,ECNMC_ACTVTY_V2_23_5,NACE_LVLS2TO4_STGNG_V2,1900-01-01 00:00:00,9999-12-31 00:00:00,0
11411,TYP_PRTCTN_VL_3,TYP_PRTCTN_VL_ANCRDT_CLLCTN,1900-01-01 00:00:00,9999-12-31 00:00:00,0
11412,ECNMC_ACTVTY_V2_41_0,NACE_LVLS2TO4_STGNG_V2,1900-01-01 00:00:00,9999-12-31 00:00:00,0
11413,FRQNCY_1,FRQNCY_INTRST_RT_RST_ANCRDT_CLLCTN,1900-01-01 00:00:00,9999-12-31 00:00:00,0
11414,ECNMC_ACTVTY_V2_70_1,NACE_LVLS2TO4_STGNG_V2,1900-01-01 00:00:00,9999-12-31 00:00:00,0
11415,ECNMC_ACTVTY_V2_08_9,NACE_LVLS2TO4_STGNG_V2,1900-01-01 00:00:00,9999-12-31 00:00:00,0
11416,ECNMC_ACTVTY_V2_29_2,NACE_LVLS2TO4_STGNG_V2,1900-01-01 00:00:00,9999-12-31 00:00:00,0
11417,ECNMC_ACTVTY_V2_33_1,NACE_LVLS2TO4_STGNG_V2,1900-01-01 00:00:00,9999-12-31 00:00:00,0
11418,ECNMC_ACTVTY_V2_01_5,NACE_LVLS2TO4_STGNG_V2,1900-01-01 00:00:00,9999-12-31 00:00:00,0
11419,ECNMC_ACTVTY_V2_73_3,NACE_LVLS2TO4_STGNG_V2,1900-01-01 00:00:00,9999-12-31 00:00:00,0
11420,ECNMC_ACTVTY_V2_87_2,NACE_LVLS2TO4_STGNG_V2,1900-01-01 00:00:00,9999-12-31 00:00:00,0
11421,ECNMC_ACTVTY_V2_30_3,NACE_LVLS2TO4_STGNG_V2,1900-01-01 00:00:00,9999-12-31 00:00:00,0
11422,ECNMC_ACTVTY_V2_30_4,NACE_LVLS2TO4_STGNG_V2,1900-01-01 00:00:00,9999-12-31 00:00:00,0
11423,ECNMC_ACTVTY_V2_42_2,NACE_LVLS2TO4_STGNG_V2,1900-01-01 00:00:00,9999-12-31 00:00:00,0
11424,ECNMC_ACTVTY_V2_58_1,NACE_LVLS2TO4_STGNG_V2,1900-01-01 00:00:00,9999-12-31 00:00:00,0
11425,ECNMC_ACTVTY_V2_01_2,NACE_LVLS2TO4_STGNG_V2,1900-01-01 00:00:00,9999-12-31 00:00:00,0
11426,ECNMC_ACTVTY_V2_63_9,NACE_LVLS2TO4_STGNG_V2,1900-01-01 00:00:00,9999-12-31 00:00:00,0
11427,ECNMC_ACTVTY_V2_52_1,NACE_LVLS2TO4_STGNG_V2,1900-01-01 00:00:00,9999-12-31 00:00:00,0
11428,ECNMC_ACTVTY_V2_43_1,NACE_LVLS2TO4_STGNG_V2,1900-01-01 00:00:00,9999-12-31 00:00:00,0
11429,ECNMC_ACTVTY_V2_59_2,NACE_LVLS2TO4_STGNG_V2,1900-01-01 00:00:00,9999-12-31 00:00:00,0
11430,ECNMC_ACTVTY_V2_31_0,NACE_LVLS2TO4_STGNG_V2,1900-01-01 00:00:00,9999-12-31 00:00:00,0
11431,ECNMC_ACTVTY_V2_43_6,NACE_LVLS2TO4_STGNG_V2,1900-01-01 00:00:00,9999-12-31 00:00:00,0
11432,ECNMC_ACTVTY_V2_68_3,NACE_LVLS2TO4_STGNG_V2,1900-01-01 00:00:00,9999-12-31 00:00:00,0
11433,ECNMC_ACTVTY_V2_86_1,NACE_LVLS2TO4_STGNG_V2,1900-01-01 00:00:00,9999-12-31 00:00:00,0
11434,ECNMC_ACTVTY_V2_10_5,NACE_LVLS2TO4_STGNG_V2,1900-01-01 00:00:00,9999-12-31 00:00:00,0
11435,ECNMC_ACTVTY_V2_96_2,NACE_LVLS2TO4_STGNG_V2,1900-01-01 00:00:00,9999-12-31 00:00:00,0
11436,ECNMC_ACTVTY_V2_10_2,NACE_LVLS2TO4_STGNG_V2,1900-01-01 00:00:00,9999-12-31 00:00:00,0
11437,ECNMC_ACTVTY_V2_49_1,NACE_LVLS2TO4_STGNG_V2,1900-01-01 00:00:00,9999-12-31 00:00:00,0
11438,ECNMC_ACTVTY_V2_53_2,NACE_LVLS2TO4_STGNG_V2,1900-01-01 00:00:00,9999-12-31 00:00:00,0
11439,ECNMC_ACTVTY_V2_26_5,NACE_LVLS2TO4_STGNG_V2,1900-01-01 00:00:00,9999-12-31 00:00:00,0
11440,ECNMC_ACTVTY_V2_91_4,NACE_LVLS2TO4_STGNG_V2,1900-01-01 00:00:00,9999-12-31 00:00:00,0
11441,ECNMC_ACTVTY_V2_91_3,NACE_LVLS2TO4_STGNG_V2,1900-01-01 00:00:00,9999-12-31 00:00:00,0
11442,ECNMC_ACTVTY_V2_65_2,NACE_LVLS2TO4_STGNG_V2,1900-01-01 00:00:00,9999-12-31 00:00:00,0
11443,ECNMC_ACTVTY_V2_26_2,NACE_LVLS2TO4_STGNG_V2,1900-01-01 00:00:00,9999-12-31 00:00:00,0
11444,ECNMC_ACTVTY_V2_55_9,NACE_LVLS2TO4_STGNG_V2,1900-01-01 00:00:00,9999-12-31 00:00:00,0
11445,ECNMC_ACTVTY_V2_74_2,NACE_LVLS2TO4_STGNG_V2,1900-01-01 00:00:00,9999-12-31 00:00:00,0
11446,ECNMC_ACTVTY_V2_27_1,NACE_LVLS2TO4_STGNG_V2,1900-01-01 00:00:00,9999-12-31 00:00:00,0
11447,ECNMC_ACTVTY_V2_64_1,NACE_LVLS2TO4_STGNG_V2,1900-01-01 00:00:00,9999-12-31 00:00:00,0
11448,ECNMC_ACTVTY_V2_15_2,NACE_LVLS2TO4_STGNG_V2,1900-01-01 00:00:00,9999-12-31 00:00:00,0
11449,ECNMC_ACTVTY_V2_56_2,NACE_LVLS2TO4_STGNG_V2,1900-01-01 00:00:00,9999-12-31 00:00:00,0
11450,ECNMC_ACTVTY_V2_24_4,NACE_LVLS2TO4_STGNG_V2,1900-01-01 00:00:00,9999-12-31 00:00:00,0
11451,ECNMC_ACTVTY_V2_24_3,NACE_LVLS2TO4_STGNG_V2,1900-01-01 00:00:00,9999-12-31 00:00:00,0
11452,ECNMC_ACTVTY_V2_46_8,NACE_LVLS2TO4_STGNG_V2,1900-01-01 00:00:00,9999-12-31 00:00:00,0
11453,ECNMC_ACTVTY_V2_93_2,NACE_LVLS2TO4_STGNG_V2,1900-01-01 00:00:00,9999-12-31 00:00:00,0
11454,ECNMC_ACTVTY_V2_46_6,NACE_LVLS2TO4_STGNG_V2,1900-01-01 00:00:00,9999-12-31 00:00:00,0
11455,TYP_PRTCTN_VL_4,TYP_PRTCTN_VL_ANCRDT_CLLCTN,1900-01-01 00:00:00,9999-12-31 00:00:00,0
11456,ECNMC_ACTVTY_V2_05_1,NACE_LVLS2TO4_STGNG_V2,1900-01-01 00:00:00,9999-12-31 00:00:00,0
11457,ECNMC_ACTVTY_V2_46_1,NACE_LVLS2TO4_STGNG_V2,1900-01-01 00:00:00,9999-12-31 00:00:00,0
11458,ECNMC_ACTVTY_V2_14_1,NACE_LVLS2TO4_STGNG_V2,1900-01-01 00:00:00,9999-12-31 00:00:00,0
11459,ECNMC_ACTVTY_V2_35_4,NACE_LVLS2TO4_STGNG_V2,1900-01-01 00:00:00,9999-12-31 00:00:00,0
11460,ECNMC_ACTVTY_V2_47_2,NACE_LVLS2TO4_STGNG_V2,1900-01-01 00:00:00,9999-12-31 00:00:00,0
11461,ECNMC_ACTVTY_V2_25_9,NACE_LVLS2TO4_STGNG_V2,1900-01-01 00:00:00,9999-12-31 00:00:00,0
11462,ECNMC_ACTVTY_V2_98_1,NACE_LVLS2TO4_STGNG_V2,1900-01-01 00:00:00,9999-12-31 00:00:00,0
11463,ECNMC_ACTVTY_V2_82_2,NACE_LVLS2TO4_STGNG_V2,1900-01-01 00:00:00,9999-12-31 00:00:00,0
11464,ECNMC_ACTVTY_V2_35_3,NACE_LVLS2TO4_STGNG_V2,1900-01-01 00:00:00,9999-12-31 00:00:00,0
11465,ECNMC_ACTVTY_V2_47_5,NACE_LVLS2TO4_STGNG_V2,1900-01-01 00:00:00,9999-12-31 00:00:00,0
11466,ECNMC_ACTVTY_V2_29_3,NACE_LVLS2TO4_STGNG_V2,1900-01-01 00:00:00,9999-12-31 00:00:00,0
11467,ECNMC_ACTVTY_V2_84_1,NACE_LVLS2TO4_STGNG_V2,1900-01-01 00:00:00,9999-12-31 00:00:00,0
11468,ECNMC_ACTVTY_V2_18_2,NACE_LVLS2TO4_STGNG_V2,1900-01-01 00:00:00,9999-12-31 00:00:00,0
11469,ECNMC_ACTVTY_V2_02_1,NACE_LVLS2TO4_STGNG_V2,1900-01-01 00:00:00,9999-12-31 00:00:00,0
11470,ECNMC_ACTVTY_V2_08_1,NACE_LVLS2TO4_STGNG_V2,1900-01-01 00:00:00,9999-12-31 00:00:00,0
11471,ECNMC_ACTVTY_V2_23_4,NACE_LVLS2TO4_STGNG_V2,1900-01-01 00:00:00,9999-12-31 00:00:00,0
11472,ECNMC_ACTVTY_V2_51_2,NACE_LVLS2TO4_STGNG_V2,1900-01-01 00:00:00,9999-12-31 00:00:00,0
11473,ECNMC_ACTVTY_V2_23_3,NACE_LVLS2TO4_STGNG_V2,1900-01-01 00:00:00,9999-12-31 00:00:00,0
11474,ECNMC_ACTVTY_V2_39_0,NACE_LVLS2TO4_STGNG_V2,1900-01-01 00:00:00,9999-12-31 00:00:00,0
11475,ECNMC_ACTVTY_V2_94_2,NACE_LVLS2TO4_STGNG_V2,1900-01-01 00:00:00,9999-12-31 00:00:00,0
11476,ECNMC_ACTVTY_V2_60_3,NACE_LVLS2TO4_STGNG_V2,1900-01-01 00:00:00,9999-12-31 00:00:00,0
11477,ECNMC_ACTVTY_V2_32_4,NACE_LVLS2TO4_STGNG_V2,1900-01-01 00:00:00,9999-12-31 00:00:00,0
11478,ECNMC_ACTVTY_V2_85_5,NACE_LVLS2TO4_STGNG_V2,1900-01-01 00:00:00,9999-12-31 00:00:00,0
11479,ECNMC_ACTVTY_V2_61_9,NACE_LVLS2TO4_STGNG_V2,1900-01-01 00:00:00,9999-12-31 00:00:00,0
11480,ECNMC_ACTVTY_V2_19_1,NACE_LVLS2TO4_STGNG_V2,1900-01-01 00:00:00,9999-12-31 00:00:00,0
11481,ECNMC_ACTVTY_V2_03_2,NACE_LVLS2TO4_STGNG_V2,1900-01-01 00:00:00,9999-12-31 00:00:00,0
11482,ECNMC_ACTVTY_V2_85_2,NACE_LVLS2TO4_STGNG_V2,1900-01-01 00:00:00,9999-12-31 00:00:00,0
11483,ECNMC_ACTVTY_V2_32_3,NACE_LVLS2TO4_STGNG_V2,1900-01-01 00:00:00,9999-12-31 00:00:00,0
11484,ECNMC_ACTVTY_V2_95_1,NACE_LVLS2TO4_STGNG_V2,1900-01-01 00:00:00,9999-12-31 00:00:00,0
11485,ECNMC_ACTVTY_V2_38_3,NACE_LVLS2TO4_STGNG_V2,1900-01-01 00:00:00,9999-12-31 00:00:00,0
11486,ECNMC_ACTVTY_V2_50_1,NACE_LVLS2TO4_STGNG_V2,1900-01-01 00:00:00,9999-12-31 00:00:00,0
11487,ECNMC_ACTVTY_V2_28_9,NACE_LVLS2TO4_STGNG_V2,1900-01-01 00:00:00,9999-12-31 00:00:00,0
11488,ECNMC_ACTVTY_V2_13_1,NACE_LVLS2TO4_STGNG_V2,1900-01-01 00:00:00,9999-12-31 00:00:00,0
11489,ECNMC_ACTVTY_V2_53_3,NACE_LVLS2TO4_STGNG_V2,1900-01-01 00:00:00,9999-12-31 00:00:00,0
11490,ECNMC_ACTVTY_V2_96_4,NACE_LVLS2TO4_STGNG_V2,1900-01-01 00:00:00,9999-12-31 00:00:00,0
11491,ECNMC_ACTVTY_V2_10_3,NACE_LVLS2TO4_STGNG_V2,1900-01-01 00:00:00,9999-12-31 00:00:00,0
11492,ECNMC_ACTVTY_V2_86_9,NACE_LVLS2TO4_STGNG_V2,1900-01-01 00:00:00,9999-12-31 00:00:00,0
11493,ECNMC_ACTVTY_V2_96_3,NACE_LVLS2TO4_STGNG_V2,1900-01-01 00:00:00,9999-12-31 00:00:00,0
11494,ECNMC_ACTVTY_V2_78_1,NACE_LVLS2TO4_STGNG_V2,1900-01-01 00:00:00,9999-12-31 00:00:00,0
11495,ECNMC_ACTVTY_V2_10_4,NACE_LVLS2TO4_STGNG_V2,1900-01-01 00:00:00,9999-12-31 00:00:00,0
11496,ECNMC_ACTVTY_V2_62_2,NACE_LVLS2TO4_STGNG_V2,1900-01-01 00:00:00,9999-12-31 00:00:00,0
11497,ECNMC_ACTVTY_V2_21_2,NACE_LVLS2TO4_STGNG_V2,1900-01-01 00:00:00,9999-12-31 00:00:00,0
11498,ECNMC_ACTVTY_V2_43_9,NACE_LVLS2TO4_STGNG_V2,1900-01-01 00:00:00,9999-12-31 00:00:00,0
11499,ECNMC_ACTVTY_V2_72_1,NACE_LVLS2TO4_STGNG_V2,1900-01-01 00:00:00,9999-12-31 00:00:00,0
11500,ECNMC_ACTVTY_V2_68_2,NACE_LVLS2TO4_STGNG_V2,1900-01-01 00:00:00,9999-12-31 00:00:00,0
11501,ECNMC_ACTVTY_V2_20_1,NACE_LVLS2TO4_STGNG_V2,1900-01-01 00:00:00,9999-12-31 00:00:00,0
11502,ECNMC_ACTVTY_V2_97_0,NACE_LVLS2TO4_STGNG_V2,1900-01-01 00:00:00,9999-12-31 00:00:00,0
11503,ECNMC_ACTVTY_V2_63_1,NACE_LVLS2TO4_STGNG_V2,1900-01-01 00:00:00,9999-12-31 00:00:00,0
11504,ECNMC_ACTVTY_V2_11_0,NACE_LVLS2TO4_STGNG_V2,1900-01-01 00:00:00,9999-12-31 00:00:00,0
11505,ECNMC_ACTVTY_V2_20_6,NACE_LVLS2TO4_STGNG_V2,1900-01-01 00:00:00,9999-12-31 00:00:00,0
11506,ECNMC_ACTVTY_V2_01_3,NACE_LVLS2TO4_STGNG_V2,1900-01-01 00:00:00,9999-12-31 00:00:00,0
11507,FRQNCY_3,FRQNCY_INTRST_RT_RST_ANCRDT_CLLCTN,1900-01-01 00:00:00,9999-12-31 00:00:00,0
11508,ECNMC_ACTVTY_V2_30_2,NACE_LVLS2TO4_STGNG_V2,1900-01-01 00:00:00,9999-12-31 00:00:00,0
11509,ECNMC_ACTVTY_V2_87_3,NACE_LVLS2TO4_STGNG_V2,1900-01-01 00:00:00,9999-12-31 00:00:00,0
11510,ECNMC_ACTVTY_V2_73_2,NACE_LVLS2TO4_STGNG_V2,1900-01-01 00:00:00,9999-12-31 00:00:00,0
11511,ECNMC_ACTVTY_V2_01_4,NACE_LVLS2TO4_STGNG_V2,1900-01-01 00:00:00,9999-12-31 00:00:00,0
11512,ECNMC_ACTVTY_V2_69_1,NACE_LVLS2TO4_STGNG_V2,1900-01-01 00:00:00,9999-12-31 00:00:00,0
11513,ECNMC_ACTVTY_V2_26_7,NACE_LVLS2TO4_STGNG_V2,1900-01-01 00:00:00,9999-12-31 00:00:00,0
11514,ECNMC_ACTVTY_V2_17_1,NACE_LVLS2TO4_STGNG_V2,1900-01-01 00:00:00,9999-12-31 00:00:00,0
11515,ECNMC_ACTVTY_V2_91_1,NACE_LVLS2TO4_STGNG_V2,1900-01-01 00:00:00,9999-12-31 00:00:00,0
11516,TYP_PRTCTN_VL_2,TYP_PRTCTN_VL_ANCRDT_CLLCTN,1900-01-01 00:00:00,9999-12-31 00:00:00,0
11517,ECNMC_ACTVTY_V2_81_2,NACE_LVLS2TO4_STGNG_V2,1900-01-01 00:00:00,9999-12-31 00:00:00,0
11518,ECNMC_ACTVTY_V2_07_2,NACE_LVLS2TO4_STGNG_V2,1900-01-01 00:00:00,9999-12-31 00:00:00,0
11519,TYP_INTRST_RT_2,TYP_INTRST_RT_ANCRDT_CLLCTN,1900-01-01 00:00:00,9999-12-31 00:00:00,0
11520,ECNMC_ACTVTY_V2_27_3,NACE_LVLS2TO4_STGNG_V2,1900-01-01 00:00:00,9999-12-31 00:00:00,0
11521,ECNMC_ACTVTY_V2_90_2,NACE_LVLS2TO4_STGNG_V2,1900-01-01 00:00:00,9999-12-31 00:00:00,0
11522,ECNMC_ACTVTY_V2_64_3,NACE_LVLS2TO4_STGNG_V2,1900-01-01 00:00:00,9999-12-31 00:00:00,0
11523,ECNMC_ACTVTY_V2_74_9,NACE_LVLS2TO4_STGNG_V2,1900-01-01 00:00:00,9999-12-31 00:00:00,0
11524,ECNMC_ACTVTY_V2_16_2,NACE_LVLS2TO4_STGNG_V2,1900-01-01 00:00:00,9999-12-31 00:00:00,0
11525,ECNMC_ACTVTY_V2_55_2,NACE_LVLS2TO4_STGNG_V2,1900-01-01 00:00:00,9999-12-31 00:00:00,0
11526,ECNMC_ACTVTY_V2_27_4,NACE_LVLS2TO4_STGNG_V2,1900-01-01 00:00:00,9999-12-31 00:00:00,0
11527,ECNMC_ACTVTY_V2_06_1,NACE_LVLS2TO4_STGNG_V2,1900-01-01 00:00:00,9999-12-31 00:00:00,0
11528,ECNMC_ACTVTY_V2_37_0,NACE_LVLS2TO4_STGNG_V2,1900-01-01 00:00:00,9999-12-31 00:00:00,0
11529,ECNMC_ACTVTY_V2_46_4,NACE_LVLS2TO4_STGNG_V2,1900-01-01 00:00:00,9999-12-31 00:00:00,0
11530,ECNMC_ACTVTY_V2_99_0,NACE_LVLS2TO4_STGNG_V2,1900-01-01 00:00:00,9999-12-31 00:00:00,0
11531,ECNMC_ACTVTY_V2_77_2,NACE_LVLS2TO4_STGNG_V2,1900-01-01 00:00:00,9999-12-31 00:00:00,0
11532,ECNMC_ACTVTY_V2_77_5,NACE_LVLS2TO4_STGNG_V2,1900-01-01 00:00:00,9999-12-31 00:00:00,0
11533,ECNMC_ACTVTY_V2_46_3,NACE_LVLS2TO4_STGNG_V2,1900-01-01 00:00:00,9999-12-31 00:00:00,0
11534,ECNMC_ACTVTY_V2_24_1,NACE_LVLS2TO4_STGNG_V2,1900-01-01 00:00:00,9999-12-31 00:00:00,0
11535,ECNMC_ACTVTY_V2_88_9,NACE_LVLS2TO4_STGNG_V2,1900-01-01 00:00:00,9999-12-31 00:00:00,0
11536,ECNMC_ACTVTY_V2_35_1,NACE_LVLS2TO4_STGNG_V2,1900-01-01 00:00:00,9999-12-31 00:00:00,0
11537,ECNMC_ACTVTY_V2_47_7,NACE_LVLS2TO4_STGNG_V2,1900-01-01 00:00:00,9999-12-31 00:00:00,0
11538,ECNMC_ACTVTY_V2_66_2,NACE_LVLS2TO4_STGNG_V2,1900-01-01 00:00:00,9999-12-31 00:00:00,0
11539,ECNMC_ACTVTY_V2_25_2,NACE_LVLS2TO4_STGNG_V2,1900-01-01 00:00:00,9999-12-31 00:00:00,0
11540,ECNMC_ACTVTY_V2_47_9,NACE_LVLS2TO4_STGNG_V2,1900-01-01 00:00:00,9999-12-31 00:00:00,0
11541,ECNMC_ACTVTY_V2_25_5,NACE_LVLS2TO4_STGNG_V2,1900-01-01 00:00:00,9999-12-31 00:00:00,0
11542,ECNMC_ACTVTY_V2_82_9,NACE_LVLS2TO4_STGNG_V2,1900-01-01 00:00:00,9999-12-31 00:00:00,0
11543,ECNMC_ACTVTY_V2_12_0,NACE_LVLS2TO4_STGNG_V2,1900-01-01 00:00:00,9999-12-31 00:00:00,0
11544,ECNMC_ACTVTY_V2_23_6,NACE_LVLS2TO4_STGNG_V2,1900-01-01 00:00:00,9999-12-31 00:00:00,0
11545,ECNMC_ACTVTY_V2_23_1,NACE_LVLS2TO4_STGNG_V2,1900-01-01 00:00:00,9999-12-31 00:00:00,0
11546,ECNMC_ACTVTY_V2_60_1,NACE_LVLS2TO4_STGNG_V2,1900-01-01 00:00:00,9999-12-31 00:00:00,0
11547,ECNMC_ACTVTY_V2_33_2,NACE_LVLS2TO4_STGNG_V2,1900-01-01 00:00:00,9999-12-31 00:00:00,0
11548,ECNMC_ACTVTY_V2_29_1,NACE_LVLS2TO4_STGNG_V2,1900-01-01 00:00:00,9999-12-31 00:00:00,0
11549,ECNMC_ACTVTY_V2_84_3,NACE_LVLS2TO4_STGNG_V2,1900-01-01 00:00:00,9999-12-31 00:00:00,0
11550,ECNMC_ACTVTY_V2_70_2,NACE_LVLS2TO4_STGNG_V2,1900-01-01 00:00:00,9999-12-31 00:00:00,0
11551,ECNMC_ACTVTY_V2_02_4,NACE_LVLS2TO4_STGNG_V2,1900-01-01 00:00:00,9999-12-31 00:00:00,0
11552,ECNMC_ACTVTY_V2_02_3,NACE_LVLS2TO4_STGNG_V2,1900-01-01 00:00:00,9999-12-31 00:00:00,0
11553,ECNMC_ACTVTY_V2_94_9,NACE_LVLS2TO4_STGNG_V2,1900-01-01 00:00:00,9999-12-31 00:00:00,0
11554,ECNMC_ACTVTY_V2_95_3,NACE_LVLS2TO4_STGNG_V2,1900-01-01 00:00:00,9999-12-31 00:00:00,0
11555,ECNMC_ACTVTY_V2_61_2,NACE_LVLS2TO4_STGNG_V2,1900-01-01 00:00:00,9999-12-31 00:00:00,0
11556,ECNMC_ACTVTY_V2_38_1,NACE_LVLS2TO4_STGNG_V2,1900-01-01 00:00:00,9999-12-31 00:00:00,0
11557,ECNMC_ACTVTY_V2_22_2,NACE_LVLS2TO4_STGNG_V2,1900-01-01 00:00:00,9999-12-31 00:00:00,0
11558,ECNMC_ACTVTY_V2_50_4,NACE_LVLS2TO4_STGNG_V2,1900-01-01 00:00:00,9999-12-31 00:00:00,0
11559,TYP_PRTCTN_VL_1,TYP_PRTCTN_VL_ANCRDT_CLLCTN,1900-01-01 00:00:00,9999-12-31 00:00:00,0
11560,ECNMC_ACTVTY_V2_50_3,NACE_LVLS2TO4_STGNG_V2,1900-01-01 00:00:00,9999-12-31 00:00:00,0
11561,ECNMC_ACTVTY_V2_95_4,NACE_LVLS2TO4_STGNG_V2,1900-01-01 00:00:00,9999-12-31 00:00:00,0
11562,ECNMC_ACTVTY_V2_13_3,NACE_LVLS2TO4_STGNG_V2,1900-01-01 00:00:00,9999-12-31 00:00:00,0
11563,TYP_INTRST_RT_1,TYP_INTRST_RT_ANCRDT_CLLCTN,1900-01-01 00:00:00,9999-12-31 00:00:00,0
11564,ECNMC_ACTVTY_V2_09_9,NACE_LVLS2TO4_STGNG_V2,1900-01-01 00:00:00,9999-12-31 00:00:00,0
11565,ECNMC_ACTVTY_V2_71_1,NACE_LVLS2TO4_STGNG_V2,1900-01-01 00:00:00,9999-12-31 00:00:00,0
11566,ECNMC_ACTVTY_V2_32_1,NACE_LVLS2TO4_STGNG_V2,1900-01-01 00:00:00,9999-12-31 00:00:00,0
11567,ECNMC_ACTVTY_V2_28_2,NACE_LVLS2TO4_STGNG_V2,1900-01-01 00:00:00,9999-12-31 00:00:00,0
11568,ECNMC_ACTVTY_V2_10_8,NACE_LVLS2TO4_STGNG_V2,1900-01-01 00:00:00,9999-12-31 00:00:00,0
11569,ECNMC_ACTVTY_V2_86_2,NACE_LVLS2TO4_STGNG_V2,1900-01-01 00:00:00,9999-12-31 00:00:00,0
11570,ECNMC_ACTVTY_V2_43_5,NACE_LVLS2TO4_STGNG_V2,1900-01-01 00:00:00,9999-12-31 00:00:00,0
11571,ECNMC_ACTVTY_V2_59_1,NACE_LVLS2TO4_STGNG_V2,1900-01-01 00:00:00,9999-12-31 00:00:00,0
11572,ECNMC_ACTVTY_V2_43_2,NACE_LVLS2TO4_STGNG_V2,1900-01-01 00:00:00,9999-12-31 00:00:00,0
11573,ECNMC_ACTVTY_V2_62_9,NACE_LVLS2TO4_STGNG_V2,1900-01-01 00:00:00,9999-12-31 00:00:00,0
11574,ECNMC_ACTVTY_V2_53_1,NACE_LVLS2TO4_STGNG_V2,1900-01-01 00:00:00,9999-12-31 00:00:00,0
11575,ECNMC_ACTVTY_V2_49_2,NACE_LVLS2TO4_STGNG_V2,1900-01-01 00:00:00,9999-12-31 00:00:00,0
11576,ECNMC_ACTVTY_V2_10_1,NACE_LVLS2TO4_STGNG_V2,1900-01-01 00:00:00,9999-12-31 00:00:00,0
11577,ECNMC_ACTVTY_V2_96_1,NACE_LVLS2TO4_STGNG_V2,1900-01-01 00:00:00,9999-12-31 00:00:00,0
11578,ECNMC_ACTVTY_V2_10_6,NACE_LVLS2TO4_STGNG_V2,1900-01-01 00:00:00,9999-12-31 00:00:00,0
11579,ECNMC_ACTVTY_V2_49_5,NACE_LVLS2TO4_STGNG_V2,1900-01-01 00:00:00,9999-12-31 00:00:00,0
11580,ECNMC_ACTVTY_V2_79_9,NACE_LVLS2TO4_STGNG_V2,1900-01-01 00:00:00,9999-12-31 00:00:00,0
11581,FRQNCY_8,FRQNCY_INTRST_RT_RST_ANCRDT_CLLCTN,1900-01-01 00:00:00,9999-12-31 00:00:00,0
11582,ECNMC_ACTVTY_V2_01_1,NACE_LVLS2TO4_STGNG_V2,1900-01-01 00:00:00,9999-12-31 00:00:00,0
11583,ECNMC_ACTVTY_V2_58_2,NACE_LVLS2TO4_STGNG_V2,1900-01-01 00:00:00,9999-12-31 00:00:00,0
11584,ECNMC_ACTVTY_V2_42_1,NACE_LVLS2TO4_STGNG_V2,1900-01-01 00:00:00,9999-12-31 00:00:00,0
11585,ECNMC_ACTVTY_V2_87_1,NACE_LVLS2TO4_STGNG_V2,1900-01-01 00:00:00,9999-12-31 00:00:00,0
11586,ECNMC_ACTVTY_V2_01_6,NACE_LVLS2TO4_STGNG_V2,1900-01-01 00:00:00,9999-12-31 00:00:00,0
11587,ECNMC_ACTVTY_V2_20_3,NACE_LVLS2TO4_STGNG_V2,1900-01-01 00:00:00,9999-12-31 00:00:00,0
11588,ECNMC_ACTVTY_V2_20_4,NACE_LVLS2TO4_STGNG_V2,1900-01-01 00:00:00,9999-12-31 00:00:00,0
11589,ECNMC_ACTVTY_V2_52_2,NACE_LVLS2TO4_STGNG_V2,1900-01-01 00:00:00,9999-12-31 00:00:00,0
11590,ECNMC_ACTVTY_V2_30_9,NACE_LVLS2TO4_STGNG_V2,1900-01-01 00:00:00,9999-12-31 00:00:00,0
11591,ECNMC_ACTVTY_V2_27_51,NACE_LVLS2TO4_STGNG_V2,1900-01-01 00:00:00,9999-12-31 00:00:00,0
11592,ECNMC_ACTVTY_V2_46_71,NACE_LVLS2TO4_STGNG_V2,1900-01-01 00:00:00,9999-12-31 00:00:00,0
11593,ECNMC_ACTVTY_V2_39_00,NACE_LVLS2TO4_STGNG_V2,1900-01-01 00:00:00,9999-12-31 00:00:00,0
11594,ECNMC_ACTVTY_V2_01_30,NACE_LVLS2TO4_STGNG_V2,1900-01-01 00:00:00,9999-12-31 00:00:00,0
11595,ECNMC_ACTVTY_V2_85_53,NACE_LVLS2TO4_STGNG_V2,1900-01-01 00:00:00,9999-12-31 00:00:00,0
11596,ECNMC_ACTVTY_V2_60_10,NACE_LVLS2TO4_STGNG_V2,1900-01-01 00:00:00,9999-12-31 00:00:00,0
11597,ECNMC_ACTVTY_V2_22_22,NACE_LVLS2TO4_STGNG_V2,1900-01-01 00:00:00,9999-12-31 00:00:00,0
11598,ECNMC_ACTVTY_V2_16_26,NACE_LVLS2TO4_STGNG_V2,1900-01-01 00:00:00,9999-12-31 00:00:00,0
11599,ECNMC_ACTVTY_V2_30_40,NACE_LVLS2TO4_STGNG_V2,1900-01-01 00:00:00,9999-12-31 00:00:00,0
11600,ECNMC_ACTVTY_V2_22_25,NACE_LVLS2TO4_STGNG_V2,1900-01-01 00:00:00,9999-12-31 00:00:00,0
11601,ECNMC_ACTVTY_V2_68_32,NACE_LVLS2TO4_STGNG_V2,1900-01-01 00:00:00,9999-12-31 00:00:00,0
11602,ECNMC_ACTVTY_V2_16_21,NACE_LVLS2TO4_STGNG_V2,1900-01-01 00:00:00,9999-12-31 00:00:00,0
11603,ECNMC_ACTVTY_V2_25_92,NACE_LVLS2TO4_STGNG_V2,1900-01-01 00:00:00,9999-12-31 00:00:00,0
11604,ECNMC_ACTVTY_V2_46_19,NACE_LVLS2TO4_STGNG_V2,1900-01-01 00:00:00,9999-12-31 00:00:00,0
11605,ECNMC_ACTVTY_V2_79_90,NACE_LVLS2TO4_STGNG_V2,1900-01-01 00:00:00,9999-12-31 00:00:00,0
11606,ECNMC_ACTVTY_V2_08_11,NACE_LVLS2TO4_STGNG_V2,1900-01-01 00:00:00,9999-12-31 00:00:00,0
11607,ECNMC_ACTVTY_V2_17_22,NACE_LVLS2TO4_STGNG_V2,1900-01-01 00:00:00,9999-12-31 00:00:00,0
11608,ECNMC_ACTVTY_V2_58_29,NACE_LVLS2TO4_STGNG_V2,1900-01-01 00:00:00,9999-12-31 00:00:00,0
11609,ECNMC_ACTVTY_V2_94_99,NACE_LVLS2TO4_STGNG_V2,1900-01-01 00:00:00,9999-12-31 00:00:00,0
11610,ECNMC_ACTVTY_V2_55_10,NACE_LVLS2TO4_STGNG_V2,1900-01-01 00:00:00,9999-12-31 00:00:00,0
11611,ECNMC_ACTVTY_V2_46_17,NACE_LVLS2TO4_STGNG_V2,1900-01-01 00:00:00,9999-12-31 00:00:00,0
11612,ECNMC_ACTVTY_V2_47_75,NACE_LVLS2TO4_STGNG_V2,1900-01-01 00:00:00,9999-12-31 00:00:00,0
11613,ECNMC_ACTVTY_V2_86_93,NACE_LVLS2TO4_STGNG_V2,1900-01-01 00:00:00,9999-12-31 00:00:00,0
11614,ECNMC_ACTVTY_V2_47_72,NACE_LVLS2TO4_STGNG_V2,1900-01-01 00:00:00,9999-12-31 00:00:00,0
11615,ECNMC_ACTVTY_V2_87_99,NACE_LVLS2TO4_STGNG_V2,1900-01-01 00:00:00,9999-12-31 00:00:00,0
11616,ECNMC_ACTVTY_V2_26_52,NACE_LVLS2TO4_STGNG_V2,1900-01-01 00:00:00,9999-12-31 00:00:00,0
11617,ECNMC_ACTVTY_V2_86_94,NACE_LVLS2TO4_STGNG_V2,1900-01-01 00:00:00,9999-12-31 00:00:00,0
11618,ECNMC_ACTVTY_V2_85_32,NACE_LVLS2TO4_STGNG_V2,1900-01-01 00:00:00,9999-12-31 00:00:00,0
11619,ECNMC_ACTVTY_V2_10_92,NACE_LVLS2TO4_STGNG_V2,1900-01-01 00:00:00,9999-12-31 00:00:00,0
11620,ECNMC_ACTVTY_V2_93_29,NACE_LVLS2TO4_STGNG_V2,1900-01-01 00:00:00,9999-12-31 00:00:00,0
11621,ECNMC_ACTVTY_V2_16_28,NACE_LVLS2TO4_STGNG_V2,1900-01-01 00:00:00,9999-12-31 00:00:00,0
11622,ECNMC_ACTVTY_V2_17_25,NACE_LVLS2TO4_STGNG_V2,1900-01-01 00:00:00,9999-12-31 00:00:00,0
11623,ECNMC_ACTVTY_V2_81_23,NACE_LVLS2TO4_STGNG_V2,1900-01-01 00:00:00,9999-12-31 00:00:00,0
11624,ECNMC_ACTVTY_V2_82_40,NACE_LVLS2TO4_STGNG_V2,1900-01-01 00:00:00,9999-12-31 00:00:00,0
11625,ECNMC_ACTVTY_V2_14_29,NACE_LVLS2TO4_STGNG_V2,1900-01-01 00:00:00,9999-12-31 00:00:00,0
11626,ECNMC_ACTVTY_V2_19_10,NACE_LVLS2TO4_STGNG_V2,1900-01-01 00:00:00,9999-12-31 00:00:00,0
11627,ECNMC_ACTVTY_V2_20_42,NACE_LVLS2TO4_STGNG_V2,1900-01-01 00:00:00,9999-12-31 00:00:00,0
11628,ECNMC_ACTVTY_V2_21_20,NACE_LVLS2TO4_STGNG_V2,1900-01-01 00:00:00,9999-12-31 00:00:00,0
11629,ECNMC_ACTVTY_V2_24_53,NACE_LVLS2TO4_STGNG_V2,1900-01-01 00:00:00,9999-12-31 00:00:00,0
11630,FRQNCY_16,FRQNCY_INTRST_RT_RST_ANCRDT_CLLCTN,1900-01-01 00:00:00,9999-12-31 00:00:00,0
11631,ECNMC_ACTVTY_V2_13_99,NACE_LVLS2TO4_STGNG_V2,1900-01-01 00:00:00,9999-12-31 00:00:00,0
11632,ECNMC_ACTVTY_V2_24_54,NACE_LVLS2TO4_STGNG_V2,1900-01-01 00:00:00,9999-12-31 00:00:00,0
11633,ECNMC_ACTVTY_V2_32_20,NACE_LVLS2TO4_STGNG_V2,1900-01-01 00:00:00,9999-12-31 00:00:00,0
11634,ECNMC_ACTVTY_V2_07_29,NACE_LVLS2TO4_STGNG_V2,1900-01-01 00:00:00,9999-12-31 00:00:00,0
11635,ECNMC_ACTVTY_V2_10_31,NACE_LVLS2TO4_STGNG_V2,1900-01-01 00:00:00,9999-12-31 00:00:00,0
11636,ECNMC_ACTVTY_V2_71_11,NACE_LVLS2TO4_STGNG_V2,1900-01-01 00:00:00,9999-12-31 00:00:00,0
11637,ECNMC_ACTVTY_V2_56_12,NACE_LVLS2TO4_STGNG_V2,1900-01-01 00:00:00,9999-12-31 00:00:00,0
11638,ECNMC_ACTVTY_V2_91_21,NACE_LVLS2TO4_STGNG_V2,1900-01-01 00:00:00,9999-12-31 00:00:00,0
11639,ECNMC_ACTVTY_V2_75_00,NACE_LVLS2TO4_STGNG_V2,1900-01-01 00:00:00,9999-12-31 00:00:00,0
11640,ECNMC_ACTVTY_V2_18_14,NACE_LVLS2TO4_STGNG_V2,1900-01-01 00:00:00,9999-12-31 00:00:00,0
11641,ECNMC_ACTVTY_V2_18_13,NACE_LVLS2TO4_STGNG_V2,1900-01-01 00:00:00,9999-12-31 00:00:00,0
11642,ECNMC_ACTVTY_V2_96_91,NACE_LVLS2TO4_STGNG_V2,1900-01-01 00:00:00,9999-12-31 00:00:00,0
11643,ECNMC_ACTVTY_V2_24_32,NACE_LVLS2TO4_STGNG_V2,1900-01-01 00:00:00,9999-12-31 00:00:00,0
11644,ECNMC_ACTVTY_V2_30_91,NACE_LVLS2TO4_STGNG_V2,1900-01-01 00:00:00,9999-12-31 00:00:00,0
11645,ECNMC_ACTVTY_V2_20_30,NACE_LVLS2TO4_STGNG_V2,1900-01-01 00:00:00,9999-12-31 00:00:00,0
11646,ECNMC_ACTVTY_V2_86_23,NACE_LVLS2TO4_STGNG_V2,1900-01-01 00:00:00,9999-12-31 00:00:00,0
11647,ECNMC_ACTVTY_V2_95_24,NACE_LVLS2TO4_STGNG_V2,1900-01-01 00:00:00,9999-12-31 00:00:00,0
11648,ECNMC_ACTVTY_V2_28_15,NACE_LVLS2TO4_STGNG_V2,1900-01-01 00:00:00,9999-12-31 00:00:00,0
11649,ECNMC_ACTVTY_V2_03_22,NACE_LVLS2TO4_STGNG_V2,1900-01-01 00:00:00,9999-12-31 00:00:00,0
11650,ECNMC_ACTVTY_V2_02_40,NACE_LVLS2TO4_STGNG_V2,1900-01-01 00:00:00,9999-12-31 00:00:00,0
11651,ECNMC_ACTVTY_V2_28_12,NACE_LVLS2TO4_STGNG_V2,1900-01-01 00:00:00,9999-12-31 00:00:00,0
11652,ECNMC_ACTVTY_V2_49_32,NACE_LVLS2TO4_STGNG_V2,1900-01-01 00:00:00,9999-12-31 00:00:00,0
11653,ECNMC_ACTVTY_V2_95_23,NACE_LVLS2TO4_STGNG_V2,1900-01-01 00:00:00,9999-12-31 00:00:00,0
11654,ECNMC_ACTVTY_V2_52_10,NACE_LVLS2TO4_STGNG_V2,1900-01-01 00:00:00,9999-12-31 00:00:00,0
11655,ECNMC_ACTVTY_V2_23_91,NACE_LVLS2TO4_STGNG_V2,1900-01-01 00:00:00,9999-12-31 00:00:00,0
11656,ECNMC_ACTVTY_V2_94_20,NACE_LVLS2TO4_STGNG_V2,1900-01-01 00:00:00,9999-12-31 00:00:00,0
11657,ECNMC_ACTVTY_V2_90_31,NACE_LVLS2TO4_STGNG_V2,1900-01-01 00:00:00,9999-12-31 00:00:00,0
11658,ECNMC_ACTVTY_V2_20_51,NACE_LVLS2TO4_STGNG_V2,1900-01-01 00:00:00,9999-12-31 00:00:00,0
11659,ECNMC_ACTVTY_V2_25_22,NACE_LVLS2TO4_STGNG_V2,1900-01-01 00:00:00,9999-12-31 00:00:00,0
11660,ECNMC_ACTVTY_V2_87_20,NACE_LVLS2TO4_STGNG_V2,1900-01-01 00:00:00,9999-12-31 00:00:00,0
11661,ECNMC_ACTVTY_V2_01_42,NACE_LVLS2TO4_STGNG_V2,1900-01-01 00:00:00,9999-12-31 00:00:00,0
11662,ECNMC_ACTVTY_V2_10_81,NACE_LVLS2TO4_STGNG_V2,1900-01-01 00:00:00,9999-12-31 00:00:00,0
11663,ECNMC_ACTVTY_V2_47_61,NACE_LVLS2TO4_STGNG_V2,1900-01-01 00:00:00,9999-12-31 00:00:00,0
11664,ECNMC_ACTVTY_V2_65_11,NACE_LVLS2TO4_STGNG_V2,1900-01-01 00:00:00,9999-12-31 00:00:00,0
11665,ECNMC_ACTVTY_V2_81_30,NACE_LVLS2TO4_STGNG_V2,1900-01-01 00:00:00,9999-12-31 00:00:00,0
11666,ECNMC_ACTVTY_V2_23_32,NACE_LVLS2TO4_STGNG_V2,1900-01-01 00:00:00,9999-12-31 00:00:00,0
11667,ECNMC_ACTVTY_V2_42_12,NACE_LVLS2TO4_STGNG_V2,1900-01-01 00:00:00,9999-12-31 00:00:00,0
11668,ECNMC_ACTVTY_V2_82_91,NACE_LVLS2TO4_STGNG_V2,1900-01-01 00:00:00,9999-12-31 00:00:00,0
11669,ECNMC_ACTVTY_V2_32_99,NACE_LVLS2TO4_STGNG_V2,1900-01-01 00:00:00,9999-12-31 00:00:00,0
11670,ECNMC_ACTVTY_V2_30_32,NACE_LVLS2TO4_STGNG_V2,1900-01-01 00:00:00,9999-12-31 00:00:00,0
11671,ECNMC_ACTVTY_V2_01_45,NACE_LVLS2TO4_STGNG_V2,1900-01-01 00:00:00,9999-12-31 00:00:00,0
11672,ECNMC_ACTVTY_V2_13_20,NACE_LVLS2TO4_STGNG_V2,1900-01-01 00:00:00,9999-12-31 00:00:00,0
11673,ECNMC_ACTVTY_V2_10_86,NACE_LVLS2TO4_STGNG_V2,1900-01-01 00:00:00,9999-12-31 00:00:00,0
11674,ECNMC_ACTVTY_V2_96_21,NACE_LVLS2TO4_STGNG_V2,1900-01-01 00:00:00,9999-12-31 00:00:00,0
11675,ECNMC_ACTVTY_V2_77_12,NACE_LVLS2TO4_STGNG_V2,1900-01-01 00:00:00,9999-12-31 00:00:00,0
11676,ECNMC_ACTVTY_V2_96_40,NACE_LVLS2TO4_STGNG_V2,1900-01-01 00:00:00,9999-12-31 00:00:00,0
11677,ECNMC_ACTVTY_V2_84_25,NACE_LVLS2TO4_STGNG_V2,1900-01-01 00:00:00,9999-12-31 00:00:00,0
11678,ECNMC_ACTVTY_V2_01_24,NACE_LVLS2TO4_STGNG_V2,1900-01-01 00:00:00,9999-12-31 00:00:00,0
11679,ECNMC_ACTVTY_V2_01_23,NACE_LVLS2TO4_STGNG_V2,1900-01-01 00:00:00,9999-12-31 00:00:00,0
11680,ECNMC_ACTVTY_V2_84_22,NACE_LVLS2TO4_STGNG_V2,1900-01-01 00:00:00,9999-12-31 00:00:00,0
11681,ECNMC_ACTVTY_V2_85_40,NACE_LVLS2TO4_STGNG_V2,1900-01-01 00:00:00,9999-12-31 00:00:00,0
11682,ECNMC_ACTVTY_V2_26_20,NACE_LVLS2TO4_STGNG_V2,1900-01-01 00:00:00,9999-12-31 00:00:00,0
11683,ECNMC_ACTVTY_V2_46_62,NACE_LVLS2TO4_STGNG_V2,1900-01-01 00:00:00,9999-12-31 00:00:00,0
11684,ECNMC_ACTVTY_V2_43_11,NACE_LVLS2TO4_STGNG_V2,1900-01-01 00:00:00,9999-12-31 00:00:00,0
11685,ECNMC_ACTVTY_V2_58_12,NACE_LVLS2TO4_STGNG_V2,1900-01-01 00:00:00,9999-12-31 00:00:00,0
11686,ECNMC_ACTVTY_V2_85_61,NACE_LVLS2TO4_STGNG_V2,1900-01-01 00:00:00,9999-12-31 00:00:00,0
11687,ECNMC_ACTVTY_V2_46_43,NACE_LVLS2TO4_STGNG_V2,1900-01-01 00:00:00,9999-12-31 00:00:00,0
11688,ECNMC_ACTVTY_V2_47_21,NACE_LVLS2TO4_STGNG_V2,1900-01-01 00:00:00,9999-12-31 00:00:00,0
11689,ECNMC_ACTVTY_V2_77_34,NACE_LVLS2TO4_STGNG_V2,1900-01-01 00:00:00,9999-12-31 00:00:00,0
11690,ECNMC_ACTVTY_V2_93_12,NACE_LVLS2TO4_STGNG_V2,1900-01-01 00:00:00,9999-12-31 00:00:00,0
11691,ECNMC_ACTVTY_V2_77_33,NACE_LVLS2TO4_STGNG_V2,1900-01-01 00:00:00,9999-12-31 00:00:00,0
11692,ECNMC_ACTVTY_V2_50_30,NACE_LVLS2TO4_STGNG_V2,1900-01-01 00:00:00,9999-12-31 00:00:00,0
11693,ECNMC_ACTVTY_V2_46_44,NACE_LVLS2TO4_STGNG_V2,1900-01-01 00:00:00,9999-12-31 00:00:00,0
11694,ECNMC_ACTVTY_V2_47_26,NACE_LVLS2TO4_STGNG_V2,1900-01-01 00:00:00,9999-12-31 00:00:00,0
11695,ECNMC_ACTVTY_V2_28_99,NACE_LVLS2TO4_STGNG_V2,1900-01-01 00:00:00,9999-12-31 00:00:00,0
11696,ECNMC_ACTVTY_V2_77_52,NACE_LVLS2TO4_STGNG_V2,1900-01-01 00:00:00,9999-12-31 00:00:00,0
11697,ECNMC_ACTVTY_V2_23_14,NACE_LVLS2TO4_STGNG_V2,1900-01-01 00:00:00,9999-12-31 00:00:00,0
11698,ECNMC_ACTVTY_V2_30_13,NACE_LVLS2TO4_STGNG_V2,1900-01-01 00:00:00,9999-12-31 00:00:00,0
11699,ECNMC_ACTVTY_V2_28_97,NACE_LVLS2TO4_STGNG_V2,1900-01-01 00:00:00,9999-12-31 00:00:00,0
11700,ECNMC_ACTVTY_V2_59_11,NACE_LVLS2TO4_STGNG_V2,1900-01-01 00:00:00,9999-12-31 00:00:00,0
11701,ECNMC_ACTVTY_V2_01_63,NACE_LVLS2TO4_STGNG_V2,1900-01-01 00:00:00,9999-12-31 00:00:00,0
11702,ECNMC_ACTVTY_V2_38_31,NACE_LVLS2TO4_STGNG_V2,1900-01-01 00:00:00,9999-12-31 00:00:00,0
11703,ECNMC_ACTVTY_V2_47_40,NACE_LVLS2TO4_STGNG_V2,1900-01-01 00:00:00,9999-12-31 00:00:00,0
11704,ECNMC_ACTVTY_V2_46_22,NACE_LVLS2TO4_STGNG_V2,1900-01-01 00:00:00,9999-12-31 00:00:00,0
11705,ECNMC_ACTVTY_V2_26_60,NACE_LVLS2TO4_STGNG_V2,1900-01-01 00:00:00,9999-12-31 00:00:00,0
11706,ECNMC_ACTVTY_V2_65_30,NACE_LVLS2TO4_STGNG_V2,1900-01-01 00:00:00,9999-12-31 00:00:00,0
11707,ECNMC_ACTVTY_V2_23_13,NACE_LVLS2TO4_STGNG_V2,1900-01-01 00:00:00,9999-12-31 00:00:00,0
11708,ECNMC_ACTVTY_V2_33_18,NACE_LVLS2TO4_STGNG_V2,1900-01-01 00:00:00,9999-12-31 00:00:00,0
11709,ECNMC_ACTVTY_V2_42_99,NACE_LVLS2TO4_STGNG_V2,1900-01-01 00:00:00,9999-12-31 00:00:00,0
11710,ECNMC_ACTVTY_V2_11_07,NACE_LVLS2TO4_STGNG_V2,1900-01-01 00:00:00,9999-12-31 00:00:00,0
11711,ECNMC_ACTVTY_V2_47_82,NACE_LVLS2TO4_STGNG_V2,1900-01-01 00:00:00,9999-12-31 00:00:00,0
11712,ECNMC_ACTVTY_V2_70_20,NACE_LVLS2TO4_STGNG_V2,1900-01-01 00:00:00,9999-12-31 00:00:00,0
11713,ECNMC_ACTVTY_V2_10_62,NACE_LVLS2TO4_STGNG_V2,1900-01-01 00:00:00,9999-12-31 00:00:00,0
11714,ECNMC_ACTVTY_V2_32_12,NACE_LVLS2TO4_STGNG_V2,1900-01-01 00:00:00,9999-12-31 00:00:00,0
11715,ECNMC_ACTVTY_V2_15_11,NACE_LVLS2TO4_STGNG_V2,1900-01-01 00:00:00,9999-12-31 00:00:00,0
11716,ECNMC_ACTVTY_V2_37_00,NACE_LVLS2TO4_STGNG_V2,1900-01-01 00:00:00,9999-12-31 00:00:00,0
11717,ECNMC_ACTVTY_V2_46_81,NACE_LVLS2TO4_STGNG_V2,1900-01-01 00:00:00,9999-12-31 00:00:00,0
11718,ECNMC_ACTVTY_V2_52_31,NACE_LVLS2TO4_STGNG_V2,1900-01-01 00:00:00,9999-12-31 00:00:00,0
11719,ECNMC_ACTVTY_V2_33_11,NACE_LVLS2TO4_STGNG_V2,1900-01-01 00:00:00,9999-12-31 00:00:00,0
11720,ECNMC_ACTVTY_V2_20_16,NACE_LVLS2TO4_STGNG_V2,1900-01-01 00:00:00,9999-12-31 00:00:00,0
11721,ECNMC_ACTVTY_V2_33_16,NACE_LVLS2TO4_STGNG_V2,1900-01-01 00:00:00,9999-12-31 00:00:00,0
11722,ECNMC_ACTVTY_V2_64_99,NACE_LVLS2TO4_STGNG_V2,1900-01-01 00:00:00,9999-12-31 00:00:00,0
11723,ECNMC_ACTVTY_V2_20_11,NACE_LVLS2TO4_STGNG_V2,1900-01-01 00:00:00,9999-12-31 00:00:00,0
11724,ECNMC_ACTVTY_V2_46_86,NACE_LVLS2TO4_STGNG_V2,1900-01-01 00:00:00,9999-12-31 00:00:00,0
11725,ECNMC_ACTVTY_V2_25_62,NACE_LVLS2TO4_STGNG_V2,1900-01-01 00:00:00,9999-12-31 00:00:00,0
11726,ECNMC_ACTVTY_V2_66_21,NACE_LVLS2TO4_STGNG_V2,1900-01-01 00:00:00,9999-12-31 00:00:00,0
11727,ECNMC_ACTVTY_V2_08_93,NACE_LVLS2TO4_STGNG_V2,1900-01-01 00:00:00,9999-12-31 00:00:00,0
11728,ECNMC_ACTVTY_V2_79_12,NACE_LVLS2TO4_STGNG_V2,1900-01-01 00:00:00,9999-12-31 00:00:00,0
11729,ECNMC_ACTVTY_V2_52_25,NACE_LVLS2TO4_STGNG_V2,1900-01-01 00:00:00,9999-12-31 00:00:00,0
11730,FRQNCY_19,FRQNCY_INTRST_RT_RST_ANCRDT_CLLCTN,1900-01-01 00:00:00,9999-12-31 00:00:00,0
11731,ECNMC_ACTVTY_V2_52_22,NACE_LVLS2TO4_STGNG_V2,1900-01-01 00:00:00,9999-12-31 00:00:00,0
11732,ECNMC_ACTVTY_V2_94_12,NACE_LVLS2TO4_STGNG_V2,1900-01-01 00:00:00,9999-12-31 00:00:00,0
11733,ECNMC_ACTVTY_V2_28_41,NACE_LVLS2TO4_STGNG_V2,1900-01-01 00:00:00,9999-12-31 00:00:00,0
11734,ECNMC_ACTVTY_V2_10_71,NACE_LVLS2TO4_STGNG_V2,1900-01-01 00:00:00,9999-12-31 00:00:00,0
11735,ECNMC_ACTVTY_V2_47_91,NACE_LVLS2TO4_STGNG_V2,1900-01-01 00:00:00,9999-12-31 00:00:00,0
11736,ECNMC_ACTVTY_V2_09_90,NACE_LVLS2TO4_STGNG_V2,1900-01-01 00:00:00,9999-12-31 00:00:00,0
11737,ECNMC_ACTVTY_V2_28_29,NACE_LVLS2TO4_STGNG_V2,1900-01-01 00:00:00,9999-12-31 00:00:00,0
11738,ECNMC_ACTVTY_V2_47_53,NACE_LVLS2TO4_STGNG_V2,1900-01-01 00:00:00,9999-12-31 00:00:00,0
11739,ECNMC_ACTVTY_V2_46_31,NACE_LVLS2TO4_STGNG_V2,1900-01-01 00:00:00,9999-12-31 00:00:00,0
11740,ECNMC_ACTVTY_V2_27_11,NACE_LVLS2TO4_STGNG_V2,1900-01-01 00:00:00,9999-12-31 00:00:00,0
11741,TYP_INSTRMNT_1000,TYP_INSTRMNT_ANCRDT_CLLCTN,1900-01-01 00:00:00,9999-12-31 00:00:00,0
11742,ECNMC_ACTVTY_V2_01_70,NACE_LVLS2TO4_STGNG_V2,1900-01-01 00:00:00,9999-12-31 00:00:00,0
11743,ECNMC_ACTVTY_V2_38_22,NACE_LVLS2TO4_STGNG_V2,1900-01-01 00:00:00,9999-12-31 00:00:00,0
11744,ECNMC_ACTVTY_V2_43_42,NACE_LVLS2TO4_STGNG_V2,1900-01-01 00:00:00,9999-12-31 00:00:00,0
11745,ECNMC_ACTVTY_V2_69_10,NACE_LVLS2TO4_STGNG_V2,1900-01-01 00:00:00,9999-12-31 00:00:00,0
11746,ECNMC_ACTVTY_V2_47_54,NACE_LVLS2TO4_STGNG_V2,1900-01-01 00:00:00,9999-12-31 00:00:00,0
11747,ECNMC_ACTVTY_V2_46_36,NACE_LVLS2TO4_STGNG_V2,1900-01-01 00:00:00,9999-12-31 00:00:00,0
11748,ECNMC_ACTVTY_V2_23_66,NACE_LVLS2TO4_STGNG_V2,1900-01-01 00:00:00,9999-12-31 00:00:00,0
11749,ECNMC_ACTVTY_V2_43_24,NACE_LVLS2TO4_STGNG_V2,1900-01-01 00:00:00,9999-12-31 00:00:00,0
11750,ECNMC_ACTVTY_V2_35_12,NACE_LVLS2TO4_STGNG_V2,1900-01-01 00:00:00,9999-12-31 00:00:00,0
11751,ECNMC_ACTVTY_V2_46_38,NACE_LVLS2TO4_STGNG_V2,1900-01-01 00:00:00,9999-12-31 00:00:00,0
11752,ECNMC_ACTVTY_V2_01_16,NACE_LVLS2TO4_STGNG_V2,1900-01-01 00:00:00,9999-12-31 00:00:00,0
11753,ECNMC_ACTVTY_V2_35_15,NACE_LVLS2TO4_STGNG_V2,1900-01-01 00:00:00,9999-12-31 00:00:00,0
11754,ECNMC_ACTVTY_V2_26_12,NACE_LVLS2TO4_STGNG_V2,1900-01-01 00:00:00,9999-12-31 00:00:00,0
11755,ECNMC_ACTVTY_V2_46_50,NACE_LVLS2TO4_STGNG_V2,1900-01-01 00:00:00,9999-12-31 00:00:00,0
11756,ECNMC_ACTVTY_V2_01_11,NACE_LVLS2TO4_STGNG_V2,1900-01-01 00:00:00,9999-12-31 00:00:00,0
11757,ECNMC_ACTVTY_V2_60_31,NACE_LVLS2TO4_STGNG_V2,1900-01-01 00:00:00,9999-12-31 00:00:00,0
11758,ECNMC_ACTVTY_V2_43_23,NACE_LVLS2TO4_STGNG_V2,1900-01-01 00:00:00,9999-12-31 00:00:00,0
11759,ECNMC_ACTVTY_V2_23_61,NACE_LVLS2TO4_STGNG_V2,1900-01-01 00:00:00,9999-12-31 00:00:00,0
11760,ECNMC_ACTVTY_V2_80_01,NACE_LVLS2TO4_STGNG_V2,1900-01-01 00:00:00,9999-12-31 00:00:00,0
11761,ECNMC_ACTVTY_V2_47_77,NACE_LVLS2TO4_STGNG_V2,1900-01-01 00:00:00,9999-12-31 00:00:00,0
11762,ECNMC_ACTVTY_V2_46_15,NACE_LVLS2TO4_STGNG_V2,1900-01-01 00:00:00,9999-12-31 00:00:00,0
11763,ECNMC_ACTVTY_V2_86_91,NACE_LVLS2TO4_STGNG_V2,1900-01-01 00:00:00,9999-12-31 00:00:00,0
11764,ECNMC_ACTVTY_V2_96_30,NACE_LVLS2TO4_STGNG_V2,1900-01-01 00:00:00,9999-12-31 00:00:00,0
11765,ECNMC_ACTVTY_V2_27_32,NACE_LVLS2TO4_STGNG_V2,1900-01-01 00:00:00,9999-12-31 00:00:00,0
11766,ECNMC_ACTVTY_V2_46_12,NACE_LVLS2TO4_STGNG_V2,1900-01-01 00:00:00,9999-12-31 00:00:00,0
11767,ECNMC_ACTVTY_V2_86_96,NACE_LVLS2TO4_STGNG_V2,1900-01-01 00:00:00,9999-12-31 00:00:00,0
11768,ECNMC_ACTVTY_V2_25_99,NACE_LVLS2TO4_STGNG_V2,1900-01-01 00:00:00,9999-12-31 00:00:00,0
11769,ECNMC_ACTVTY_V2_81_21,NACE_LVLS2TO4_STGNG_V2,1900-01-01 00:00:00,9999-12-31 00:00:00,0
11770,ECNMC_ACTVTY_V2_46_73,NACE_LVLS2TO4_STGNG_V2,1900-01-01 00:00:00,9999-12-31 00:00:00,0
11771,ECNMC_ACTVTY_V2_47_11,NACE_LVLS2TO4_STGNG_V2,1900-01-01 00:00:00,9999-12-31 00:00:00,0
11772,ECNMC_ACTVTY_V2_85_51,NACE_LVLS2TO4_STGNG_V2,1900-01-01 00:00:00,9999-12-31 00:00:00,0
11773,ECNMC_ACTVTY_V2_94_92,NACE_LVLS2TO4_STGNG_V2,1900-01-01 00:00:00,9999-12-31 00:00:00,0
11774,ECNMC_ACTVTY_V2_23_42,NACE_LVLS2TO4_STGNG_V2,1900-01-01 00:00:00,9999-12-31 00:00:00,0
11775,ECNMC_ACTVTY_V2_16_24,NACE_LVLS2TO4_STGNG_V2,1900-01-01 00:00:00,9999-12-31 00:00:00,0
11776,ECNMC_ACTVTY_V2_09_10,NACE_LVLS2TO4_STGNG_V2,1900-01-01 00:00:00,9999-12-31 00:00:00,0
11777,ECNMC_ACTVTY_V2_23_45,NACE_LVLS2TO4_STGNG_V2,1900-01-01 00:00:00,9999-12-31 00:00:00,0
11778,ECNMC_ACTVTY_V2_16_23,NACE_LVLS2TO4_STGNG_V2,1900-01-01 00:00:00,9999-12-31 00:00:00,0
11779,ECNMC_ACTVTY_V2_47_79,NACE_LVLS2TO4_STGNG_V2,1900-01-01 00:00:00,9999-12-31 00:00:00,0
11780,ECNMC_ACTVTY_V2_73_12,NACE_LVLS2TO4_STGNG_V2,1900-01-01 00:00:00,9999-12-31 00:00:00,0
11781,ECNMC_ACTVTY_V2_95_32,NACE_LVLS2TO4_STGNG_V2,1900-01-01 00:00:00,9999-12-31 00:00:00,0
11782,ECNMC_ACTVTY_V2_13_95,NACE_LVLS2TO4_STGNG_V2,1900-01-01 00:00:00,9999-12-31 00:00:00,0
11783,ECNMC_ACTVTY_V2_14_22,NACE_LVLS2TO4_STGNG_V2,1900-01-01 00:00:00,9999-12-31 00:00:00,0
11784,ECNMC_ACTVTY_V2_18_11,NACE_LVLS2TO4_STGNG_V2,1900-01-01 00:00:00,9999-12-31 00:00:00,0
11785,ECNMC_ACTVTY_V2_13_92,NACE_LVLS2TO4_STGNG_V2,1900-01-01 00:00:00,9999-12-31 00:00:00,0
11786,ECNMC_ACTVTY_V2_25_52,NACE_LVLS2TO4_STGNG_V2,1900-01-01 00:00:00,9999-12-31 00:00:00,0
11787,ECNMC_ACTVTY_V2_63_10,NACE_LVLS2TO4_STGNG_V2,1900-01-01 00:00:00,9999-12-31 00:00:00,0
11788,ECNMC_ACTVTY_V2_02_30,NACE_LVLS2TO4_STGNG_V2,1900-01-01 00:00:00,9999-12-31 00:00:00,0
11789,ECNMC_ACTVTY_V2_24_51,NACE_LVLS2TO4_STGNG_V2,1900-01-01 00:00:00,9999-12-31 00:00:00,0
11790,ECNMC_ACTVTY_V2_10_52,NACE_LVLS2TO4_STGNG_V2,1900-01-01 00:00:00,9999-12-31 00:00:00,0
11791,ECNMC_ACTVTY_V2_70_10,NACE_LVLS2TO4_STGNG_V2,1900-01-01 00:00:00,9999-12-31 00:00:00,0
11792,ECNMC_ACTVTY_V2_49_42,NACE_LVLS2TO4_STGNG_V2,1900-01-01 00:00:00,9999-12-31 00:00:00,0
11793,ECNMC_ACTVTY_V2_91_42,NACE_LVLS2TO4_STGNG_V2,1900-01-01 00:00:00,9999-12-31 00:00:00,0
11794,ECNMC_ACTVTY_V2_90_20,NACE_LVLS2TO4_STGNG_V2,1900-01-01 00:00:00,9999-12-31 00:00:00,0
11795,ECNMC_ACTVTY_V2_24_45,NACE_LVLS2TO4_STGNG_V2,1900-01-01 00:00:00,9999-12-31 00:00:00,0
11796,ECNMC_ACTVTY_V2_10_41,NACE_LVLS2TO4_STGNG_V2,1900-01-01 00:00:00,9999-12-31 00:00:00,0
11797,ECNMC_ACTVTY_V2_95_40,NACE_LVLS2TO4_STGNG_V2,1900-01-01 00:00:00,9999-12-31 00:00:00,0
11798,ECNMC_ACTVTY_V2_74_12,NACE_LVLS2TO4_STGNG_V2,1900-01-01 00:00:00,9999-12-31 00:00:00,0
11799,ECNMC_ACTVTY_V2_49_39,NACE_LVLS2TO4_STGNG_V2,1900-01-01 00:00:00,9999-12-31 00:00:00,0
11800,ECNMC_ACTVTY_V2_24_42,NACE_LVLS2TO4_STGNG_V2,1900-01-01 00:00:00,9999-12-31 00:00:00,0
11801,ECNMC_ACTVTY_V2_82_30,NACE_LVLS2TO4_STGNG_V2,1900-01-01 00:00:00,9999-12-31 00:00:00,0
11802,ECNMC_ACTVTY_V2_66_11,NACE_LVLS2TO4_STGNG_V2,1900-01-01 00:00:00,9999-12-31 00:00:00,0
11803,ECNMC_ACTVTY_V2_86_21,NACE_LVLS2TO4_STGNG_V2,1900-01-01 00:00:00,9999-12-31 00:00:00,0
11804,ECNMC_ACTVTY_V2_95_21,NACE_LVLS2TO4_STGNG_V2,1900-01-01 00:00:00,9999-12-31 00:00:00,0
11805,ECNMC_ACTVTY_V2_10_20,NACE_LVLS2TO4_STGNG_V2,1900-01-01 00:00:00,9999-12-31 00:00:00,0
11806,ECNMC_ACTVTY_V2_32_50,NACE_LVLS2TO4_STGNG_V2,1900-01-01 00:00:00,9999-12-31 00:00:00,0
11807,ECNMC_ACTVTY_V2_91_30,NACE_LVLS2TO4_STGNG_V2,1900-01-01 00:00:00,9999-12-31 00:00:00,0
11808,ECNMC_ACTVTY_V2_01_26,NACE_LVLS2TO4_STGNG_V2,1900-01-01 00:00:00,9999-12-31 00:00:00,0
11809,ECNMC_ACTVTY_V2_35_22,NACE_LVLS2TO4_STGNG_V2,1900-01-01 00:00:00,9999-12-31 00:00:00,0
11810,ACCNTNG_FRMWRK_1,ACCNTNG_FRMWRK_ANCRDT_STGNG,1900-01-01 00:00:00,9999-12-31 00:00:00,0
11811,ECNMC_ACTVTY_V2_01_21,NACE_LVLS2TO4_STGNG_V2,1900-01-01 00:00:00,9999-12-31 00:00:00,0
11812,ECNMC_ACTVTY_V2_27_40,NACE_LVLS2TO4_STGNG_V2,1900-01-01 00:00:00,9999-12-31 00:00:00,0
11813,FRQNCY_18,FRQNCY_INTRST_RT_RST_ANCRDT_CLLCTN,1900-01-01 00:00:00,9999-12-31 00:00:00,0
11814,ECNMC_ACTVTY_V2_23_51,NACE_LVLS2TO4_STGNG_V2,1900-01-01 00:00:00,9999-12-31 00:00:00,0
11815,ECNMC_ACTVTY_V2_43_13,NACE_LVLS2TO4_STGNG_V2,1900-01-01 00:00:00,9999-12-31 00:00:00,0
11816,ECNMC_ACTVTY_V2_38_12,NACE_LVLS2TO4_STGNG_V2,1900-01-01 00:00:00,9999-12-31 00:00:00,0
11817,ECNMC_ACTVTY_V2_10_83,NACE_LVLS2TO4_STGNG_V2,1900-01-01 00:00:00,9999-12-31 00:00:00,0
11818,ECNMC_ACTVTY_V2_47_63,NACE_LVLS2TO4_STGNG_V2,1900-01-01 00:00:00,9999-12-31 00:00:00,0
11819,ECNMC_ACTVTY_V2_64_19,NACE_LVLS2TO4_STGNG_V2,1900-01-01 00:00:00,9999-12-31 00:00:00,0
11820,ECNMC_ACTVTY_V2_69_20,NACE_LVLS2TO4_STGNG_V2,1900-01-01 00:00:00,9999-12-31 00:00:00,0
11821,ECNMC_ACTVTY_V2_51_10,NACE_LVLS2TO4_STGNG_V2,1900-01-01 00:00:00,9999-12-31 00:00:00,0
11822,ECNMC_ACTVTY_V2_96_23,NACE_LVLS2TO4_STGNG_V2,1900-01-01 00:00:00,9999-12-31 00:00:00,0
11823,ECNMC_ACTVTY_V2_01_47,NACE_LVLS2TO4_STGNG_V2,1900-01-01 00:00:00,9999-12-31 00:00:00,0
11824,ECNMC_ACTVTY_V2_10_84,NACE_LVLS2TO4_STGNG_V2,1900-01-01 00:00:00,9999-12-31 00:00:00,0
11825,ECNMC_ACTVTY_V2_47_64,NACE_LVLS2TO4_STGNG_V2,1900-01-01 00:00:00,9999-12-31 00:00:00,0
11826,ECNMC_ACTVTY_V2_01_28,NACE_LVLS2TO4_STGNG_V2,1900-01-01 00:00:00,9999-12-31 00:00:00,0
11827,ECNMC_ACTVTY_V2_17_12,NACE_LVLS2TO4_STGNG_V2,1900-01-01 00:00:00,9999-12-31 00:00:00,0
11828,ECNMC_ACTVTY_V2_74_99,NACE_LVLS2TO4_STGNG_V2,1900-01-01 00:00:00,9999-12-31 00:00:00,0
11829,ECNMC_ACTVTY_V2_30_11,NACE_LVLS2TO4_STGNG_V2,1900-01-01 00:00:00,9999-12-31 00:00:00,0
11830,ECNMC_ACTVTY_V2_59_14,NACE_LVLS2TO4_STGNG_V2,1900-01-01 00:00:00,9999-12-31 00:00:00,0
11831,ECNMC_ACTVTY_V2_46_48,NACE_LVLS2TO4_STGNG_V2,1900-01-01 00:00:00,9999-12-31 00:00:00,0
11832,ECNMC_ACTVTY_V2_28_95,NACE_LVLS2TO4_STGNG_V2,1900-01-01 00:00:00,9999-12-31 00:00:00,0
11833,ECNMC_ACTVTY_V2_55_20,NACE_LVLS2TO4_STGNG_V2,1900-01-01 00:00:00,9999-12-31 00:00:00,0
11834,ECNMC_ACTVTY_V2_58_19,NACE_LVLS2TO4_STGNG_V2,1900-01-01 00:00:00,9999-12-31 00:00:00,0
11835,ECNMC_ACTVTY_V2_01_61,NACE_LVLS2TO4_STGNG_V2,1900-01-01 00:00:00,9999-12-31 00:00:00,0
11836,ECNMC_ACTVTY_V2_38_33,NACE_LVLS2TO4_STGNG_V2,1900-01-01 00:00:00,9999-12-31 00:00:00,0
11837,ECNMC_ACTVTY_V2_28_92,NACE_LVLS2TO4_STGNG_V2,1900-01-01 00:00:00,9999-12-31 00:00:00,0
11838,ECNMC_ACTVTY_V2_59_13,NACE_LVLS2TO4_STGNG_V2,1900-01-01 00:00:00,9999-12-31 00:00:00,0
11839,ECNMC_ACTVTY_V2_23_11,NACE_LVLS2TO4_STGNG_V2,1900-01-01 00:00:00,9999-12-31 00:00:00,0
11840,ECNMC_ACTVTY_V2_93_19,NACE_LVLS2TO4_STGNG_V2,1900-01-01 00:00:00,9999-12-31 00:00:00,0
11841,ECNMC_ACTVTY_V2_60_20,NACE_LVLS2TO4_STGNG_V2,1900-01-01 00:00:00,9999-12-31 00:00:00,0
11842,ECNMC_ACTVTY_V2_47_23,NACE_LVLS2TO4_STGNG_V2,1900-01-01 00:00:00,9999-12-31 00:00:00,0
11843,ECNMC_ACTVTY_V2_46_41,NACE_LVLS2TO4_STGNG_V2,1900-01-01 00:00:00,9999-12-31 00:00:00,0
11844,ECNMC_ACTVTY_V2_64_31,NACE_LVLS2TO4_STGNG_V2,1900-01-01 00:00:00,9999-12-31 00:00:00,0
11845,ECNMC_ACTVTY_V2_22_12,NACE_LVLS2TO4_STGNG_V2,1900-01-01 00:00:00,9999-12-31 00:00:00,0
11846,ECNMC_ACTVTY_V2_23_70,NACE_LVLS2TO4_STGNG_V2,1900-01-01 00:00:00,9999-12-31 00:00:00,0
11847,ECNMC_ACTVTY_V2_43_32,NACE_LVLS2TO4_STGNG_V2,1900-01-01 00:00:00,9999-12-31 00:00:00,0
11848,ECNMC_ACTVTY_V2_77_31,NACE_LVLS2TO4_STGNG_V2,1900-01-01 00:00:00,9999-12-31 00:00:00,0
11849,ECNMC_ACTVTY_V2_16_11,NACE_LVLS2TO4_STGNG_V2,1900-01-01 00:00:00,9999-12-31 00:00:00,0
11850,ECNMC_ACTVTY_V2_43_35,NACE_LVLS2TO4_STGNG_V2,1900-01-01 00:00:00,9999-12-31 00:00:00,0
11851,ECNMC_ACTVTY_V2_12_00,NACE_LVLS2TO4_STGNG_V2,1900-01-01 00:00:00,9999-12-31 00:00:00,0
11852,ECNMC_ACTVTY_V2_73_20,NACE_LVLS2TO4_STGNG_V2,1900-01-01 00:00:00,9999-12-31 00:00:00,0
11853,ECNMC_ACTVTY_V2_47_24,NACE_LVLS2TO4_STGNG_V2,1900-01-01 00:00:00,9999-12-31 00:00:00,0
11854,ECNMC_ACTVTY_V2_46_46,NACE_LVLS2TO4_STGNG_V2,1900-01-01 00:00:00,9999-12-31 00:00:00,0
11855,ECNMC_ACTVTY_V2_56_22,NACE_LVLS2TO4_STGNG_V2,1900-01-01 00:00:00,9999-12-31 00:00:00,0
11856,ECNMC_ACTVTY_V2_46_83,NACE_LVLS2TO4_STGNG_V2,1900-01-01 00:00:00,9999-12-31 00:00:00,0
11857,ECNMC_ACTVTY_V2_49_11,NACE_LVLS2TO4_STGNG_V2,1900-01-01 00:00:00,9999-12-31 00:00:00,0
11858,ECNMC_ACTVTY_V2_33_13,NACE_LVLS2TO4_STGNG_V2,1900-01-01 00:00:00,9999-12-31 00:00:00,0
11859,ECNMC_ACTVTY_V2_20_14,NACE_LVLS2TO4_STGNG_V2,1900-01-01 00:00:00,9999-12-31 00:00:00,0
11860,ECNMC_ACTVTY_V2_14_10,NACE_LVLS2TO4_STGNG_V2,1900-01-01 00:00:00,9999-12-31 00:00:00,0
11861,ECNMC_ACTVTY_V2_91_11,NACE_LVLS2TO4_STGNG_V2,1900-01-01 00:00:00,9999-12-31 00:00:00,0
11862,ECNMC_ACTVTY_V2_33_14,NACE_LVLS2TO4_STGNG_V2,1900-01-01 00:00:00,9999-12-31 00:00:00,0
11863,ECNMC_ACTVTY_V2_20_13,NACE_LVLS2TO4_STGNG_V2,1900-01-01 00:00:00,9999-12-31 00:00:00,0
11864,ECNMC_ACTVTY_V2_66_30,NACE_LVLS2TO4_STGNG_V2,1900-01-01 00:00:00,9999-12-31 00:00:00,0
11865,ECNMC_ACTVTY_V2_07_10,NACE_LVLS2TO4_STGNG_V2,1900-01-01 00:00:00,9999-12-31 00:00:00,0
11866,ECNMC_ACTVTY_V2_46_84,NACE_LVLS2TO4_STGNG_V2,1900-01-01 00:00:00,9999-12-31 00:00:00,0
11867,ECNMC_ACTVTY_V2_19_20,NACE_LVLS2TO4_STGNG_V2,1900-01-01 00:00:00,9999-12-31 00:00:00,0
11868,ECNMC_ACTVTY_V2_21_10,NACE_LVLS2TO4_STGNG_V2,1900-01-01 00:00:00,9999-12-31 00:00:00,0
11869,ECNMC_ACTVTY_V2_88_91,NACE_LVLS2TO4_STGNG_V2,1900-01-01 00:00:00,9999-12-31 00:00:00,0
11870,ECNMC_ACTVTY_V2_11_05,NACE_LVLS2TO4_STGNG_V2,1900-01-01 00:00:00,9999-12-31 00:00:00,0
11871,ECNMC_ACTVTY_V2_29_32,NACE_LVLS2TO4_STGNG_V2,1900-01-01 00:00:00,9999-12-31 00:00:00,0
11872,ECNMC_ACTVTY_V2_11_02,NACE_LVLS2TO4_STGNG_V2,1900-01-01 00:00:00,9999-12-31 00:00:00,0
11873,ECNMC_ACTVTY_V2_53_30,NACE_LVLS2TO4_STGNG_V2,1900-01-01 00:00:00,9999-12-31 00:00:00,0
11874,ECNMC_ACTVTY_V2_43_91,NACE_LVLS2TO4_STGNG_V2,1900-01-01 00:00:00,9999-12-31 00:00:00,0
11875,ECNMC_ACTVTY_V2_90_12,NACE_LVLS2TO4_STGNG_V2,1900-01-01 00:00:00,9999-12-31 00:00:00,0
11876,ECNMC_ACTVTY_V2_64_92,NACE_LVLS2TO4_STGNG_V2,1900-01-01 00:00:00,9999-12-31 00:00:00,0
11877,ECNMC_ACTVTY_V2_10_73,NACE_LVLS2TO4_STGNG_V2,1900-01-01 00:00:00,9999-12-31 00:00:00,0
11878,ACCNTNG_FRMWRK_2,ACCNTNG_FRMWRK_ANCRDT_STGNG,1900-01-01 00:00:00,9999-12-31 00:00:00,0
11879,ECNMC_ACTVTY_V2_74_20,NACE_LVLS2TO4_STGNG_V2,1900-01-01 00:00:00,9999-12-31 00:00:00,0
11880,ECNMC_ACTVTY_V2_87_10,NACE_LVLS2TO4_STGNG_V2,1900-01-01 00:00:00,9999-12-31 00:00:00,0
11881,ECNMC_ACTVTY_V2_25_12,NACE_LVLS2TO4_STGNG_V2,1900-01-01 00:00:00,9999-12-31 00:00:00,0
11882,FRQNCY_12,FRQNCY_INTRST_RT_RST_ANCRDT_CLLCTN,1900-01-01 00:00:00,9999-12-31 00:00:00,0
11883,ECNMC_ACTVTY_V2_08_91,NACE_LVLS2TO4_STGNG_V2,1900-01-01 00:00:00,9999-12-31 00:00:00,0
11884,ECNMC_ACTVTY_V2_03_12,NACE_LVLS2TO4_STGNG_V2,1900-01-01 00:00:00,9999-12-31 00:00:00,0
11885,ECNMC_ACTVTY_V2_28_25,NACE_LVLS2TO4_STGNG_V2,1900-01-01 00:00:00,9999-12-31 00:00:00,0
11886,ECNMC_ACTVTY_V2_55_90,NACE_LVLS2TO4_STGNG_V2,1900-01-01 00:00:00,9999-12-31 00:00:00,0
11887,TYP_INSTRMNT_1001,TYP_INSTRMNT_ANCRDT_CLLCTN,1900-01-01 00:00:00,9999-12-31 00:00:00,0
11888,ECNMC_ACTVTY_V2_10_12,NACE_LVLS2TO4_STGNG_V2,1900-01-01 00:00:00,9999-12-31 00:00:00,0
11889,ECNMC_ACTVTY_V2_28_22,NACE_LVLS2TO4_STGNG_V2,1900-01-01 00:00:00,9999-12-31 00:00:00,0
11890,ECNMC_ACTVTY_V2_46_90,NACE_LVLS2TO4_STGNG_V2,1900-01-01 00:00:00,9999-12-31 00:00:00,0
11891,ECNMC_ACTVTY_V2_68_11,NACE_LVLS2TO4_STGNG_V2,1900-01-01 00:00:00,9999-12-31 00:00:00,0
11892,ECNMC_ACTVTY_V2_23_64,NACE_LVLS2TO4_STGNG_V2,1900-01-01 00:00:00,9999-12-31 00:00:00,0
11893,ECNMC_ACTVTY_V2_77_22,NACE_LVLS2TO4_STGNG_V2,1900-01-01 00:00:00,9999-12-31 00:00:00,0
11894,ECNMC_ACTVTY_V2_01_14,NACE_LVLS2TO4_STGNG_V2,1900-01-01 00:00:00,9999-12-31 00:00:00,0
11895,ECNMC_ACTVTY_V2_63_92,NACE_LVLS2TO4_STGNG_V2,1900-01-01 00:00:00,9999-12-31 00:00:00,0
11896,ECNMC_ACTVTY_V2_47_30,NACE_LVLS2TO4_STGNG_V2,1900-01-01 00:00:00,9999-12-31 00:00:00,0
11897,ECNMC_ACTVTY_V2_84_12,NACE_LVLS2TO4_STGNG_V2,1900-01-01 00:00:00,9999-12-31 00:00:00,0
11898,ECNMC_ACTVTY_V2_01_13,NACE_LVLS2TO4_STGNG_V2,1900-01-01 00:00:00,9999-12-31 00:00:00,0
11899,ECNMC_ACTVTY_V2_23_63,NACE_LVLS2TO4_STGNG_V2,1900-01-01 00:00:00,9999-12-31 00:00:00,0
11900,ECNMC_ACTVTY_V2_43_21,NACE_LVLS2TO4_STGNG_V2,1900-01-01 00:00:00,9999-12-31 00:00:00,0
11901,ECNMC_ACTVTY_V2_64_22,NACE_LVLS2TO4_STGNG_V2,1900-01-01 00:00:00,9999-12-31 00:00:00,0
11902,ECNMC_ACTVTY_V2_46_33,NACE_LVLS2TO4_STGNG_V2,1900-01-01 00:00:00,9999-12-31 00:00:00,0
11903,ECNMC_ACTVTY_V2_47_51,NACE_LVLS2TO4_STGNG_V2,1900-01-01 00:00:00,9999-12-31 00:00:00,0
11904,ECNMC_ACTVTY_V2_42_22,NACE_LVLS2TO4_STGNG_V2,1900-01-01 00:00:00,9999-12-31 00:00:00,0
11905,ECNMC_ACTVTY_V2_50_40,NACE_LVLS2TO4_STGNG_V2,1900-01-01 00:00:00,9999-12-31 00:00:00,0
11906,ECNMC_ACTVTY_V2_51_22,NACE_LVLS2TO4_STGNG_V2,1900-01-01 00:00:00,9999-12-31 00:00:00,0
11907,ECNMC_ACTVTY_V2_92_00,NACE_LVLS2TO4_STGNG_V2,1900-01-01 00:00:00,9999-12-31 00:00:00,0
11908,ECNMC_ACTVTY_V2_46_34,NACE_LVLS2TO4_STGNG_V2,1900-01-01 00:00:00,9999-12-31 00:00:00,0
11909,ECNMC_ACTVTY_V2_13_10,NACE_LVLS2TO4_STGNG_V2,1900-01-01 00:00:00,9999-12-31 00:00:00,0
11910,ECNMC_ACTVTY_V2_15_20,NACE_LVLS2TO4_STGNG_V2,1900-01-01 00:00:00,9999-12-31 00:00:00,0
11911,ECNMC_ACTVTY_V2_87_30,NACE_LVLS2TO4_STGNG_V2,1900-01-01 00:00:00,9999-12-31 00:00:00,0
11912,ECNMC_ACTVTY_V2_20_41,NACE_LVLS2TO4_STGNG_V2,1900-01-01 00:00:00,9999-12-31 00:00:00,0
11913,ECNMC_ACTVTY_V2_06_20,NACE_LVLS2TO4_STGNG_V2,1900-01-01 00:00:00,9999-12-31 00:00:00,0
11914,ECNMC_ACTVTY_V2_24_31,NACE_LVLS2TO4_STGNG_V2,1900-01-01 00:00:00,9999-12-31 00:00:00,0
11915,ECNMC_ACTVTY_V2_25_53,NACE_LVLS2TO4_STGNG_V2,1900-01-01 00:00:00,9999-12-31 00:00:00,0
11916,ECNMC_ACTVTY_V2_99_00,NACE_LVLS2TO4_STGNG_V2,1900-01-01 00:00:00,9999-12-31 00:00:00,0
11917,ECNMC_ACTVTY_V2_13_93,NACE_LVLS2TO4_STGNG_V2,1900-01-01 00:00:00,9999-12-31 00:00:00,0
11918,ECNMC_ACTVTY_V2_41_00,NACE_LVLS2TO4_STGNG_V2,1900-01-01 00:00:00,9999-12-31 00:00:00,0
11919,ECNMC_ACTVTY_V2_20_20,NACE_LVLS2TO4_STGNG_V2,1900-01-01 00:00:00,9999-12-31 00:00:00,0
11920,ECNMC_ACTVTY_V2_14_24,NACE_LVLS2TO4_STGNG_V2,1900-01-01 00:00:00,9999-12-31 00:00:00,0
11921,ECNMC_ACTVTY_V2_33_20,NACE_LVLS2TO4_STGNG_V2,1900-01-01 00:00:00,9999-12-31 00:00:00,0
11922,ECNMC_ACTVTY_V2_14_23,NACE_LVLS2TO4_STGNG_V2,1900-01-01 00:00:00,9999-12-31 00:00:00,0
11923,ECNMC_ACTVTY_V2_91_22,NACE_LVLS2TO4_STGNG_V2,1900-01-01 00:00:00,9999-12-31 00:00:00,0
11924,ECNMC_ACTVTY_V2_56_11,NACE_LVLS2TO4_STGNG_V2,1900-01-01 00:00:00,9999-12-31 00:00:00,0
11925,ECNMC_ACTVTY_V2_27_90,NACE_LVLS2TO4_STGNG_V2,1900-01-01 00:00:00,9999-12-31 00:00:00,0
11926,ECNMC_ACTVTY_V2_71_12,NACE_LVLS2TO4_STGNG_V2,1900-01-01 00:00:00,9999-12-31 00:00:00,0
11927,ECNMC_ACTVTY_V2_10_32,NACE_LVLS2TO4_STGNG_V2,1900-01-01 00:00:00,9999-12-31 00:00:00,0
11928,ECNMC_ACTVTY_V2_13_94,NACE_LVLS2TO4_STGNG_V2,1900-01-01 00:00:00,9999-12-31 00:00:00,0
11929,ECNMC_ACTVTY_V2_47_78,NACE_LVLS2TO4_STGNG_V2,1900-01-01 00:00:00,9999-12-31 00:00:00,0
11930,ECNMC_ACTVTY_V2_35_30,NACE_LVLS2TO4_STGNG_V2,1900-01-01 00:00:00,9999-12-31 00:00:00,0
11931,ECNMC_ACTVTY_V2_25_91,NACE_LVLS2TO4_STGNG_V2,1900-01-01 00:00:00,9999-12-31 00:00:00,0
11932,ECNMC_ACTVTY_V2_16_22,NACE_LVLS2TO4_STGNG_V2,1900-01-01 00:00:00,9999-12-31 00:00:00,0
11933,ECNMC_ACTVTY_V2_68_31,NACE_LVLS2TO4_STGNG_V2,1900-01-01 00:00:00,9999-12-31 00:00:00,0
11934,ECNMC_ACTVTY_V2_22_26,NACE_LVLS2TO4_STGNG_V2,1900-01-01 00:00:00,9999-12-31 00:00:00,0
11935,ECNMC_ACTVTY_V2_23_44,NACE_LVLS2TO4_STGNG_V2,1900-01-01 00:00:00,9999-12-31 00:00:00,0
11936,ECNMC_ACTVTY_V2_16_25,NACE_LVLS2TO4_STGNG_V2,1900-01-01 00:00:00,9999-12-31 00:00:00,0
11937,ECNMC_ACTVTY_V2_22_21,NACE_LVLS2TO4_STGNG_V2,1900-01-01 00:00:00,9999-12-31 00:00:00,0
11938,ECNMC_ACTVTY_V2_23_43,NACE_LVLS2TO4_STGNG_V2,1900-01-01 00:00:00,9999-12-31 00:00:00,0
11939,ECNMC_ACTVTY_V2_46_72,NACE_LVLS2TO4_STGNG_V2,1900-01-01 00:00:00,9999-12-31 00:00:00,0
11940,ECNMC_ACTVTY_V2_86_99,NACE_LVLS2TO4_STGNG_V2,1900-01-01 00:00:00,9999-12-31 00:00:00,0
11941,ECNMC_ACTVTY_V2_27_52,NACE_LVLS2TO4_STGNG_V2,1900-01-01 00:00:00,9999-12-31 00:00:00,0
11942,ECNMC_ACTVTY_V2_26_30,NACE_LVLS2TO4_STGNG_V2,1900-01-01 00:00:00,9999-12-31 00:00:00,0
11943,ECNMC_ACTVTY_V2_43_60,NACE_LVLS2TO4_STGNG_V2,1900-01-01 00:00:00,9999-12-31 00:00:00,0
11944,ECNMC_ACTVTY_V2_10_91,NACE_LVLS2TO4_STGNG_V2,1900-01-01 00:00:00,9999-12-31 00:00:00,0
11945,ECNMC_ACTVTY_V2_86_97,NACE_LVLS2TO4_STGNG_V2,1900-01-01 00:00:00,9999-12-31 00:00:00,0
11946,ECNMC_ACTVTY_V2_85_31,NACE_LVLS2TO4_STGNG_V2,1900-01-01 00:00:00,9999-12-31 00:00:00,0
11947,ECNMC_ACTVTY_V2_61_10,NACE_LVLS2TO4_STGNG_V2,1900-01-01 00:00:00,9999-12-31 00:00:00,0
11948,ECNMC_ACTVTY_V2_59_20,NACE_LVLS2TO4_STGNG_V2,1900-01-01 00:00:00,9999-12-31 00:00:00,0
11949,ECNMC_ACTVTY_V2_26_51,NACE_LVLS2TO4_STGNG_V2,1900-01-01 00:00:00,9999-12-31 00:00:00,0
11950,ECNMC_ACTVTY_V2_27_33,NACE_LVLS2TO4_STGNG_V2,1900-01-01 00:00:00,9999-12-31 00:00:00,0
11951,ECNMC_ACTVTY_V2_46_13,NACE_LVLS2TO4_STGNG_V2,1900-01-01 00:00:00,9999-12-31 00:00:00,0
11952,ECNMC_ACTVTY_V2_47_71,NACE_LVLS2TO4_STGNG_V2,1900-01-01 00:00:00,9999-12-31 00:00:00,0
11953,ECNMC_ACTVTY_V2_72_10,NACE_LVLS2TO4_STGNG_V2,1900-01-01 00:00:00,9999-12-31 00:00:00,0
11954,ECNMC_ACTVTY_V2_13_30,NACE_LVLS2TO4_STGNG_V2,1900-01-01 00:00:00,9999-12-31 00:00:00,0
11955,ECNMC_ACTVTY_V2_46_14,NACE_LVLS2TO4_STGNG_V2,1900-01-01 00:00:00,9999-12-31 00:00:00,0
11956,ECNMC_ACTVTY_V2_47_76,NACE_LVLS2TO4_STGNG_V2,1900-01-01 00:00:00,9999-12-31 00:00:00,0
11957,ECNMC_ACTVTY_V2_85_59,NACE_LVLS2TO4_STGNG_V2,1900-01-01 00:00:00,9999-12-31 00:00:00,0
11958,ECNMC_ACTVTY_V2_17_21,NACE_LVLS2TO4_STGNG_V2,1900-01-01 00:00:00,9999-12-31 00:00:00,0
11959,ECNMC_ACTVTY_V2_08_12,NACE_LVLS2TO4_STGNG_V2,1900-01-01 00:00:00,9999-12-31 00:00:00,0
11960,ECNMC_ACTVTY_V2_01_29,NACE_LVLS2TO4_STGNG_V2,1900-01-01 00:00:00,9999-12-31 00:00:00,0
11961,ECNMC_ACTVTY_V2_96_22,NACE_LVLS2TO4_STGNG_V2,1900-01-01 00:00:00,9999-12-31 00:00:00,0
11962,ECNMC_ACTVTY_V2_01_46,NACE_LVLS2TO4_STGNG_V2,1900-01-01 00:00:00,9999-12-31 00:00:00,0
11963,ECNMC_ACTVTY_V2_10_85,NACE_LVLS2TO4_STGNG_V2,1900-01-01 00:00:00,9999-12-31 00:00:00,0
11964,ECNMC_ACTVTY_V2_30_31,NACE_LVLS2TO4_STGNG_V2,1900-01-01 00:00:00,9999-12-31 00:00:00,0
11965,ECNMC_ACTVTY_V2_82_92,NACE_LVLS2TO4_STGNG_V2,1900-01-01 00:00:00,9999-12-31 00:00:00,0
11966,ECNMC_ACTVTY_V2_42_11,NACE_LVLS2TO4_STGNG_V2,1900-01-01 00:00:00,9999-12-31 00:00:00,0
11967,ECNMC_ACTVTY_V2_23_31,NACE_LVLS2TO4_STGNG_V2,1900-01-01 00:00:00,9999-12-31 00:00:00,0
11968,ECNMC_ACTVTY_V2_65_12,NACE_LVLS2TO4_STGNG_V2,1900-01-01 00:00:00,9999-12-31 00:00:00,0
11969,ECNMC_ACTVTY_V2_27_20,NACE_LVLS2TO4_STGNG_V2,1900-01-01 00:00:00,9999-12-31 00:00:00,0
11970,ECNMC_ACTVTY_V2_47_62,NACE_LVLS2TO4_STGNG_V2,1900-01-01 00:00:00,9999-12-31 00:00:00,0
11971,ECNMC_ACTVTY_V2_01_41,NACE_LVLS2TO4_STGNG_V2,1900-01-01 00:00:00,9999-12-31 00:00:00,0
11972,ECNMC_ACTVTY_V2_10_82,NACE_LVLS2TO4_STGNG_V2,1900-01-01 00:00:00,9999-12-31 00:00:00,0
11973,ECNMC_ACTVTY_V2_43_12,NACE_LVLS2TO4_STGNG_V2,1900-01-01 00:00:00,9999-12-31 00:00:00,0
11974,ECNMC_ACTVTY_V2_64_11,NACE_LVLS2TO4_STGNG_V2,1900-01-01 00:00:00,9999-12-31 00:00:00,0
11975,ECNMC_ACTVTY_V2_46_61,NACE_LVLS2TO4_STGNG_V2,1900-01-01 00:00:00,9999-12-31 00:00:00,0
11976,ECNMC_ACTVTY_V2_35_24,NACE_LVLS2TO4_STGNG_V2,1900-01-01 00:00:00,9999-12-31 00:00:00,0
11977,ECNMC_ACTVTY_V2_84_21,NACE_LVLS2TO4_STGNG_V2,1900-01-01 00:00:00,9999-12-31 00:00:00,0
11978,ECNMC_ACTVTY_V2_35_23,NACE_LVLS2TO4_STGNG_V2,1900-01-01 00:00:00,9999-12-31 00:00:00,0
11979,ECNMC_ACTVTY_V2_01_48,NACE_LVLS2TO4_STGNG_V2,1900-01-01 00:00:00,9999-12-31 00:00:00,0
11980,ECNMC_ACTVTY_V2_01_27,NACE_LVLS2TO4_STGNG_V2,1900-01-01 00:00:00,9999-12-31 00:00:00,0
11981,ECNMC_ACTVTY_V2_77_11,NACE_LVLS2TO4_STGNG_V2,1900-01-01 00:00:00,9999-12-31 00:00:00,0
11982,ECNMC_ACTVTY_V2_49_31,NACE_LVLS2TO4_STGNG_V2,1900-01-01 00:00:00,9999-12-31 00:00:00,0
11983,ECNMC_ACTVTY_V2_28_11,NACE_LVLS2TO4_STGNG_V2,1900-01-01 00:00:00,9999-12-31 00:00:00,0
11984,ECNMC_ACTVTY_V2_03_21,NACE_LVLS2TO4_STGNG_V2,1900-01-01 00:00:00,9999-12-31 00:00:00,0
11985,ECNMC_ACTVTY_V2_25_40,NACE_LVLS2TO4_STGNG_V2,1900-01-01 00:00:00,9999-12-31 00:00:00,0
11986,ECNMC_ACTVTY_V2_30_92,NACE_LVLS2TO4_STGNG_V2,1900-01-01 00:00:00,9999-12-31 00:00:00,0
11987,ECNMC_ACTVTY_V2_98_10,NACE_LVLS2TO4_STGNG_V2,1900-01-01 00:00:00,9999-12-31 00:00:00,0
11988,ECNMC_ACTVTY_V2_25_21,NACE_LVLS2TO4_STGNG_V2,1900-01-01 00:00:00,9999-12-31 00:00:00,0
11989,ECNMC_ACTVTY_V2_95_29,NACE_LVLS2TO4_STGNG_V2,1900-01-01 00:00:00,9999-12-31 00:00:00,0
11990,ECNMC_ACTVTY_V2_24_43,NACE_LVLS2TO4_STGNG_V2,1900-01-01 00:00:00,9999-12-31 00:00:00,0
11991,ECNMC_ACTVTY_V2_74_14,NACE_LVLS2TO4_STGNG_V2,1900-01-01 00:00:00,9999-12-31 00:00:00,0
11992,ECNMC_ACTVTY_V2_78_20,NACE_LVLS2TO4_STGNG_V2,1900-01-01 00:00:00,9999-12-31 00:00:00,0
11993,ECNMC_ACTVTY_V2_74_13,NACE_LVLS2TO4_STGNG_V2,1900-01-01 00:00:00,9999-12-31 00:00:00,0
11994,ECNMC_ACTVTY_V2_53_10,NACE_LVLS2TO4_STGNG_V2,1900-01-01 00:00:00,9999-12-31 00:00:00,0
11995,ECNMC_ACTVTY_V2_32_30,NACE_LVLS2TO4_STGNG_V2,1900-01-01 00:00:00,9999-12-31 00:00:00,0
11996,ECNMC_ACTVTY_V2_66_19,NACE_LVLS2TO4_STGNG_V2,1900-01-01 00:00:00,9999-12-31 00:00:00,0
11997,ECNMC_ACTVTY_V2_49_50,NACE_LVLS2TO4_STGNG_V2,1900-01-01 00:00:00,9999-12-31 00:00:00,0
11998,ECNMC_ACTVTY_V2_24_44,NACE_LVLS2TO4_STGNG_V2,1900-01-01 00:00:00,9999-12-31 00:00:00,0
11999,ECNMC_ACTVTY_V2_90_13,NACE_LVLS2TO4_STGNG_V2,1900-01-01 00:00:00,9999-12-31 00:00:00,0
12000,ECNMC_ACTVTY_V2_15_12,NACE_LVLS2TO4_STGNG_V2,1900-01-01 00:00:00,9999-12-31 00:00:00,0
12001,ECNMC_ACTVTY_V2_32_11,NACE_LVLS2TO4_STGNG_V2,1900-01-01 00:00:00,9999-12-31 00:00:00,0
12002,ECNMC_ACTVTY_V2_10_61,NACE_LVLS2TO4_STGNG_V2,1900-01-01 00:00:00,9999-12-31 00:00:00,0
12003,ECNMC_ACTVTY_V2_11_03,NACE_LVLS2TO4_STGNG_V2,1900-01-01 00:00:00,9999-12-31 00:00:00,0
12004,ECNMC_ACTVTY_V2_36_00,NACE_LVLS2TO4_STGNG_V2,1900-01-01 00:00:00,9999-12-31 00:00:00,0
12005,ECNMC_ACTVTY_V2_47_81,NACE_LVLS2TO4_STGNG_V2,1900-01-01 00:00:00,9999-12-31 00:00:00,0
12006,ECNMC_ACTVTY_V2_11_04,NACE_LVLS2TO4_STGNG_V2,1900-01-01 00:00:00,9999-12-31 00:00:00,0
12007,ECNMC_ACTVTY_V2_62_20,NACE_LVLS2TO4_STGNG_V2,1900-01-01 00:00:00,9999-12-31 00:00:00,0
12008,ECNMC_ACTVTY_V2_25_61,NACE_LVLS2TO4_STGNG_V2,1900-01-01 00:00:00,9999-12-31 00:00:00,0
12009,ECNMC_ACTVTY_V2_46_85,NACE_LVLS2TO4_STGNG_V2,1900-01-01 00:00:00,9999-12-31 00:00:00,0
12010,ECNMC_ACTVTY_V2_82_10,NACE_LVLS2TO4_STGNG_V2,1900-01-01 00:00:00,9999-12-31 00:00:00,0
12011,ECNMC_ACTVTY_V2_43_99,NACE_LVLS2TO4_STGNG_V2,1900-01-01 00:00:00,9999-12-31 00:00:00,0
12012,TYP_INSTRMNT_1002,TYP_INSTRMNT_ANCRDT_CLLCTN,1900-01-01 00:00:00,9999-12-31 00:00:00,0
12013,ECNMC_ACTVTY_V2_33_15,NACE_LVLS2TO4_STGNG_V2,1900-01-01 00:00:00,9999-12-31 00:00:00,0
12014,ECNMC_ACTVTY_V2_20_12,NACE_LVLS2TO4_STGNG_V2,1900-01-01 00:00:00,9999-12-31 00:00:00,0
12015,ECNMC_ACTVTY_V2_33_12,NACE_LVLS2TO4_STGNG_V2,1900-01-01 00:00:00,9999-12-31 00:00:00,0
12016,ECNMC_ACTVTY_V2_20_15,NACE_LVLS2TO4_STGNG_V2,1900-01-01 00:00:00,9999-12-31 00:00:00,0
12017,ECNMC_ACTVTY_V2_52_32,NACE_LVLS2TO4_STGNG_V2,1900-01-01 00:00:00,9999-12-31 00:00:00,0
12018,ECNMC_ACTVTY_V2_71_20,NACE_LVLS2TO4_STGNG_V2,1900-01-01 00:00:00,9999-12-31 00:00:00,0
12019,ECNMC_ACTVTY_V2_28_30,NACE_LVLS2TO4_STGNG_V2,1900-01-01 00:00:00,9999-12-31 00:00:00,0
12020,ECNMC_ACTVTY_V2_88_99,NACE_LVLS2TO4_STGNG_V2,1900-01-01 00:00:00,9999-12-31 00:00:00,0
12021,ECNMC_ACTVTY_V2_46_82,NACE_LVLS2TO4_STGNG_V2,1900-01-01 00:00:00,9999-12-31 00:00:00,0
12022,ECNMC_ACTVTY_V2_46_47,NACE_LVLS2TO4_STGNG_V2,1900-01-01 00:00:00,9999-12-31 00:00:00,0
12023,ECNMC_ACTVTY_V2_47_25,NACE_LVLS2TO4_STGNG_V2,1900-01-01 00:00:00,9999-12-31 00:00:00,0
12024,ECNMC_ACTVTY_V2_55_40,NACE_LVLS2TO4_STGNG_V2,1900-01-01 00:00:00,9999-12-31 00:00:00,0
12025,ECNMC_ACTVTY_V2_97_00,NACE_LVLS2TO4_STGNG_V2,1900-01-01 00:00:00,9999-12-31 00:00:00,0
12026,ECNMC_ACTVTY_V2_43_34,NACE_LVLS2TO4_STGNG_V2,1900-01-01 00:00:00,9999-12-31 00:00:00,0
12027,ECNMC_ACTVTY_V2_93_11,NACE_LVLS2TO4_STGNG_V2,1900-01-01 00:00:00,9999-12-31 00:00:00,0
12028,ECNMC_ACTVTY_V2_43_33,NACE_LVLS2TO4_STGNG_V2,1900-01-01 00:00:00,9999-12-31 00:00:00,0
12029,ECNMC_ACTVTY_V2_05_10,NACE_LVLS2TO4_STGNG_V2,1900-01-01 00:00:00,9999-12-31 00:00:00,0
12030,ECNMC_ACTVTY_V2_74_91,NACE_LVLS2TO4_STGNG_V2,1900-01-01 00:00:00,9999-12-31 00:00:00,0
12031,ECNMC_ACTVTY_V2_47_22,NACE_LVLS2TO4_STGNG_V2,1900-01-01 00:00:00,9999-12-31 00:00:00,0
12032,ECNMC_ACTVTY_V2_58_11,NACE_LVLS2TO4_STGNG_V2,1900-01-01 00:00:00,9999-12-31 00:00:00,0
12033,ECNMC_ACTVTY_V2_77_39,NACE_LVLS2TO4_STGNG_V2,1900-01-01 00:00:00,9999-12-31 00:00:00,0
12034,ECNMC_ACTVTY_V2_46_21,NACE_LVLS2TO4_STGNG_V2,1900-01-01 00:00:00,9999-12-31 00:00:00,0
12035,ECNMC_ACTVTY_V2_38_32,NACE_LVLS2TO4_STGNG_V2,1900-01-01 00:00:00,9999-12-31 00:00:00,0
12036,ECNMC_ACTVTY_V2_28_93,NACE_LVLS2TO4_STGNG_V2,1900-01-01 00:00:00,9999-12-31 00:00:00,0
12037,ECNMC_ACTVTY_V2_59_12,NACE_LVLS2TO4_STGNG_V2,1900-01-01 00:00:00,9999-12-31 00:00:00,0
12038,ECNMC_ACTVTY_V2_46_49,NACE_LVLS2TO4_STGNG_V2,1900-01-01 00:00:00,9999-12-31 00:00:00,0
12039,ECNMC_ACTVTY_V2_28_94,NACE_LVLS2TO4_STGNG_V2,1900-01-01 00:00:00,9999-12-31 00:00:00,0
12040,ECNMC_ACTVTY_V2_77_51,NACE_LVLS2TO4_STGNG_V2,1900-01-01 00:00:00,9999-12-31 00:00:00,0
12041,ECNMC_ACTVTY_V2_62_90,NACE_LVLS2TO4_STGNG_V2,1900-01-01 00:00:00,9999-12-31 00:00:00,0
12042,ECNMC_ACTVTY_V2_96_10,NACE_LVLS2TO4_STGNG_V2,1900-01-01 00:00:00,9999-12-31 00:00:00,0
12043,ECNMC_ACTVTY_V2_46_35,NACE_LVLS2TO4_STGNG_V2,1900-01-01 00:00:00,9999-12-31 00:00:00,0
12044,ECNMC_ACTVTY_V2_65_20,NACE_LVLS2TO4_STGNG_V2,1900-01-01 00:00:00,9999-12-31 00:00:00,0
12045,ECNMC_ACTVTY_V2_43_41,NACE_LVLS2TO4_STGNG_V2,1900-01-01 00:00:00,9999-12-31 00:00:00,0
12046,ECNMC_ACTVTY_V2_38_21,NACE_LVLS2TO4_STGNG_V2,1900-01-01 00:00:00,9999-12-31 00:00:00,0
12047,ECNMC_ACTVTY_V2_85_10,NACE_LVLS2TO4_STGNG_V2,1900-01-01 00:00:00,9999-12-31 00:00:00,0
12048,ECNMC_ACTVTY_V2_27_12,NACE_LVLS2TO4_STGNG_V2,1900-01-01 00:00:00,9999-12-31 00:00:00,0
12049,ECNMC_ACTVTY_V2_26_70,NACE_LVLS2TO4_STGNG_V2,1900-01-01 00:00:00,9999-12-31 00:00:00,0
12050,ECNMC_ACTVTY_V2_46_32,NACE_LVLS2TO4_STGNG_V2,1900-01-01 00:00:00,9999-12-31 00:00:00,0
12051,ECNMC_ACTVTY_V2_23_62,NACE_LVLS2TO4_STGNG_V2,1900-01-01 00:00:00,9999-12-31 00:00:00,0
12052,ECNMC_ACTVTY_V2_84_13,NACE_LVLS2TO4_STGNG_V2,1900-01-01 00:00:00,9999-12-31 00:00:00,0
12053,ECNMC_ACTVTY_V2_01_12,NACE_LVLS2TO4_STGNG_V2,1900-01-01 00:00:00,9999-12-31 00:00:00,0
12054,ECNMC_ACTVTY_V2_35_16,NACE_LVLS2TO4_STGNG_V2,1900-01-01 00:00:00,9999-12-31 00:00:00,0
12055,ECNMC_ACTVTY_V2_26_11,NACE_LVLS2TO4_STGNG_V2,1900-01-01 00:00:00,9999-12-31 00:00:00,0
12056,ECNMC_ACTVTY_V2_01_15,NACE_LVLS2TO4_STGNG_V2,1900-01-01 00:00:00,9999-12-31 00:00:00,0
12057,ECNMC_ACTVTY_V2_35_11,NACE_LVLS2TO4_STGNG_V2,1900-01-01 00:00:00,9999-12-31 00:00:00,0
12058,ECNMC_ACTVTY_V2_50_20,NACE_LVLS2TO4_STGNG_V2,1900-01-01 00:00:00,9999-12-31 00:00:00,0
12059,ECNMC_ACTVTY_V2_31_00,NACE_LVLS2TO4_STGNG_V2,1900-01-01 00:00:00,9999-12-31 00:00:00,0
12060,ECNMC_ACTVTY_V2_23_65,NACE_LVLS2TO4_STGNG_V2,1900-01-01 00:00:00,9999-12-31 00:00:00,0
12061,ECNMC_ACTVTY_V2_52_21,NACE_LVLS2TO4_STGNG_V2,1900-01-01 00:00:00,9999-12-31 00:00:00,0
12062,ECNMC_ACTVTY_V2_56_30,NACE_LVLS2TO4_STGNG_V2,1900-01-01 00:00:00,9999-12-31 00:00:00,0
12063,ECNMC_ACTVTY_V2_28_23,NACE_LVLS2TO4_STGNG_V2,1900-01-01 00:00:00,9999-12-31 00:00:00,0
12064,ECNMC_ACTVTY_V2_10_13,NACE_LVLS2TO4_STGNG_V2,1900-01-01 00:00:00,9999-12-31 00:00:00,0
12065,ECNMC_ACTVTY_V2_24_10,NACE_LVLS2TO4_STGNG_V2,1900-01-01 00:00:00,9999-12-31 00:00:00,0
12066,ECNMC_ACTVTY_V2_28_24,NACE_LVLS2TO4_STGNG_V2,1900-01-01 00:00:00,9999-12-31 00:00:00,0
12067,ECNMC_ACTVTY_V2_79_11,NACE_LVLS2TO4_STGNG_V2,1900-01-01 00:00:00,9999-12-31 00:00:00,0
12068,ECNMC_ACTVTY_V2_52_26,NACE_LVLS2TO4_STGNG_V2,1900-01-01 00:00:00,9999-12-31 00:00:00,0
12069,ECNMC_ACTVTY_V2_66_22,NACE_LVLS2TO4_STGNG_V2,1900-01-01 00:00:00,9999-12-31 00:00:00,0
12070,ECNMC_ACTVTY_V2_02_10,NACE_LVLS2TO4_STGNG_V2,1900-01-01 00:00:00,9999-12-31 00:00:00,0
12071,ECNMC_ACTVTY_V2_20_60,NACE_LVLS2TO4_STGNG_V2,1900-01-01 00:00:00,9999-12-31 00:00:00,0
12072,ECNMC_ACTVTY_V2_08_99,NACE_LVLS2TO4_STGNG_V2,1900-01-01 00:00:00,9999-12-31 00:00:00,0
12073,ECNMC_ACTVTY_V2_47_92,NACE_LVLS2TO4_STGNG_V2,1900-01-01 00:00:00,9999-12-31 00:00:00,0
12074,ECNMC_ACTVTY_V2_10_72,NACE_LVLS2TO4_STGNG_V2,1900-01-01 00:00:00,9999-12-31 00:00:00,0
12075,ECNMC_ACTVTY_V2_28_42,NACE_LVLS2TO4_STGNG_V2,1900-01-01 00:00:00,9999-12-31 00:00:00,0
12076,ECNMC_ACTVTY_V2_29_20,NACE_LVLS2TO4_STGNG_V2,1900-01-01 00:00:00,9999-12-31 00:00:00,0
12077,ECNMC_ACTVTY_V2_94_11,NACE_LVLS2TO4_STGNG_V2,1900-01-01 00:00:00,9999-12-31 00:00:00,0
12078,ECNMC_ACTVTY_V2_25_51,NACE_LVLS2TO4_STGNG_V2,1900-01-01 00:00:00,9999-12-31 00:00:00,0
12079,ECNMC_ACTVTY_V2_24_33,NACE_LVLS2TO4_STGNG_V2,1900-01-01 00:00:00,9999-12-31 00:00:00,0
12080,ECNMC_ACTVTY_V2_62_10,NACE_LVLS2TO4_STGNG_V2,1900-01-01 00:00:00,9999-12-31 00:00:00,0
12081,ECNMC_ACTVTY_V2_03_30,NACE_LVLS2TO4_STGNG_V2,1900-01-01 00:00:00,9999-12-31 00:00:00,0
12082,ECNMC_ACTVTY_V2_13_91,NACE_LVLS2TO4_STGNG_V2,1900-01-01 00:00:00,9999-12-31 00:00:00,0
12083,ECNMC_ACTVTY_V2_18_12,NACE_LVLS2TO4_STGNG_V2,1900-01-01 00:00:00,9999-12-31 00:00:00,0
12084,ECNMC_ACTVTY_V2_07_21,NACE_LVLS2TO4_STGNG_V2,1900-01-01 00:00:00,9999-12-31 00:00:00,0
12085,ECNMC_ACTVTY_V2_82_20,NACE_LVLS2TO4_STGNG_V2,1900-01-01 00:00:00,9999-12-31 00:00:00,0
12086,ECNMC_ACTVTY_V2_32_40,NACE_LVLS2TO4_STGNG_V2,1900-01-01 00:00:00,9999-12-31 00:00:00,0
12087,ECNMC_ACTVTY_V2_14_21,NACE_LVLS2TO4_STGNG_V2,1900-01-01 00:00:00,9999-12-31 00:00:00,0
12088,ECNMC_ACTVTY_V2_24_34,NACE_LVLS2TO4_STGNG_V2,1900-01-01 00:00:00,9999-12-31 00:00:00,0
12089,ECNMC_ACTVTY_V2_13_96,NACE_LVLS2TO4_STGNG_V2,1900-01-01 00:00:00,9999-12-31 00:00:00,0
12090,ECNMC_ACTVTY_V2_95_31,NACE_LVLS2TO4_STGNG_V2,1900-01-01 00:00:00,9999-12-31 00:00:00,0
12091,ECNMC_ACTVTY_V2_49_20,NACE_LVLS2TO4_STGNG_V2,1900-01-01 00:00:00,9999-12-31 00:00:00,0
12092,ECNMC_ACTVTY_V2_91_41,NACE_LVLS2TO4_STGNG_V2,1900-01-01 00:00:00,9999-12-31 00:00:00,0
12093,ECNMC_ACTVTY_V2_96_99,NACE_LVLS2TO4_STGNG_V2,1900-01-01 00:00:00,9999-12-31 00:00:00,0
12094,ECNMC_ACTVTY_V2_49_41,NACE_LVLS2TO4_STGNG_V2,1900-01-01 00:00:00,9999-12-31 00:00:00,0
12095,ECNMC_ACTVTY_V2_10_51,NACE_LVLS2TO4_STGNG_V2,1900-01-01 00:00:00,9999-12-31 00:00:00,0
12096,ECNMC_ACTVTY_V2_24_52,NACE_LVLS2TO4_STGNG_V2,1900-01-01 00:00:00,9999-12-31 00:00:00,0
12097,ECNMC_ACTVTY_V2_25_30,NACE_LVLS2TO4_STGNG_V2,1900-01-01 00:00:00,9999-12-31 00:00:00,0
12098,ECNMC_ACTVTY_V2_10_39,NACE_LVLS2TO4_STGNG_V2,1900-01-01 00:00:00,9999-12-31 00:00:00,0
12099,ECNMC_ACTVTY_V2_17_24,NACE_LVLS2TO4_STGNG_V2,1900-01-01 00:00:00,9999-12-31 00:00:00,0
12100,ECNMC_ACTVTY_V2_81_22,NACE_LVLS2TO4_STGNG_V2,1900-01-01 00:00:00,9999-12-31 00:00:00,0
12101,ECNMC_ACTVTY_V2_23_20,NACE_LVLS2TO4_STGNG_V2,1900-01-01 00:00:00,9999-12-31 00:00:00,0
12102,ECNMC_ACTVTY_V2_85_33,NACE_LVLS2TO4_STGNG_V2,1900-01-01 00:00:00,9999-12-31 00:00:00,0
12103,ECNMC_ACTVTY_V2_86_95,NACE_LVLS2TO4_STGNG_V2,1900-01-01 00:00:00,9999-12-31 00:00:00,0
12104,ECNMC_ACTVTY_V2_01_50,NACE_LVLS2TO4_STGNG_V2,1900-01-01 00:00:00,9999-12-31 00:00:00,0
12105,ECNMC_ACTVTY_V2_47_73,NACE_LVLS2TO4_STGNG_V2,1900-01-01 00:00:00,9999-12-31 00:00:00,0
12106,ECNMC_ACTVTY_V2_46_11,NACE_LVLS2TO4_STGNG_V2,1900-01-01 00:00:00,9999-12-31 00:00:00,0
12107,ECNMC_ACTVTY_V2_27_31,NACE_LVLS2TO4_STGNG_V2,1900-01-01 00:00:00,9999-12-31 00:00:00,0
12108,ECNMC_ACTVTY_V2_86_92,NACE_LVLS2TO4_STGNG_V2,1900-01-01 00:00:00,9999-12-31 00:00:00,0
12109,ECNMC_ACTVTY_V2_47_74,NACE_LVLS2TO4_STGNG_V2,1900-01-01 00:00:00,9999-12-31 00:00:00,0
12110,ECNMC_ACTVTY_V2_46_16,NACE_LVLS2TO4_STGNG_V2,1900-01-01 00:00:00,9999-12-31 00:00:00,0
12111,ECNMC_ACTVTY_V2_17_23,NACE_LVLS2TO4_STGNG_V2,1900-01-01 00:00:00,9999-12-31 00:00:00,0
12112,ECNMC_ACTVTY_V2_30_20,NACE_LVLS2TO4_STGNG_V2,1900-01-01 00:00:00,9999-12-31 00:00:00,0
12113,ECNMC_ACTVTY_V2_87_91,NACE_LVLS2TO4_STGNG_V2,1900-01-01 00:00:00,9999-12-31 00:00:00,0
12114,ECNMC_ACTVTY_V2_73_11,NACE_LVLS2TO4_STGNG_V2,1900-01-01 00:00:00,9999-12-31 00:00:00,0
12115,ECNMC_ACTVTY_V2_46_18,NACE_LVLS2TO4_STGNG_V2,1900-01-01 00:00:00,9999-12-31 00:00:00,0
12116,ECNMC_ACTVTY_V2_25_93,NACE_LVLS2TO4_STGNG_V2,1900-01-01 00:00:00,9999-12-31 00:00:00,0
12117,ECNMC_ACTVTY_V2_93_21,NACE_LVLS2TO4_STGNG_V2,1900-01-01 00:00:00,9999-12-31 00:00:00,0
12118,ECNMC_ACTVTY_V2_22_24,NACE_LVLS2TO4_STGNG_V2,1900-01-01 00:00:00,9999-12-31 00:00:00,0
12119,ECNMC_ACTVTY_V2_16_27,NACE_LVLS2TO4_STGNG_V2,1900-01-01 00:00:00,9999-12-31 00:00:00,0
12120,ECNMC_ACTVTY_V2_05_20,NACE_LVLS2TO4_STGNG_V2,1900-01-01 00:00:00,9999-12-31 00:00:00,0
12121,ECNMC_ACTVTY_V2_23_41,NACE_LVLS2TO4_STGNG_V2,1900-01-01 00:00:00,9999-12-31 00:00:00,0
12122,ECNMC_ACTVTY_V2_22_23,NACE_LVLS2TO4_STGNG_V2,1900-01-01 00:00:00,9999-12-31 00:00:00,0
12123,ECNMC_ACTVTY_V2_85_52,NACE_LVLS2TO4_STGNG_V2,1900-01-01 00:00:00,9999-12-31 00:00:00,0
12124,ECNMC_ACTVTY_V2_84_30,NACE_LVLS2TO4_STGNG_V2,1900-01-01 00:00:00,9999-12-31 00:00:00,0
12125,ECNMC_ACTVTY_V2_58_21,NACE_LVLS2TO4_STGNG_V2,1900-01-01 00:00:00,9999-12-31 00:00:00,0
12126,ECNMC_ACTVTY_V2_94_91,NACE_LVLS2TO4_STGNG_V2,1900-01-01 00:00:00,9999-12-31 00:00:00,0
12127,ECNMC_ACTVTY_V2_25_94,NACE_LVLS2TO4_STGNG_V2,1900-01-01 00:00:00,9999-12-31 00:00:00,0
12128,ECNMC_ACTVTY_V2_47_12,NACE_LVLS2TO4_STGNG_V2,1900-01-01 00:00:00,9999-12-31 00:00:00,0
12129,ECNMC_ACTVTY_V2_23_52,NACE_LVLS2TO4_STGNG_V2,1900-01-01 00:00:00,9999-12-31 00:00:00,0
12130,ECNMC_ACTVTY_V2_32_91,NACE_LVLS2TO4_STGNG_V2,1900-01-01 00:00:00,9999-12-31 00:00:00,0
12131,ECNMC_ACTVTY_V2_82_99,NACE_LVLS2TO4_STGNG_V2,1900-01-01 00:00:00,9999-12-31 00:00:00,0
12132,ECNMC_ACTVTY_V2_46_63,NACE_LVLS2TO4_STGNG_V2,1900-01-01 00:00:00,9999-12-31 00:00:00,0
12133,ECNMC_ACTVTY_V2_01_22,NACE_LVLS2TO4_STGNG_V2,1900-01-01 00:00:00,9999-12-31 00:00:00,0
12134,ECNMC_ACTVTY_V2_84_23,NACE_LVLS2TO4_STGNG_V2,1900-01-01 00:00:00,9999-12-31 00:00:00,0
12135,ECNMC_ACTVTY_V2_46_64,NACE_LVLS2TO4_STGNG_V2,1900-01-01 00:00:00,9999-12-31 00:00:00,0
12136,ECNMC_ACTVTY_V2_88_10,NACE_LVLS2TO4_STGNG_V2,1900-01-01 00:00:00,9999-12-31 00:00:00,0
12137,ECNMC_ACTVTY_V2_10_89,NACE_LVLS2TO4_STGNG_V2,1900-01-01 00:00:00,9999-12-31 00:00:00,0
12138,ECNMC_ACTVTY_V2_35_21,NACE_LVLS2TO4_STGNG_V2,1900-01-01 00:00:00,9999-12-31 00:00:00,0
12139,ECNMC_ACTVTY_V2_84_24,NACE_LVLS2TO4_STGNG_V2,1900-01-01 00:00:00,9999-12-31 00:00:00,0
12140,ECNMC_ACTVTY_V2_47_69,NACE_LVLS2TO4_STGNG_V2,1900-01-01 00:00:00,9999-12-31 00:00:00,0
12141,ECNMC_ACTVTY_V2_01_25,NACE_LVLS2TO4_STGNG_V2,1900-01-01 00:00:00,9999-12-31 00:00:00,0
12142,ECNMC_ACTVTY_V2_68_20,NACE_LVLS2TO4_STGNG_V2,1900-01-01 00:00:00,9999-12-31 00:00:00,0
12143,ECNMC_ACTVTY_V2_50_10,NACE_LVLS2TO4_STGNG_V2,1900-01-01 00:00:00,9999-12-31 00:00:00,0
12144,ECNMC_ACTVTY_V2_35_40,NACE_LVLS2TO4_STGNG_V2,1900-01-01 00:00:00,9999-12-31 00:00:00,0
12145,ECNMC_ACTVTY_V2_01_44,NACE_LVLS2TO4_STGNG_V2,1900-01-01 00:00:00,9999-12-31 00:00:00,0
12146,ECNMC_ACTVTY_V2_42_13,NACE_LVLS2TO4_STGNG_V2,1900-01-01 00:00:00,9999-12-31 00:00:00,0
12147,ECNMC_ACTVTY_V2_26_40,NACE_LVLS2TO4_STGNG_V2,1900-01-01 00:00:00,9999-12-31 00:00:00,0
12148,ECNMC_ACTVTY_V2_85_20,NACE_LVLS2TO4_STGNG_V2,1900-01-01 00:00:00,9999-12-31 00:00:00,0
12149,ECNMC_ACTVTY_V2_38_11,NACE_LVLS2TO4_STGNG_V2,1900-01-01 00:00:00,9999-12-31 00:00:00,0
12150,ECNMC_ACTVTY_V2_01_43,NACE_LVLS2TO4_STGNG_V2,1900-01-01 00:00:00,9999-12-31 00:00:00,0
12151,ECNMC_ACTVTY_V2_02_20,NACE_LVLS2TO4_STGNG_V2,1900-01-01 00:00:00,9999-12-31 00:00:00,0
12152,ECNMC_ACTVTY_V2_24_41,NACE_LVLS2TO4_STGNG_V2,1900-01-01 00:00:00,9999-12-31 00:00:00,0
12153,ECNMC_ACTVTY_V2_23_99,NACE_LVLS2TO4_STGNG_V2,1900-01-01 00:00:00,9999-12-31 00:00:00,0
12154,TYP_INSTRMNT_1004,TYP_INSTRMNT_ANCRDT_CLLCTN,1900-01-01 00:00:00,9999-12-31 00:00:00,0
12155,ECNMC_ACTVTY_V2_74_11,NACE_LVLS2TO4_STGNG_V2,1900-01-01 00:00:00,9999-12-31 00:00:00,0
12156,ECNMC_ACTVTY_V2_30_99,NACE_LVLS2TO4_STGNG_V2,1900-01-01 00:00:00,9999-12-31 00:00:00,0
12157,ECNMC_ACTVTY_V2_10_42,NACE_LVLS2TO4_STGNG_V2,1900-01-01 00:00:00,9999-12-31 00:00:00,0
12158,ECNMC_ACTVTY_V2_29_10,NACE_LVLS2TO4_STGNG_V2,1900-01-01 00:00:00,9999-12-31 00:00:00,0
12159,ECNMC_ACTVTY_V2_24_46,NACE_LVLS2TO4_STGNG_V2,1900-01-01 00:00:00,9999-12-31 00:00:00,0
12160,ECNMC_ACTVTY_V2_20_59,NACE_LVLS2TO4_STGNG_V2,1900-01-01 00:00:00,9999-12-31 00:00:00,0
12161,ECNMC_ACTVTY_V2_28_13,NACE_LVLS2TO4_STGNG_V2,1900-01-01 00:00:00,9999-12-31 00:00:00,0
12162,ECNMC_ACTVTY_V2_49_33,NACE_LVLS2TO4_STGNG_V2,1900-01-01 00:00:00,9999-12-31 00:00:00,0
12163,ECNMC_ACTVTY_V2_95_22,NACE_LVLS2TO4_STGNG_V2,1900-01-01 00:00:00,9999-12-31 00:00:00,0
12164,ECNMC_ACTVTY_V2_86_22,NACE_LVLS2TO4_STGNG_V2,1900-01-01 00:00:00,9999-12-31 00:00:00,0
12165,ECNMC_ACTVTY_V2_49_34,NACE_LVLS2TO4_STGNG_V2,1900-01-01 00:00:00,9999-12-31 00:00:00,0
12166,ECNMC_ACTVTY_V2_95_25,NACE_LVLS2TO4_STGNG_V2,1900-01-01 00:00:00,9999-12-31 00:00:00,0
12167,ECNMC_ACTVTY_V2_28_14,NACE_LVLS2TO4_STGNG_V2,1900-01-01 00:00:00,9999-12-31 00:00:00,0
12168,ECNMC_ACTVTY_V2_24_20,NACE_LVLS2TO4_STGNG_V2,1900-01-01 00:00:00,9999-12-31 00:00:00,0
12169,ECNMC_ACTVTY_V2_66_12,NACE_LVLS2TO4_STGNG_V2,1900-01-01 00:00:00,9999-12-31 00:00:00,0
12170,ECNMC_ACTVTY_V2_90_39,NACE_LVLS2TO4_STGNG_V2,1900-01-01 00:00:00,9999-12-31 00:00:00,0
12171,ACCNTNG_FRMWRK_3,ACCNTNG_FRMWRK_ANCRDT_STGNG,1900-01-01 00:00:00,9999-12-31 00:00:00,0
12172,ECNMC_ACTVTY_V2_46_87,NACE_LVLS2TO4_STGNG_V2,1900-01-01 00:00:00,9999-12-31 00:00:00,0
12173,ECNMC_ACTVTY_V2_25_63,NACE_LVLS2TO4_STGNG_V2,1900-01-01 00:00:00,9999-12-31 00:00:00,0
12174,ECNMC_ACTVTY_V2_33_17,NACE_LVLS2TO4_STGNG_V2,1900-01-01 00:00:00,9999-12-31 00:00:00,0
12175,ECNMC_ACTVTY_V2_18_20,NACE_LVLS2TO4_STGNG_V2,1900-01-01 00:00:00,9999-12-31 00:00:00,0
12176,ECNMC_ACTVTY_V2_91_12,NACE_LVLS2TO4_STGNG_V2,1900-01-01 00:00:00,9999-12-31 00:00:00,0
12177,ECNMC_ACTVTY_V2_42_91,NACE_LVLS2TO4_STGNG_V2,1900-01-01 00:00:00,9999-12-31 00:00:00,0
12178,ECNMC_ACTVTY_V2_20_17,NACE_LVLS2TO4_STGNG_V2,1900-01-01 00:00:00,9999-12-31 00:00:00,0
12179,ECNMC_ACTVTY_V2_49_12,NACE_LVLS2TO4_STGNG_V2,1900-01-01 00:00:00,9999-12-31 00:00:00,0
12180,ECNMC_ACTVTY_V2_56_21,NACE_LVLS2TO4_STGNG_V2,1900-01-01 00:00:00,9999-12-31 00:00:00,0
12181,ECNMC_ACTVTY_V2_74_30,NACE_LVLS2TO4_STGNG_V2,1900-01-01 00:00:00,9999-12-31 00:00:00,0
12182,ECNMC_ACTVTY_V2_90_11,NACE_LVLS2TO4_STGNG_V2,1900-01-01 00:00:00,9999-12-31 00:00:00,0
12183,ECNMC_ACTVTY_V2_64_91,NACE_LVLS2TO4_STGNG_V2,1900-01-01 00:00:00,9999-12-31 00:00:00,0
12184,ECNMC_ACTVTY_V2_32_13,NACE_LVLS2TO4_STGNG_V2,1900-01-01 00:00:00,9999-12-31 00:00:00,0
12185,ECNMC_ACTVTY_V2_11_01,NACE_LVLS2TO4_STGNG_V2,1900-01-01 00:00:00,9999-12-31 00:00:00,0
12186,ECNMC_ACTVTY_V2_29_31,NACE_LVLS2TO4_STGNG_V2,1900-01-01 00:00:00,9999-12-31 00:00:00,0
12187,ECNMC_ACTVTY_V2_56_40,NACE_LVLS2TO4_STGNG_V2,1900-01-01 00:00:00,9999-12-31 00:00:00,0
12188,ECNMC_ACTVTY_V2_47_83,NACE_LVLS2TO4_STGNG_V2,1900-01-01 00:00:00,9999-12-31 00:00:00,0
12189,ECNMC_ACTVTY_V2_11_06,NACE_LVLS2TO4_STGNG_V2,1900-01-01 00:00:00,9999-12-31 00:00:00,0
12190,ECNMC_ACTVTY_V2_46_89,NACE_LVLS2TO4_STGNG_V2,1900-01-01 00:00:00,9999-12-31 00:00:00,0
12191,ECNMC_ACTVTY_V2_33_19,NACE_LVLS2TO4_STGNG_V2,1900-01-01 00:00:00,9999-12-31 00:00:00,0
12192,ECNMC_ACTVTY_V2_06_10,NACE_LVLS2TO4_STGNG_V2,1900-01-01 00:00:00,9999-12-31 00:00:00,0
12193,ECNMC_ACTVTY_V2_23_12,NACE_LVLS2TO4_STGNG_V2,1900-01-01 00:00:00,9999-12-31 00:00:00,0
12194,ECNMC_ACTVTY_V2_43_50,NACE_LVLS2TO4_STGNG_V2,1900-01-01 00:00:00,9999-12-31 00:00:00,0
12195,ECNMC_ACTVTY_V2_81_10,NACE_LVLS2TO4_STGNG_V2,1900-01-01 00:00:00,9999-12-31 00:00:00,0
12196,ECNMC_ACTVTY_V2_46_23,NACE_LVLS2TO4_STGNG_V2,1900-01-01 00:00:00,9999-12-31 00:00:00,0
12197,ECNMC_ACTVTY_V2_61_20,NACE_LVLS2TO4_STGNG_V2,1900-01-01 00:00:00,9999-12-31 00:00:00,0
12198,ECNMC_ACTVTY_V2_01_62,NACE_LVLS2TO4_STGNG_V2,1900-01-01 00:00:00,9999-12-31 00:00:00,0
12199,ECNMC_ACTVTY_V2_28_91,NACE_LVLS2TO4_STGNG_V2,1900-01-01 00:00:00,9999-12-31 00:00:00,0
12200,ECNMC_ACTVTY_V2_85_69,NACE_LVLS2TO4_STGNG_V2,1900-01-01 00:00:00,9999-12-31 00:00:00,0
12201,ECNMC_ACTVTY_V2_46_24,NACE_LVLS2TO4_STGNG_V2,1900-01-01 00:00:00,9999-12-31 00:00:00,0
12202,ECNMC_ACTVTY_V2_28_96,NACE_LVLS2TO4_STGNG_V2,1900-01-01 00:00:00,9999-12-31 00:00:00,0
12203,ECNMC_ACTVTY_V2_72_20,NACE_LVLS2TO4_STGNG_V2,1900-01-01 00:00:00,9999-12-31 00:00:00,0
12204,TYP_INSTRMNT_1003,TYP_INSTRMNT_ANCRDT_CLLCTN,1900-01-01 00:00:00,9999-12-31 00:00:00,0
12205,ECNMC_ACTVTY_V2_23_15,NACE_LVLS2TO4_STGNG_V2,1900-01-01 00:00:00,9999-12-31 00:00:00,0
12206,ECNMC_ACTVTY_V2_30_12,NACE_LVLS2TO4_STGNG_V2,1900-01-01 00:00:00,9999-12-31 00:00:00,0
12207,ECNMC_ACTVTY_V2_17_11,NACE_LVLS2TO4_STGNG_V2,1900-01-01 00:00:00,9999-12-31 00:00:00,0
12208,ECNMC_ACTVTY_V2_47_27,NACE_LVLS2TO4_STGNG_V2,1900-01-01 00:00:00,9999-12-31 00:00:00,0
12209,ECNMC_ACTVTY_V2_46_45,NACE_LVLS2TO4_STGNG_V2,1900-01-01 00:00:00,9999-12-31 00:00:00,0
12210,ECNMC_ACTVTY_V2_16_12,NACE_LVLS2TO4_STGNG_V2,1900-01-01 00:00:00,9999-12-31 00:00:00,0
12211,ECNMC_ACTVTY_V2_93_13,NACE_LVLS2TO4_STGNG_V2,1900-01-01 00:00:00,9999-12-31 00:00:00,0
12212,ECNMC_ACTVTY_V2_77_32,NACE_LVLS2TO4_STGNG_V2,1900-01-01 00:00:00,9999-12-31 00:00:00,0
12213,ECNMC_ACTVTY_V2_43_31,NACE_LVLS2TO4_STGNG_V2,1900-01-01 00:00:00,9999-12-31 00:00:00,0
12214,ECNMC_ACTVTY_V2_22_11,NACE_LVLS2TO4_STGNG_V2,1900-01-01 00:00:00,9999-12-31 00:00:00,0
12215,ECNMC_ACTVTY_V2_64_32,NACE_LVLS2TO4_STGNG_V2,1900-01-01 00:00:00,9999-12-31 00:00:00,0
12216,ECNMC_ACTVTY_V2_77_35,NACE_LVLS2TO4_STGNG_V2,1900-01-01 00:00:00,9999-12-31 00:00:00,0
12217,ECNMC_ACTVTY_V2_46_42,NACE_LVLS2TO4_STGNG_V2,1900-01-01 00:00:00,9999-12-31 00:00:00,0
12218,ECNMC_ACTVTY_V2_58_13,NACE_LVLS2TO4_STGNG_V2,1900-01-01 00:00:00,9999-12-31 00:00:00,0
12219,ECNMC_ACTVTY_V2_64_21,NACE_LVLS2TO4_STGNG_V2,1900-01-01 00:00:00,9999-12-31 00:00:00,0
12220,ECNMC_ACTVTY_V2_43_22,NACE_LVLS2TO4_STGNG_V2,1900-01-01 00:00:00,9999-12-31 00:00:00,0
12221,ECNMC_ACTVTY_V2_84_11,NACE_LVLS2TO4_STGNG_V2,1900-01-01 00:00:00,9999-12-31 00:00:00,0
12222,ECNMC_ACTVTY_V2_35_14,NACE_LVLS2TO4_STGNG_V2,1900-01-01 00:00:00,9999-12-31 00:00:00,0
12223,ECNMC_ACTVTY_V2_73_30,NACE_LVLS2TO4_STGNG_V2,1900-01-01 00:00:00,9999-12-31 00:00:00,0
12224,ECNMC_ACTVTY_V2_63_91,NACE_LVLS2TO4_STGNG_V2,1900-01-01 00:00:00,9999-12-31 00:00:00,0
12225,ECNMC_ACTVTY_V2_46_39,NACE_LVLS2TO4_STGNG_V2,1900-01-01 00:00:00,9999-12-31 00:00:00,0
12226,ECNMC_ACTVTY_V2_35_13,NACE_LVLS2TO4_STGNG_V2,1900-01-01 00:00:00,9999-12-31 00:00:00,0
12227,ECNMC_ACTVTY_V2_77_21,NACE_LVLS2TO4_STGNG_V2,1900-01-01 00:00:00,9999-12-31 00:00:00,0
12228,ECNMC_ACTVTY_V2_68_12,NACE_LVLS2TO4_STGNG_V2,1900-01-01 00:00:00,9999-12-31 00:00:00,0
12229,ECNMC_ACTVTY_V2_60_39,NACE_LVLS2TO4_STGNG_V2,1900-01-01 00:00:00,9999-12-31 00:00:00,0
12230,ECNMC_ACTVTY_V2_55_30,NACE_LVLS2TO4_STGNG_V2,1900-01-01 00:00:00,9999-12-31 00:00:00,0
12231,ECNMC_ACTVTY_V2_01_19,NACE_LVLS2TO4_STGNG_V2,1900-01-01 00:00:00,9999-12-31 00:00:00,0
12232,ECNMC_ACTVTY_V2_46_37,NACE_LVLS2TO4_STGNG_V2,1900-01-01 00:00:00,9999-12-31 00:00:00,0
12233,ECNMC_ACTVTY_V2_47_55,NACE_LVLS2TO4_STGNG_V2,1900-01-01 00:00:00,9999-12-31 00:00:00,0
12234,ECNMC_ACTVTY_V2_77_40,NACE_LVLS2TO4_STGNG_V2,1900-01-01 00:00:00,9999-12-31 00:00:00,0
12235,ECNMC_ACTVTY_V2_51_21,NACE_LVLS2TO4_STGNG_V2,1900-01-01 00:00:00,9999-12-31 00:00:00,0
12236,ECNMC_ACTVTY_V2_80_09,NACE_LVLS2TO4_STGNG_V2,1900-01-01 00:00:00,9999-12-31 00:00:00,0
12237,ECNMC_ACTVTY_V2_42_21,NACE_LVLS2TO4_STGNG_V2,1900-01-01 00:00:00,9999-12-31 00:00:00,0
12238,ECNMC_ACTVTY_V2_38_23,NACE_LVLS2TO4_STGNG_V2,1900-01-01 00:00:00,9999-12-31 00:00:00,0
12239,ECNMC_ACTVTY_V2_47_52,NACE_LVLS2TO4_STGNG_V2,1900-01-01 00:00:00,9999-12-31 00:00:00,0
12240,ECNMC_ACTVTY_V2_25_11,NACE_LVLS2TO4_STGNG_V2,1900-01-01 00:00:00,9999-12-31 00:00:00,0
12241,ECNMC_ACTVTY_V2_98_20,NACE_LVLS2TO4_STGNG_V2,1900-01-01 00:00:00,9999-12-31 00:00:00,0
12242,ECNMC_ACTVTY_V2_78_10,NACE_LVLS2TO4_STGNG_V2,1900-01-01 00:00:00,9999-12-31 00:00:00,0
12243,ECNMC_ACTVTY_V2_66_29,NACE_LVLS2TO4_STGNG_V2,1900-01-01 00:00:00,9999-12-31 00:00:00,0
12244,ECNMC_ACTVTY_V2_53_20,NACE_LVLS2TO4_STGNG_V2,1900-01-01 00:00:00,9999-12-31 00:00:00,0
12245,ECNMC_ACTVTY_V2_52_23,NACE_LVLS2TO4_STGNG_V2,1900-01-01 00:00:00,9999-12-31 00:00:00,0
12246,ECNMC_ACTVTY_V2_28_21,NACE_LVLS2TO4_STGNG_V2,1900-01-01 00:00:00,9999-12-31 00:00:00,0
12247,ECNMC_ACTVTY_V2_10_11,NACE_LVLS2TO4_STGNG_V2,1900-01-01 00:00:00,9999-12-31 00:00:00,0
12248,ECNMC_ACTVTY_V2_61_90,NACE_LVLS2TO4_STGNG_V2,1900-01-01 00:00:00,9999-12-31 00:00:00,0
12249,ECNMC_ACTVTY_V2_95_10,NACE_LVLS2TO4_STGNG_V2,1900-01-01 00:00:00,9999-12-31 00:00:00,0
12250,ECNMC_ACTVTY_V2_86_10,NACE_LVLS2TO4_STGNG_V2,1900-01-01 00:00:00,9999-12-31 00:00:00,0
12251,ECNMC_ACTVTY_V2_03_11,NACE_LVLS2TO4_STGNG_V2,1900-01-01 00:00:00,9999-12-31 00:00:00,0
12252,ECNMC_ACTVTY_V2_08_92,NACE_LVLS2TO4_STGNG_V2,1900-01-01 00:00:00,9999-12-31 00:00:00,0
12253,ECNMC_ACTVTY_V2_52_24,NACE_LVLS2TO4_STGNG_V2,1900-01-01 00:00:00,9999-12-31 00:00:00,0
12254,LGL_PRCDNG_STTS_4,LGL_PRCDNG_STTS_ANCRDT_STGNG,1900-01-01 00:00:00,9999-12-31 00:00:00,0
12255,CRDT_QLTY_18,CRDT_QLTY_DFLT_STTS_ANCRDT_CLLCTN,1900-01-01 00:00:00,9999-12-31 00:00:00,0
12256,LGL_PRCDNG_STTS_2,LGL_PRCDNG_STTS_ANCRDT_STGNG,1900-01-01 00:00:00,9999-12-31 00:00:00,0
12257,INSTTTNL_SCTR_S15,INSTTTNL_SCTR_ANCRDT_ENTTY_C,1900-01-01 00:00:00,9999-12-31 00:00:00,0
12258,INSTTTNL_SCTR_S11,INSTTTNL_SCTR_ANCRDT_ENTTY_C,1900-01-01 00:00:00,9999-12-31 00:00:00,0
12259,CRDT_QLTY_14,CRDT_QLTY_DFLT_STTS_ANCRDT_CLLCTN,1900-01-01 00:00:00,9999-12-31 00:00:00,0
12260,CRDT_QLTY_19,CRDT_QLTY_DFLT_STTS_ANCRDT_CLLCTN,1900-01-01 00:00:00,9999-12-31 00:00:00,0
12261,ACCNTNG_FRMWRK_-99,ACCNTNG_FRMWRK_ANCRDT_STGNG,1900-01-01 00:00:00,9999-12-31 00:00:00,0
12262,LGL_PRCDNG_STTS_1,LGL_PRCDNG_STTS_ANCRDT_STGNG,1900-01-01 00:00:00,9999-12-31 00:00:00,0
12263,CRDT_QLTY_20,CRDT_QLTY_DFLT_STTS_ANCRDT_CLLCTN,1900-01-01 00:00:00,9999-12-31 00:00:00,0
12264,LGL_PRCDNG_STTS_3,LGL_PRCDNG_STTS_ANCRDT_STGNG,1900-01-01 00:00:00,9999-12-31 00:00:00,0
12265,INSTTTNL_SCTR_S121,INSTTTNL_SCTR_ANCRDT_ENTTY_C,1900-01-01 00:00:00,9999-12-31 00:00:00,0
12266,INSTTTNL_SCTR_S123,INSTTTNL_SCTR_ANCRDT_ENTTY_C,1900-01-01 00:00:00,9999-12-31 00:00:00,0
12267,INSTTTNL_SCTR_S127,INSTTTNL_SCTR_ANCRDT_ENTTY_C,1900-01-01 00:00:00,9999-12-31 00:00:00,0
12268,INSTTTNL_SCTR_S129,INSTTTNL_SCTR_ANCRDT_ENTTY_C,1900-01-01 00:00:00,9999-12-31 00:00:00,0
12269,INSTTTNL_SCTR_S128,INSTTTNL_SCTR_ANCRDT_ENTTY_C,1900-01-01 00:00:00,9999-12-31 00:00:00,0
12270,INSTTTNL_SCTR_S126,INSTTTNL_SCTR_ANCRDT_ENTTY_C,1900-01-01 00:00:00,9999-12-31 00:00:00,0
12271,INSTTTNL_SCTR_S124,INSTTTNL_SCTR_ANCRDT_ENTTY_C,1900-01-01 00:00:00,9999-12-31 00:00:00,0
12272,INSTTTNL_SCTR_S1313,INSTTTNL_SCTR_ANCRDT_ENTTY_C,1900-01-01 00:00:00,9999-12-31 00:00:00,0
12273,INSTTTNL_SCTR_S1311,INSTTTNL_SCTR_ANCRDT_ENTTY_C,1900-01-01 00:00:00,9999-12-31 00:00:00,0
12274,INSTTTNL_SCTR_S1314,INSTTTNL_SCTR_ANCRDT_ENTTY_C,1900-01-01 00:00:00,9999-12-31 00:00:00,0
12275,CRDT_QLTY_1,CRDT_QLTY_PRFRMNG_STTS_ANCRDT_CLLCTN,1900-01-01 00:00:00,9999-12-31 00:00:00,0
12276,INSTTTNL_SCTR_S1312,INSTTTNL_SCTR_ANCRDT_ENTTY_C,1900-01-01 00:00:00,9999-12-31 00:00:00,0
12277,LGL_PRCDNG_STTS_-99,LGL_PRCDNG_STTS_ANCRDT_STGNG,1900-01-01 00:00:00,9999-12-31 00:00:00,0
12278,CRDT_QLTY_11,CRDT_QLTY_PRFRMNG_STTS_ANCRDT_CLLCTN,1900-01-01 00:00:00,9999-12-31 00:00:00,0
12279,CRDT_QLTY_24,CRDT_QLTY_IMPRMNT_STTS_ANCRDT_CLLCTN,1900-01-01 00:00:00,9999-12-31 00:00:00,0
12280,CRDT_QLTY_23,CRDT_QLTY_IMPRMNT_STTS_ANCRDT_CLLCTN,1900-01-01 00:00:00,9999-12-31 00:00:00,0
12281,ACCNTNG_CLSSFCTN_2,ACCNTNG_CLSSFCTN_ANCRDT_CLLCTN,1900-01-01 00:00:00,9999-12-31 00:00:00,0
12282,ACCNTNG_CLSSFCTN_5,ACCNTNG_CLSSFCTN_ANCRDT_CLLCTN,1900-01-01 00:00:00,9999-12-31 00:00:00,0
12283,CRDT_QLTY_27,CRDT_QLTY_IMPRMNT_STTS_ANCRDT_CLLCTN,1900-01-01 00:00:00,9999-12-31 00:00:00,0
12284,INSTTTNL_SCTR_S125_I,INSTTTNL_SCTR_ANCRDT_ENTTY_C,1900-01-01 00:00:00,9999-12-31 00:00:00,0
12285,INSTTTNL_SCTR_S125_A,INSTTTNL_SCTR_ANCRDT_ENTTY_C,1900-01-01 00:00:00,9999-12-31 00:00:00,0
12286,ACCNTNG_CLSSFCTN_3,ACCNTNG_CLSSFCTN_ANCRDT_CLLCTN,1900-01-01 00:00:00,9999-12-31 00:00:00,0
12287,ACCNTNG_CLSSFCTN_4,ACCNTNG_CLSSFCTN_ANCRDT_CLLCTN,1900-01-01 00:00:00,9999-12-31 00:00:00,0
12288,INSTTTNL_SCTR_S122_A,INSTTTNL_SCTR_ANCRDT_ENTTY_C,1900-01-01 00:00:00,9999-12-31 00:00:00,0
12289,CRDT_QLTY_25,CRDT_QLTY_IMPRMNT_STTS_ANCRDT_CLLCTN,1900-01-01 00:00:00,9999-12-31 00:00:00,0
12290,INSTTTNL_SCTR_S122_B,INSTTTNL_SCTR_ANCRDT_ENTTY_C,1900-01-01 00:00:00,9999-12-31 00:00:00,0
12291,ACCNTNG_CLSSFCTN_9,ACCNTNG_CLSSFCTN_ANCRDT_CLLCTN,1900-01-01 00:00:00,9999-12-31 00:00:00,0
12292,ACCNTNG_CLSSFCTN_7,ACCNTNG_CLSSFCTN_ANCRDT_CLLCTN,1900-01-01 00:00:00,9999-12-31 00:00:00,0
12293,CRDT_QLTY_26,CRDT_QLTY_IMPRMNT_STTS_ANCRDT_CLLCTN,1900-01-01 00:00:00,9999-12-31 00:00:00,0
12294,CRDT_QLTY_21,CRDT_QLTY_IMPRMNT_STTS_ANCRDT_CLLCTN,1900-01-01 00:00:00,9999-12-31 00:00:00,0
12295,ACCNTNG_CLSSFCTN_8,ACCNTNG_CLSSFCTN_ANCRDT_CLLCTN,1900-01-01 00:00:00,9999-12-31 00:00:00,0
12296,ACCNTNG_CLSSFCTN_6,ACCNTNG_CLSSFCTN_ANCRDT_CLLCTN,1900-01-01 00:00:00,9999-12-31 00:00:00,0
12297,ACCNTNG_CLSSFCTN_12,ACCNTNG_CLSSFCTN_ANCRDT_CLLCTN,1900-01-01 00:00:00,9999-12-31 00:00:00,0
12298,ACCNTNG_CLSSFCTN_47,ACCNTNG_CLSSFCTN_ANCRDT_CLLCTN,1900-01-01 00:00:00,9999-12-31 00:00:00,0
12299,ACCNTNG_CLSSFCTN_15,ACCNTNG_CLSSFCTN_ANCRDT_CLLCTN,1900-01-01 00:00:00,9999-12-31 00:00:00,0
12300,ACCNTNG_CLSSFCTN_46,ACCNTNG_CLSSFCTN_ANCRDT_CLLCTN,1900-01-01 00:00:00,9999-12-31 00:00:00,0
12301,ACCNTNG_CLSSFCTN_13,ACCNTNG_CLSSFCTN_ANCRDT_CLLCTN,1900-01-01 00:00:00,9999-12-31 00:00:00,0
12302,ACCNTNG_CLSSFCTN_14,ACCNTNG_CLSSFCTN_ANCRDT_CLLCTN,1900-01-01 00:00:00,9999-12-31 00:00:00,0
12303,ACCNTNG_CLSSFCTN_41,ACCNTNG_CLSSFCTN_ANCRDT_CLLCTN,1900-01-01 00:00:00,9999-12-31 00:00:00,0
12304,ACCNTNG_CLSSFCTN_48,ACCNTNG_CLSSFCTN_ANCRDT_CLLCTN,1900-01-01 00:00:00,9999-12-31 00:00:00,0
12305,ACCNTNG_CLSSFCTN_45,ACCNTNG_CLSSFCTN_ANCRDT_CLLCTN,1900-01-01 00:00:00,9999-12-31 00:00:00,0
12306,ACCNTNG_CLSSFCTN_10,ACCNTNG_CLSSFCTN_ANCRDT_CLLCTN,1900-01-01 00:00:00,9999-12-31 00:00:00,0
12307,PRTCTN_VLTN_APPRCH_3,PRTCTN_VLTN_APPRCH_ANCRDT_CLLCTN,1900-01-01 00:00:00,9999-12-31 00:00:00,0
12308,PRTCTN_VLTN_APPRCH_5,PRTCTN_VLTN_APPRCH_ANCRDT_CLLCTN,1900-01-01 00:00:00,9999-12-31 00:00:00,0
12309,PRTCTN_VLTN_APPRCH_2,PRTCTN_VLTN_APPRCH_ANCRDT_CLLCTN,1900-01-01 00:00:00,9999-12-31 00:00:00,0
12310,PRTCTN_VLTN_APPRCH_1,PRTCTN_VLTN_APPRCH_ANCRDT_CLLCTN,1900-01-01 00:00:00,9999-12-31 00:00:00,0
12311,PRTCTN_VLTN_APPRCH_4,PRTCTN_VLTN_APPRCH_ANCRDT_CLLCTN,1900-01-01 00:00:00,9999-12-31 00:00:00,0
12312,IMPRMNT_ASSSSMNT_MTHD_2,IMPRMNT_ASSSSMNT_MTHD_ANCRDT_CLLCTN,1900-01-01 00:00:00,9999-12-31 00:00:00,0
12313,IMPRMNT_ASSSSMNT_MTHD_1,IMPRMNT_ASSSSMNT_MTHD_ANCRDT_CLLCTN,1900-01-01 00:00:00,9999-12-31 00:00:00,0